log_time_s,publish_time_s,file,function,level,line,msg,name
1765969790.1530817,1765969790.1530595,./src/rosbag2_transport/recorder.cpp,subscribe_topic,20,569,Subscribed to topic '/rosout',rosbag2_recorder
1765969790.1552827,1765969790.1552489,./src/rosbag2_transport/recorder.cpp,subscribe_topic,20,569,Subscribed to topic '/events/write_split',rosbag2_recorder
1765969790.15545,1765969790.1554372,./src/rosbag2_transport/recorder.cpp,record,20,365,Recording...,rosbag2_recorder
1765969790.2223113,1765969790.113178,./src/rosbag2_transport/recorder.cpp,RecorderImpl,20,190,Press SPACE for pausing/resuming,rosbag2_recorder
1765969790.2223332,1765969790.14881,./src/rosbag2_transport/recorder.cpp,record,20,353,Listening for topics...,rosbag2_recorder
1765969790.222338,1765969790.14895,./src/rosbag2_transport/recorder.cpp,event_publisher_thread_main,20,371,Event publisher thread: Starting,rosbag2_recorder
1765969790.2691188,1765969790.2690854,./src/rosbag2_transport/recorder.cpp,subscribe_topic,20,569,Subscribed to topic '/Attended',rosbag2_recorder
1765969790.2713132,1765969790.2712824,./src/rosbag2_transport/recorder.cpp,subscribe_topic,20,569,Subscribed to topic '/right_wheel_steps',rosbag2_recorder
1765969790.2743804,1765969790.274342,./src/rosbag2_transport/recorder.cpp,subscribe_topic,20,569,Subscribed to topic '/tactil_der',rosbag2_recorder
1765969790.277219,1765969790.2771878,./src/rosbag2_transport/recorder.cpp,subscribe_topic,20,569,Subscribed to topic '/random_time',rosbag2_recorder
1765969790.2779837,1765969787.0078607,/home/samuchair/ros2_ws/install/samuchair/lib/python3.12/site-packages/samuchair/mainNode.py,callback_subJoy,20,82,Comando Joystick Bluetooth: -2,mainNode
1765969790.2794974,1765969790.279466,./src/rosbag2_transport/recorder.cpp,subscribe_topic,20,569,Subscribed to topic '/pot_esp32',rosbag2_recorder
1765969790.2824206,1765969790.2823896,./src/rosbag2_transport/recorder.cpp,subscribe_topic,20,569,Subscribed to topic '/name_movil',rosbag2_recorder
1765969790.2851708,1765969790.2851408,./src/rosbag2_transport/recorder.cpp,subscribe_topic,20,569,Subscribed to topic '/tactil_izq',rosbag2_recorder
1765969790.2870898,1765969790.2870572,./src/rosbag2_transport/recorder.cpp,subscribe_topic,20,569,Subscribed to topic '/modo_exp',rosbag2_recorder
1765969790.289105,1765969788.1051984,/home/samuchair/ros2_ws/install/samuchair/lib/python3.12/site-packages/samuchair/esp32Node.py,timer_callback,20,41,Dato publicado Pot: 5,sensorHallyPot
1765969790.2893903,1765969790.2893631,./src/rosbag2_transport/recorder.cpp,subscribe_topic,20,569,Subscribed to topic '/left_wheel_steps',rosbag2_recorder
1765969790.2916596,1765969790.2916253,./src/rosbag2_transport/recorder.cpp,subscribe_topic,20,569,Subscribed to topic '/diff_time',rosbag2_recorder
1765969790.2939923,1765969790.2939649,./src/rosbag2_transport/recorder.cpp,subscribe_topic,20,569,Subscribed to topic '/Ejecucion',rosbag2_recorder
1765969790.2965977,1765969790.296563,./src/rosbag2_transport/recorder.cpp,subscribe_topic,20,569,Subscribed to topic '/tipo_exp',rosbag2_recorder
1765969790.2995453,1765969789.109598,/home/samuchair/ros2_ws/install/samuchair/lib/python3.12/site-packages/samuchair/arduinoNode.py,secuencia_conexion,20,31,Conectado al Arduino por /dev/Joystick,Joystick
1765969790.403326,1765969790.4032924,./src/rosbag2_transport/recorder.cpp,subscribe_topic,20,569,Subscribed to topic '/parameter_events',rosbag2_recorder
1765969791.217633,1765969791.2175944,./src/rosbag2_transport/recorder.cpp,subscribe_topic,20,569,Subscribed to topic '/jBnode',rosbag2_recorder
1765969791.271729,1765969787.0105708,/home/samuchair/ros2_ws/install/samuchair/lib/python3.12/site-packages/samuchair/jBNode.py,jb_callback,20,38,Comando Joystick Bluetooth: -2,JoystickBluetooth
1765969791.8291378,1765969791.829103,./src/rosbag2_transport/recorder.cpp,subscribe_topic,20,569,Subscribed to topic '/frame',rosbag2_recorder
1765969820.605875,1765969820.605626,/home/samuchair/ros2_ws/install/samuchair/lib/python3.12/site-packages/samuchair/jBNode.py,jb_callback,20,38,Comando Joystick Bluetooth: 3,JoystickBluetooth
1765969820.6061783,1765969820.6060658,/home/samuchair/ros2_ws/install/samuchair/lib/python3.12/site-packages/samuchair/mainNode.py,callback_subJoy,20,82,Comando Joystick Bluetooth: 3,mainNode
1765969820.8307126,1765969820.830581,/home/samuchair/ros2_ws/install/samuchair/lib/python3.12/site-packages/samuchair/jBNode.py,jb_callback,20,38,Comando Joystick Bluetooth: 0,JoystickBluetooth
1765969820.8310978,1765969820.830977,/home/samuchair/ros2_ws/install/samuchair/lib/python3.12/site-packages/samuchair/mainNode.py,callback_subJoy,20,82,Comando Joystick Bluetooth: 0,mainNode
1765969828.4630013,1765969828.462851,/home/samuchair/ros2_ws/install/samuchair/lib/python3.12/site-packages/samuchair/movilNode.py,timer_callback,20,209,Dato publicado Nombre_Sujeto: ALBMOLI,Movil
1765969828.6308248,1765969828.6307025,/home/samuchair/ros2_ws/install/samuchair/lib/python3.12/site-packages/samuchair/jBNode.py,jb_callback,20,38,Comando Joystick Bluetooth: 3,JoystickBluetooth
1765969828.6312299,1765969828.6310992,/home/samuchair/ros2_ws/install/samuchair/lib/python3.12/site-packages/samuchair/mainNode.py,callback_subJoy,20,82,Comando Joystick Bluetooth: 3,mainNode
1765969829.2682407,1765969829.2681265,/home/samuchair/ros2_ws/install/samuchair/lib/python3.12/site-packages/samuchair/jBNode.py,jb_callback,20,38,Comando Joystick Bluetooth: 0,JoystickBluetooth
1765969829.2686794,1765969829.2685547,/home/samuchair/ros2_ws/install/samuchair/lib/python3.12/site-packages/samuchair/mainNode.py,callback_subJoy,20,82,Comando Joystick Bluetooth: 0,mainNode
1765969829.793231,1765969829.7931156,/home/samuchair/ros2_ws/install/samuchair/lib/python3.12/site-packages/samuchair/jBNode.py,jb_callback,20,38,Comando Joystick Bluetooth: 5,JoystickBluetooth
1765969829.7936404,1765969829.793521,/home/samuchair/ros2_ws/install/samuchair/lib/python3.12/site-packages/samuchair/mainNode.py,callback_subJoy,20,82,Comando Joystick Bluetooth: 5,mainNode
1765969830.1307878,1765969830.1306393,/home/samuchair/ros2_ws/install/samuchair/lib/python3.12/site-packages/samuchair/jBNode.py,jb_callback,20,38,Comando Joystick Bluetooth: 0,JoystickBluetooth
1765969830.1312208,1765969830.13103,/home/samuchair/ros2_ws/install/samuchair/lib/python3.12/site-packages/samuchair/mainNode.py,callback_subJoy,20,82,Comando Joystick Bluetooth: 0,mainNode
1765969830.693254,1765969830.693134,/home/samuchair/ros2_ws/install/samuchair/lib/python3.12/site-packages/samuchair/jBNode.py,jb_callback,20,38,Comando Joystick Bluetooth: 3,JoystickBluetooth
1765969830.6936786,1765969830.6935542,/home/samuchair/ros2_ws/install/samuchair/lib/python3.12/site-packages/samuchair/mainNode.py,callback_subJoy,20,82,Comando Joystick Bluetooth: 3,mainNode
1765969830.9556878,1765969830.9555676,/home/samuchair/ros2_ws/install/samuchair/lib/python3.12/site-packages/samuchair/jBNode.py,jb_callback,20,38,Comando Joystick Bluetooth: 0,JoystickBluetooth
1765969830.9560912,1765969830.955977,/home/samuchair/ros2_ws/install/samuchair/lib/python3.12/site-packages/samuchair/mainNode.py,callback_subJoy,20,82,Comando Joystick Bluetooth: 0,mainNode
1765969834.4406738,1765969834.4396253,/home/samuchair/ros2_ws/install/samuchair/lib/python3.12/site-packages/samuchair/movilNode.py,timer_callback,20,221,Dato publicado Modo: Modo:1,Movil
1765969834.4407465,1765969834.4404376,/home/samuchair/ros2_ws/install/samuchair/lib/python3.12/site-packages/samuchair/mainNode.py,callback_subMovilModo,20,122,Comando Movil Modo: Modo:1,mainNode
1765969834.4410748,1765969834.4407752,/home/samuchair/ros2_ws/install/samuchair/lib/python3.12/site-packages/samuchair/arduinoNode.py,handle_joystick_silla,20,61,Enviando comando al Arduino: modo,Joystick
1765969834.6433768,1765969834.6432438,/home/samuchair/ros2_ws/install/samuchair/lib/python3.12/site-packages/samuchair/mainNode.py,callback_handleServiceResponse,20,142,Estoy en el servicio llamado desde mainNode,mainNode
1765969837.439834,1765969837.4397154,/home/samuchair/ros2_ws/install/samuchair/lib/python3.12/site-packages/samuchair/movilNode.py,timer_callback,20,239,Dato publicado Fase Ejecucion: 20,Movil
1765969837.441211,1765969837.44105,/home/samuchair/ros2_ws/install/samuchair/lib/python3.12/site-packages/samuchair/mainNode.py,callback_subMovilEjecucion,20,137,Comando Movil Ejecucion: 20,mainNode
1765969838.9059892,1765969838.9058306,/home/samuchair/ros2_ws/install/samuchair/lib/python3.12/site-packages/samuchair/jBNode.py,jb_callback,20,38,Comando Joystick Bluetooth: 3,JoystickBluetooth
1765969838.906357,1765969838.906226,/home/samuchair/ros2_ws/install/samuchair/lib/python3.12/site-packages/samuchair/mainNode.py,callback_subJoy,20,82,Comando Joystick Bluetooth: 3,mainNode
1765969838.9083648,1765969838.9082084,/home/samuchair/ros2_ws/install/samuchair/lib/python3.12/site-packages/samuchair/arduinoNode.py,handle_joystick_silla,20,61,Enviando comando al Arduino: velocidad,Joystick
1765969839.1796076,1765969839.1794488,/home/samuchair/ros2_ws/install/samuchair/lib/python3.12/site-packages/samuchair/webcamNode.py,timer_callback,20,61,Frame: 2,webcam
1765969839.2109358,1765969839.2107987,/home/samuchair/ros2_ws/install/samuchair/lib/python3.12/site-packages/samuchair/mainNode.py,callback_handleServiceResponse,20,142,Estoy en el servicio llamado desde mainNode,mainNode
1765969839.73095,1765969839.730814,/home/samuchair/ros2_ws/install/samuchair/lib/python3.12/site-packages/samuchair/jBNode.py,jb_callback,20,38,Comando Joystick Bluetooth: 0,JoystickBluetooth
1765969839.7313406,1765969839.7311962,/home/samuchair/ros2_ws/install/samuchair/lib/python3.12/site-packages/samuchair/mainNode.py,callback_subJoy,20,82,Comando Joystick Bluetooth: 0,mainNode
1765969839.7331674,1765969839.7330182,/home/samuchair/ros2_ws/install/samuchair/lib/python3.12/site-packages/samuchair/arduinoNode.py,handle_joystick_silla,20,61,Enviando comando al Arduino: velocidad,Joystick
1765969839.7929585,1765969839.7928455,/home/samuchair/ros2_ws/install/samuchair/lib/python3.12/site-packages/samuchair/webcamNode.py,timer_callback,20,61,Frame: 3,webcam
1765969840.035565,1765969840.0354078,/home/samuchair/ros2_ws/install/samuchair/lib/python3.12/site-packages/samuchair/mainNode.py,callback_handleServiceResponse,20,142,Estoy en el servicio llamado desde mainNode,mainNode
1765969840.0683947,1765969840.068287,/home/samuchair/ros2_ws/install/samuchair/lib/python3.12/site-packages/samuchair/jBNode.py,jb_callback,20,38,Comando Joystick Bluetooth: 5,JoystickBluetooth
1765969840.0687475,1765969840.068635,/home/samuchair/ros2_ws/install/samuchair/lib/python3.12/site-packages/samuchair/mainNode.py,callback_subJoy,20,82,Comando Joystick Bluetooth: 5,mainNode
1765969840.0705342,1765969840.0703695,/home/samuchair/ros2_ws/install/samuchair/lib/python3.12/site-packages/samuchair/arduinoNode.py,handle_joystick_silla,20,61,Enviando comando al Arduino: velocidad,Joystick
1765969840.3731134,1765969840.3729298,/home/samuchair/ros2_ws/install/samuchair/lib/python3.12/site-packages/samuchair/mainNode.py,callback_handleServiceResponse,20,142,Estoy en el servicio llamado desde mainNode,mainNode
1765969840.8934839,1765969840.8933628,/home/samuchair/ros2_ws/install/samuchair/lib/python3.12/site-packages/samuchair/jBNode.py,jb_callback,20,38,Comando Joystick Bluetooth: 0,JoystickBluetooth
1765969840.8939652,1765969840.8938222,/home/samuchair/ros2_ws/install/samuchair/lib/python3.12/site-packages/samuchair/mainNode.py,callback_subJoy,20,82,Comando Joystick Bluetooth: 0,mainNode
1765969840.8958561,1765969840.8957033,/home/samuchair/ros2_ws/install/samuchair/lib/python3.12/site-packages/samuchair/arduinoNode.py,handle_joystick_silla,20,61,Enviando comando al Arduino: velocidad,Joystick
1765969841.1984243,1765969841.198241,/home/samuchair/ros2_ws/install/samuchair/lib/python3.12/site-packages/samuchair/mainNode.py,callback_handleServiceResponse,20,142,Estoy en el servicio llamado desde mainNode,mainNode
1765969841.6059563,1765969841.6058402,/home/samuchair/ros2_ws/install/samuchair/lib/python3.12/site-packages/samuchair/jBNode.py,jb_callback,20,38,Comando Joystick Bluetooth: 9,JoystickBluetooth
1765969841.6063857,1765969841.6062567,/home/samuchair/ros2_ws/install/samuchair/lib/python3.12/site-packages/samuchair/mainNode.py,callback_subJoy,20,82,Comando Joystick Bluetooth: 9,mainNode
1765969841.6081953,1765969841.6080499,/home/samuchair/ros2_ws/install/samuchair/lib/python3.12/site-packages/samuchair/arduinoNode.py,handle_joystick_silla,20,61,Enviando comando al Arduino: velocidad,Joystick
1765969841.793001,1765969841.7928607,/home/samuchair/ros2_ws/install/samuchair/lib/python3.12/site-packages/samuchair/webcamNode.py,timer_callback,20,61,Frame: 4,webcam
1765969841.910657,1765969841.9105484,/home/samuchair/ros2_ws/install/samuchair/lib/python3.12/site-packages/samuchair/mainNode.py,callback_handleServiceResponse,20,142,Estoy en el servicio llamado desde mainNode,mainNode
1765969842.6560137,1765969842.6558986,/home/samuchair/ros2_ws/install/samuchair/lib/python3.12/site-packages/samuchair/jBNode.py,jb_callback,20,38,Comando Joystick Bluetooth: 0,JoystickBluetooth
1765969842.6564684,1765969842.656348,/home/samuchair/ros2_ws/install/samuchair/lib/python3.12/site-packages/samuchair/mainNode.py,callback_subJoy,20,82,Comando Joystick Bluetooth: 0,mainNode
1765969842.6582518,1765969842.6581156,/home/samuchair/ros2_ws/install/samuchair/lib/python3.12/site-packages/samuchair/arduinoNode.py,handle_joystick_silla,20,61,Enviando comando al Arduino: velocidad,Joystick
1765969842.9184382,1765969842.9183211,/home/samuchair/ros2_ws/install/samuchair/lib/python3.12/site-packages/samuchair/jBNode.py,jb_callback,20,38,Comando Joystick Bluetooth: 6,JoystickBluetooth
1765969842.9188921,1765969842.9187539,/home/samuchair/ros2_ws/install/samuchair/lib/python3.12/site-packages/samuchair/mainNode.py,callback_subJoy,20,82,Comando Joystick Bluetooth: 6,mainNode
1765969842.9605758,1765969842.9604557,/home/samuchair/ros2_ws/install/samuchair/lib/python3.12/site-packages/samuchair/arduinoNode.py,handle_joystick_silla,20,61,Enviando comando al Arduino: velocidad,Joystick
1765969842.9608684,1765969842.9605849,/home/samuchair/ros2_ws/install/samuchair/lib/python3.12/site-packages/samuchair/mainNode.py,callback_handleServiceResponse,20,142,Estoy en el servicio llamado desde mainNode,mainNode
1765969843.068447,1765969843.0683312,/home/samuchair/ros2_ws/install/samuchair/lib/python3.12/site-packages/samuchair/jBNode.py,jb_callback,20,38,Comando Joystick Bluetooth: 0,JoystickBluetooth
1765969843.0689237,1765969843.0687943,/home/samuchair/ros2_ws/install/samuchair/lib/python3.12/site-packages/samuchair/mainNode.py,callback_subJoy,20,82,Comando Joystick Bluetooth: 0,mainNode
1765969843.0696878,1765969843.0694091,/home/samuchair/ros2_ws/install/samuchair/lib/python3.12/site-packages/samuchair/jBNode.py,jb_callback,20,38,Comando Joystick Bluetooth: 3,JoystickBluetooth
1765969843.0709517,1765969843.0708249,/home/samuchair/ros2_ws/install/samuchair/lib/python3.12/site-packages/samuchair/mainNode.py,callback_subJoy,20,82,Comando Joystick Bluetooth: 3,mainNode
1765969843.2630692,1765969843.262917,/home/samuchair/ros2_ws/install/samuchair/lib/python3.12/site-packages/samuchair/mainNode.py,callback_handleServiceResponse,20,142,Estoy en el servicio llamado desde mainNode,mainNode
1765969843.4638925,1765969843.4637582,/home/samuchair/ros2_ws/install/samuchair/lib/python3.12/site-packages/samuchair/arduinoNode.py,handle_joystick_silla,20,61,Enviando comando al Arduino: velocidad,Joystick
1765969843.766245,1765969843.7660756,/home/samuchair/ros2_ws/install/samuchair/lib/python3.12/site-packages/samuchair/arduinoNode.py,handle_joystick_silla,20,61,Enviando comando al Arduino: velocidad,Joystick
1765969843.7665927,1765969843.7661588,/home/samuchair/ros2_ws/install/samuchair/lib/python3.12/site-packages/samuchair/mainNode.py,callback_handleServiceResponse,20,142,Estoy en el servicio llamado desde mainNode,mainNode
1765969843.7922356,1765969843.7921286,/home/samuchair/ros2_ws/install/samuchair/lib/python3.12/site-packages/samuchair/webcamNode.py,timer_callback,20,61,Frame: 5,webcam
1765969844.005993,1765969844.0058637,/home/samuchair/ros2_ws/install/samuchair/lib/python3.12/site-packages/samuchair/jBNode.py,jb_callback,20,38,Comando Joystick Bluetooth: 10,JoystickBluetooth
1765969844.0063174,1765969844.0061538,/home/samuchair/ros2_ws/install/samuchair/lib/python3.12/site-packages/samuchair/mainNode.py,callback_subJoy,20,82,Comando Joystick Bluetooth: 10,mainNode
1765969844.06865,1765969844.0684977,/home/samuchair/ros2_ws/install/samuchair/lib/python3.12/site-packages/samuchair/arduinoNode.py,handle_joystick_silla,20,61,Enviando comando al Arduino: velocidad,Joystick
1765969844.0686874,1765969844.0685873,/home/samuchair/ros2_ws/install/samuchair/lib/python3.12/site-packages/samuchair/mainNode.py,callback_handleServiceResponse,20,142,Estoy en el servicio llamado desde mainNode,mainNode
1765969844.1934617,1765969844.19334,/home/samuchair/ros2_ws/install/samuchair/lib/python3.12/site-packages/samuchair/jBNode.py,jb_callback,20,38,Comando Joystick Bluetooth: 3,JoystickBluetooth
1765969844.1939378,1765969844.193794,/home/samuchair/ros2_ws/install/samuchair/lib/python3.12/site-packages/samuchair/mainNode.py,callback_subJoy,20,82,Comando Joystick Bluetooth: 3,mainNode
1765969844.3709629,1765969844.3707917,/home/samuchair/ros2_ws/install/samuchair/lib/python3.12/site-packages/samuchair/arduinoNode.py,handle_joystick_silla,20,61,Enviando comando al Arduino: velocidad,Joystick
1765969844.3709977,1765969844.3708699,/home/samuchair/ros2_ws/install/samuchair/lib/python3.12/site-packages/samuchair/mainNode.py,callback_handleServiceResponse,20,142,Estoy en el servicio llamado desde mainNode,mainNode
1765969844.5685139,1765969844.5682895,/home/samuchair/ros2_ws/install/samuchair/lib/python3.12/site-packages/samuchair/jBNode.py,jb_callback,20,38,Comando Joystick Bluetooth: 12,JoystickBluetooth
1765969844.5689301,1765969844.5687916,/home/samuchair/ros2_ws/install/samuchair/lib/python3.12/site-packages/samuchair/mainNode.py,callback_subJoy,20,82,Comando Joystick Bluetooth: 12,mainNode
1765969844.6434765,1765969844.6433523,/home/samuchair/ros2_ws/install/samuchair/lib/python3.12/site-packages/samuchair/jBNode.py,jb_callback,20,38,Comando Joystick Bluetooth: 6,JoystickBluetooth
1765969844.6439452,1765969844.643812,/home/samuchair/ros2_ws/install/samuchair/lib/python3.12/site-packages/samuchair/mainNode.py,callback_subJoy,20,82,Comando Joystick Bluetooth: 6,mainNode
1765969844.6733277,1765969844.6731203,/home/samuchair/ros2_ws/install/samuchair/lib/python3.12/site-packages/samuchair/arduinoNode.py,handle_joystick_silla,20,61,Enviando comando al Arduino: velocidad,Joystick
1765969844.6733606,1765969844.673152,/home/samuchair/ros2_ws/install/samuchair/lib/python3.12/site-packages/samuchair/mainNode.py,callback_handleServiceResponse,20,142,Estoy en el servicio llamado desde mainNode,mainNode
1765969844.9759161,1765969844.975701,/home/samuchair/ros2_ws/install/samuchair/lib/python3.12/site-packages/samuchair/mainNode.py,callback_handleServiceResponse,20,142,Estoy en el servicio llamado desde mainNode,mainNode
1765969844.9759488,1765969844.9757276,/home/samuchair/ros2_ws/install/samuchair/lib/python3.12/site-packages/samuchair/arduinoNode.py,handle_joystick_silla,20,61,Enviando comando al Arduino: velocidad,Joystick
1765969845.2784328,1765969845.278287,/home/samuchair/ros2_ws/install/samuchair/lib/python3.12/site-packages/samuchair/mainNode.py,callback_handleServiceResponse,20,142,Estoy en el servicio llamado desde mainNode,mainNode
1765969845.4684196,1765969845.4682996,/home/samuchair/ros2_ws/install/samuchair/lib/python3.12/site-packages/samuchair/jBNode.py,jb_callback,20,38,Comando Joystick Bluetooth: 12,JoystickBluetooth
1765969845.4688885,1765969845.468752,/home/samuchair/ros2_ws/install/samuchair/lib/python3.12/site-packages/samuchair/mainNode.py,callback_subJoy,20,82,Comando Joystick Bluetooth: 12,mainNode
1765969845.4707253,1765969845.4705787,/home/samuchair/ros2_ws/install/samuchair/lib/python3.12/site-packages/samuchair/arduinoNode.py,handle_joystick_silla,20,61,Enviando comando al Arduino: velocidad,Joystick
1765969845.505997,1765969845.5058753,/home/samuchair/ros2_ws/install/samuchair/lib/python3.12/site-packages/samuchair/jBNode.py,jb_callback,20,38,Comando Joystick Bluetooth: 3,JoystickBluetooth
1765969845.5064566,1765969845.5063257,/home/samuchair/ros2_ws/install/samuchair/lib/python3.12/site-packages/samuchair/mainNode.py,callback_subJoy,20,82,Comando Joystick Bluetooth: 3,mainNode
1765969845.7731352,1765969845.772951,/home/samuchair/ros2_ws/install/samuchair/lib/python3.12/site-packages/samuchair/arduinoNode.py,handle_joystick_silla,20,61,Enviando comando al Arduino: velocidad,Joystick
1765969845.773177,1765969845.773,/home/samuchair/ros2_ws/install/samuchair/lib/python3.12/site-packages/samuchair/mainNode.py,callback_handleServiceResponse,20,142,Estoy en el servicio llamado desde mainNode,mainNode
1765969845.7924392,1765969845.792337,/home/samuchair/ros2_ws/install/samuchair/lib/python3.12/site-packages/samuchair/webcamNode.py,timer_callback,20,61,Frame: 6,webcam
1765969845.9934392,1765969845.993321,/home/samuchair/ros2_ws/install/samuchair/lib/python3.12/site-packages/samuchair/jBNode.py,jb_callback,20,38,Comando Joystick Bluetooth: 10,JoystickBluetooth
1765969845.9938183,1765969845.993701,/home/samuchair/ros2_ws/install/samuchair/lib/python3.12/site-packages/samuchair/mainNode.py,callback_subJoy,20,82,Comando Joystick Bluetooth: 10,mainNode
1765969846.0756326,1765969846.0754244,/home/samuchair/ros2_ws/install/samuchair/lib/python3.12/site-packages/samuchair/mainNode.py,callback_handleServiceResponse,20,142,Estoy en el servicio llamado desde mainNode,mainNode
1765969846.075671,1765969846.0754318,/home/samuchair/ros2_ws/install/samuchair/lib/python3.12/site-packages/samuchair/arduinoNode.py,handle_joystick_silla,20,61,Enviando comando al Arduino: velocidad,Joystick
1765969846.1059413,1765969846.1058197,/home/samuchair/ros2_ws/install/samuchair/lib/python3.12/site-packages/samuchair/jBNode.py,jb_callback,20,38,Comando Joystick Bluetooth: 3,JoystickBluetooth
1765969846.1062915,1765969846.1061819,/home/samuchair/ros2_ws/install/samuchair/lib/python3.12/site-packages/samuchair/mainNode.py,callback_subJoy,20,82,Comando Joystick Bluetooth: 3,mainNode
1765969846.378031,1765969846.3778813,/home/samuchair/ros2_ws/install/samuchair/lib/python3.12/site-packages/samuchair/mainNode.py,callback_handleServiceResponse,20,142,Estoy en el servicio llamado desde mainNode,mainNode
1765969846.3782783,1765969846.3780103,/home/samuchair/ros2_ws/install/samuchair/lib/python3.12/site-packages/samuchair/arduinoNode.py,handle_joystick_silla,20,61,Enviando comando al Arduino: velocidad,Joystick
1765969846.680526,1765969846.6803935,/home/samuchair/ros2_ws/install/samuchair/lib/python3.12/site-packages/samuchair/mainNode.py,callback_handleServiceResponse,20,142,Estoy en el servicio llamado desde mainNode,mainNode
1765969847.7925134,1765969847.7923925,/home/samuchair/ros2_ws/install/samuchair/lib/python3.12/site-packages/samuchair/webcamNode.py,timer_callback,20,61,Frame: 7,webcam
1765969848.0935106,1765969848.0933855,/home/samuchair/ros2_ws/install/samuchair/lib/python3.12/site-packages/samuchair/jBNode.py,jb_callback,20,38,Comando Joystick Bluetooth: 12,JoystickBluetooth
1765969848.0940344,1765969848.0939002,/home/samuchair/ros2_ws/install/samuchair/lib/python3.12/site-packages/samuchair/mainNode.py,callback_subJoy,20,82,Comando Joystick Bluetooth: 12,mainNode
1765969848.0958607,1765969848.095709,/home/samuchair/ros2_ws/install/samuchair/lib/python3.12/site-packages/samuchair/arduinoNode.py,handle_joystick_silla,20,61,Enviando comando al Arduino: velocidad,Joystick
1765969848.1309593,1765969848.1308446,/home/samuchair/ros2_ws/install/samuchair/lib/python3.12/site-packages/samuchair/jBNode.py,jb_callback,20,38,Comando Joystick Bluetooth: 6,JoystickBluetooth
1765969848.1313787,1765969848.1312401,/home/samuchair/ros2_ws/install/samuchair/lib/python3.12/site-packages/samuchair/mainNode.py,callback_subJoy,20,82,Comando Joystick Bluetooth: 6,mainNode
1765969848.398234,1765969848.398056,/home/samuchair/ros2_ws/install/samuchair/lib/python3.12/site-packages/samuchair/arduinoNode.py,handle_joystick_silla,20,61,Enviando comando al Arduino: velocidad,Joystick
1765969848.3982825,1765969848.3981507,/home/samuchair/ros2_ws/install/samuchair/lib/python3.12/site-packages/samuchair/mainNode.py,callback_handleServiceResponse,20,142,Estoy en el servicio llamado desde mainNode,mainNode
1765969848.7007473,1765969848.700599,/home/samuchair/ros2_ws/install/samuchair/lib/python3.12/site-packages/samuchair/mainNode.py,callback_handleServiceResponse,20,142,Estoy en el servicio llamado desde mainNode,mainNode
1765969849.5185766,1765969849.5184472,/home/samuchair/ros2_ws/install/samuchair/lib/python3.12/site-packages/samuchair/jBNode.py,jb_callback,20,38,Comando Joystick Bluetooth: 0,JoystickBluetooth
1765969849.5190141,1765969849.5188856,/home/samuchair/ros2_ws/install/samuchair/lib/python3.12/site-packages/samuchair/mainNode.py,callback_subJoy,20,82,Comando Joystick Bluetooth: 0,mainNode
1765969849.520809,1765969849.5206783,/home/samuchair/ros2_ws/install/samuchair/lib/python3.12/site-packages/samuchair/arduinoNode.py,handle_joystick_silla,20,61,Enviando comando al Arduino: velocidad,Joystick
1765969849.5935555,1765969849.5934284,/home/samuchair/ros2_ws/install/samuchair/lib/python3.12/site-packages/samuchair/jBNode.py,jb_callback,20,38,Comando Joystick Bluetooth: 6,JoystickBluetooth
1765969849.5940337,1765969849.5938845,/home/samuchair/ros2_ws/install/samuchair/lib/python3.12/site-packages/samuchair/mainNode.py,callback_subJoy,20,82,Comando Joystick Bluetooth: 6,mainNode
1765969849.7935586,1765969849.7933664,/home/samuchair/ros2_ws/install/samuchair/lib/python3.12/site-packages/samuchair/webcamNode.py,timer_callback,20,61,Frame: 8,webcam
1765969849.8232358,1765969849.823068,/home/samuchair/ros2_ws/install/samuchair/lib/python3.12/site-packages/samuchair/arduinoNode.py,handle_joystick_silla,20,61,Enviando comando al Arduino: velocidad,Joystick
1765969849.8232853,1765969849.8231359,/home/samuchair/ros2_ws/install/samuchair/lib/python3.12/site-packages/samuchair/mainNode.py,callback_handleServiceResponse,20,142,Estoy en el servicio llamado desde mainNode,mainNode
1765969849.9310727,1765969849.9309561,/home/samuchair/ros2_ws/install/samuchair/lib/python3.12/site-packages/samuchair/jBNode.py,jb_callback,20,38,Comando Joystick Bluetooth: 0,JoystickBluetooth
1765969849.9314783,1765969849.9313648,/home/samuchair/ros2_ws/install/samuchair/lib/python3.12/site-packages/samuchair/mainNode.py,callback_subJoy,20,82,Comando Joystick Bluetooth: 0,mainNode
1765969850.1256847,1765969850.1255255,/home/samuchair/ros2_ws/install/samuchair/lib/python3.12/site-packages/samuchair/arduinoNode.py,handle_joystick_silla,20,61,Enviando comando al Arduino: velocidad,Joystick
1765969850.1257353,1765969850.1256151,/home/samuchair/ros2_ws/install/samuchair/lib/python3.12/site-packages/samuchair/mainNode.py,callback_handleServiceResponse,20,142,Estoy en el servicio llamado desde mainNode,mainNode
1765969850.428178,1765969850.4280338,/home/samuchair/ros2_ws/install/samuchair/lib/python3.12/site-packages/samuchair/mainNode.py,callback_handleServiceResponse,20,142,Estoy en el servicio llamado desde mainNode,mainNode
1765969850.4560406,1765969850.4559255,/home/samuchair/ros2_ws/install/samuchair/lib/python3.12/site-packages/samuchair/jBNode.py,jb_callback,20,38,Comando Joystick Bluetooth: 6,JoystickBluetooth
1765969850.456459,1765969850.456332,/home/samuchair/ros2_ws/install/samuchair/lib/python3.12/site-packages/samuchair/mainNode.py,callback_subJoy,20,82,Comando Joystick Bluetooth: 6,mainNode
1765969850.458316,1765969850.45814,/home/samuchair/ros2_ws/install/samuchair/lib/python3.12/site-packages/samuchair/arduinoNode.py,handle_joystick_silla,20,61,Enviando comando al Arduino: velocidad,Joystick
1765969850.5311122,1765969850.530946,/home/samuchair/ros2_ws/install/samuchair/lib/python3.12/site-packages/samuchair/jBNode.py,jb_callback,20,38,Comando Joystick Bluetooth: 0,JoystickBluetooth
1765969850.531557,1765969850.5314398,/home/samuchair/ros2_ws/install/samuchair/lib/python3.12/site-packages/samuchair/mainNode.py,callback_subJoy,20,82,Comando Joystick Bluetooth: 0,mainNode
1765969850.5321648,1765969850.5320349,/home/samuchair/ros2_ws/install/samuchair/lib/python3.12/site-packages/samuchair/jBNode.py,jb_callback,20,38,Comando Joystick Bluetooth: 5,JoystickBluetooth
1765969850.5335355,1765969850.5334132,/home/samuchair/ros2_ws/install/samuchair/lib/python3.12/site-packages/samuchair/mainNode.py,callback_subJoy,20,82,Comando Joystick Bluetooth: 5,mainNode
1765969850.760809,1765969850.760648,/home/samuchair/ros2_ws/install/samuchair/lib/python3.12/site-packages/samuchair/mainNode.py,callback_handleServiceResponse,20,142,Estoy en el servicio llamado desde mainNode,mainNode
1765969850.761201,1765969850.7608156,/home/samuchair/ros2_ws/install/samuchair/lib/python3.12/site-packages/samuchair/arduinoNode.py,handle_joystick_silla,20,61,Enviando comando al Arduino: velocidad,Joystick
1765969851.0633814,1765969851.0631857,/home/samuchair/ros2_ws/install/samuchair/lib/python3.12/site-packages/samuchair/mainNode.py,callback_handleServiceResponse,20,142,Estoy en el servicio llamado desde mainNode,mainNode
1765969851.0634158,1765969851.0631855,/home/samuchair/ros2_ws/install/samuchair/lib/python3.12/site-packages/samuchair/arduinoNode.py,handle_joystick_silla,20,61,Enviando comando al Arduino: velocidad,Joystick
1765969851.365828,1765969851.3656836,/home/samuchair/ros2_ws/install/samuchair/lib/python3.12/site-packages/samuchair/mainNode.py,callback_handleServiceResponse,20,142,Estoy en el servicio llamado desde mainNode,mainNode
1765969851.792701,1765969851.792598,/home/samuchair/ros2_ws/install/samuchair/lib/python3.12/site-packages/samuchair/webcamNode.py,timer_callback,20,61,Frame: 9,webcam
1765969852.1059546,1765969852.1058433,/home/samuchair/ros2_ws/install/samuchair/lib/python3.12/site-packages/samuchair/jBNode.py,jb_callback,20,38,Comando Joystick Bluetooth: 17,JoystickBluetooth
1765969852.106383,1765969852.106274,/home/samuchair/ros2_ws/install/samuchair/lib/python3.12/site-packages/samuchair/mainNode.py,callback_subJoy,20,82,Comando Joystick Bluetooth: 17,mainNode
1765969852.1070251,1765969852.1069047,/home/samuchair/ros2_ws/install/samuchair/lib/python3.12/site-packages/samuchair/jBNode.py,jb_callback,20,38,Comando Joystick Bluetooth: 6,JoystickBluetooth
1765969852.1084545,1765969852.1082513,/home/samuchair/ros2_ws/install/samuchair/lib/python3.12/site-packages/samuchair/mainNode.py,callback_subJoy,20,82,Comando Joystick Bluetooth: 6,mainNode
1765969852.1084895,1765969852.108239,/home/samuchair/ros2_ws/install/samuchair/lib/python3.12/site-packages/samuchair/arduinoNode.py,handle_joystick_silla,20,61,Enviando comando al Arduino: velocidad,Joystick
1765969852.410913,1765969852.4107563,/home/samuchair/ros2_ws/install/samuchair/lib/python3.12/site-packages/samuchair/mainNode.py,callback_handleServiceResponse,20,142,Estoy en el servicio llamado desde mainNode,mainNode
1765969852.4112728,1765969852.4109154,/home/samuchair/ros2_ws/install/samuchair/lib/python3.12/site-packages/samuchair/arduinoNode.py,handle_joystick_silla,20,61,Enviando comando al Arduino: velocidad,Joystick
1765969852.7133374,1765969852.713197,/home/samuchair/ros2_ws/install/samuchair/lib/python3.12/site-packages/samuchair/mainNode.py,callback_handleServiceResponse,20,142,Estoy en el servicio llamado desde mainNode,mainNode
1765969853.7932394,1765969853.7931178,/home/samuchair/ros2_ws/install/samuchair/lib/python3.12/site-packages/samuchair/webcamNode.py,timer_callback,20,61,Frame: 10,webcam
1765969854.0187325,1765969854.0185032,/home/samuchair/ros2_ws/install/samuchair/lib/python3.12/site-packages/samuchair/jBNode.py,jb_callback,20,38,Comando Joystick Bluetooth: 0,JoystickBluetooth
1765969854.0191205,1765969854.0188954,/home/samuchair/ros2_ws/install/samuchair/lib/python3.12/site-packages/samuchair/mainNode.py,callback_subJoy,20,82,Comando Joystick Bluetooth: 0,mainNode
1765969854.0213478,1765969854.0211768,/home/samuchair/ros2_ws/install/samuchair/lib/python3.12/site-packages/samuchair/arduinoNode.py,handle_joystick_silla,20,61,Enviando comando al Arduino: velocidad,Joystick
1765969854.3238387,1765969854.3236692,/home/samuchair/ros2_ws/install/samuchair/lib/python3.12/site-packages/samuchair/mainNode.py,callback_handleServiceResponse,20,142,Estoy en el servicio llamado desde mainNode,mainNode
1765969854.8435895,1765969854.843473,/home/samuchair/ros2_ws/install/samuchair/lib/python3.12/site-packages/samuchair/jBNode.py,jb_callback,20,38,Comando Joystick Bluetooth: 9,JoystickBluetooth
1765969854.8439724,1765969854.8438604,/home/samuchair/ros2_ws/install/samuchair/lib/python3.12/site-packages/samuchair/mainNode.py,callback_subJoy,20,82,Comando Joystick Bluetooth: 9,mainNode
1765969854.8459134,1765969854.8457775,/home/samuchair/ros2_ws/install/samuchair/lib/python3.12/site-packages/samuchair/arduinoNode.py,handle_joystick_silla,20,61,Enviando comando al Arduino: velocidad,Joystick
1765969854.9185903,1765969854.9184766,/home/samuchair/ros2_ws/install/samuchair/lib/python3.12/site-packages/samuchair/jBNode.py,jb_callback,20,38,Comando Joystick Bluetooth: 10,JoystickBluetooth
1765969854.919015,1765969854.9188862,/home/samuchair/ros2_ws/install/samuchair/lib/python3.12/site-packages/samuchair/mainNode.py,callback_subJoy,20,82,Comando Joystick Bluetooth: 10,mainNode
1765969854.9935188,1765969854.9934099,/home/samuchair/ros2_ws/install/samuchair/lib/python3.12/site-packages/samuchair/jBNode.py,jb_callback,20,38,Comando Joystick Bluetooth: 3,JoystickBluetooth
1765969854.9937932,1765969854.993692,/home/samuchair/ros2_ws/install/samuchair/lib/python3.12/site-packages/samuchair/mainNode.py,callback_subJoy,20,82,Comando Joystick Bluetooth: 3,mainNode
1765969855.1483226,1765969855.1481323,/home/samuchair/ros2_ws/install/samuchair/lib/python3.12/site-packages/samuchair/mainNode.py,callback_handleServiceResponse,20,142,Estoy en el servicio llamado desde mainNode,mainNode
1765969855.1483545,1765969855.1481967,/home/samuchair/ros2_ws/install/samuchair/lib/python3.12/site-packages/samuchair/arduinoNode.py,handle_joystick_silla,20,61,Enviando comando al Arduino: velocidad,Joystick
1765969855.4506133,1765969855.4504914,/home/samuchair/ros2_ws/install/samuchair/lib/python3.12/site-packages/samuchair/mainNode.py,callback_handleServiceResponse,20,142,Estoy en el servicio llamado desde mainNode,mainNode
1765969855.6517744,1765969855.6516511,/home/samuchair/ros2_ws/install/samuchair/lib/python3.12/site-packages/samuchair/arduinoNode.py,handle_joystick_silla,20,61,Enviando comando al Arduino: velocidad,Joystick
1765969855.7928433,1765969855.7927392,/home/samuchair/ros2_ws/install/samuchair/lib/python3.12/site-packages/samuchair/webcamNode.py,timer_callback,20,61,Frame: 11,webcam
1765969855.9542027,1765969855.9540827,/home/samuchair/ros2_ws/install/samuchair/lib/python3.12/site-packages/samuchair/mainNode.py,callback_handleServiceResponse,20,142,Estoy en el servicio llamado desde mainNode,mainNode
1765969856.7186296,1765969856.7185013,/home/samuchair/ros2_ws/install/samuchair/lib/python3.12/site-packages/samuchair/jBNode.py,jb_callback,20,38,Comando Joystick Bluetooth: 10,JoystickBluetooth
1765969856.7191439,1765969856.7189984,/home/samuchair/ros2_ws/install/samuchair/lib/python3.12/site-packages/samuchair/mainNode.py,callback_subJoy,20,82,Comando Joystick Bluetooth: 10,mainNode
1765969856.7208674,1765969856.7206984,/home/samuchair/ros2_ws/install/samuchair/lib/python3.12/site-packages/samuchair/arduinoNode.py,handle_joystick_silla,20,61,Enviando comando al Arduino: velocidad,Joystick
1765969857.0232308,1765969857.0230892,/home/samuchair/ros2_ws/install/samuchair/lib/python3.12/site-packages/samuchair/mainNode.py,callback_handleServiceResponse,20,142,Estoy en el servicio llamado desde mainNode,mainNode
1765969857.6561737,1765969857.656051,/home/samuchair/ros2_ws/install/samuchair/lib/python3.12/site-packages/samuchair/jBNode.py,jb_callback,20,38,Comando Joystick Bluetooth: 3,JoystickBluetooth
1765969857.6566362,1765969857.6565073,/home/samuchair/ros2_ws/install/samuchair/lib/python3.12/site-packages/samuchair/mainNode.py,callback_subJoy,20,82,Comando Joystick Bluetooth: 3,mainNode
1765969857.6584494,1765969857.6583002,/home/samuchair/ros2_ws/install/samuchair/lib/python3.12/site-packages/samuchair/arduinoNode.py,handle_joystick_silla,20,61,Enviando comando al Arduino: velocidad,Joystick
1765969857.7931364,1765969857.792984,/home/samuchair/ros2_ws/install/samuchair/lib/python3.12/site-packages/samuchair/webcamNode.py,timer_callback,20,61,Frame: 12,webcam
1765969857.961023,1765969857.960866,/home/samuchair/ros2_ws/install/samuchair/lib/python3.12/site-packages/samuchair/mainNode.py,callback_handleServiceResponse,20,142,Estoy en el servicio llamado desde mainNode,mainNode
1765969859.7930887,1765969859.7929807,/home/samuchair/ros2_ws/install/samuchair/lib/python3.12/site-packages/samuchair/webcamNode.py,timer_callback,20,61,Frame: 13,webcam
1765969860.8437197,1765969860.8435895,/home/samuchair/ros2_ws/install/samuchair/lib/python3.12/site-packages/samuchair/jBNode.py,jb_callback,20,38,Comando Joystick Bluetooth: 12,JoystickBluetooth
1765969860.844113,1765969860.8439994,/home/samuchair/ros2_ws/install/samuchair/lib/python3.12/site-packages/samuchair/mainNode.py,callback_subJoy,20,82,Comando Joystick Bluetooth: 12,mainNode
1765969860.845955,1765969860.8458111,/home/samuchair/ros2_ws/install/samuchair/lib/python3.12/site-packages/samuchair/arduinoNode.py,handle_joystick_silla,20,61,Enviando comando al Arduino: velocidad,Joystick
1765969860.8811748,1765969860.88106,/home/samuchair/ros2_ws/install/samuchair/lib/python3.12/site-packages/samuchair/jBNode.py,jb_callback,20,38,Comando Joystick Bluetooth: 6,JoystickBluetooth
1765969860.881613,1765969860.881479,/home/samuchair/ros2_ws/install/samuchair/lib/python3.12/site-packages/samuchair/mainNode.py,callback_subJoy,20,82,Comando Joystick Bluetooth: 6,mainNode
1765969861.1483264,1765969861.1481333,/home/samuchair/ros2_ws/install/samuchair/lib/python3.12/site-packages/samuchair/arduinoNode.py,handle_joystick_silla,20,61,Enviando comando al Arduino: velocidad,Joystick
1765969861.14836,1765969861.1481626,/home/samuchair/ros2_ws/install/samuchair/lib/python3.12/site-packages/samuchair/mainNode.py,callback_handleServiceResponse,20,142,Estoy en el servicio llamado desde mainNode,mainNode
1765969861.4507155,1765969861.4505851,/home/samuchair/ros2_ws/install/samuchair/lib/python3.12/site-packages/samuchair/mainNode.py,callback_handleServiceResponse,20,142,Estoy en el servicio llamado desde mainNode,mainNode
1765969861.7932985,1765969861.7931726,/home/samuchair/ros2_ws/install/samuchair/lib/python3.12/site-packages/samuchair/webcamNode.py,timer_callback,20,61,Frame: 14,webcam
1765969862.756277,1765969862.7561476,/home/samuchair/ros2_ws/install/samuchair/lib/python3.12/site-packages/samuchair/jBNode.py,jb_callback,20,38,Comando Joystick Bluetooth: 0,JoystickBluetooth
1765969862.756665,1765969862.7565503,/home/samuchair/ros2_ws/install/samuchair/lib/python3.12/site-packages/samuchair/mainNode.py,callback_subJoy,20,82,Comando Joystick Bluetooth: 0,mainNode
1765969862.7584207,1765969862.7582893,/home/samuchair/ros2_ws/install/samuchair/lib/python3.12/site-packages/samuchair/arduinoNode.py,handle_joystick_silla,20,61,Enviando comando al Arduino: velocidad,Joystick
1765969863.0607767,1765969863.0606322,/home/samuchair/ros2_ws/install/samuchair/lib/python3.12/site-packages/samuchair/mainNode.py,callback_handleServiceResponse,20,142,Estoy en el servicio llamado desde mainNode,mainNode
1765969863.206199,1765969863.2060838,/home/samuchair/ros2_ws/install/samuchair/lib/python3.12/site-packages/samuchair/jBNode.py,jb_callback,20,38,Comando Joystick Bluetooth: 9,JoystickBluetooth
1765969863.2066061,1765969863.2064981,/home/samuchair/ros2_ws/install/samuchair/lib/python3.12/site-packages/samuchair/mainNode.py,callback_subJoy,20,82,Comando Joystick Bluetooth: 9,mainNode
1765969863.2084358,1765969863.2082605,/home/samuchair/ros2_ws/install/samuchair/lib/python3.12/site-packages/samuchair/arduinoNode.py,handle_joystick_silla,20,61,Enviando comando al Arduino: velocidad,Joystick
1765969863.5108688,1765969863.5107331,/home/samuchair/ros2_ws/install/samuchair/lib/python3.12/site-packages/samuchair/mainNode.py,callback_handleServiceResponse,20,142,Estoy en el servicio llamado desde mainNode,mainNode
1765969863.7928405,1765969863.7927413,/home/samuchair/ros2_ws/install/samuchair/lib/python3.12/site-packages/samuchair/webcamNode.py,timer_callback,20,61,Frame: 15,webcam
1765969863.9187737,1765969863.9186416,/home/samuchair/ros2_ws/install/samuchair/lib/python3.12/site-packages/samuchair/jBNode.py,jb_callback,20,38,Comando Joystick Bluetooth: 0,JoystickBluetooth
1765969863.919216,1765969863.91908,/home/samuchair/ros2_ws/install/samuchair/lib/python3.12/site-packages/samuchair/mainNode.py,callback_subJoy,20,82,Comando Joystick Bluetooth: 0,mainNode
1765969863.921024,1765969863.920881,/home/samuchair/ros2_ws/install/samuchair/lib/python3.12/site-packages/samuchair/arduinoNode.py,handle_joystick_silla,20,61,Enviando comando al Arduino: velocidad,Joystick
1765969864.2235239,1765969864.2233665,/home/samuchair/ros2_ws/install/samuchair/lib/python3.12/site-packages/samuchair/mainNode.py,callback_handleServiceResponse,20,142,Estoy en el servicio llamado desde mainNode,mainNode
1765969865.793354,1765969865.7932289,/home/samuchair/ros2_ws/install/samuchair/lib/python3.12/site-packages/samuchair/webcamNode.py,timer_callback,20,61,Frame: 16,webcam
1765969866.0937026,1765969866.0935862,/home/samuchair/ros2_ws/install/samuchair/lib/python3.12/site-packages/samuchair/jBNode.py,jb_callback,20,38,Comando Joystick Bluetooth: 6,JoystickBluetooth
1765969866.0940533,1765969866.0939455,/home/samuchair/ros2_ws/install/samuchair/lib/python3.12/site-packages/samuchair/mainNode.py,callback_subJoy,20,82,Comando Joystick Bluetooth: 6,mainNode
1765969866.0958998,1765969866.0957804,/home/samuchair/ros2_ws/install/samuchair/lib/python3.12/site-packages/samuchair/arduinoNode.py,handle_joystick_silla,20,61,Enviando comando al Arduino: velocidad,Joystick
1765969866.356281,1765969866.356135,/home/samuchair/ros2_ws/install/samuchair/lib/python3.12/site-packages/samuchair/jBNode.py,jb_callback,20,38,Comando Joystick Bluetooth: 0,JoystickBluetooth
1765969866.3567083,1765969866.3565905,/home/samuchair/ros2_ws/install/samuchair/lib/python3.12/site-packages/samuchair/mainNode.py,callback_subJoy,20,82,Comando Joystick Bluetooth: 0,mainNode
1765969866.3983302,1765969866.398123,/home/samuchair/ros2_ws/install/samuchair/lib/python3.12/site-packages/samuchair/mainNode.py,callback_handleServiceResponse,20,142,Estoy en el servicio llamado desde mainNode,mainNode
1765969866.3983693,1765969866.3981364,/home/samuchair/ros2_ws/install/samuchair/lib/python3.12/site-packages/samuchair/arduinoNode.py,handle_joystick_silla,20,61,Enviando comando al Arduino: velocidad,Joystick
1765969866.506233,1765969866.506106,/home/samuchair/ros2_ws/install/samuchair/lib/python3.12/site-packages/samuchair/jBNode.py,jb_callback,20,38,Comando Joystick Bluetooth: 3,JoystickBluetooth
1765969866.5066795,1765969866.5065641,/home/samuchair/ros2_ws/install/samuchair/lib/python3.12/site-packages/samuchair/mainNode.py,callback_subJoy,20,82,Comando Joystick Bluetooth: 3,mainNode
1765969866.7007773,1765969866.7005963,/home/samuchair/ros2_ws/install/samuchair/lib/python3.12/site-packages/samuchair/mainNode.py,callback_handleServiceResponse,20,142,Estoy en el servicio llamado desde mainNode,mainNode
1765969866.7008107,1765969866.7005963,/home/samuchair/ros2_ws/install/samuchair/lib/python3.12/site-packages/samuchair/arduinoNode.py,handle_joystick_silla,20,61,Enviando comando al Arduino: velocidad,Joystick
1765969867.002992,1765969867.002859,/home/samuchair/ros2_ws/install/samuchair/lib/python3.12/site-packages/samuchair/mainNode.py,callback_handleServiceResponse,20,142,Estoy en el servicio llamado desde mainNode,mainNode
1765969867.1436853,1765969867.14357,/home/samuchair/ros2_ws/install/samuchair/lib/python3.12/site-packages/samuchair/jBNode.py,jb_callback,20,38,Comando Joystick Bluetooth: 10,JoystickBluetooth
1765969867.1441278,1765969867.1439996,/home/samuchair/ros2_ws/install/samuchair/lib/python3.12/site-packages/samuchair/mainNode.py,callback_subJoy,20,82,Comando Joystick Bluetooth: 10,mainNode
1765969867.1458654,1765969867.1457324,/home/samuchair/ros2_ws/install/samuchair/lib/python3.12/site-packages/samuchair/arduinoNode.py,handle_joystick_silla,20,61,Enviando comando al Arduino: velocidad,Joystick
1765969867.218712,1765969867.2186043,/home/samuchair/ros2_ws/install/samuchair/lib/python3.12/site-packages/samuchair/jBNode.py,jb_callback,20,38,Comando Joystick Bluetooth: 3,JoystickBluetooth
1765969867.2192848,1765969867.2190611,/home/samuchair/ros2_ws/install/samuchair/lib/python3.12/site-packages/samuchair/mainNode.py,callback_subJoy,20,82,Comando Joystick Bluetooth: 3,mainNode
1765969867.4481342,1765969867.4480164,/home/samuchair/ros2_ws/install/samuchair/lib/python3.12/site-packages/samuchair/mainNode.py,callback_handleServiceResponse,20,142,Estoy en el servicio llamado desde mainNode,mainNode
1765969867.5562575,1765969867.5561392,/home/samuchair/ros2_ws/install/samuchair/lib/python3.12/site-packages/samuchair/jBNode.py,jb_callback,20,38,Comando Joystick Bluetooth: 10,JoystickBluetooth
1765969867.5566864,1765969867.5565717,/home/samuchair/ros2_ws/install/samuchair/lib/python3.12/site-packages/samuchair/mainNode.py,callback_subJoy,20,82,Comando Joystick Bluetooth: 10,mainNode
1765969867.6490405,1765969867.6489282,/home/samuchair/ros2_ws/install/samuchair/lib/python3.12/site-packages/samuchair/arduinoNode.py,handle_joystick_silla,20,61,Enviando comando al Arduino: velocidad,Joystick
1765969867.706205,1765969867.706103,/home/samuchair/ros2_ws/install/samuchair/lib/python3.12/site-packages/samuchair/jBNode.py,jb_callback,20,38,Comando Joystick Bluetooth: 9,JoystickBluetooth
1765969867.7068007,1765969867.7065384,/home/samuchair/ros2_ws/install/samuchair/lib/python3.12/site-packages/samuchair/mainNode.py,callback_subJoy,20,82,Comando Joystick Bluetooth: 9,mainNode
1765969867.792563,1765969867.7924619,/home/samuchair/ros2_ws/install/samuchair/lib/python3.12/site-packages/samuchair/webcamNode.py,timer_callback,20,61,Frame: 17,webcam
1765969867.9516592,1765969867.9512966,/home/samuchair/ros2_ws/install/samuchair/lib/python3.12/site-packages/samuchair/arduinoNode.py,handle_joystick_silla,20,61,Enviando comando al Arduino: velocidad,Joystick
1765969867.9516943,1765969867.9513612,/home/samuchair/ros2_ws/install/samuchair/lib/python3.12/site-packages/samuchair/mainNode.py,callback_handleServiceResponse,20,142,Estoy en el servicio llamado desde mainNode,mainNode
1765969868.0438175,1765969868.0437047,/home/samuchair/ros2_ws/install/samuchair/lib/python3.12/site-packages/samuchair/jBNode.py,jb_callback,20,38,Comando Joystick Bluetooth: 10,JoystickBluetooth
1765969868.0442145,1765969868.0440936,/home/samuchair/ros2_ws/install/samuchair/lib/python3.12/site-packages/samuchair/mainNode.py,callback_subJoy,20,82,Comando Joystick Bluetooth: 10,mainNode
1765969868.1188724,1765969868.1186557,/home/samuchair/ros2_ws/install/samuchair/lib/python3.12/site-packages/samuchair/jBNode.py,jb_callback,20,38,Comando Joystick Bluetooth: 9,JoystickBluetooth
1765969868.1191587,1765969868.119041,/home/samuchair/ros2_ws/install/samuchair/lib/python3.12/site-packages/samuchair/mainNode.py,callback_subJoy,20,82,Comando Joystick Bluetooth: 9,mainNode
1765969868.253953,1765969868.2537894,/home/samuchair/ros2_ws/install/samuchair/lib/python3.12/site-packages/samuchair/arduinoNode.py,handle_joystick_silla,20,61,Enviando comando al Arduino: velocidad,Joystick
1765969868.2539907,1765969868.2538767,/home/samuchair/ros2_ws/install/samuchair/lib/python3.12/site-packages/samuchair/mainNode.py,callback_handleServiceResponse,20,142,Estoy en el servicio llamado desde mainNode,mainNode
1765969868.5565126,1765969868.5561583,/home/samuchair/ros2_ws/install/samuchair/lib/python3.12/site-packages/samuchair/arduinoNode.py,handle_joystick_silla,20,61,Enviando comando al Arduino: velocidad,Joystick
1765969868.5565479,1765969868.5562232,/home/samuchair/ros2_ws/install/samuchair/lib/python3.12/site-packages/samuchair/mainNode.py,callback_handleServiceResponse,20,142,Estoy en el servicio llamado desde mainNode,mainNode
1765969868.8587542,1765969868.8585787,/home/samuchair/ros2_ws/install/samuchair/lib/python3.12/site-packages/samuchair/mainNode.py,callback_handleServiceResponse,20,142,Estoy en el servicio llamado desde mainNode,mainNode
1765969868.858837,1765969868.8587172,/home/samuchair/ros2_ws/install/samuchair/lib/python3.12/site-packages/samuchair/arduinoNode.py,handle_joystick_silla,20,61,Enviando comando al Arduino: velocidad,Joystick
1765969869.1611748,1765969869.1610458,/home/samuchair/ros2_ws/install/samuchair/lib/python3.12/site-packages/samuchair/mainNode.py,callback_handleServiceResponse,20,142,Estoy en el servicio llamado desde mainNode,mainNode
1765969869.168853,1765969869.1686795,/home/samuchair/ros2_ws/install/samuchair/lib/python3.12/site-packages/samuchair/jBNode.py,jb_callback,20,38,Comando Joystick Bluetooth: 0,JoystickBluetooth
1765969869.1691375,1765969869.1690283,/home/samuchair/ros2_ws/install/samuchair/lib/python3.12/site-packages/samuchair/mainNode.py,callback_subJoy,20,82,Comando Joystick Bluetooth: 0,mainNode
1765969869.1709213,1765969869.1707835,/home/samuchair/ros2_ws/install/samuchair/lib/python3.12/site-packages/samuchair/arduinoNode.py,handle_joystick_silla,20,61,Enviando comando al Arduino: velocidad,Joystick
1765969869.28123,1765969869.2811108,/home/samuchair/ros2_ws/install/samuchair/lib/python3.12/site-packages/samuchair/jBNode.py,jb_callback,20,38,Comando Joystick Bluetooth: 3,JoystickBluetooth
1765969869.281904,1765969869.2815642,/home/samuchair/ros2_ws/install/samuchair/lib/python3.12/site-packages/samuchair/mainNode.py,callback_subJoy,20,82,Comando Joystick Bluetooth: 3,mainNode
1765969869.4734643,1765969869.4732418,/home/samuchair/ros2_ws/install/samuchair/lib/python3.12/site-packages/samuchair/arduinoNode.py,handle_joystick_silla,20,61,Enviando comando al Arduino: velocidad,Joystick
1765969869.473498,1765969869.473242,/home/samuchair/ros2_ws/install/samuchair/lib/python3.12/site-packages/samuchair/mainNode.py,callback_handleServiceResponse,20,142,Estoy en el servicio llamado desde mainNode,mainNode
1765969869.775777,1765969869.7756288,/home/samuchair/ros2_ws/install/samuchair/lib/python3.12/site-packages/samuchair/mainNode.py,callback_handleServiceResponse,20,142,Estoy en el servicio llamado desde mainNode,mainNode
1765969869.7922547,1765969869.792154,/home/samuchair/ros2_ws/install/samuchair/lib/python3.12/site-packages/samuchair/webcamNode.py,timer_callback,20,61,Frame: 18,webcam
1765969870.4813013,1765969870.4811668,/home/samuchair/ros2_ws/install/samuchair/lib/python3.12/site-packages/samuchair/jBNode.py,jb_callback,20,38,Comando Joystick Bluetooth: 10,JoystickBluetooth
1765969870.4818885,1765969870.4817507,/home/samuchair/ros2_ws/install/samuchair/lib/python3.12/site-packages/samuchair/mainNode.py,callback_subJoy,20,82,Comando Joystick Bluetooth: 10,mainNode
1765969870.4836829,1765969870.4835355,/home/samuchair/ros2_ws/install/samuchair/lib/python3.12/site-packages/samuchair/arduinoNode.py,handle_joystick_silla,20,61,Enviando comando al Arduino: velocidad,Joystick
1765969870.5562966,1765969870.5561688,/home/samuchair/ros2_ws/install/samuchair/lib/python3.12/site-packages/samuchair/jBNode.py,jb_callback,20,38,Comando Joystick Bluetooth: 9,JoystickBluetooth
1765969870.5567324,1765969870.5566158,/home/samuchair/ros2_ws/install/samuchair/lib/python3.12/site-packages/samuchair/mainNode.py,callback_subJoy,20,82,Comando Joystick Bluetooth: 9,mainNode
1765969870.78595,1765969870.7858205,/home/samuchair/ros2_ws/install/samuchair/lib/python3.12/site-packages/samuchair/arduinoNode.py,handle_joystick_silla,20,61,Enviando comando al Arduino: velocidad,Joystick
1765969870.7863214,1765969870.786047,/home/samuchair/ros2_ws/install/samuchair/lib/python3.12/site-packages/samuchair/mainNode.py,callback_handleServiceResponse,20,142,Estoy en el servicio llamado desde mainNode,mainNode
1765969871.00636,1765969871.0062168,/home/samuchair/ros2_ws/install/samuchair/lib/python3.12/site-packages/samuchair/jBNode.py,jb_callback,20,38,Comando Joystick Bluetooth: 0,JoystickBluetooth
1765969871.0066674,1765969871.0065515,/home/samuchair/ros2_ws/install/samuchair/lib/python3.12/site-packages/samuchair/mainNode.py,callback_subJoy,20,82,Comando Joystick Bluetooth: 0,mainNode
1765969871.0883403,1765969871.0881822,/home/samuchair/ros2_ws/install/samuchair/lib/python3.12/site-packages/samuchair/arduinoNode.py,handle_joystick_silla,20,61,Enviando comando al Arduino: velocidad,Joystick
1765969871.088377,1765969871.088254,/home/samuchair/ros2_ws/install/samuchair/lib/python3.12/site-packages/samuchair/mainNode.py,callback_handleServiceResponse,20,142,Estoy en el servicio llamado desde mainNode,mainNode
1765969871.3063629,1765969871.3062212,/home/samuchair/ros2_ws/install/samuchair/lib/python3.12/site-packages/samuchair/jBNode.py,jb_callback,20,38,Comando Joystick Bluetooth: 9,JoystickBluetooth
1765969871.306921,1765969871.3067713,/home/samuchair/ros2_ws/install/samuchair/lib/python3.12/site-packages/samuchair/mainNode.py,callback_subJoy,20,82,Comando Joystick Bluetooth: 9,mainNode
1765969871.3907716,1765969871.390603,/home/samuchair/ros2_ws/install/samuchair/lib/python3.12/site-packages/samuchair/arduinoNode.py,handle_joystick_silla,20,61,Enviando comando al Arduino: velocidad,Joystick
1765969871.3908114,1765969871.3906717,/home/samuchair/ros2_ws/install/samuchair/lib/python3.12/site-packages/samuchair/mainNode.py,callback_handleServiceResponse,20,142,Estoy en el servicio llamado desde mainNode,mainNode
1765969871.6932442,1765969871.693095,/home/samuchair/ros2_ws/install/samuchair/lib/python3.12/site-packages/samuchair/mainNode.py,callback_handleServiceResponse,20,142,Estoy en el servicio llamado desde mainNode,mainNode
1765969871.7928987,1765969871.7927895,/home/samuchair/ros2_ws/install/samuchair/lib/python3.12/site-packages/samuchair/webcamNode.py,timer_callback,20,61,Frame: 19,webcam
1765969872.0188563,1765969872.018744,/home/samuchair/ros2_ws/install/samuchair/lib/python3.12/site-packages/samuchair/jBNode.py,jb_callback,20,38,Comando Joystick Bluetooth: 0,JoystickBluetooth
1765969872.0192454,1765969872.0191154,/home/samuchair/ros2_ws/install/samuchair/lib/python3.12/site-packages/samuchair/mainNode.py,callback_subJoy,20,82,Comando Joystick Bluetooth: 0,mainNode
1765969872.0210292,1765969872.0208888,/home/samuchair/ros2_ws/install/samuchair/lib/python3.12/site-packages/samuchair/arduinoNode.py,handle_joystick_silla,20,61,Enviando comando al Arduino: velocidad,Joystick
1765969872.3235805,1765969872.3234234,/home/samuchair/ros2_ws/install/samuchair/lib/python3.12/site-packages/samuchair/mainNode.py,callback_handleServiceResponse,20,142,Estoy en el servicio llamado desde mainNode,mainNode
1765969872.5063279,1765969872.5061927,/home/samuchair/ros2_ws/install/samuchair/lib/python3.12/site-packages/samuchair/jBNode.py,jb_callback,20,38,Comando Joystick Bluetooth: 6,JoystickBluetooth
1765969872.5067394,1765969872.5066276,/home/samuchair/ros2_ws/install/samuchair/lib/python3.12/site-packages/samuchair/mainNode.py,callback_subJoy,20,82,Comando Joystick Bluetooth: 6,mainNode
1765969872.5085442,1765969872.5084083,/home/samuchair/ros2_ws/install/samuchair/lib/python3.12/site-packages/samuchair/arduinoNode.py,handle_joystick_silla,20,61,Enviando comando al Arduino: velocidad,Joystick
1765969872.8063905,1765969872.8062596,/home/samuchair/ros2_ws/install/samuchair/lib/python3.12/site-packages/samuchair/jBNode.py,jb_callback,20,38,Comando Joystick Bluetooth: 0,JoystickBluetooth
1765969872.806844,1765969872.8067307,/home/samuchair/ros2_ws/install/samuchair/lib/python3.12/site-packages/samuchair/mainNode.py,callback_subJoy,20,82,Comando Joystick Bluetooth: 0,mainNode
1765969872.810848,1765969872.810677,/home/samuchair/ros2_ws/install/samuchair/lib/python3.12/site-packages/samuchair/arduinoNode.py,handle_joystick_silla,20,61,Enviando comando al Arduino: velocidad,Joystick
1765969872.810882,1765969872.810662,/home/samuchair/ros2_ws/install/samuchair/lib/python3.12/site-packages/samuchair/mainNode.py,callback_handleServiceResponse,20,142,Estoy en el servicio llamado desde mainNode,mainNode
1765969873.1131995,1765969873.113059,/home/samuchair/ros2_ws/install/samuchair/lib/python3.12/site-packages/samuchair/mainNode.py,callback_handleServiceResponse,20,142,Estoy en el servicio llamado desde mainNode,mainNode
1765969873.1438015,1765969873.1436899,/home/samuchair/ros2_ws/install/samuchair/lib/python3.12/site-packages/samuchair/jBNode.py,jb_callback,20,38,Comando Joystick Bluetooth: 6,JoystickBluetooth
1765969873.14407,1765969873.1439598,/home/samuchair/ros2_ws/install/samuchair/lib/python3.12/site-packages/samuchair/mainNode.py,callback_subJoy,20,82,Comando Joystick Bluetooth: 6,mainNode
1765969873.1458116,1765969873.1456752,/home/samuchair/ros2_ws/install/samuchair/lib/python3.12/site-packages/samuchair/arduinoNode.py,handle_joystick_silla,20,61,Enviando comando al Arduino: velocidad,Joystick
1765969873.2938828,1765969873.2937222,/home/samuchair/ros2_ws/install/samuchair/lib/python3.12/site-packages/samuchair/jBNode.py,jb_callback,20,38,Comando Joystick Bluetooth: 0,JoystickBluetooth
1765969873.294303,1765969873.29416,/home/samuchair/ros2_ws/install/samuchair/lib/python3.12/site-packages/samuchair/mainNode.py,callback_subJoy,20,82,Comando Joystick Bluetooth: 0,mainNode
1765969873.4481196,1765969873.4479938,/home/samuchair/ros2_ws/install/samuchair/lib/python3.12/site-packages/samuchair/mainNode.py,callback_handleServiceResponse,20,142,Estoy en el servicio llamado desde mainNode,mainNode
1765969873.5938735,1765969873.5937557,/home/samuchair/ros2_ws/install/samuchair/lib/python3.12/site-packages/samuchair/jBNode.py,jb_callback,20,38,Comando Joystick Bluetooth: 6,JoystickBluetooth
1765969873.5943184,1765969873.5941868,/home/samuchair/ros2_ws/install/samuchair/lib/python3.12/site-packages/samuchair/mainNode.py,callback_subJoy,20,82,Comando Joystick Bluetooth: 6,mainNode
1765969873.6490905,1765969873.6489801,/home/samuchair/ros2_ws/install/samuchair/lib/python3.12/site-packages/samuchair/arduinoNode.py,handle_joystick_silla,20,61,Enviando comando al Arduino: velocidad,Joystick
1765969873.7935183,1765969873.7934232,/home/samuchair/ros2_ws/install/samuchair/lib/python3.12/site-packages/samuchair/webcamNode.py,timer_callback,20,61,Frame: 20,webcam
1765969873.8939233,1765969873.8937974,/home/samuchair/ros2_ws/install/samuchair/lib/python3.12/site-packages/samuchair/jBNode.py,jb_callback,20,38,Comando Joystick Bluetooth: 0,JoystickBluetooth
1765969873.8943317,1765969873.8942122,/home/samuchair/ros2_ws/install/samuchair/lib/python3.12/site-packages/samuchair/mainNode.py,callback_subJoy,20,82,Comando Joystick Bluetooth: 0,mainNode
1765969873.9517655,1765969873.9513276,/home/samuchair/ros2_ws/install/samuchair/lib/python3.12/site-packages/samuchair/mainNode.py,callback_handleServiceResponse,20,142,Estoy en el servicio llamado desde mainNode,mainNode
1765969873.9517753,1765969873.951328,/home/samuchair/ros2_ws/install/samuchair/lib/python3.12/site-packages/samuchair/arduinoNode.py,handle_joystick_silla,20,61,Enviando comando al Arduino: velocidad,Joystick
1765969874.254047,1765969874.2538502,/home/samuchair/ros2_ws/install/samuchair/lib/python3.12/site-packages/samuchair/arduinoNode.py,handle_joystick_silla,20,61,Enviando comando al Arduino: velocidad,Joystick
1765969874.254081,1765969874.2538927,/home/samuchair/ros2_ws/install/samuchair/lib/python3.12/site-packages/samuchair/mainNode.py,callback_handleServiceResponse,20,142,Estoy en el servicio llamado desde mainNode,mainNode
1765969874.4939504,1765969874.4938145,/home/samuchair/ros2_ws/install/samuchair/lib/python3.12/site-packages/samuchair/jBNode.py,jb_callback,20,38,Comando Joystick Bluetooth: 3,JoystickBluetooth
1765969874.4943259,1765969874.4941993,/home/samuchair/ros2_ws/install/samuchair/lib/python3.12/site-packages/samuchair/mainNode.py,callback_subJoy,20,82,Comando Joystick Bluetooth: 3,mainNode
1765969874.556579,1765969874.556384,/home/samuchair/ros2_ws/install/samuchair/lib/python3.12/site-packages/samuchair/mainNode.py,callback_handleServiceResponse,20,142,Estoy en el servicio llamado desde mainNode,mainNode
1765969874.5566158,1765969874.5563989,/home/samuchair/ros2_ws/install/samuchair/lib/python3.12/site-packages/samuchair/arduinoNode.py,handle_joystick_silla,20,61,Enviando comando al Arduino: velocidad,Joystick
1765969874.858988,1765969874.858841,/home/samuchair/ros2_ws/install/samuchair/lib/python3.12/site-packages/samuchair/mainNode.py,callback_handleServiceResponse,20,142,Estoy en el servicio llamado desde mainNode,mainNode
1765969875.7932045,1765969875.7930527,/home/samuchair/ros2_ws/install/samuchair/lib/python3.12/site-packages/samuchair/webcamNode.py,timer_callback,20,61,Frame: 21,webcam
1765969877.7941072,1765969877.793997,/home/samuchair/ros2_ws/install/samuchair/lib/python3.12/site-packages/samuchair/webcamNode.py,timer_callback,20,61,Frame: 22,webcam
1765969879.7930853,1765969879.7929704,/home/samuchair/ros2_ws/install/samuchair/lib/python3.12/site-packages/samuchair/webcamNode.py,timer_callback,20,61,Frame: 23,webcam
1765969881.243995,1765969881.243875,/home/samuchair/ros2_ws/install/samuchair/lib/python3.12/site-packages/samuchair/jBNode.py,jb_callback,20,38,Comando Joystick Bluetooth: 10,JoystickBluetooth
1765969881.2444644,1765969881.2443366,/home/samuchair/ros2_ws/install/samuchair/lib/python3.12/site-packages/samuchair/mainNode.py,callback_subJoy,20,82,Comando Joystick Bluetooth: 10,mainNode
1765969881.2462442,1765969881.2460954,/home/samuchair/ros2_ws/install/samuchair/lib/python3.12/site-packages/samuchair/arduinoNode.py,handle_joystick_silla,20,61,Enviando comando al Arduino: velocidad,Joystick
1765969881.548678,1765969881.5485337,/home/samuchair/ros2_ws/install/samuchair/lib/python3.12/site-packages/samuchair/mainNode.py,callback_handleServiceResponse,20,142,Estoy en el servicio llamado desde mainNode,mainNode
1765969881.7929149,1765969881.7927916,/home/samuchair/ros2_ws/install/samuchair/lib/python3.12/site-packages/samuchair/webcamNode.py,timer_callback,20,61,Frame: 24,webcam
1765969881.806355,1765969881.806222,/home/samuchair/ros2_ws/install/samuchair/lib/python3.12/site-packages/samuchair/jBNode.py,jb_callback,20,38,Comando Joystick Bluetooth: 9,JoystickBluetooth
1765969881.8068125,1765969881.8066702,/home/samuchair/ros2_ws/install/samuchair/lib/python3.12/site-packages/samuchair/mainNode.py,callback_subJoy,20,82,Comando Joystick Bluetooth: 9,mainNode
1765969881.8084273,1765969881.8082962,/home/samuchair/ros2_ws/install/samuchair/lib/python3.12/site-packages/samuchair/arduinoNode.py,handle_joystick_silla,20,61,Enviando comando al Arduino: velocidad,Joystick
1765969882.0314488,1765969882.0313332,/home/samuchair/ros2_ws/install/samuchair/lib/python3.12/site-packages/samuchair/jBNode.py,jb_callback,20,38,Comando Joystick Bluetooth: 10,JoystickBluetooth
1765969882.0318642,1765969882.031742,/home/samuchair/ros2_ws/install/samuchair/lib/python3.12/site-packages/samuchair/mainNode.py,callback_subJoy,20,82,Comando Joystick Bluetooth: 10,mainNode
1765969882.110909,1765969882.1107051,/home/samuchair/ros2_ws/install/samuchair/lib/python3.12/site-packages/samuchair/arduinoNode.py,handle_joystick_silla,20,61,Enviando comando al Arduino: velocidad,Joystick
1765969882.1109452,1765969882.11073,/home/samuchair/ros2_ws/install/samuchair/lib/python3.12/site-packages/samuchair/mainNode.py,callback_handleServiceResponse,20,142,Estoy en el servicio llamado desde mainNode,mainNode
1765969882.2189794,1765969882.2188554,/home/samuchair/ros2_ws/install/samuchair/lib/python3.12/site-packages/samuchair/jBNode.py,jb_callback,20,38,Comando Joystick Bluetooth: 3,JoystickBluetooth
1765969882.2195013,1765969882.2193503,/home/samuchair/ros2_ws/install/samuchair/lib/python3.12/site-packages/samuchair/mainNode.py,callback_subJoy,20,82,Comando Joystick Bluetooth: 3,mainNode
1765969882.4134324,1765969882.4132798,/home/samuchair/ros2_ws/install/samuchair/lib/python3.12/site-packages/samuchair/mainNode.py,callback_handleServiceResponse,20,142,Estoy en el servicio llamado desde mainNode,mainNode
1765969882.4139228,1765969882.4135625,/home/samuchair/ros2_ws/install/samuchair/lib/python3.12/site-packages/samuchair/arduinoNode.py,handle_joystick_silla,20,61,Enviando comando al Arduino: velocidad,Joystick
1765969882.716113,1765969882.7159748,/home/samuchair/ros2_ws/install/samuchair/lib/python3.12/site-packages/samuchair/mainNode.py,callback_handleServiceResponse,20,142,Estoy en el servicio llamado desde mainNode,mainNode
1765969883.7928996,1765969883.792795,/home/samuchair/ros2_ws/install/samuchair/lib/python3.12/site-packages/samuchair/webcamNode.py,timer_callback,20,61,Frame: 25,webcam
1765969883.9440114,1765969883.9438882,/home/samuchair/ros2_ws/install/samuchair/lib/python3.12/site-packages/samuchair/jBNode.py,jb_callback,20,38,Comando Joystick Bluetooth: 10,JoystickBluetooth
1765969883.94452,1765969883.944372,/home/samuchair/ros2_ws/install/samuchair/lib/python3.12/site-packages/samuchair/mainNode.py,callback_subJoy,20,82,Comando Joystick Bluetooth: 10,mainNode
1765969883.946339,1765969883.9461856,/home/samuchair/ros2_ws/install/samuchair/lib/python3.12/site-packages/samuchair/arduinoNode.py,handle_joystick_silla,20,61,Enviando comando al Arduino: velocidad,Joystick
1765969884.2487733,1765969884.248661,/home/samuchair/ros2_ws/install/samuchair/lib/python3.12/site-packages/samuchair/mainNode.py,callback_handleServiceResponse,20,142,Estoy en el servicio llamado desde mainNode,mainNode
1765969885.7931373,1765969885.7930312,/home/samuchair/ros2_ws/install/samuchair/lib/python3.12/site-packages/samuchair/webcamNode.py,timer_callback,20,61,Frame: 26,webcam
1765969887.792743,1765969887.7926397,/home/samuchair/ros2_ws/install/samuchair/lib/python3.12/site-packages/samuchair/webcamNode.py,timer_callback,20,61,Frame: 27,webcam
1765969888.2566152,1765969888.2564752,/home/samuchair/ros2_ws/install/samuchair/lib/python3.12/site-packages/samuchair/jBNode.py,jb_callback,20,38,Comando Joystick Bluetooth: 3,JoystickBluetooth
1765969888.2570345,1765969888.2569056,/home/samuchair/ros2_ws/install/samuchair/lib/python3.12/site-packages/samuchair/mainNode.py,callback_subJoy,20,82,Comando Joystick Bluetooth: 3,mainNode
1765969888.2588634,1765969888.2586668,/home/samuchair/ros2_ws/install/samuchair/lib/python3.12/site-packages/samuchair/arduinoNode.py,handle_joystick_silla,20,61,Enviando comando al Arduino: velocidad,Joystick
1765969888.3690822,1765969888.368961,/home/samuchair/ros2_ws/install/samuchair/lib/python3.12/site-packages/samuchair/jBNode.py,jb_callback,20,38,Comando Joystick Bluetooth: 12,JoystickBluetooth
1765969888.369527,1765969888.369408,/home/samuchair/ros2_ws/install/samuchair/lib/python3.12/site-packages/samuchair/mainNode.py,callback_subJoy,20,82,Comando Joystick Bluetooth: 12,mainNode
1765969888.4440491,1765969888.4439316,/home/samuchair/ros2_ws/install/samuchair/lib/python3.12/site-packages/samuchair/jBNode.py,jb_callback,20,38,Comando Joystick Bluetooth: 6,JoystickBluetooth
1765969888.4444926,1765969888.4443762,/home/samuchair/ros2_ws/install/samuchair/lib/python3.12/site-packages/samuchair/mainNode.py,callback_subJoy,20,82,Comando Joystick Bluetooth: 6,mainNode
1765969888.5612755,1765969888.5611002,/home/samuchair/ros2_ws/install/samuchair/lib/python3.12/site-packages/samuchair/arduinoNode.py,handle_joystick_silla,20,61,Enviando comando al Arduino: velocidad,Joystick
1765969888.5613115,1765969888.561189,/home/samuchair/ros2_ws/install/samuchair/lib/python3.12/site-packages/samuchair/mainNode.py,callback_handleServiceResponse,20,142,Estoy en el servicio llamado desde mainNode,mainNode
1765969888.863733,1765969888.8635209,/home/samuchair/ros2_ws/install/samuchair/lib/python3.12/site-packages/samuchair/arduinoNode.py,handle_joystick_silla,20,61,Enviando comando al Arduino: velocidad,Joystick
1765969888.8637679,1765969888.8635628,/home/samuchair/ros2_ws/install/samuchair/lib/python3.12/site-packages/samuchair/mainNode.py,callback_handleServiceResponse,20,142,Estoy en el servicio llamado desde mainNode,mainNode
1765969889.1661675,1765969889.1660285,/home/samuchair/ros2_ws/install/samuchair/lib/python3.12/site-packages/samuchair/mainNode.py,callback_handleServiceResponse,20,142,Estoy en el servicio llamado desde mainNode,mainNode
1765969889.7932239,1765969889.7931173,/home/samuchair/ros2_ws/install/samuchair/lib/python3.12/site-packages/samuchair/webcamNode.py,timer_callback,20,61,Frame: 28,webcam
1765969891.792782,1765969891.7926805,/home/samuchair/ros2_ws/install/samuchair/lib/python3.12/site-packages/samuchair/webcamNode.py,timer_callback,20,61,Frame: 29,webcam
1765969892.3066723,1765969892.306518,/home/samuchair/ros2_ws/install/samuchair/lib/python3.12/site-packages/samuchair/jBNode.py,jb_callback,20,38,Comando Joystick Bluetooth: 0,JoystickBluetooth
1765969892.3070836,1765969892.3069205,/home/samuchair/ros2_ws/install/samuchair/lib/python3.12/site-packages/samuchair/mainNode.py,callback_subJoy,20,82,Comando Joystick Bluetooth: 0,mainNode
1765969892.3089225,1765969892.3087745,/home/samuchair/ros2_ws/install/samuchair/lib/python3.12/site-packages/samuchair/arduinoNode.py,handle_joystick_silla,20,61,Enviando comando al Arduino: velocidad,Joystick
1765969892.6114726,1765969892.611317,/home/samuchair/ros2_ws/install/samuchair/lib/python3.12/site-packages/samuchair/mainNode.py,callback_handleServiceResponse,20,142,Estoy en el servicio llamado desde mainNode,mainNode
1765969892.8316493,1765969892.831521,/home/samuchair/ros2_ws/install/samuchair/lib/python3.12/site-packages/samuchair/jBNode.py,jb_callback,20,38,Comando Joystick Bluetooth: 9,JoystickBluetooth
1765969892.832116,1765969892.8319862,/home/samuchair/ros2_ws/install/samuchair/lib/python3.12/site-packages/samuchair/mainNode.py,callback_subJoy,20,82,Comando Joystick Bluetooth: 9,mainNode
1765969892.833879,1765969892.83375,/home/samuchair/ros2_ws/install/samuchair/lib/python3.12/site-packages/samuchair/arduinoNode.py,handle_joystick_silla,20,61,Enviando comando al Arduino: velocidad,Joystick
1765969893.136429,1765969893.1362786,/home/samuchair/ros2_ws/install/samuchair/lib/python3.12/site-packages/samuchair/mainNode.py,callback_handleServiceResponse,20,142,Estoy en el servicio llamado desde mainNode,mainNode
1765969893.506599,1765969893.5064788,/home/samuchair/ros2_ws/install/samuchair/lib/python3.12/site-packages/samuchair/jBNode.py,jb_callback,20,38,Comando Joystick Bluetooth: 10,JoystickBluetooth
1765969893.5071917,1765969893.506948,/home/samuchair/ros2_ws/install/samuchair/lib/python3.12/site-packages/samuchair/mainNode.py,callback_subJoy,20,82,Comando Joystick Bluetooth: 10,mainNode
1765969893.5090957,1765969893.508954,/home/samuchair/ros2_ws/install/samuchair/lib/python3.12/site-packages/samuchair/arduinoNode.py,handle_joystick_silla,20,61,Enviando comando al Arduino: velocidad,Joystick
1765969893.6192236,1765969893.619029,/home/samuchair/ros2_ws/install/samuchair/lib/python3.12/site-packages/samuchair/jBNode.py,jb_callback,20,38,Comando Joystick Bluetooth: 3,JoystickBluetooth
1765969893.61964,1765969893.6195114,/home/samuchair/ros2_ws/install/samuchair/lib/python3.12/site-packages/samuchair/mainNode.py,callback_subJoy,20,82,Comando Joystick Bluetooth: 3,mainNode
1765969893.7931356,1765969893.7930188,/home/samuchair/ros2_ws/install/samuchair/lib/python3.12/site-packages/samuchair/webcamNode.py,timer_callback,20,61,Frame: 30,webcam
1765969893.8113735,1765969893.8112023,/home/samuchair/ros2_ws/install/samuchair/lib/python3.12/site-packages/samuchair/arduinoNode.py,handle_joystick_silla,20,61,Enviando comando al Arduino: velocidad,Joystick
1765969893.8114088,1765969893.8113055,/home/samuchair/ros2_ws/install/samuchair/lib/python3.12/site-packages/samuchair/mainNode.py,callback_handleServiceResponse,20,142,Estoy en el servicio llamado desde mainNode,mainNode
1765969894.1137855,1765969894.1136484,/home/samuchair/ros2_ws/install/samuchair/lib/python3.12/site-packages/samuchair/mainNode.py,callback_handleServiceResponse,20,142,Estoy en el servicio llamado desde mainNode,mainNode
1765969895.2691784,1765969895.2690563,/home/samuchair/ros2_ws/install/samuchair/lib/python3.12/site-packages/samuchair/jBNode.py,jb_callback,20,38,Comando Joystick Bluetooth: 10,JoystickBluetooth
1765969895.269631,1765969895.2695022,/home/samuchair/ros2_ws/install/samuchair/lib/python3.12/site-packages/samuchair/mainNode.py,callback_subJoy,20,82,Comando Joystick Bluetooth: 10,mainNode
1765969895.2715666,1765969895.2714362,/home/samuchair/ros2_ws/install/samuchair/lib/python3.12/site-packages/samuchair/arduinoNode.py,handle_joystick_silla,20,61,Enviando comando al Arduino: velocidad,Joystick
1765969895.5316246,1765969895.5315032,/home/samuchair/ros2_ws/install/samuchair/lib/python3.12/site-packages/samuchair/jBNode.py,jb_callback,20,38,Comando Joystick Bluetooth: 3,JoystickBluetooth
1765969895.5321748,1765969895.5320258,/home/samuchair/ros2_ws/install/samuchair/lib/python3.12/site-packages/samuchair/mainNode.py,callback_subJoy,20,82,Comando Joystick Bluetooth: 3,mainNode
1765969895.5740135,1765969895.5738194,/home/samuchair/ros2_ws/install/samuchair/lib/python3.12/site-packages/samuchair/mainNode.py,callback_handleServiceResponse,20,142,Estoy en el servicio llamado desde mainNode,mainNode
1765969895.5740476,1765969895.573874,/home/samuchair/ros2_ws/install/samuchair/lib/python3.12/site-packages/samuchair/arduinoNode.py,handle_joystick_silla,20,61,Enviando comando al Arduino: velocidad,Joystick
1765969895.6441848,1765969895.644063,/home/samuchair/ros2_ws/install/samuchair/lib/python3.12/site-packages/samuchair/jBNode.py,jb_callback,20,38,Comando Joystick Bluetooth: 10,JoystickBluetooth
1765969895.644583,1765969895.6444685,/home/samuchair/ros2_ws/install/samuchair/lib/python3.12/site-packages/samuchair/mainNode.py,callback_subJoy,20,82,Comando Joystick Bluetooth: 10,mainNode
1765969895.79284,1765969895.792677,/home/samuchair/ros2_ws/install/samuchair/lib/python3.12/site-packages/samuchair/webcamNode.py,timer_callback,20,61,Frame: 31,webcam
1765969895.8766098,1765969895.876443,/home/samuchair/ros2_ws/install/samuchair/lib/python3.12/site-packages/samuchair/mainNode.py,callback_handleServiceResponse,20,142,Estoy en el servicio llamado desde mainNode,mainNode
1765969895.8769758,1765969895.8765643,/home/samuchair/ros2_ws/install/samuchair/lib/python3.12/site-packages/samuchair/arduinoNode.py,handle_joystick_silla,20,61,Enviando comando al Arduino: velocidad,Joystick
1765969896.1791062,1765969896.178977,/home/samuchair/ros2_ws/install/samuchair/lib/python3.12/site-packages/samuchair/mainNode.py,callback_handleServiceResponse,20,142,Estoy en el servicio llamado desde mainNode,mainNode
1765969896.8066964,1765969896.8065805,/home/samuchair/ros2_ws/install/samuchair/lib/python3.12/site-packages/samuchair/jBNode.py,jb_callback,20,38,Comando Joystick Bluetooth: 9,JoystickBluetooth
1765969896.8071673,1765969896.8070316,/home/samuchair/ros2_ws/install/samuchair/lib/python3.12/site-packages/samuchair/mainNode.py,callback_subJoy,20,82,Comando Joystick Bluetooth: 9,mainNode
1765969896.8091202,1765969896.8089447,/home/samuchair/ros2_ws/install/samuchair/lib/python3.12/site-packages/samuchair/arduinoNode.py,handle_joystick_silla,20,61,Enviando comando al Arduino: velocidad,Joystick
1765969897.0316136,1765969897.0314908,/home/samuchair/ros2_ws/install/samuchair/lib/python3.12/site-packages/samuchair/jBNode.py,jb_callback,20,38,Comando Joystick Bluetooth: 0,JoystickBluetooth
1765969897.0319452,1765969897.031834,/home/samuchair/ros2_ws/install/samuchair/lib/python3.12/site-packages/samuchair/mainNode.py,callback_subJoy,20,82,Comando Joystick Bluetooth: 0,mainNode
1765969897.111639,1765969897.1114516,/home/samuchair/ros2_ws/install/samuchair/lib/python3.12/site-packages/samuchair/arduinoNode.py,handle_joystick_silla,20,61,Enviando comando al Arduino: velocidad,Joystick
1765969897.1116729,1765969897.111447,/home/samuchair/ros2_ws/install/samuchair/lib/python3.12/site-packages/samuchair/mainNode.py,callback_handleServiceResponse,20,142,Estoy en el servicio llamado desde mainNode,mainNode
1765969897.4141073,1765969897.4139678,/home/samuchair/ros2_ws/install/samuchair/lib/python3.12/site-packages/samuchair/mainNode.py,callback_handleServiceResponse,20,142,Estoy en el servicio llamado desde mainNode,mainNode
1765969897.7930176,1765969897.7929163,/home/samuchair/ros2_ws/install/samuchair/lib/python3.12/site-packages/samuchair/webcamNode.py,timer_callback,20,61,Frame: 32,webcam
1765969899.7928119,1765969899.7927082,/home/samuchair/ros2_ws/install/samuchair/lib/python3.12/site-packages/samuchair/webcamNode.py,timer_callback,20,61,Frame: 33,webcam
1765969901.793544,1765969901.7934387,/home/samuchair/ros2_ws/install/samuchair/lib/python3.12/site-packages/samuchair/webcamNode.py,timer_callback,20,61,Frame: 34,webcam
1765969903.792606,1765969903.7925036,/home/samuchair/ros2_ws/install/samuchair/lib/python3.12/site-packages/samuchair/webcamNode.py,timer_callback,20,61,Frame: 35,webcam
1765969905.7936635,1765969905.7935617,/home/samuchair/ros2_ws/install/samuchair/lib/python3.12/site-packages/samuchair/webcamNode.py,timer_callback,20,61,Frame: 36,webcam
1765969907.796554,1765969907.7964513,/home/samuchair/ros2_ws/install/samuchair/lib/python3.12/site-packages/samuchair/webcamNode.py,timer_callback,20,61,Frame: 37,webcam
1765969909.7903771,1765969909.7902515,/home/samuchair/ros2_ws/install/samuchair/lib/python3.12/site-packages/samuchair/webcamNode.py,timer_callback,20,61,Frame: 38,webcam
1765969910.1944423,1765969910.1942832,/home/samuchair/ros2_ws/install/samuchair/lib/python3.12/site-packages/samuchair/jBNode.py,jb_callback,20,38,Comando Joystick Bluetooth: 3,JoystickBluetooth
1765969910.1948771,1765969910.1947591,/home/samuchair/ros2_ws/install/samuchair/lib/python3.12/site-packages/samuchair/mainNode.py,callback_subJoy,20,82,Comando Joystick Bluetooth: 3,mainNode
1765969910.196772,1765969910.1966312,/home/samuchair/ros2_ws/install/samuchair/lib/python3.12/site-packages/samuchair/arduinoNode.py,handle_joystick_silla,20,61,Enviando comando al Arduino: velocidad,Joystick
1765969910.4991775,1765969910.4990156,/home/samuchair/ros2_ws/install/samuchair/lib/python3.12/site-packages/samuchair/mainNode.py,callback_handleServiceResponse,20,142,Estoy en el servicio llamado desde mainNode,mainNode
1765969911.131939,1765969911.1318154,/home/samuchair/ros2_ws/install/samuchair/lib/python3.12/site-packages/samuchair/jBNode.py,jb_callback,20,38,Comando Joystick Bluetooth: 10,JoystickBluetooth
1765969911.1323676,1765969911.132243,/home/samuchair/ros2_ws/install/samuchair/lib/python3.12/site-packages/samuchair/mainNode.py,callback_subJoy,20,82,Comando Joystick Bluetooth: 10,mainNode
1765969911.1341612,1765969911.1340134,/home/samuchair/ros2_ws/install/samuchair/lib/python3.12/site-packages/samuchair/arduinoNode.py,handle_joystick_silla,20,61,Enviando comando al Arduino: velocidad,Joystick
1765969911.169374,1765969911.1692526,/home/samuchair/ros2_ws/install/samuchair/lib/python3.12/site-packages/samuchair/jBNode.py,jb_callback,20,38,Comando Joystick Bluetooth: 9,JoystickBluetooth
1765969911.169856,1765969911.1697245,/home/samuchair/ros2_ws/install/samuchair/lib/python3.12/site-packages/samuchair/mainNode.py,callback_subJoy,20,82,Comando Joystick Bluetooth: 9,mainNode
1765969911.4365203,1765969911.4363606,/home/samuchair/ros2_ws/install/samuchair/lib/python3.12/site-packages/samuchair/arduinoNode.py,handle_joystick_silla,20,61,Enviando comando al Arduino: velocidad,Joystick
1765969911.4366093,1765969911.4364774,/home/samuchair/ros2_ws/install/samuchair/lib/python3.12/site-packages/samuchair/mainNode.py,callback_handleServiceResponse,20,142,Estoy en el servicio llamado desde mainNode,mainNode
1765969911.7389588,1765969911.7388082,/home/samuchair/ros2_ws/install/samuchair/lib/python3.12/site-packages/samuchair/mainNode.py,callback_handleServiceResponse,20,142,Estoy en el servicio llamado desde mainNode,mainNode
1765969911.7934706,1765969911.7933655,/home/samuchair/ros2_ws/install/samuchair/lib/python3.12/site-packages/samuchair/webcamNode.py,timer_callback,20,61,Frame: 39,webcam
1765969912.0694773,1765969912.0693617,/home/samuchair/ros2_ws/install/samuchair/lib/python3.12/site-packages/samuchair/jBNode.py,jb_callback,20,38,Comando Joystick Bluetooth: 10,JoystickBluetooth
1765969912.0699825,1765969912.0698385,/home/samuchair/ros2_ws/install/samuchair/lib/python3.12/site-packages/samuchair/mainNode.py,callback_subJoy,20,82,Comando Joystick Bluetooth: 10,mainNode
1765969912.0717745,1765969912.0716243,/home/samuchair/ros2_ws/install/samuchair/lib/python3.12/site-packages/samuchair/arduinoNode.py,handle_joystick_silla,20,61,Enviando comando al Arduino: velocidad,Joystick
1765969912.2944736,1765969912.294353,/home/samuchair/ros2_ws/install/samuchair/lib/python3.12/site-packages/samuchair/jBNode.py,jb_callback,20,38,Comando Joystick Bluetooth: 3,JoystickBluetooth
1765969912.2950177,1765969912.2948606,/home/samuchair/ros2_ws/install/samuchair/lib/python3.12/site-packages/samuchair/mainNode.py,callback_subJoy,20,82,Comando Joystick Bluetooth: 3,mainNode
1765969912.3741958,1765969912.374042,/home/samuchair/ros2_ws/install/samuchair/lib/python3.12/site-packages/samuchair/mainNode.py,callback_handleServiceResponse,20,142,Estoy en el servicio llamado desde mainNode,mainNode
1765969912.3745792,1765969912.3741825,/home/samuchair/ros2_ws/install/samuchair/lib/python3.12/site-packages/samuchair/arduinoNode.py,handle_joystick_silla,20,61,Enviando comando al Arduino: velocidad,Joystick
1765969912.5944164,1765969912.5943024,/home/samuchair/ros2_ws/install/samuchair/lib/python3.12/site-packages/samuchair/jBNode.py,jb_callback,20,38,Comando Joystick Bluetooth: 12,JoystickBluetooth
1765969912.594909,1765969912.5947566,/home/samuchair/ros2_ws/install/samuchair/lib/python3.12/site-packages/samuchair/mainNode.py,callback_subJoy,20,82,Comando Joystick Bluetooth: 12,mainNode
1765969912.5955708,1765969912.5953918,/home/samuchair/ros2_ws/install/samuchair/lib/python3.12/site-packages/samuchair/jBNode.py,jb_callback,20,38,Comando Joystick Bluetooth: 6,JoystickBluetooth
1765969912.59689,1765969912.5967722,/home/samuchair/ros2_ws/install/samuchair/lib/python3.12/site-packages/samuchair/mainNode.py,callback_subJoy,20,82,Comando Joystick Bluetooth: 6,mainNode
1765969912.6694767,1765969912.6693592,/home/samuchair/ros2_ws/install/samuchair/lib/python3.12/site-packages/samuchair/jBNode.py,jb_callback,20,38,Comando Joystick Bluetooth: 0,JoystickBluetooth
1765969912.6698308,1765969912.6696954,/home/samuchair/ros2_ws/install/samuchair/lib/python3.12/site-packages/samuchair/mainNode.py,callback_subJoy,20,82,Comando Joystick Bluetooth: 0,mainNode
1765969912.6765323,1765969912.6763797,/home/samuchair/ros2_ws/install/samuchair/lib/python3.12/site-packages/samuchair/mainNode.py,callback_handleServiceResponse,20,142,Estoy en el servicio llamado desde mainNode,mainNode
1765969912.6765673,1765969912.6764412,/home/samuchair/ros2_ws/install/samuchair/lib/python3.12/site-packages/samuchair/arduinoNode.py,handle_joystick_silla,20,61,Enviando comando al Arduino: velocidad,Joystick
1765969912.9789128,1765969912.9787416,/home/samuchair/ros2_ws/install/samuchair/lib/python3.12/site-packages/samuchair/arduinoNode.py,handle_joystick_silla,20,61,Enviando comando al Arduino: velocidad,Joystick
1765969912.9789472,1765969912.978815,/home/samuchair/ros2_ws/install/samuchair/lib/python3.12/site-packages/samuchair/mainNode.py,callback_handleServiceResponse,20,142,Estoy en el servicio llamado desde mainNode,mainNode
1765969913.0818954,1765969913.0817769,/home/samuchair/ros2_ws/install/samuchair/lib/python3.12/site-packages/samuchair/jBNode.py,jb_callback,20,38,Comando Joystick Bluetooth: 3,JoystickBluetooth
1765969913.0822172,1765969913.0821035,/home/samuchair/ros2_ws/install/samuchair/lib/python3.12/site-packages/samuchair/mainNode.py,callback_subJoy,20,82,Comando Joystick Bluetooth: 3,mainNode
1765969913.2813,1765969913.2811334,/home/samuchair/ros2_ws/install/samuchair/lib/python3.12/site-packages/samuchair/arduinoNode.py,handle_joystick_silla,20,61,Enviando comando al Arduino: velocidad,Joystick
1765969913.2813368,1765969913.2812002,/home/samuchair/ros2_ws/install/samuchair/lib/python3.12/site-packages/samuchair/mainNode.py,callback_handleServiceResponse,20,142,Estoy en el servicio llamado desde mainNode,mainNode
1765969913.3819587,1765969913.3818307,/home/samuchair/ros2_ws/install/samuchair/lib/python3.12/site-packages/samuchair/jBNode.py,jb_callback,20,38,Comando Joystick Bluetooth: 10,JoystickBluetooth
1765969913.3825529,1765969913.3822095,/home/samuchair/ros2_ws/install/samuchair/lib/python3.12/site-packages/samuchair/mainNode.py,callback_subJoy,20,82,Comando Joystick Bluetooth: 10,mainNode
1765969913.4944885,1765969913.4943585,/home/samuchair/ros2_ws/install/samuchair/lib/python3.12/site-packages/samuchair/jBNode.py,jb_callback,20,38,Comando Joystick Bluetooth: 3,JoystickBluetooth
1765969913.4949498,1765969913.494823,/home/samuchair/ros2_ws/install/samuchair/lib/python3.12/site-packages/samuchair/mainNode.py,callback_subJoy,20,82,Comando Joystick Bluetooth: 3,mainNode
1765969913.5838656,1765969913.5836759,/home/samuchair/ros2_ws/install/samuchair/lib/python3.12/site-packages/samuchair/mainNode.py,callback_handleServiceResponse,20,142,Estoy en el servicio llamado desde mainNode,mainNode
1765969913.5839005,1765969913.5836625,/home/samuchair/ros2_ws/install/samuchair/lib/python3.12/site-packages/samuchair/arduinoNode.py,handle_joystick_silla,20,61,Enviando comando al Arduino: velocidad,Joystick
1765969913.794067,1765969913.7939599,/home/samuchair/ros2_ws/install/samuchair/lib/python3.12/site-packages/samuchair/webcamNode.py,timer_callback,20,61,Frame: 40,webcam
1765969913.8864021,1765969913.8862264,/home/samuchair/ros2_ws/install/samuchair/lib/python3.12/site-packages/samuchair/mainNode.py,callback_handleServiceResponse,20,142,Estoy en el servicio llamado desde mainNode,mainNode
1765969913.8867674,1765969913.8864057,/home/samuchair/ros2_ws/install/samuchair/lib/python3.12/site-packages/samuchair/arduinoNode.py,handle_joystick_silla,20,61,Enviando comando al Arduino: velocidad,Joystick
1765969914.1890712,1765969914.188887,/home/samuchair/ros2_ws/install/samuchair/lib/python3.12/site-packages/samuchair/arduinoNode.py,handle_joystick_silla,20,61,Enviando comando al Arduino: velocidad,Joystick
1765969914.1891134,1765969914.1889708,/home/samuchair/ros2_ws/install/samuchair/lib/python3.12/site-packages/samuchair/mainNode.py,callback_handleServiceResponse,20,142,Estoy en el servicio llamado desde mainNode,mainNode
1765969914.4914944,1765969914.49135,/home/samuchair/ros2_ws/install/samuchair/lib/python3.12/site-packages/samuchair/mainNode.py,callback_handleServiceResponse,20,142,Estoy en el servicio llamado desde mainNode,mainNode
1765969915.793517,1765969915.7934196,/home/samuchair/ros2_ws/install/samuchair/lib/python3.12/site-packages/samuchair/webcamNode.py,timer_callback,20,61,Frame: 41,webcam
1765969916.9821138,1765969916.9819996,/home/samuchair/ros2_ws/install/samuchair/lib/python3.12/site-packages/samuchair/jBNode.py,jb_callback,20,38,Comando Joystick Bluetooth: 10,JoystickBluetooth
1765969916.9824855,1765969916.9823737,/home/samuchair/ros2_ws/install/samuchair/lib/python3.12/site-packages/samuchair/mainNode.py,callback_subJoy,20,82,Comando Joystick Bluetooth: 10,mainNode
1765969916.984366,1765969916.9841988,/home/samuchair/ros2_ws/install/samuchair/lib/python3.12/site-packages/samuchair/arduinoNode.py,handle_joystick_silla,20,61,Enviando comando al Arduino: velocidad,Joystick
1765969917.2868383,1765969917.2866886,/home/samuchair/ros2_ws/install/samuchair/lib/python3.12/site-packages/samuchair/mainNode.py,callback_handleServiceResponse,20,142,Estoy en el servicio llamado desde mainNode,mainNode
1765969917.7696133,1765969917.7694933,/home/samuchair/ros2_ws/install/samuchair/lib/python3.12/site-packages/samuchair/jBNode.py,jb_callback,20,38,Comando Joystick Bluetooth: 3,JoystickBluetooth
1765969917.7701445,1765969917.7699938,/home/samuchair/ros2_ws/install/samuchair/lib/python3.12/site-packages/samuchair/mainNode.py,callback_subJoy,20,82,Comando Joystick Bluetooth: 3,mainNode
1765969917.7719169,1765969917.7717755,/home/samuchair/ros2_ws/install/samuchair/lib/python3.12/site-packages/samuchair/arduinoNode.py,handle_joystick_silla,20,61,Enviando comando al Arduino: velocidad,Joystick
1765969917.792428,1765969917.7923262,/home/samuchair/ros2_ws/install/samuchair/lib/python3.12/site-packages/samuchair/webcamNode.py,timer_callback,20,61,Frame: 42,webcam
1765969918.0320833,1765969918.0319629,/home/samuchair/ros2_ws/install/samuchair/lib/python3.12/site-packages/samuchair/jBNode.py,jb_callback,20,38,Comando Joystick Bluetooth: 10,JoystickBluetooth
1765969918.0325665,1765969918.0324347,/home/samuchair/ros2_ws/install/samuchair/lib/python3.12/site-packages/samuchair/mainNode.py,callback_subJoy,20,82,Comando Joystick Bluetooth: 10,mainNode
1765969918.0743885,1765969918.0742002,/home/samuchair/ros2_ws/install/samuchair/lib/python3.12/site-packages/samuchair/mainNode.py,callback_handleServiceResponse,20,142,Estoy en el servicio llamado desde mainNode,mainNode
1765969918.0744224,1765969918.0741994,/home/samuchair/ros2_ws/install/samuchair/lib/python3.12/site-packages/samuchair/arduinoNode.py,handle_joystick_silla,20,61,Enviando comando al Arduino: velocidad,Joystick
1765969918.3768299,1765969918.37668,/home/samuchair/ros2_ws/install/samuchair/lib/python3.12/site-packages/samuchair/mainNode.py,callback_handleServiceResponse,20,142,Estoy en el servicio llamado desde mainNode,mainNode
1765969918.9696093,1765969918.969487,/home/samuchair/ros2_ws/install/samuchair/lib/python3.12/site-packages/samuchair/jBNode.py,jb_callback,20,38,Comando Joystick Bluetooth: 9,JoystickBluetooth
1765969918.9701495,1765969918.969963,/home/samuchair/ros2_ws/install/samuchair/lib/python3.12/site-packages/samuchair/mainNode.py,callback_subJoy,20,82,Comando Joystick Bluetooth: 9,mainNode
1765969918.971914,1765969918.9717772,/home/samuchair/ros2_ws/install/samuchair/lib/python3.12/site-packages/samuchair/arduinoNode.py,handle_joystick_silla,20,61,Enviando comando al Arduino: velocidad,Joystick
1765969919.2744343,1765969919.2742968,/home/samuchair/ros2_ws/install/samuchair/lib/python3.12/site-packages/samuchair/mainNode.py,callback_handleServiceResponse,20,142,Estoy en el servicio llamado desde mainNode,mainNode
1765969919.7929657,1765969919.7928627,/home/samuchair/ros2_ws/install/samuchair/lib/python3.12/site-packages/samuchair/webcamNode.py,timer_callback,20,61,Frame: 43,webcam
1765969919.944667,1765969919.9445317,/home/samuchair/ros2_ws/install/samuchair/lib/python3.12/site-packages/samuchair/jBNode.py,jb_callback,20,38,Comando Joystick Bluetooth: 10,JoystickBluetooth
1765969919.9452016,1765969919.9450169,/home/samuchair/ros2_ws/install/samuchair/lib/python3.12/site-packages/samuchair/mainNode.py,callback_subJoy,20,82,Comando Joystick Bluetooth: 10,mainNode
1765969919.9469278,1765969919.9467947,/home/samuchair/ros2_ws/install/samuchair/lib/python3.12/site-packages/samuchair/arduinoNode.py,handle_joystick_silla,20,61,Enviando comando al Arduino: velocidad,Joystick
1765969919.9821506,1765969919.9820223,/home/samuchair/ros2_ws/install/samuchair/lib/python3.12/site-packages/samuchair/jBNode.py,jb_callback,20,38,Comando Joystick Bluetooth: 3,JoystickBluetooth
1765969919.9825435,1765969919.982425,/home/samuchair/ros2_ws/install/samuchair/lib/python3.12/site-packages/samuchair/mainNode.py,callback_subJoy,20,82,Comando Joystick Bluetooth: 3,mainNode
1765969920.085412,1765969920.0852873,/home/samuchair/ros2_ws/install/samuchair/lib/python3.12/site-packages/samuchair/esp32Node.py,timer_callback,20,41,Dato publicado Pot: 6,sensorHallyPot
1765969920.207073,1765969920.2069347,/home/samuchair/ros2_ws/install/samuchair/lib/python3.12/site-packages/samuchair/jBNode.py,jb_callback,20,38,Comando Joystick Bluetooth: 12,JoystickBluetooth
1765969920.207496,1765969920.2073784,/home/samuchair/ros2_ws/install/samuchair/lib/python3.12/site-packages/samuchair/mainNode.py,callback_subJoy,20,82,Comando Joystick Bluetooth: 12,mainNode
1765969920.2081223,1765969920.2079878,/home/samuchair/ros2_ws/install/samuchair/lib/python3.12/site-packages/samuchair/jBNode.py,jb_callback,20,38,Comando Joystick Bluetooth: 6,JoystickBluetooth
1765969920.2094088,1765969920.2092826,/home/samuchair/ros2_ws/install/samuchair/lib/python3.12/site-packages/samuchair/mainNode.py,callback_subJoy,20,82,Comando Joystick Bluetooth: 6,mainNode
1765969920.2493324,1765969920.2490983,/home/samuchair/ros2_ws/install/samuchair/lib/python3.12/site-packages/samuchair/mainNode.py,callback_handleServiceResponse,20,142,Estoy en el servicio llamado desde mainNode,mainNode
1765969920.2493644,1765969920.2491484,/home/samuchair/ros2_ws/install/samuchair/lib/python3.12/site-packages/samuchair/arduinoNode.py,handle_joystick_silla,20,61,Enviando comando al Arduino: velocidad,Joystick
1765969920.5517123,1765969920.5515347,/home/samuchair/ros2_ws/install/samuchair/lib/python3.12/site-packages/samuchair/arduinoNode.py,handle_joystick_silla,20,61,Enviando comando al Arduino: velocidad,Joystick
1765969920.5517545,1765969920.5515778,/home/samuchair/ros2_ws/install/samuchair/lib/python3.12/site-packages/samuchair/mainNode.py,callback_handleServiceResponse,20,142,Estoy en el servicio llamado desde mainNode,mainNode
1765969920.8541358,1765969920.8539522,/home/samuchair/ros2_ws/install/samuchair/lib/python3.12/site-packages/samuchair/mainNode.py,callback_handleServiceResponse,20,142,Estoy en el servicio llamado desde mainNode,mainNode
1765969920.8541691,1765969920.8539522,/home/samuchair/ros2_ws/install/samuchair/lib/python3.12/site-packages/samuchair/arduinoNode.py,handle_joystick_silla,20,61,Enviando comando al Arduino: velocidad,Joystick
1765969921.0853496,1765969921.08523,/home/samuchair/ros2_ws/install/samuchair/lib/python3.12/site-packages/samuchair/esp32Node.py,timer_callback,20,41,Dato publicado Pot: 5,sensorHallyPot
1765969921.1565816,1765969921.1564057,/home/samuchair/ros2_ws/install/samuchair/lib/python3.12/site-packages/samuchair/mainNode.py,callback_handleServiceResponse,20,142,Estoy en el servicio llamado desde mainNode,mainNode
1765969921.7940001,1765969921.7939036,/home/samuchair/ros2_ws/install/samuchair/lib/python3.12/site-packages/samuchair/webcamNode.py,timer_callback,20,61,Frame: 44,webcam
1765969921.8196602,1765969921.819515,/home/samuchair/ros2_ws/install/samuchair/lib/python3.12/site-packages/samuchair/jBNode.py,jb_callback,20,38,Comando Joystick Bluetooth: 0,JoystickBluetooth
1765969921.8200295,1765969921.819915,/home/samuchair/ros2_ws/install/samuchair/lib/python3.12/site-packages/samuchair/mainNode.py,callback_subJoy,20,82,Comando Joystick Bluetooth: 0,mainNode
1765969921.8217843,1765969921.821638,/home/samuchair/ros2_ws/install/samuchair/lib/python3.12/site-packages/samuchair/arduinoNode.py,handle_joystick_silla,20,61,Enviando comando al Arduino: velocidad,Joystick
1765969922.1241643,1765969922.124014,/home/samuchair/ros2_ws/install/samuchair/lib/python3.12/site-packages/samuchair/mainNode.py,callback_handleServiceResponse,20,142,Estoy en el servicio llamado desde mainNode,mainNode
1765969922.5322032,1765969922.5320036,/home/samuchair/ros2_ws/install/samuchair/lib/python3.12/site-packages/samuchair/jBNode.py,jb_callback,20,38,Comando Joystick Bluetooth: 9,JoystickBluetooth
1765969922.5325265,1765969922.532418,/home/samuchair/ros2_ws/install/samuchair/lib/python3.12/site-packages/samuchair/mainNode.py,callback_subJoy,20,82,Comando Joystick Bluetooth: 9,mainNode
1765969922.53423,1765969922.5340965,/home/samuchair/ros2_ws/install/samuchair/lib/python3.12/site-packages/samuchair/arduinoNode.py,handle_joystick_silla,20,61,Enviando comando al Arduino: velocidad,Joystick
1765969922.8368952,1765969922.836736,/home/samuchair/ros2_ws/install/samuchair/lib/python3.12/site-packages/samuchair/mainNode.py,callback_handleServiceResponse,20,142,Estoy en el servicio llamado desde mainNode,mainNode
1765969923.244625,1765969923.244514,/home/samuchair/ros2_ws/install/samuchair/lib/python3.12/site-packages/samuchair/jBNode.py,jb_callback,20,38,Comando Joystick Bluetooth: 0,JoystickBluetooth
1765969923.2450202,1765969923.2449095,/home/samuchair/ros2_ws/install/samuchair/lib/python3.12/site-packages/samuchair/mainNode.py,callback_subJoy,20,82,Comando Joystick Bluetooth: 0,mainNode
1765969923.2467842,1765969923.2466412,/home/samuchair/ros2_ws/install/samuchair/lib/python3.12/site-packages/samuchair/arduinoNode.py,handle_joystick_silla,20,61,Enviando comando al Arduino: velocidad,Joystick
1765969923.5491624,1765969923.5490227,/home/samuchair/ros2_ws/install/samuchair/lib/python3.12/site-packages/samuchair/mainNode.py,callback_handleServiceResponse,20,142,Estoy en el servicio llamado desde mainNode,mainNode
1765969923.6571794,1765969923.657057,/home/samuchair/ros2_ws/install/samuchair/lib/python3.12/site-packages/samuchair/jBNode.py,jb_callback,20,38,Comando Joystick Bluetooth: 6,JoystickBluetooth
1765969923.6576564,1765969923.6575162,/home/samuchair/ros2_ws/install/samuchair/lib/python3.12/site-packages/samuchair/mainNode.py,callback_subJoy,20,82,Comando Joystick Bluetooth: 6,mainNode
1765969923.6594028,1765969923.6592474,/home/samuchair/ros2_ws/install/samuchair/lib/python3.12/site-packages/samuchair/arduinoNode.py,handle_joystick_silla,20,61,Enviando comando al Arduino: velocidad,Joystick
1765969923.7969904,1765969923.7968948,/home/samuchair/ros2_ws/install/samuchair/lib/python3.12/site-packages/samuchair/webcamNode.py,timer_callback,20,61,Frame: 45,webcam
1765969923.9196992,1765969923.9195848,/home/samuchair/ros2_ws/install/samuchair/lib/python3.12/site-packages/samuchair/jBNode.py,jb_callback,20,38,Comando Joystick Bluetooth: 0,JoystickBluetooth
1765969923.9201255,1765969923.9200084,/home/samuchair/ros2_ws/install/samuchair/lib/python3.12/site-packages/samuchair/mainNode.py,callback_subJoy,20,82,Comando Joystick Bluetooth: 0,mainNode
1765969923.961708,1765969923.9615703,/home/samuchair/ros2_ws/install/samuchair/lib/python3.12/site-packages/samuchair/arduinoNode.py,handle_joystick_silla,20,61,Enviando comando al Arduino: velocidad,Joystick
1765969923.9620032,1765969923.9616792,/home/samuchair/ros2_ws/install/samuchair/lib/python3.12/site-packages/samuchair/mainNode.py,callback_handleServiceResponse,20,142,Estoy en el servicio llamado desde mainNode,mainNode
1765969924.264183,1765969924.2640357,/home/samuchair/ros2_ws/install/samuchair/lib/python3.12/site-packages/samuchair/mainNode.py,callback_handleServiceResponse,20,142,Estoy en el servicio llamado desde mainNode,mainNode
1765969924.5197823,1765969924.5196002,/home/samuchair/ros2_ws/install/samuchair/lib/python3.12/site-packages/samuchair/jBNode.py,jb_callback,20,38,Comando Joystick Bluetooth: 3,JoystickBluetooth
1765969924.5201893,1765969924.5200434,/home/samuchair/ros2_ws/install/samuchair/lib/python3.12/site-packages/samuchair/mainNode.py,callback_subJoy,20,82,Comando Joystick Bluetooth: 3,mainNode
1765969924.5221243,1765969924.5219843,/home/samuchair/ros2_ws/install/samuchair/lib/python3.12/site-packages/samuchair/arduinoNode.py,handle_joystick_silla,20,61,Enviando comando al Arduino: velocidad,Joystick
1765969924.8245873,1765969924.8244486,/home/samuchair/ros2_ws/install/samuchair/lib/python3.12/site-packages/samuchair/mainNode.py,callback_handleServiceResponse,20,142,Estoy en el servicio llamado desde mainNode,mainNode
1765969925.5704138,1765969925.5697072,/home/samuchair/ros2_ws/install/samuchair/lib/python3.12/site-packages/samuchair/jBNode.py,jb_callback,20,38,Comando Joystick Bluetooth: 10,JoystickBluetooth
1765969925.570457,1765969925.5701926,/home/samuchair/ros2_ws/install/samuchair/lib/python3.12/site-packages/samuchair/mainNode.py,callback_subJoy,20,82,Comando Joystick Bluetooth: 10,mainNode
1765969925.5721824,1765969925.5720277,/home/samuchair/ros2_ws/install/samuchair/lib/python3.12/site-packages/samuchair/arduinoNode.py,handle_joystick_silla,20,61,Enviando comando al Arduino: velocidad,Joystick
1765969925.792852,1765969925.7927415,/home/samuchair/ros2_ws/install/samuchair/lib/python3.12/site-packages/samuchair/webcamNode.py,timer_callback,20,61,Frame: 46,webcam
1765969925.874849,1765969925.874689,/home/samuchair/ros2_ws/install/samuchair/lib/python3.12/site-packages/samuchair/mainNode.py,callback_handleServiceResponse,20,142,Estoy en el servicio llamado desde mainNode,mainNode
1765969925.9823244,1765969925.9821758,/home/samuchair/ros2_ws/install/samuchair/lib/python3.12/site-packages/samuchair/jBNode.py,jb_callback,20,38,Comando Joystick Bluetooth: 9,JoystickBluetooth
1765969925.982925,1765969925.982774,/home/samuchair/ros2_ws/install/samuchair/lib/python3.12/site-packages/samuchair/mainNode.py,callback_subJoy,20,82,Comando Joystick Bluetooth: 9,mainNode
1765969925.9847093,1765969925.984548,/home/samuchair/ros2_ws/install/samuchair/lib/python3.12/site-packages/samuchair/arduinoNode.py,handle_joystick_silla,20,61,Enviando comando al Arduino: velocidad,Joystick
1765969926.2871833,1765969926.2870386,/home/samuchair/ros2_ws/install/samuchair/lib/python3.12/site-packages/samuchair/mainNode.py,callback_handleServiceResponse,20,142,Estoy en el servicio llamado desde mainNode,mainNode
1765969926.769811,1765969926.7696924,/home/samuchair/ros2_ws/install/samuchair/lib/python3.12/site-packages/samuchair/jBNode.py,jb_callback,20,38,Comando Joystick Bluetooth: 10,JoystickBluetooth
1765969926.7701886,1765969926.7700758,/home/samuchair/ros2_ws/install/samuchair/lib/python3.12/site-packages/samuchair/mainNode.py,callback_subJoy,20,82,Comando Joystick Bluetooth: 10,mainNode
1765969926.7721305,1765969926.7719789,/home/samuchair/ros2_ws/install/samuchair/lib/python3.12/site-packages/samuchair/arduinoNode.py,handle_joystick_silla,20,61,Enviando comando al Arduino: velocidad,Joystick
1765969926.8447778,1765969926.8446634,/home/samuchair/ros2_ws/install/samuchair/lib/python3.12/site-packages/samuchair/jBNode.py,jb_callback,20,38,Comando Joystick Bluetooth: 3,JoystickBluetooth
1765969926.8451798,1765969926.8450441,/home/samuchair/ros2_ws/install/samuchair/lib/python3.12/site-packages/samuchair/mainNode.py,callback_subJoy,20,82,Comando Joystick Bluetooth: 3,mainNode
1765969927.074586,1765969927.074354,/home/samuchair/ros2_ws/install/samuchair/lib/python3.12/site-packages/samuchair/mainNode.py,callback_handleServiceResponse,20,142,Estoy en el servicio llamado desde mainNode,mainNode
1765969927.074674,1765969927.0743737,/home/samuchair/ros2_ws/install/samuchair/lib/python3.12/site-packages/samuchair/arduinoNode.py,handle_joystick_silla,20,61,Enviando comando al Arduino: velocidad,Joystick
1765969927.3769047,1765969927.37676,/home/samuchair/ros2_ws/install/samuchair/lib/python3.12/site-packages/samuchair/mainNode.py,callback_handleServiceResponse,20,142,Estoy en el servicio llamado desde mainNode,mainNode
1765969927.7930102,1765969927.792906,/home/samuchair/ros2_ws/install/samuchair/lib/python3.12/site-packages/samuchair/webcamNode.py,timer_callback,20,61,Frame: 47,webcam
1765969929.094762,1765969929.0946493,/home/samuchair/ros2_ws/install/samuchair/lib/python3.12/site-packages/samuchair/jBNode.py,jb_callback,20,38,Comando Joystick Bluetooth: 12,JoystickBluetooth
1765969929.095172,1765969929.095059,/home/samuchair/ros2_ws/install/samuchair/lib/python3.12/site-packages/samuchair/mainNode.py,callback_subJoy,20,82,Comando Joystick Bluetooth: 12,mainNode
1765969929.0969937,1765969929.096868,/home/samuchair/ros2_ws/install/samuchair/lib/python3.12/site-packages/samuchair/arduinoNode.py,handle_joystick_silla,20,61,Enviando comando al Arduino: velocidad,Joystick
1765969929.207194,1765969929.207087,/home/samuchair/ros2_ws/install/samuchair/lib/python3.12/site-packages/samuchair/jBNode.py,jb_callback,20,38,Comando Joystick Bluetooth: 6,JoystickBluetooth
1765969929.2076688,1765969929.2075431,/home/samuchair/ros2_ws/install/samuchair/lib/python3.12/site-packages/samuchair/mainNode.py,callback_subJoy,20,82,Comando Joystick Bluetooth: 6,mainNode
1765969929.3994968,1765969929.3992481,/home/samuchair/ros2_ws/install/samuchair/lib/python3.12/site-packages/samuchair/arduinoNode.py,handle_joystick_silla,20,61,Enviando comando al Arduino: velocidad,Joystick
1765969929.3995337,1765969929.399322,/home/samuchair/ros2_ws/install/samuchair/lib/python3.12/site-packages/samuchair/mainNode.py,callback_handleServiceResponse,20,142,Estoy en el servicio llamado desde mainNode,mainNode
1765969929.7019017,1765969929.7017589,/home/samuchair/ros2_ws/install/samuchair/lib/python3.12/site-packages/samuchair/mainNode.py,callback_handleServiceResponse,20,142,Estoy en el servicio llamado desde mainNode,mainNode
1765969929.7931159,1765969929.793015,/home/samuchair/ros2_ws/install/samuchair/lib/python3.12/site-packages/samuchair/webcamNode.py,timer_callback,20,61,Frame: 48,webcam
1765969930.4073682,1765969930.4072354,/home/samuchair/ros2_ws/install/samuchair/lib/python3.12/site-packages/samuchair/jBNode.py,jb_callback,20,38,Comando Joystick Bluetooth: 0,JoystickBluetooth
1765969930.4081388,1765969930.4076686,/home/samuchair/ros2_ws/install/samuchair/lib/python3.12/site-packages/samuchair/mainNode.py,callback_subJoy,20,82,Comando Joystick Bluetooth: 0,mainNode
1765969930.4097128,1765969930.4095376,/home/samuchair/ros2_ws/install/samuchair/lib/python3.12/site-packages/samuchair/arduinoNode.py,handle_joystick_silla,20,61,Enviando comando al Arduino: velocidad,Joystick
1765969930.7121472,1765969930.7119462,/home/samuchair/ros2_ws/install/samuchair/lib/python3.12/site-packages/samuchair/mainNode.py,callback_handleServiceResponse,20,142,Estoy en el servicio llamado desde mainNode,mainNode
1765969930.9323742,1765969930.9322438,/home/samuchair/ros2_ws/install/samuchair/lib/python3.12/site-packages/samuchair/jBNode.py,jb_callback,20,38,Comando Joystick Bluetooth: 9,JoystickBluetooth
1765969930.932786,1765969930.9326687,/home/samuchair/ros2_ws/install/samuchair/lib/python3.12/site-packages/samuchair/mainNode.py,callback_subJoy,20,82,Comando Joystick Bluetooth: 9,mainNode
1765969930.9345725,1765969930.9344373,/home/samuchair/ros2_ws/install/samuchair/lib/python3.12/site-packages/samuchair/arduinoNode.py,handle_joystick_silla,20,61,Enviando comando al Arduino: velocidad,Joystick
1765969931.232318,1765969931.232207,/home/samuchair/ros2_ws/install/samuchair/lib/python3.12/site-packages/samuchair/jBNode.py,jb_callback,20,38,Comando Joystick Bluetooth: 0,JoystickBluetooth
1765969931.2327135,1765969931.2326083,/home/samuchair/ros2_ws/install/samuchair/lib/python3.12/site-packages/samuchair/mainNode.py,callback_subJoy,20,82,Comando Joystick Bluetooth: 0,mainNode
1765969931.2369056,1765969931.2367141,/home/samuchair/ros2_ws/install/samuchair/lib/python3.12/site-packages/samuchair/mainNode.py,callback_handleServiceResponse,20,142,Estoy en el servicio llamado desde mainNode,mainNode
1765969931.2369664,1765969931.236731,/home/samuchair/ros2_ws/install/samuchair/lib/python3.12/site-packages/samuchair/arduinoNode.py,handle_joystick_silla,20,61,Enviando comando al Arduino: velocidad,Joystick
1765969931.5392296,1765969931.5390913,/home/samuchair/ros2_ws/install/samuchair/lib/python3.12/site-packages/samuchair/mainNode.py,callback_handleServiceResponse,20,142,Estoy en el servicio llamado desde mainNode,mainNode
1765969931.607371,1765969931.6072464,/home/samuchair/ros2_ws/install/samuchair/lib/python3.12/site-packages/samuchair/jBNode.py,jb_callback,20,38,Comando Joystick Bluetooth: 9,JoystickBluetooth
1765969931.607729,1765969931.6076138,/home/samuchair/ros2_ws/install/samuchair/lib/python3.12/site-packages/samuchair/mainNode.py,callback_subJoy,20,82,Comando Joystick Bluetooth: 9,mainNode
1765969931.6096828,1765969931.609532,/home/samuchair/ros2_ws/install/samuchair/lib/python3.12/site-packages/samuchair/arduinoNode.py,handle_joystick_silla,20,61,Enviando comando al Arduino: velocidad,Joystick
1765969931.79332,1765969931.7931974,/home/samuchair/ros2_ws/install/samuchair/lib/python3.12/site-packages/samuchair/webcamNode.py,timer_callback,20,61,Frame: 49,webcam
1765969931.9122286,1765969931.9120233,/home/samuchair/ros2_ws/install/samuchair/lib/python3.12/site-packages/samuchair/mainNode.py,callback_handleServiceResponse,20,142,Estoy en el servicio llamado desde mainNode,mainNode
1765969932.319911,1765969932.3197916,/home/samuchair/ros2_ws/install/samuchair/lib/python3.12/site-packages/samuchair/jBNode.py,jb_callback,20,38,Comando Joystick Bluetooth: 0,JoystickBluetooth
1765969932.3205917,1765969932.3202374,/home/samuchair/ros2_ws/install/samuchair/lib/python3.12/site-packages/samuchair/mainNode.py,callback_subJoy,20,82,Comando Joystick Bluetooth: 0,mainNode
1765969932.3221235,1765969932.3219862,/home/samuchair/ros2_ws/install/samuchair/lib/python3.12/site-packages/samuchair/arduinoNode.py,handle_joystick_silla,20,61,Enviando comando al Arduino: velocidad,Joystick
1765969932.6245642,1765969932.6244137,/home/samuchair/ros2_ws/install/samuchair/lib/python3.12/site-packages/samuchair/mainNode.py,callback_handleServiceResponse,20,142,Estoy en el servicio llamado desde mainNode,mainNode
1765969932.8449306,1765969932.844809,/home/samuchair/ros2_ws/install/samuchair/lib/python3.12/site-packages/samuchair/jBNode.py,jb_callback,20,38,Comando Joystick Bluetooth: 6,JoystickBluetooth
1765969932.8453383,1765969932.8452122,/home/samuchair/ros2_ws/install/samuchair/lib/python3.12/site-packages/samuchair/mainNode.py,callback_subJoy,20,82,Comando Joystick Bluetooth: 6,mainNode
1765969932.847166,1765969932.847023,/home/samuchair/ros2_ws/install/samuchair/lib/python3.12/site-packages/samuchair/arduinoNode.py,handle_joystick_silla,20,61,Enviando comando al Arduino: velocidad,Joystick
1765969932.8823526,1765969932.8822362,/home/samuchair/ros2_ws/install/samuchair/lib/python3.12/site-packages/samuchair/jBNode.py,jb_callback,20,38,Comando Joystick Bluetooth: 0,JoystickBluetooth
1765969932.8828285,1765969932.8826818,/home/samuchair/ros2_ws/install/samuchair/lib/python3.12/site-packages/samuchair/mainNode.py,callback_subJoy,20,82,Comando Joystick Bluetooth: 0,mainNode
1765969933.1495395,1765969933.149375,/home/samuchair/ros2_ws/install/samuchair/lib/python3.12/site-packages/samuchair/arduinoNode.py,handle_joystick_silla,20,61,Enviando comando al Arduino: velocidad,Joystick
1765969933.1495767,1765969933.1494527,/home/samuchair/ros2_ws/install/samuchair/lib/python3.12/site-packages/samuchair/mainNode.py,callback_handleServiceResponse,20,142,Estoy en el servicio llamado desde mainNode,mainNode
1765969933.4521234,1765969933.4519846,/home/samuchair/ros2_ws/install/samuchair/lib/python3.12/site-packages/samuchair/mainNode.py,callback_handleServiceResponse,20,142,Estoy en el servicio llamado desde mainNode,mainNode
1765969933.5199206,1765969933.5198052,/home/samuchair/ros2_ws/install/samuchair/lib/python3.12/site-packages/samuchair/jBNode.py,jb_callback,20,38,Comando Joystick Bluetooth: 3,JoystickBluetooth
1765969933.520309,1765969933.5201893,/home/samuchair/ros2_ws/install/samuchair/lib/python3.12/site-packages/samuchair/mainNode.py,callback_subJoy,20,82,Comando Joystick Bluetooth: 3,mainNode
1765969933.6532974,1765969933.6531034,/home/samuchair/ros2_ws/install/samuchair/lib/python3.12/site-packages/samuchair/arduinoNode.py,handle_joystick_silla,20,61,Enviando comando al Arduino: velocidad,Joystick
1765969933.7933507,1765969933.793218,/home/samuchair/ros2_ws/install/samuchair/lib/python3.12/site-packages/samuchair/webcamNode.py,timer_callback,20,61,Frame: 50,webcam
1765969933.8574383,1765969933.8573184,/home/samuchair/ros2_ws/install/samuchair/lib/python3.12/site-packages/samuchair/jBNode.py,jb_callback,20,38,Comando Joystick Bluetooth: 10,JoystickBluetooth
1765969933.8579865,1765969933.8578043,/home/samuchair/ros2_ws/install/samuchair/lib/python3.12/site-packages/samuchair/mainNode.py,callback_subJoy,20,82,Comando Joystick Bluetooth: 10,mainNode
1765969933.9556997,1765969933.9555533,/home/samuchair/ros2_ws/install/samuchair/lib/python3.12/site-packages/samuchair/arduinoNode.py,handle_joystick_silla,20,61,Enviando comando al Arduino: velocidad,Joystick
1765969933.9557362,1765969933.9556413,/home/samuchair/ros2_ws/install/samuchair/lib/python3.12/site-packages/samuchair/mainNode.py,callback_handleServiceResponse,20,142,Estoy en el servicio llamado desde mainNode,mainNode
1765969934.258201,1765969934.2580585,/home/samuchair/ros2_ws/install/samuchair/lib/python3.12/site-packages/samuchair/mainNode.py,callback_handleServiceResponse,20,142,Estoy en el servicio llamado desde mainNode,mainNode
1765969934.8323972,1765969934.8322845,/home/samuchair/ros2_ws/install/samuchair/lib/python3.12/site-packages/samuchair/jBNode.py,jb_callback,20,38,Comando Joystick Bluetooth: 9,JoystickBluetooth
1765969934.8328025,1765969934.8326783,/home/samuchair/ros2_ws/install/samuchair/lib/python3.12/site-packages/samuchair/mainNode.py,callback_subJoy,20,82,Comando Joystick Bluetooth: 9,mainNode
1765969934.8345163,1765969934.8343797,/home/samuchair/ros2_ws/install/samuchair/lib/python3.12/site-packages/samuchair/arduinoNode.py,handle_joystick_silla,20,61,Enviando comando al Arduino: velocidad,Joystick
1765969935.1369154,1765969935.1367838,/home/samuchair/ros2_ws/install/samuchair/lib/python3.12/site-packages/samuchair/mainNode.py,callback_handleServiceResponse,20,142,Estoy en el servicio llamado desde mainNode,mainNode
1765969935.6574547,1765969935.6573381,/home/samuchair/ros2_ws/install/samuchair/lib/python3.12/site-packages/samuchair/jBNode.py,jb_callback,20,38,Comando Joystick Bluetooth: 10,JoystickBluetooth
1765969935.6579435,1765969935.6578016,/home/samuchair/ros2_ws/install/samuchair/lib/python3.12/site-packages/samuchair/mainNode.py,callback_subJoy,20,82,Comando Joystick Bluetooth: 10,mainNode
1765969935.6597404,1765969935.6596043,/home/samuchair/ros2_ws/install/samuchair/lib/python3.12/site-packages/samuchair/arduinoNode.py,handle_joystick_silla,20,61,Enviando comando al Arduino: velocidad,Joystick
1765969935.732571,1765969935.7323403,/home/samuchair/ros2_ws/install/samuchair/lib/python3.12/site-packages/samuchair/jBNode.py,jb_callback,20,38,Comando Joystick Bluetooth: 3,JoystickBluetooth
1765969935.7331579,1765969935.7329326,/home/samuchair/ros2_ws/install/samuchair/lib/python3.12/site-packages/samuchair/mainNode.py,callback_subJoy,20,82,Comando Joystick Bluetooth: 3,mainNode
1765969935.7928233,1765969935.7926989,/home/samuchair/ros2_ws/install/samuchair/lib/python3.12/site-packages/samuchair/webcamNode.py,timer_callback,20,61,Frame: 51,webcam
1765969935.9573874,1765969935.957252,/home/samuchair/ros2_ws/install/samuchair/lib/python3.12/site-packages/samuchair/jBNode.py,jb_callback,20,38,Comando Joystick Bluetooth: 0,JoystickBluetooth
1765969935.957812,1765969935.9576826,/home/samuchair/ros2_ws/install/samuchair/lib/python3.12/site-packages/samuchair/mainNode.py,callback_subJoy,20,82,Comando Joystick Bluetooth: 0,mainNode
1765969935.9620674,1765969935.9618587,/home/samuchair/ros2_ws/install/samuchair/lib/python3.12/site-packages/samuchair/mainNode.py,callback_handleServiceResponse,20,142,Estoy en el servicio llamado desde mainNode,mainNode
1765969935.9621596,1765969935.9618778,/home/samuchair/ros2_ws/install/samuchair/lib/python3.12/site-packages/samuchair/arduinoNode.py,handle_joystick_silla,20,61,Enviando comando al Arduino: velocidad,Joystick
1765969936.2646177,1765969936.2643945,/home/samuchair/ros2_ws/install/samuchair/lib/python3.12/site-packages/samuchair/mainNode.py,callback_handleServiceResponse,20,142,Estoy en el servicio llamado desde mainNode,mainNode
1765969936.264653,1765969936.264482,/home/samuchair/ros2_ws/install/samuchair/lib/python3.12/site-packages/samuchair/arduinoNode.py,handle_joystick_silla,20,61,Enviando comando al Arduino: velocidad,Joystick
1765969936.4452033,1765969936.4449332,/home/samuchair/ros2_ws/install/samuchair/lib/python3.12/site-packages/samuchair/jBNode.py,jb_callback,20,38,Comando Joystick Bluetooth: 6,JoystickBluetooth
1765969936.445874,1765969936.4456005,/home/samuchair/ros2_ws/install/samuchair/lib/python3.12/site-packages/samuchair/mainNode.py,callback_subJoy,20,82,Comando Joystick Bluetooth: 6,mainNode
1765969936.5671046,1765969936.5668917,/home/samuchair/ros2_ws/install/samuchair/lib/python3.12/site-packages/samuchair/arduinoNode.py,handle_joystick_silla,20,61,Enviando comando al Arduino: velocidad,Joystick
1765969936.5671635,1765969936.566984,/home/samuchair/ros2_ws/install/samuchair/lib/python3.12/site-packages/samuchair/mainNode.py,callback_handleServiceResponse,20,142,Estoy en el servicio llamado desde mainNode,mainNode
1765969936.8575165,1765969936.8573945,/home/samuchair/ros2_ws/install/samuchair/lib/python3.12/site-packages/samuchair/jBNode.py,jb_callback,20,38,Comando Joystick Bluetooth: 0,JoystickBluetooth
1765969936.8578882,1765969936.8577785,/home/samuchair/ros2_ws/install/samuchair/lib/python3.12/site-packages/samuchair/mainNode.py,callback_subJoy,20,82,Comando Joystick Bluetooth: 0,mainNode
1765969936.8691258,1765969936.868968,/home/samuchair/ros2_ws/install/samuchair/lib/python3.12/site-packages/samuchair/mainNode.py,callback_handleServiceResponse,20,142,Estoy en el servicio llamado desde mainNode,mainNode
1765969936.8691585,1765969936.8690507,/home/samuchair/ros2_ws/install/samuchair/lib/python3.12/site-packages/samuchair/arduinoNode.py,handle_joystick_silla,20,61,Enviando comando al Arduino: velocidad,Joystick
1765969937.007468,1765969937.0073466,/home/samuchair/ros2_ws/install/samuchair/lib/python3.12/site-packages/samuchair/jBNode.py,jb_callback,20,38,Comando Joystick Bluetooth: 6,JoystickBluetooth
1765969937.0077703,1765969937.007656,/home/samuchair/ros2_ws/install/samuchair/lib/python3.12/site-packages/samuchair/mainNode.py,callback_subJoy,20,82,Comando Joystick Bluetooth: 6,mainNode
1765969937.1715207,1765969937.1713405,/home/samuchair/ros2_ws/install/samuchair/lib/python3.12/site-packages/samuchair/arduinoNode.py,handle_joystick_silla,20,61,Enviando comando al Arduino: velocidad,Joystick
1765969937.1715567,1765969937.1713889,/home/samuchair/ros2_ws/install/samuchair/lib/python3.12/site-packages/samuchair/mainNode.py,callback_handleServiceResponse,20,142,Estoy en el servicio llamado desde mainNode,mainNode
1765969937.2325168,1765969937.232366,/home/samuchair/ros2_ws/install/samuchair/lib/python3.12/site-packages/samuchair/jBNode.py,jb_callback,20,38,Comando Joystick Bluetooth: 0,JoystickBluetooth
1765969937.2328086,1765969937.2327085,/home/samuchair/ros2_ws/install/samuchair/lib/python3.12/site-packages/samuchair/mainNode.py,callback_subJoy,20,82,Comando Joystick Bluetooth: 0,mainNode
1765969937.4738011,1765969937.4736564,/home/samuchair/ros2_ws/install/samuchair/lib/python3.12/site-packages/samuchair/arduinoNode.py,handle_joystick_silla,20,61,Enviando comando al Arduino: velocidad,Joystick
1765969937.4738328,1765969937.4736893,/home/samuchair/ros2_ws/install/samuchair/lib/python3.12/site-packages/samuchair/mainNode.py,callback_handleServiceResponse,20,142,Estoy en el servicio llamado desde mainNode,mainNode
1765969937.4949872,1765969937.4948764,/home/samuchair/ros2_ws/install/samuchair/lib/python3.12/site-packages/samuchair/jBNode.py,jb_callback,20,38,Comando Joystick Bluetooth: 6,JoystickBluetooth
1765969937.4953966,1765969937.4952807,/home/samuchair/ros2_ws/install/samuchair/lib/python3.12/site-packages/samuchair/mainNode.py,callback_subJoy,20,82,Comando Joystick Bluetooth: 6,mainNode
1765969937.7762516,1765969937.7760823,/home/samuchair/ros2_ws/install/samuchair/lib/python3.12/site-packages/samuchair/mainNode.py,callback_handleServiceResponse,20,142,Estoy en el servicio llamado desde mainNode,mainNode
1765969937.7767255,1765969937.776233,/home/samuchair/ros2_ws/install/samuchair/lib/python3.12/site-packages/samuchair/arduinoNode.py,handle_joystick_silla,20,61,Enviando comando al Arduino: velocidad,Joystick
1765969937.7921731,1765969937.7920573,/home/samuchair/ros2_ws/install/samuchair/lib/python3.12/site-packages/samuchair/webcamNode.py,timer_callback,20,61,Frame: 52,webcam
1765969937.9075532,1765969937.9074223,/home/samuchair/ros2_ws/install/samuchair/lib/python3.12/site-packages/samuchair/jBNode.py,jb_callback,20,38,Comando Joystick Bluetooth: 0,JoystickBluetooth
1765969937.9079657,1765969937.9078453,/home/samuchair/ros2_ws/install/samuchair/lib/python3.12/site-packages/samuchair/mainNode.py,callback_subJoy,20,82,Comando Joystick Bluetooth: 0,mainNode
1765969938.0575037,1765969938.0573874,/home/samuchair/ros2_ws/install/samuchair/lib/python3.12/site-packages/samuchair/jBNode.py,jb_callback,20,38,Comando Joystick Bluetooth: 3,JoystickBluetooth
1765969938.057839,1765969938.0577261,/home/samuchair/ros2_ws/install/samuchair/lib/python3.12/site-packages/samuchair/mainNode.py,callback_subJoy,20,82,Comando Joystick Bluetooth: 3,mainNode
1765969938.0785923,1765969938.0784235,/home/samuchair/ros2_ws/install/samuchair/lib/python3.12/site-packages/samuchair/mainNode.py,callback_handleServiceResponse,20,142,Estoy en el servicio llamado desde mainNode,mainNode
1765969938.0786257,1765969938.0784686,/home/samuchair/ros2_ws/install/samuchair/lib/python3.12/site-packages/samuchair/arduinoNode.py,handle_joystick_silla,20,61,Enviando comando al Arduino: velocidad,Joystick
1765969938.09485,1765969938.09475,/home/samuchair/ros2_ws/install/samuchair/lib/python3.12/site-packages/samuchair/jBNode.py,jb_callback,20,38,Comando Joystick Bluetooth: 12,JoystickBluetooth
1765969938.0954666,1765969938.095133,/home/samuchair/ros2_ws/install/samuchair/lib/python3.12/site-packages/samuchair/mainNode.py,callback_subJoy,20,82,Comando Joystick Bluetooth: 12,mainNode
1765969938.381005,1765969938.3807738,/home/samuchair/ros2_ws/install/samuchair/lib/python3.12/site-packages/samuchair/arduinoNode.py,handle_joystick_silla,20,61,Enviando comando al Arduino: velocidad,Joystick
1765969938.3810828,1765969938.3808315,/home/samuchair/ros2_ws/install/samuchair/lib/python3.12/site-packages/samuchair/mainNode.py,callback_handleServiceResponse,20,142,Estoy en el servicio llamado desde mainNode,mainNode
1765969938.469935,1765969938.469815,/home/samuchair/ros2_ws/install/samuchair/lib/python3.12/site-packages/samuchair/jBNode.py,jb_callback,20,38,Comando Joystick Bluetooth: 3,JoystickBluetooth
1765969938.4704263,1765969938.4702897,/home/samuchair/ros2_ws/install/samuchair/lib/python3.12/site-packages/samuchair/mainNode.py,callback_subJoy,20,82,Comando Joystick Bluetooth: 3,mainNode
1765969938.620043,1765969938.6199124,/home/samuchair/ros2_ws/install/samuchair/lib/python3.12/site-packages/samuchair/jBNode.py,jb_callback,20,38,Comando Joystick Bluetooth: 0,JoystickBluetooth
1765969938.6204977,1765969938.620367,/home/samuchair/ros2_ws/install/samuchair/lib/python3.12/site-packages/samuchair/mainNode.py,callback_subJoy,20,82,Comando Joystick Bluetooth: 0,mainNode
1765969938.6833448,1765969938.683165,/home/samuchair/ros2_ws/install/samuchair/lib/python3.12/site-packages/samuchair/arduinoNode.py,handle_joystick_silla,20,61,Enviando comando al Arduino: velocidad,Joystick
1765969938.6833818,1765969938.6832309,/home/samuchair/ros2_ws/install/samuchair/lib/python3.12/site-packages/samuchair/mainNode.py,callback_handleServiceResponse,20,142,Estoy en el servicio llamado desde mainNode,mainNode
1765969938.8450394,1765969938.844918,/home/samuchair/ros2_ws/install/samuchair/lib/python3.12/site-packages/samuchair/jBNode.py,jb_callback,20,38,Comando Joystick Bluetooth: 6,JoystickBluetooth
1765969938.8455427,1765969938.8453937,/home/samuchair/ros2_ws/install/samuchair/lib/python3.12/site-packages/samuchair/mainNode.py,callback_subJoy,20,82,Comando Joystick Bluetooth: 6,mainNode
1765969938.9859946,1765969938.985623,/home/samuchair/ros2_ws/install/samuchair/lib/python3.12/site-packages/samuchair/arduinoNode.py,handle_joystick_silla,20,61,Enviando comando al Arduino: velocidad,Joystick
1765969938.9860303,1765969938.9857066,/home/samuchair/ros2_ws/install/samuchair/lib/python3.12/site-packages/samuchair/mainNode.py,callback_handleServiceResponse,20,142,Estoy en el servicio llamado desde mainNode,mainNode
1765969939.2884169,1765969939.288241,/home/samuchair/ros2_ws/install/samuchair/lib/python3.12/site-packages/samuchair/mainNode.py,callback_handleServiceResponse,20,142,Estoy en el servicio llamado desde mainNode,mainNode
1765969939.4074914,1765969939.407377,/home/samuchair/ros2_ws/install/samuchair/lib/python3.12/site-packages/samuchair/jBNode.py,jb_callback,20,38,Comando Joystick Bluetooth: 0,JoystickBluetooth
1765969939.407865,1765969939.407759,/home/samuchair/ros2_ws/install/samuchair/lib/python3.12/site-packages/samuchair/mainNode.py,callback_subJoy,20,82,Comando Joystick Bluetooth: 0,mainNode
1765969939.4892347,1765969939.4890556,/home/samuchair/ros2_ws/install/samuchair/lib/python3.12/site-packages/samuchair/arduinoNode.py,handle_joystick_silla,20,61,Enviando comando al Arduino: velocidad,Joystick
1765969939.7917836,1765969939.7914536,/home/samuchair/ros2_ws/install/samuchair/lib/python3.12/site-packages/samuchair/mainNode.py,callback_handleServiceResponse,20,142,Estoy en el servicio llamado desde mainNode,mainNode
1765969939.7918177,1765969939.7914536,/home/samuchair/ros2_ws/install/samuchair/lib/python3.12/site-packages/samuchair/arduinoNode.py,handle_joystick_silla,20,61,Enviando comando al Arduino: velocidad,Joystick
1765969939.793811,1765969939.7937207,/home/samuchair/ros2_ws/install/samuchair/lib/python3.12/site-packages/samuchair/webcamNode.py,timer_callback,20,61,Frame: 53,webcam
1765969940.0942073,1765969940.093887,/home/samuchair/ros2_ws/install/samuchair/lib/python3.12/site-packages/samuchair/mainNode.py,callback_handleServiceResponse,20,142,Estoy en el servicio llamado desde mainNode,mainNode
1765969940.0942338,1765969940.0938768,/home/samuchair/ros2_ws/install/samuchair/lib/python3.12/site-packages/samuchair/arduinoNode.py,handle_joystick_silla,20,61,Enviando comando al Arduino: velocidad,Joystick
1765969940.1575994,1765969940.1574702,/home/samuchair/ros2_ws/install/samuchair/lib/python3.12/site-packages/samuchair/jBNode.py,jb_callback,20,38,Comando Joystick Bluetooth: 6,JoystickBluetooth
1765969940.158096,1765969940.1579404,/home/samuchair/ros2_ws/install/samuchair/lib/python3.12/site-packages/samuchair/mainNode.py,callback_subJoy,20,82,Comando Joystick Bluetooth: 6,mainNode
1765969940.3965123,1765969940.3963332,/home/samuchair/ros2_ws/install/samuchair/lib/python3.12/site-packages/samuchair/arduinoNode.py,handle_joystick_silla,20,61,Enviando comando al Arduino: velocidad,Joystick
1765969940.396552,1765969940.3963778,/home/samuchair/ros2_ws/install/samuchair/lib/python3.12/site-packages/samuchair/mainNode.py,callback_handleServiceResponse,20,142,Estoy en el servicio llamado desde mainNode,mainNode
1765969940.6989825,1765969940.698834,/home/samuchair/ros2_ws/install/samuchair/lib/python3.12/site-packages/samuchair/mainNode.py,callback_handleServiceResponse,20,142,Estoy en el servicio llamado desde mainNode,mainNode
1765969941.0949936,1765969941.094886,/home/samuchair/ros2_ws/install/samuchair/lib/python3.12/site-packages/samuchair/jBNode.py,jb_callback,20,38,Comando Joystick Bluetooth: 0,JoystickBluetooth
1765969941.0954196,1765969941.0953076,/home/samuchair/ros2_ws/install/samuchair/lib/python3.12/site-packages/samuchair/mainNode.py,callback_subJoy,20,82,Comando Joystick Bluetooth: 0,mainNode
1765969941.0960684,1765969941.0959165,/home/samuchair/ros2_ws/install/samuchair/lib/python3.12/site-packages/samuchair/jBNode.py,jb_callback,20,38,Comando Joystick Bluetooth: 3,JoystickBluetooth
1765969941.0974145,1765969941.097258,/home/samuchair/ros2_ws/install/samuchair/lib/python3.12/site-packages/samuchair/mainNode.py,callback_subJoy,20,82,Comando Joystick Bluetooth: 3,mainNode
1765969941.0976796,1765969941.0975401,/home/samuchair/ros2_ws/install/samuchair/lib/python3.12/site-packages/samuchair/arduinoNode.py,handle_joystick_silla,20,61,Enviando comando al Arduino: velocidad,Joystick
1765969941.1324549,1765969941.1323411,/home/samuchair/ros2_ws/install/samuchair/lib/python3.12/site-packages/samuchair/jBNode.py,jb_callback,20,38,Comando Joystick Bluetooth: 0,JoystickBluetooth
1765969941.1330001,1765969941.132851,/home/samuchair/ros2_ws/install/samuchair/lib/python3.12/site-packages/samuchair/mainNode.py,callback_subJoy,20,82,Comando Joystick Bluetooth: 0,mainNode
1765969941.400114,1765969941.3999462,/home/samuchair/ros2_ws/install/samuchair/lib/python3.12/site-packages/samuchair/arduinoNode.py,handle_joystick_silla,20,61,Enviando comando al Arduino: velocidad,Joystick
1765969941.4001935,1765969941.4000556,/home/samuchair/ros2_ws/install/samuchair/lib/python3.12/site-packages/samuchair/mainNode.py,callback_handleServiceResponse,20,142,Estoy en el servicio llamado desde mainNode,mainNode
1765969941.702523,1765969941.7023711,/home/samuchair/ros2_ws/install/samuchair/lib/python3.12/site-packages/samuchair/arduinoNode.py,handle_joystick_silla,20,61,Enviando comando al Arduino: velocidad,Joystick
1765969941.7026927,1765969941.7025323,/home/samuchair/ros2_ws/install/samuchair/lib/python3.12/site-packages/samuchair/mainNode.py,callback_handleServiceResponse,20,142,Estoy en el servicio llamado desde mainNode,mainNode
1765969941.7937076,1765969941.793608,/home/samuchair/ros2_ws/install/samuchair/lib/python3.12/site-packages/samuchair/webcamNode.py,timer_callback,20,61,Frame: 54,webcam
1765969941.9575796,1765969941.9574592,/home/samuchair/ros2_ws/install/samuchair/lib/python3.12/site-packages/samuchair/jBNode.py,jb_callback,20,38,Comando Joystick Bluetooth: 3,JoystickBluetooth
1765969941.9579883,1765969941.9578755,/home/samuchair/ros2_ws/install/samuchair/lib/python3.12/site-packages/samuchair/mainNode.py,callback_subJoy,20,82,Comando Joystick Bluetooth: 3,mainNode
1765969942.004752,1765969942.0045798,/home/samuchair/ros2_ws/install/samuchair/lib/python3.12/site-packages/samuchair/mainNode.py,callback_handleServiceResponse,20,142,Estoy en el servicio llamado desde mainNode,mainNode
1765969942.0047894,1765969942.0046499,/home/samuchair/ros2_ws/install/samuchair/lib/python3.12/site-packages/samuchair/arduinoNode.py,handle_joystick_silla,20,61,Enviando comando al Arduino: velocidad,Joystick
1765969942.3072376,1765969942.3070898,/home/samuchair/ros2_ws/install/samuchair/lib/python3.12/site-packages/samuchair/mainNode.py,callback_handleServiceResponse,20,142,Estoy en el servicio llamado desde mainNode,mainNode
1765969942.9701345,1765969942.9700134,/home/samuchair/ros2_ws/install/samuchair/lib/python3.12/site-packages/samuchair/jBNode.py,jb_callback,20,38,Comando Joystick Bluetooth: 10,JoystickBluetooth
1765969942.9705944,1765969942.970478,/home/samuchair/ros2_ws/install/samuchair/lib/python3.12/site-packages/samuchair/mainNode.py,callback_subJoy,20,82,Comando Joystick Bluetooth: 10,mainNode
1765969942.9723654,1765969942.972217,/home/samuchair/ros2_ws/install/samuchair/lib/python3.12/site-packages/samuchair/arduinoNode.py,handle_joystick_silla,20,61,Enviando comando al Arduino: velocidad,Joystick
1765969943.0075727,1765969943.0074582,/home/samuchair/ros2_ws/install/samuchair/lib/python3.12/site-packages/samuchair/jBNode.py,jb_callback,20,38,Comando Joystick Bluetooth: 9,JoystickBluetooth
1765969943.0079312,1765969943.007818,/home/samuchair/ros2_ws/install/samuchair/lib/python3.12/site-packages/samuchair/mainNode.py,callback_subJoy,20,82,Comando Joystick Bluetooth: 9,mainNode
1765969943.2747364,1765969943.2745764,/home/samuchair/ros2_ws/install/samuchair/lib/python3.12/site-packages/samuchair/mainNode.py,callback_handleServiceResponse,20,142,Estoy en el servicio llamado desde mainNode,mainNode
1765969943.2747715,1765969943.274554,/home/samuchair/ros2_ws/install/samuchair/lib/python3.12/site-packages/samuchair/arduinoNode.py,handle_joystick_silla,20,61,Enviando comando al Arduino: velocidad,Joystick
1765969943.5770645,1765969943.5769238,/home/samuchair/ros2_ws/install/samuchair/lib/python3.12/site-packages/samuchair/mainNode.py,callback_handleServiceResponse,20,142,Estoy en el servicio llamado desde mainNode,mainNode
1765969943.6451633,1765969943.645028,/home/samuchair/ros2_ws/install/samuchair/lib/python3.12/site-packages/samuchair/jBNode.py,jb_callback,20,38,Comando Joystick Bluetooth: 10,JoystickBluetooth
1765969943.6454926,1765969943.6453793,/home/samuchair/ros2_ws/install/samuchair/lib/python3.12/site-packages/samuchair/mainNode.py,callback_subJoy,20,82,Comando Joystick Bluetooth: 10,mainNode
1765969943.6473472,1765969943.64719,/home/samuchair/ros2_ws/install/samuchair/lib/python3.12/site-packages/samuchair/arduinoNode.py,handle_joystick_silla,20,61,Enviando comando al Arduino: velocidad,Joystick
1765969943.757631,1765969943.757506,/home/samuchair/ros2_ws/install/samuchair/lib/python3.12/site-packages/samuchair/jBNode.py,jb_callback,20,38,Comando Joystick Bluetooth: 3,JoystickBluetooth
1765969943.7582114,1765969943.7580578,/home/samuchair/ros2_ws/install/samuchair/lib/python3.12/site-packages/samuchair/mainNode.py,callback_subJoy,20,82,Comando Joystick Bluetooth: 3,mainNode
1765969943.7927754,1765969943.7926724,/home/samuchair/ros2_ws/install/samuchair/lib/python3.12/site-packages/samuchair/webcamNode.py,timer_callback,20,61,Frame: 55,webcam
1765969943.9451678,1765969943.9450448,/home/samuchair/ros2_ws/install/samuchair/lib/python3.12/site-packages/samuchair/jBNode.py,jb_callback,20,38,Comando Joystick Bluetooth: 10,JoystickBluetooth
1765969943.9456143,1765969943.945497,/home/samuchair/ros2_ws/install/samuchair/lib/python3.12/site-packages/samuchair/mainNode.py,callback_subJoy,20,82,Comando Joystick Bluetooth: 10,mainNode
1765969943.9495304,1765969943.9494061,/home/samuchair/ros2_ws/install/samuchair/lib/python3.12/site-packages/samuchair/mainNode.py,callback_handleServiceResponse,20,142,Estoy en el servicio llamado desde mainNode,mainNode
1765969943.950087,1765969943.949747,/home/samuchair/ros2_ws/install/samuchair/lib/python3.12/site-packages/samuchair/arduinoNode.py,handle_joystick_silla,20,61,Enviando comando al Arduino: velocidad,Joystick
1765969944.132579,1765969944.1324646,/home/samuchair/ros2_ws/install/samuchair/lib/python3.12/site-packages/samuchair/jBNode.py,jb_callback,20,38,Comando Joystick Bluetooth: 3,JoystickBluetooth
1765969944.1329374,1765969944.1328437,/home/samuchair/ros2_ws/install/samuchair/lib/python3.12/site-packages/samuchair/mainNode.py,callback_subJoy,20,82,Comando Joystick Bluetooth: 3,mainNode
1765969944.2523403,1765969944.2521353,/home/samuchair/ros2_ws/install/samuchair/lib/python3.12/site-packages/samuchair/arduinoNode.py,handle_joystick_silla,20,61,Enviando comando al Arduino: velocidad,Joystick
1765969944.252373,1765969944.2521675,/home/samuchair/ros2_ws/install/samuchair/lib/python3.12/site-packages/samuchair/mainNode.py,callback_handleServiceResponse,20,142,Estoy en el servicio llamado desde mainNode,mainNode
1765969944.5547752,1765969944.5545518,/home/samuchair/ros2_ws/install/samuchair/lib/python3.12/site-packages/samuchair/arduinoNode.py,handle_joystick_silla,20,61,Enviando comando al Arduino: velocidad,Joystick
1765969944.5548122,1765969944.5545902,/home/samuchair/ros2_ws/install/samuchair/lib/python3.12/site-packages/samuchair/mainNode.py,callback_handleServiceResponse,20,142,Estoy en el servicio llamado desde mainNode,mainNode
1765969944.6576538,1765969944.6575332,/home/samuchair/ros2_ws/install/samuchair/lib/python3.12/site-packages/samuchair/jBNode.py,jb_callback,20,38,Comando Joystick Bluetooth: 10,JoystickBluetooth
1765969944.6581025,1765969944.6579711,/home/samuchair/ros2_ws/install/samuchair/lib/python3.12/site-packages/samuchair/mainNode.py,callback_subJoy,20,82,Comando Joystick Bluetooth: 10,mainNode
1765969944.8572829,1765969944.8570313,/home/samuchair/ros2_ws/install/samuchair/lib/python3.12/site-packages/samuchair/arduinoNode.py,handle_joystick_silla,20,61,Enviando comando al Arduino: velocidad,Joystick
1765969944.8573208,1765969944.8570828,/home/samuchair/ros2_ws/install/samuchair/lib/python3.12/site-packages/samuchair/mainNode.py,callback_handleServiceResponse,20,142,Estoy en el servicio llamado desde mainNode,mainNode
1765969945.1596105,1765969945.1594775,/home/samuchair/ros2_ws/install/samuchair/lib/python3.12/site-packages/samuchair/mainNode.py,callback_handleServiceResponse,20,142,Estoy en el servicio llamado desde mainNode,mainNode
1765969945.7828004,1765969945.782578,/home/samuchair/ros2_ws/install/samuchair/lib/python3.12/site-packages/samuchair/jBNode.py,jb_callback,20,38,Comando Joystick Bluetooth: 9,JoystickBluetooth
1765969945.7831793,1765969945.783026,/home/samuchair/ros2_ws/install/samuchair/lib/python3.12/site-packages/samuchair/mainNode.py,callback_subJoy,20,82,Comando Joystick Bluetooth: 9,mainNode
1765969945.7852354,1765969945.7850678,/home/samuchair/ros2_ws/install/samuchair/lib/python3.12/site-packages/samuchair/arduinoNode.py,handle_joystick_silla,20,61,Enviando comando al Arduino: velocidad,Joystick
1765969945.7936661,1765969945.7935407,/home/samuchair/ros2_ws/install/samuchair/lib/python3.12/site-packages/samuchair/webcamNode.py,timer_callback,20,61,Frame: 56,webcam
1765969946.087617,1765969946.0874915,/home/samuchair/ros2_ws/install/samuchair/lib/python3.12/site-packages/samuchair/mainNode.py,callback_handleServiceResponse,20,142,Estoy en el servicio llamado desde mainNode,mainNode
1765969946.6087549,1765969946.6076477,/home/samuchair/ros2_ws/install/samuchair/lib/python3.12/site-packages/samuchair/jBNode.py,jb_callback,20,38,Comando Joystick Bluetooth: 0,JoystickBluetooth
1765969946.6088274,1765969946.6081884,/home/samuchair/ros2_ws/install/samuchair/lib/python3.12/site-packages/samuchair/mainNode.py,callback_subJoy,20,82,Comando Joystick Bluetooth: 0,mainNode
1765969946.6091893,1765969946.6087148,/home/samuchair/ros2_ws/install/samuchair/lib/python3.12/site-packages/samuchair/jBNode.py,jb_callback,20,38,Comando Joystick Bluetooth: 3,JoystickBluetooth
1765969946.610806,1765969946.6106243,/home/samuchair/ros2_ws/install/samuchair/lib/python3.12/site-packages/samuchair/mainNode.py,callback_subJoy,20,82,Comando Joystick Bluetooth: 3,mainNode
1765969946.6108406,1765969946.6106887,/home/samuchair/ros2_ws/install/samuchair/lib/python3.12/site-packages/samuchair/arduinoNode.py,handle_joystick_silla,20,61,Enviando comando al Arduino: velocidad,Joystick
1765969946.645195,1765969946.645071,/home/samuchair/ros2_ws/install/samuchair/lib/python3.12/site-packages/samuchair/jBNode.py,jb_callback,20,38,Comando Joystick Bluetooth: 0,JoystickBluetooth
1765969946.6457214,1765969946.645546,/home/samuchair/ros2_ws/install/samuchair/lib/python3.12/site-packages/samuchair/mainNode.py,callback_subJoy,20,82,Comando Joystick Bluetooth: 0,mainNode
1765969946.9135473,1765969946.9133558,/home/samuchair/ros2_ws/install/samuchair/lib/python3.12/site-packages/samuchair/mainNode.py,callback_handleServiceResponse,20,142,Estoy en el servicio llamado desde mainNode,mainNode
1765969946.9135847,1765969946.9134026,/home/samuchair/ros2_ws/install/samuchair/lib/python3.12/site-packages/samuchair/arduinoNode.py,handle_joystick_silla,20,61,Enviando comando al Arduino: velocidad,Joystick
1765969946.9826453,1765969946.982537,/home/samuchair/ros2_ws/install/samuchair/lib/python3.12/site-packages/samuchair/jBNode.py,jb_callback,20,38,Comando Joystick Bluetooth: 6,JoystickBluetooth
1765969946.9831755,1765969946.9830296,/home/samuchair/ros2_ws/install/samuchair/lib/python3.12/site-packages/samuchair/mainNode.py,callback_subJoy,20,82,Comando Joystick Bluetooth: 6,mainNode
1765969947.1701381,1765969947.1700327,/home/samuchair/ros2_ws/install/samuchair/lib/python3.12/site-packages/samuchair/jBNode.py,jb_callback,20,38,Comando Joystick Bluetooth: 0,JoystickBluetooth
1765969947.1705942,1765969947.170475,/home/samuchair/ros2_ws/install/samuchair/lib/python3.12/site-packages/samuchair/mainNode.py,callback_subJoy,20,82,Comando Joystick Bluetooth: 0,mainNode
1765969947.21595,1765969947.215773,/home/samuchair/ros2_ws/install/samuchair/lib/python3.12/site-packages/samuchair/mainNode.py,callback_handleServiceResponse,20,142,Estoy en el servicio llamado desde mainNode,mainNode
1765969947.2159798,1765969947.2158265,/home/samuchair/ros2_ws/install/samuchair/lib/python3.12/site-packages/samuchair/arduinoNode.py,handle_joystick_silla,20,61,Enviando comando al Arduino: velocidad,Joystick
1765969947.5077355,1765969947.5075715,/home/samuchair/ros2_ws/install/samuchair/lib/python3.12/site-packages/samuchair/jBNode.py,jb_callback,20,38,Comando Joystick Bluetooth: 6,JoystickBluetooth
1765969947.5081055,1765969947.507993,/home/samuchair/ros2_ws/install/samuchair/lib/python3.12/site-packages/samuchair/mainNode.py,callback_subJoy,20,82,Comando Joystick Bluetooth: 6,mainNode
1765969947.5183592,1765969947.5181687,/home/samuchair/ros2_ws/install/samuchair/lib/python3.12/site-packages/samuchair/mainNode.py,callback_handleServiceResponse,20,142,Estoy en el servicio llamado desde mainNode,mainNode
1765969947.5186408,1765969947.5183675,/home/samuchair/ros2_ws/install/samuchair/lib/python3.12/site-packages/samuchair/arduinoNode.py,handle_joystick_silla,20,61,Enviando comando al Arduino: velocidad,Joystick
1765969947.7326553,1765969947.7325358,/home/samuchair/ros2_ws/install/samuchair/lib/python3.12/site-packages/samuchair/jBNode.py,jb_callback,20,38,Comando Joystick Bluetooth: 0,JoystickBluetooth
1765969947.733082,1765969947.7329724,/home/samuchair/ros2_ws/install/samuchair/lib/python3.12/site-packages/samuchair/mainNode.py,callback_subJoy,20,82,Comando Joystick Bluetooth: 0,mainNode
1765969947.7931979,1765969947.7930965,/home/samuchair/ros2_ws/install/samuchair/lib/python3.12/site-packages/samuchair/webcamNode.py,timer_callback,20,61,Frame: 57,webcam
1765969947.8210196,1765969947.8208463,/home/samuchair/ros2_ws/install/samuchair/lib/python3.12/site-packages/samuchair/arduinoNode.py,handle_joystick_silla,20,61,Enviando comando al Arduino: velocidad,Joystick
1765969947.821051,1765969947.8208468,/home/samuchair/ros2_ws/install/samuchair/lib/python3.12/site-packages/samuchair/mainNode.py,callback_handleServiceResponse,20,142,Estoy en el servicio llamado desde mainNode,mainNode
1765969947.9952085,1765969947.995017,/home/samuchair/ros2_ws/install/samuchair/lib/python3.12/site-packages/samuchair/jBNode.py,jb_callback,20,38,Comando Joystick Bluetooth: 6,JoystickBluetooth
1765969947.9955273,1765969947.9954178,/home/samuchair/ros2_ws/install/samuchair/lib/python3.12/site-packages/samuchair/mainNode.py,callback_subJoy,20,82,Comando Joystick Bluetooth: 6,mainNode
1765969948.1235766,1765969948.123406,/home/samuchair/ros2_ws/install/samuchair/lib/python3.12/site-packages/samuchair/mainNode.py,callback_handleServiceResponse,20,142,Estoy en el servicio llamado desde mainNode,mainNode
1765969948.123611,1765969948.123406,/home/samuchair/ros2_ws/install/samuchair/lib/python3.12/site-packages/samuchair/arduinoNode.py,handle_joystick_silla,20,61,Enviando comando al Arduino: velocidad,Joystick
1765969948.2577152,1765969948.2575967,/home/samuchair/ros2_ws/install/samuchair/lib/python3.12/site-packages/samuchair/jBNode.py,jb_callback,20,38,Comando Joystick Bluetooth: 0,JoystickBluetooth
1765969948.2581737,1765969948.2580433,/home/samuchair/ros2_ws/install/samuchair/lib/python3.12/site-packages/samuchair/mainNode.py,callback_subJoy,20,82,Comando Joystick Bluetooth: 0,mainNode
1765969948.4260907,1765969948.4259408,/home/samuchair/ros2_ws/install/samuchair/lib/python3.12/site-packages/samuchair/mainNode.py,callback_handleServiceResponse,20,142,Estoy en el servicio llamado desde mainNode,mainNode
1765969948.4265404,1765969948.4262433,/home/samuchair/ros2_ws/install/samuchair/lib/python3.12/site-packages/samuchair/arduinoNode.py,handle_joystick_silla,20,61,Enviando comando al Arduino: velocidad,Joystick
1765969948.5952554,1765969948.5951233,/home/samuchair/ros2_ws/install/samuchair/lib/python3.12/site-packages/samuchair/jBNode.py,jb_callback,20,38,Comando Joystick Bluetooth: 6,JoystickBluetooth
1765969948.5956905,1765969948.5955684,/home/samuchair/ros2_ws/install/samuchair/lib/python3.12/site-packages/samuchair/mainNode.py,callback_subJoy,20,82,Comando Joystick Bluetooth: 6,mainNode
1765969948.729009,1765969948.7287633,/home/samuchair/ros2_ws/install/samuchair/lib/python3.12/site-packages/samuchair/mainNode.py,callback_handleServiceResponse,20,142,Estoy en el servicio llamado desde mainNode,mainNode
1765969948.729047,1765969948.72882,/home/samuchair/ros2_ws/install/samuchair/lib/python3.12/site-packages/samuchair/arduinoNode.py,handle_joystick_silla,20,61,Enviando comando al Arduino: velocidad,Joystick
1765969948.8201926,1765969948.820086,/home/samuchair/ros2_ws/install/samuchair/lib/python3.12/site-packages/samuchair/jBNode.py,jb_callback,20,38,Comando Joystick Bluetooth: 0,JoystickBluetooth
1765969948.8206449,1765969948.8205187,/home/samuchair/ros2_ws/install/samuchair/lib/python3.12/site-packages/samuchair/mainNode.py,callback_subJoy,20,82,Comando Joystick Bluetooth: 0,mainNode
1765969949.0315177,1765969949.0313387,/home/samuchair/ros2_ws/install/samuchair/lib/python3.12/site-packages/samuchair/mainNode.py,callback_handleServiceResponse,20,142,Estoy en el servicio llamado desde mainNode,mainNode
1765969949.0315528,1765969949.031388,/home/samuchair/ros2_ws/install/samuchair/lib/python3.12/site-packages/samuchair/arduinoNode.py,handle_joystick_silla,20,61,Enviando comando al Arduino: velocidad,Joystick
1765969949.2702405,1765969949.2701185,/home/samuchair/ros2_ws/install/samuchair/lib/python3.12/site-packages/samuchair/jBNode.py,jb_callback,20,38,Comando Joystick Bluetooth: 6,JoystickBluetooth
1765969949.270711,1765969949.2705626,/home/samuchair/ros2_ws/install/samuchair/lib/python3.12/site-packages/samuchair/mainNode.py,callback_subJoy,20,82,Comando Joystick Bluetooth: 6,mainNode
1765969949.3338895,1765969949.333751,/home/samuchair/ros2_ws/install/samuchair/lib/python3.12/site-packages/samuchair/mainNode.py,callback_handleServiceResponse,20,142,Estoy en el servicio llamado desde mainNode,mainNode
1765969949.3342924,1765969949.3339381,/home/samuchair/ros2_ws/install/samuchair/lib/python3.12/site-packages/samuchair/arduinoNode.py,handle_joystick_silla,20,61,Enviando comando al Arduino: velocidad,Joystick
1765969949.4576304,1765969949.457517,/home/samuchair/ros2_ws/install/samuchair/lib/python3.12/site-packages/samuchair/jBNode.py,jb_callback,20,38,Comando Joystick Bluetooth: 0,JoystickBluetooth
1765969949.4580362,1765969949.4579184,/home/samuchair/ros2_ws/install/samuchair/lib/python3.12/site-packages/samuchair/mainNode.py,callback_subJoy,20,82,Comando Joystick Bluetooth: 0,mainNode
1765969949.6366968,1765969949.6365259,/home/samuchair/ros2_ws/install/samuchair/lib/python3.12/site-packages/samuchair/arduinoNode.py,handle_joystick_silla,20,61,Enviando comando al Arduino: velocidad,Joystick
1765969949.6367373,1765969949.6365077,/home/samuchair/ros2_ws/install/samuchair/lib/python3.12/site-packages/samuchair/mainNode.py,callback_handleServiceResponse,20,142,Estoy en el servicio llamado desde mainNode,mainNode
1765969949.795708,1765969949.7956016,/home/samuchair/ros2_ws/install/samuchair/lib/python3.12/site-packages/samuchair/webcamNode.py,timer_callback,20,61,Frame: 58,webcam
1765969949.8327594,1765969949.8326368,/home/samuchair/ros2_ws/install/samuchair/lib/python3.12/site-packages/samuchair/jBNode.py,jb_callback,20,38,Comando Joystick Bluetooth: 6,JoystickBluetooth
1765969949.8333864,1765969949.8331194,/home/samuchair/ros2_ws/install/samuchair/lib/python3.12/site-packages/samuchair/mainNode.py,callback_subJoy,20,82,Comando Joystick Bluetooth: 6,mainNode
1765969949.939352,1765969949.9391835,/home/samuchair/ros2_ws/install/samuchair/lib/python3.12/site-packages/samuchair/mainNode.py,callback_handleServiceResponse,20,142,Estoy en el servicio llamado desde mainNode,mainNode
1765969949.939753,1765969949.9394953,/home/samuchair/ros2_ws/install/samuchair/lib/python3.12/site-packages/samuchair/arduinoNode.py,handle_joystick_silla,20,61,Enviando comando al Arduino: velocidad,Joystick
1765969950.057693,1765969950.0575807,/home/samuchair/ros2_ws/install/samuchair/lib/python3.12/site-packages/samuchair/jBNode.py,jb_callback,20,38,Comando Joystick Bluetooth: 0,JoystickBluetooth
1765969950.0580516,1765969950.0579348,/home/samuchair/ros2_ws/install/samuchair/lib/python3.12/site-packages/samuchair/mainNode.py,callback_subJoy,20,82,Comando Joystick Bluetooth: 0,mainNode
1765969950.242201,1765969950.242003,/home/samuchair/ros2_ws/install/samuchair/lib/python3.12/site-packages/samuchair/mainNode.py,callback_handleServiceResponse,20,142,Estoy en el servicio llamado desde mainNode,mainNode
1765969950.2422373,1765969950.2420652,/home/samuchair/ros2_ws/install/samuchair/lib/python3.12/site-packages/samuchair/arduinoNode.py,handle_joystick_silla,20,61,Enviando comando al Arduino: velocidad,Joystick
1765969950.3952832,1765969950.3951545,/home/samuchair/ros2_ws/install/samuchair/lib/python3.12/site-packages/samuchair/jBNode.py,jb_callback,20,38,Comando Joystick Bluetooth: 6,JoystickBluetooth
1765969950.3957021,1765969950.395582,/home/samuchair/ros2_ws/install/samuchair/lib/python3.12/site-packages/samuchair/mainNode.py,callback_subJoy,20,82,Comando Joystick Bluetooth: 6,mainNode
1765969950.5448022,1765969950.5445948,/home/samuchair/ros2_ws/install/samuchair/lib/python3.12/site-packages/samuchair/mainNode.py,callback_handleServiceResponse,20,142,Estoy en el servicio llamado desde mainNode,mainNode
1765969950.5448377,1765969950.544595,/home/samuchair/ros2_ws/install/samuchair/lib/python3.12/site-packages/samuchair/arduinoNode.py,handle_joystick_silla,20,61,Enviando comando al Arduino: velocidad,Joystick
1765969950.6952791,1765969950.6951437,/home/samuchair/ros2_ws/install/samuchair/lib/python3.12/site-packages/samuchair/jBNode.py,jb_callback,20,38,Comando Joystick Bluetooth: 0,JoystickBluetooth
1765969950.6957731,1765969950.6955874,/home/samuchair/ros2_ws/install/samuchair/lib/python3.12/site-packages/samuchair/mainNode.py,callback_subJoy,20,82,Comando Joystick Bluetooth: 0,mainNode
1765969950.8473551,1765969950.8471663,/home/samuchair/ros2_ws/install/samuchair/lib/python3.12/site-packages/samuchair/mainNode.py,callback_handleServiceResponse,20,142,Estoy en el servicio llamado desde mainNode,mainNode
1765969950.8473926,1765969950.8472452,/home/samuchair/ros2_ws/install/samuchair/lib/python3.12/site-packages/samuchair/arduinoNode.py,handle_joystick_silla,20,61,Enviando comando al Arduino: velocidad,Joystick
1765969950.8826513,1765969950.882539,/home/samuchair/ros2_ws/install/samuchair/lib/python3.12/site-packages/samuchair/jBNode.py,jb_callback,20,38,Comando Joystick Bluetooth: 6,JoystickBluetooth
1765969950.8830104,1765969950.882893,/home/samuchair/ros2_ws/install/samuchair/lib/python3.12/site-packages/samuchair/mainNode.py,callback_subJoy,20,82,Comando Joystick Bluetooth: 6,mainNode
1765969951.1499515,1765969951.1497731,/home/samuchair/ros2_ws/install/samuchair/lib/python3.12/site-packages/samuchair/mainNode.py,callback_handleServiceResponse,20,142,Estoy en el servicio llamado desde mainNode,mainNode
1765969951.1499858,1765969951.1498067,/home/samuchair/ros2_ws/install/samuchair/lib/python3.12/site-packages/samuchair/arduinoNode.py,handle_joystick_silla,20,61,Enviando comando al Arduino: velocidad,Joystick
1765969951.3327818,1765969951.332666,/home/samuchair/ros2_ws/install/samuchair/lib/python3.12/site-packages/samuchair/jBNode.py,jb_callback,20,38,Comando Joystick Bluetooth: 0,JoystickBluetooth
1765969951.3331985,1765969951.333082,/home/samuchair/ros2_ws/install/samuchair/lib/python3.12/site-packages/samuchair/mainNode.py,callback_subJoy,20,82,Comando Joystick Bluetooth: 0,mainNode
1765969951.4525898,1765969951.4524632,/home/samuchair/ros2_ws/install/samuchair/lib/python3.12/site-packages/samuchair/mainNode.py,callback_handleServiceResponse,20,142,Estoy en el servicio llamado desde mainNode,mainNode
1765969951.6327658,1765969951.6326559,/home/samuchair/ros2_ws/install/samuchair/lib/python3.12/site-packages/samuchair/jBNode.py,jb_callback,20,38,Comando Joystick Bluetooth: 6,JoystickBluetooth
1765969951.6331906,1765969951.6330674,/home/samuchair/ros2_ws/install/samuchair/lib/python3.12/site-packages/samuchair/mainNode.py,callback_subJoy,20,82,Comando Joystick Bluetooth: 6,mainNode
1765969951.6537223,1765969951.653565,/home/samuchair/ros2_ws/install/samuchair/lib/python3.12/site-packages/samuchair/arduinoNode.py,handle_joystick_silla,20,61,Enviando comando al Arduino: velocidad,Joystick
1765969951.7930334,1765969951.7929003,/home/samuchair/ros2_ws/install/samuchair/lib/python3.12/site-packages/samuchair/webcamNode.py,timer_callback,20,61,Frame: 59,webcam
1765969951.8955169,1765969951.8953028,/home/samuchair/ros2_ws/install/samuchair/lib/python3.12/site-packages/samuchair/jBNode.py,jb_callback,20,38,Comando Joystick Bluetooth: 0,JoystickBluetooth
1765969951.8959022,1765969951.8957636,/home/samuchair/ros2_ws/install/samuchair/lib/python3.12/site-packages/samuchair/mainNode.py,callback_subJoy,20,82,Comando Joystick Bluetooth: 0,mainNode
1765969951.9560611,1765969951.9559226,/home/samuchair/ros2_ws/install/samuchair/lib/python3.12/site-packages/samuchair/mainNode.py,callback_handleServiceResponse,20,142,Estoy en el servicio llamado desde mainNode,mainNode
1765969951.9560995,1765969951.9560013,/home/samuchair/ros2_ws/install/samuchair/lib/python3.12/site-packages/samuchair/arduinoNode.py,handle_joystick_silla,20,61,Enviando comando al Arduino: velocidad,Joystick
1765969952.2587183,1765969952.2585278,/home/samuchair/ros2_ws/install/samuchair/lib/python3.12/site-packages/samuchair/mainNode.py,callback_handleServiceResponse,20,142,Estoy en el servicio llamado desde mainNode,mainNode
1765969952.2587514,1765969952.2585702,/home/samuchair/ros2_ws/install/samuchair/lib/python3.12/site-packages/samuchair/arduinoNode.py,handle_joystick_silla,20,61,Enviando comando al Arduino: velocidad,Joystick
1765969952.4202266,1765969952.4201055,/home/samuchair/ros2_ws/install/samuchair/lib/python3.12/site-packages/samuchair/jBNode.py,jb_callback,20,38,Comando Joystick Bluetooth: 3,JoystickBluetooth
1765969952.4206264,1765969952.4205143,/home/samuchair/ros2_ws/install/samuchair/lib/python3.12/site-packages/samuchair/mainNode.py,callback_subJoy,20,82,Comando Joystick Bluetooth: 3,mainNode
1765969952.5611966,1765969952.5610223,/home/samuchair/ros2_ws/install/samuchair/lib/python3.12/site-packages/samuchair/mainNode.py,callback_handleServiceResponse,20,142,Estoy en el servicio llamado desde mainNode,mainNode
1765969952.5612347,1765969952.5611074,/home/samuchair/ros2_ws/install/samuchair/lib/python3.12/site-packages/samuchair/arduinoNode.py,handle_joystick_silla,20,61,Enviando comando al Arduino: velocidad,Joystick
1765969952.7202072,1765969952.7200954,/home/samuchair/ros2_ws/install/samuchair/lib/python3.12/site-packages/samuchair/jBNode.py,jb_callback,20,38,Comando Joystick Bluetooth: 10,JoystickBluetooth
1765969952.7205799,1765969952.7204723,/home/samuchair/ros2_ws/install/samuchair/lib/python3.12/site-packages/samuchair/mainNode.py,callback_subJoy,20,82,Comando Joystick Bluetooth: 10,mainNode
1765969952.8637972,1765969952.8636386,/home/samuchair/ros2_ws/install/samuchair/lib/python3.12/site-packages/samuchair/mainNode.py,callback_handleServiceResponse,20,142,Estoy en el servicio llamado desde mainNode,mainNode
1765969952.864132,1765969952.8639228,/home/samuchair/ros2_ws/install/samuchair/lib/python3.12/site-packages/samuchair/arduinoNode.py,handle_joystick_silla,20,61,Enviando comando al Arduino: velocidad,Joystick
1765969953.1668005,1765969953.1665971,/home/samuchair/ros2_ws/install/samuchair/lib/python3.12/site-packages/samuchair/mainNode.py,callback_handleServiceResponse,20,142,Estoy en el servicio llamado desde mainNode,mainNode
1765969953.1668358,1765969953.1666522,/home/samuchair/ros2_ws/install/samuchair/lib/python3.12/site-packages/samuchair/arduinoNode.py,handle_joystick_silla,20,61,Enviando comando al Arduino: velocidad,Joystick
1765969953.3204603,1765969953.320224,/home/samuchair/ros2_ws/install/samuchair/lib/python3.12/site-packages/samuchair/jBNode.py,jb_callback,20,38,Comando Joystick Bluetooth: 9,JoystickBluetooth
1765969953.3218505,1765969953.3217175,/home/samuchair/ros2_ws/install/samuchair/lib/python3.12/site-packages/samuchair/mainNode.py,callback_subJoy,20,82,Comando Joystick Bluetooth: 9,mainNode
1765969953.4692838,1765969953.4690661,/home/samuchair/ros2_ws/install/samuchair/lib/python3.12/site-packages/samuchair/mainNode.py,callback_handleServiceResponse,20,142,Estoy en el servicio llamado desde mainNode,mainNode
1765969953.4693167,1765969953.4691122,/home/samuchair/ros2_ws/install/samuchair/lib/python3.12/site-packages/samuchair/arduinoNode.py,handle_joystick_silla,20,61,Enviando comando al Arduino: velocidad,Joystick
1765969953.5078242,1765969953.5077004,/home/samuchair/ros2_ws/install/samuchair/lib/python3.12/site-packages/samuchair/jBNode.py,jb_callback,20,38,Comando Joystick Bluetooth: 10,JoystickBluetooth
1765969953.5082948,1765969953.5081303,/home/samuchair/ros2_ws/install/samuchair/lib/python3.12/site-packages/samuchair/mainNode.py,callback_subJoy,20,82,Comando Joystick Bluetooth: 10,mainNode
1765969953.7718823,1765969953.7716596,/home/samuchair/ros2_ws/install/samuchair/lib/python3.12/site-packages/samuchair/mainNode.py,callback_handleServiceResponse,20,142,Estoy en el servicio llamado desde mainNode,mainNode
1765969953.7719176,1765969953.7716792,/home/samuchair/ros2_ws/install/samuchair/lib/python3.12/site-packages/samuchair/arduinoNode.py,handle_joystick_silla,20,61,Enviando comando al Arduino: velocidad,Joystick
1765969953.7923505,1765969953.7922342,/home/samuchair/ros2_ws/install/samuchair/lib/python3.12/site-packages/samuchair/webcamNode.py,timer_callback,20,61,Frame: 60,webcam
1765969953.9577966,1765969953.9576766,/home/samuchair/ros2_ws/install/samuchair/lib/python3.12/site-packages/samuchair/jBNode.py,jb_callback,20,38,Comando Joystick Bluetooth: 3,JoystickBluetooth
1765969953.9581976,1765969953.9580817,/home/samuchair/ros2_ws/install/samuchair/lib/python3.12/site-packages/samuchair/mainNode.py,callback_subJoy,20,82,Comando Joystick Bluetooth: 3,mainNode
1765969954.0743032,1765969954.0741332,/home/samuchair/ros2_ws/install/samuchair/lib/python3.12/site-packages/samuchair/mainNode.py,callback_handleServiceResponse,20,142,Estoy en el servicio llamado desde mainNode,mainNode
1765969954.0746646,1765969954.07425,/home/samuchair/ros2_ws/install/samuchair/lib/python3.12/site-packages/samuchair/arduinoNode.py,handle_joystick_silla,20,61,Enviando comando al Arduino: velocidad,Joystick
1765969954.37688,1765969954.3767314,/home/samuchair/ros2_ws/install/samuchair/lib/python3.12/site-packages/samuchair/mainNode.py,callback_handleServiceResponse,20,142,Estoy en el servicio llamado desde mainNode,mainNode
1765969954.3770487,1765969954.3769324,/home/samuchair/ros2_ws/install/samuchair/lib/python3.12/site-packages/samuchair/arduinoNode.py,handle_joystick_silla,20,61,Enviando comando al Arduino: velocidad,Joystick
1765969954.6795936,1765969954.679449,/home/samuchair/ros2_ws/install/samuchair/lib/python3.12/site-packages/samuchair/mainNode.py,callback_handleServiceResponse,20,142,Estoy en el servicio llamado desde mainNode,mainNode
1765969955.7931082,1765969955.7930045,/home/samuchair/ros2_ws/install/samuchair/lib/python3.12/site-packages/samuchair/webcamNode.py,timer_callback,20,61,Frame: 61,webcam
1765969957.783056,1765969957.782829,/home/samuchair/ros2_ws/install/samuchair/lib/python3.12/site-packages/samuchair/jBNode.py,jb_callback,20,38,Comando Joystick Bluetooth: 10,JoystickBluetooth
1765969957.7834678,1765969957.7832963,/home/samuchair/ros2_ws/install/samuchair/lib/python3.12/site-packages/samuchair/mainNode.py,callback_subJoy,20,82,Comando Joystick Bluetooth: 10,mainNode
1765969957.7855616,1765969957.7853858,/home/samuchair/ros2_ws/install/samuchair/lib/python3.12/site-packages/samuchair/arduinoNode.py,handle_joystick_silla,20,61,Enviando comando al Arduino: velocidad,Joystick
1765969957.7935748,1765969957.7934566,/home/samuchair/ros2_ws/install/samuchair/lib/python3.12/site-packages/samuchair/webcamNode.py,timer_callback,20,61,Frame: 62,webcam
1765969957.8957775,1765969957.8954732,/home/samuchair/ros2_ws/install/samuchair/lib/python3.12/site-packages/samuchair/jBNode.py,jb_callback,20,38,Comando Joystick Bluetooth: 9,JoystickBluetooth
1765969957.8963757,1765969957.8959475,/home/samuchair/ros2_ws/install/samuchair/lib/python3.12/site-packages/samuchair/mainNode.py,callback_subJoy,20,82,Comando Joystick Bluetooth: 9,mainNode
1765969958.0880756,1765969958.087928,/home/samuchair/ros2_ws/install/samuchair/lib/python3.12/site-packages/samuchair/arduinoNode.py,handle_joystick_silla,20,61,Enviando comando al Arduino: velocidad,Joystick
1765969958.0881026,1765969958.0879283,/home/samuchair/ros2_ws/install/samuchair/lib/python3.12/site-packages/samuchair/mainNode.py,callback_handleServiceResponse,20,142,Estoy en el servicio llamado desde mainNode,mainNode
1765969958.3905697,1765969958.3904295,/home/samuchair/ros2_ws/install/samuchair/lib/python3.12/site-packages/samuchair/mainNode.py,callback_handleServiceResponse,20,142,Estoy en el servicio llamado desde mainNode,mainNode
1765969959.3205948,1765969959.3204503,/home/samuchair/ros2_ws/install/samuchair/lib/python3.12/site-packages/samuchair/jBNode.py,jb_callback,20,38,Comando Joystick Bluetooth: 0,JoystickBluetooth
1765969959.3210595,1765969959.3209298,/home/samuchair/ros2_ws/install/samuchair/lib/python3.12/site-packages/samuchair/mainNode.py,callback_subJoy,20,82,Comando Joystick Bluetooth: 0,mainNode
1765969959.3228621,1765969959.322716,/home/samuchair/ros2_ws/install/samuchair/lib/python3.12/site-packages/samuchair/arduinoNode.py,handle_joystick_silla,20,61,Enviando comando al Arduino: velocidad,Joystick
1765969959.6254628,1765969959.625255,/home/samuchair/ros2_ws/install/samuchair/lib/python3.12/site-packages/samuchair/mainNode.py,callback_handleServiceResponse,20,142,Estoy en el servicio llamado desde mainNode,mainNode
1765969959.792949,1765969959.7928467,/home/samuchair/ros2_ws/install/samuchair/lib/python3.12/site-packages/samuchair/webcamNode.py,timer_callback,20,61,Frame: 63,webcam
1765969960.0705786,1765969960.070345,/home/samuchair/ros2_ws/install/samuchair/lib/python3.12/site-packages/samuchair/jBNode.py,jb_callback,20,38,Comando Joystick Bluetooth: 3,JoystickBluetooth
1765969960.0712142,1765969960.0708525,/home/samuchair/ros2_ws/install/samuchair/lib/python3.12/site-packages/samuchair/mainNode.py,callback_subJoy,20,82,Comando Joystick Bluetooth: 3,mainNode
1765969960.0729225,1765969960.0727577,/home/samuchair/ros2_ws/install/samuchair/lib/python3.12/site-packages/samuchair/arduinoNode.py,handle_joystick_silla,20,61,Enviando comando al Arduino: velocidad,Joystick
1765969960.37539,1765969960.3752358,/home/samuchair/ros2_ws/install/samuchair/lib/python3.12/site-packages/samuchair/mainNode.py,callback_handleServiceResponse,20,142,Estoy en el servicio llamado desde mainNode,mainNode
1765969960.9704597,1765969960.9703364,/home/samuchair/ros2_ws/install/samuchair/lib/python3.12/site-packages/samuchair/jBNode.py,jb_callback,20,38,Comando Joystick Bluetooth: 10,JoystickBluetooth
1765969960.970902,1765969960.9707823,/home/samuchair/ros2_ws/install/samuchair/lib/python3.12/site-packages/samuchair/mainNode.py,callback_subJoy,20,82,Comando Joystick Bluetooth: 10,mainNode
1765969960.9728756,1765969960.9727209,/home/samuchair/ros2_ws/install/samuchair/lib/python3.12/site-packages/samuchair/arduinoNode.py,handle_joystick_silla,20,61,Enviando comando al Arduino: velocidad,Joystick
1765969961.1579177,1765969961.1578019,/home/samuchair/ros2_ws/install/samuchair/lib/python3.12/site-packages/samuchair/jBNode.py,jb_callback,20,38,Comando Joystick Bluetooth: 9,JoystickBluetooth
1765969961.1582983,1765969961.1581707,/home/samuchair/ros2_ws/install/samuchair/lib/python3.12/site-packages/samuchair/mainNode.py,callback_subJoy,20,82,Comando Joystick Bluetooth: 9,mainNode
1765969961.2753384,1765969961.2751744,/home/samuchair/ros2_ws/install/samuchair/lib/python3.12/site-packages/samuchair/arduinoNode.py,handle_joystick_silla,20,61,Enviando comando al Arduino: velocidad,Joystick
1765969961.275698,1765969961.2752967,/home/samuchair/ros2_ws/install/samuchair/lib/python3.12/site-packages/samuchair/mainNode.py,callback_handleServiceResponse,20,142,Estoy en el servicio llamado desde mainNode,mainNode
1765969961.577736,1765969961.577599,/home/samuchair/ros2_ws/install/samuchair/lib/python3.12/site-packages/samuchair/mainNode.py,callback_handleServiceResponse,20,142,Estoy en el servicio llamado desde mainNode,mainNode
1765969961.6080244,1765969961.6079159,/home/samuchair/ros2_ws/install/samuchair/lib/python3.12/site-packages/samuchair/jBNode.py,jb_callback,20,38,Comando Joystick Bluetooth: 10,JoystickBluetooth
1765969961.60839,1765969961.6082606,/home/samuchair/ros2_ws/install/samuchair/lib/python3.12/site-packages/samuchair/mainNode.py,callback_subJoy,20,82,Comando Joystick Bluetooth: 10,mainNode
1765969961.6104333,1765969961.6102946,/home/samuchair/ros2_ws/install/samuchair/lib/python3.12/site-packages/samuchair/arduinoNode.py,handle_joystick_silla,20,61,Enviando comando al Arduino: velocidad,Joystick
1765969961.7580554,1765969961.7579463,/home/samuchair/ros2_ws/install/samuchair/lib/python3.12/site-packages/samuchair/jBNode.py,jb_callback,20,38,Comando Joystick Bluetooth: 3,JoystickBluetooth
1765969961.758397,1765969961.7582839,/home/samuchair/ros2_ws/install/samuchair/lib/python3.12/site-packages/samuchair/mainNode.py,callback_subJoy,20,82,Comando Joystick Bluetooth: 3,mainNode
1765969961.7933722,1765969961.7932513,/home/samuchair/ros2_ws/install/samuchair/lib/python3.12/site-packages/samuchair/webcamNode.py,timer_callback,20,61,Frame: 64,webcam
1765969961.9129844,1765969961.9128213,/home/samuchair/ros2_ws/install/samuchair/lib/python3.12/site-packages/samuchair/mainNode.py,callback_handleServiceResponse,20,142,Estoy en el servicio llamado desde mainNode,mainNode
1765969961.9133565,1765969961.9129882,/home/samuchair/ros2_ws/install/samuchair/lib/python3.12/site-packages/samuchair/arduinoNode.py,handle_joystick_silla,20,61,Enviando comando al Arduino: velocidad,Joystick
1765969962.2155564,1765969962.2154303,/home/samuchair/ros2_ws/install/samuchair/lib/python3.12/site-packages/samuchair/mainNode.py,callback_handleServiceResponse,20,142,Estoy en el servicio llamado desde mainNode,mainNode
1765969962.8830287,1765969962.8829184,/home/samuchair/ros2_ws/install/samuchair/lib/python3.12/site-packages/samuchair/jBNode.py,jb_callback,20,38,Comando Joystick Bluetooth: 10,JoystickBluetooth
1765969962.8835921,1765969962.883413,/home/samuchair/ros2_ws/install/samuchair/lib/python3.12/site-packages/samuchair/mainNode.py,callback_subJoy,20,82,Comando Joystick Bluetooth: 10,mainNode
1765969962.8853028,1765969962.8851595,/home/samuchair/ros2_ws/install/samuchair/lib/python3.12/site-packages/samuchair/arduinoNode.py,handle_joystick_silla,20,61,Enviando comando al Arduino: velocidad,Joystick
1765969963.0330243,1765969963.0329099,/home/samuchair/ros2_ws/install/samuchair/lib/python3.12/site-packages/samuchair/jBNode.py,jb_callback,20,38,Comando Joystick Bluetooth: 9,JoystickBluetooth
1765969963.033366,1765969963.033239,/home/samuchair/ros2_ws/install/samuchair/lib/python3.12/site-packages/samuchair/mainNode.py,callback_subJoy,20,82,Comando Joystick Bluetooth: 9,mainNode
1765969963.1878736,1765969963.1876814,/home/samuchair/ros2_ws/install/samuchair/lib/python3.12/site-packages/samuchair/arduinoNode.py,handle_joystick_silla,20,61,Enviando comando al Arduino: velocidad,Joystick
1765969963.1879148,1765969963.1876817,/home/samuchair/ros2_ws/install/samuchair/lib/python3.12/site-packages/samuchair/mainNode.py,callback_handleServiceResponse,20,142,Estoy en el servicio llamado desde mainNode,mainNode
1765969963.490426,1765969963.4902794,/home/samuchair/ros2_ws/install/samuchair/lib/python3.12/site-packages/samuchair/mainNode.py,callback_handleServiceResponse,20,142,Estoy en el servicio llamado desde mainNode,mainNode
1765969963.7926753,1765969963.7925735,/home/samuchair/ros2_ws/install/samuchair/lib/python3.12/site-packages/samuchair/webcamNode.py,timer_callback,20,61,Frame: 65,webcam
1765969964.0455906,1765969964.0454736,/home/samuchair/ros2_ws/install/samuchair/lib/python3.12/site-packages/samuchair/jBNode.py,jb_callback,20,38,Comando Joystick Bluetooth: 0,JoystickBluetooth
1765969964.0460002,1765969964.045886,/home/samuchair/ros2_ws/install/samuchair/lib/python3.12/site-packages/samuchair/mainNode.py,callback_subJoy,20,82,Comando Joystick Bluetooth: 0,mainNode
1765969964.046925,1765969964.046692,/home/samuchair/ros2_ws/install/samuchair/lib/python3.12/site-packages/samuchair/jBNode.py,jb_callback,20,38,Comando Joystick Bluetooth: 3,JoystickBluetooth
1765969964.0482178,1765969964.0480733,/home/samuchair/ros2_ws/install/samuchair/lib/python3.12/site-packages/samuchair/mainNode.py,callback_subJoy,20,82,Comando Joystick Bluetooth: 3,mainNode
1765969964.048612,1765969964.0483208,/home/samuchair/ros2_ws/install/samuchair/lib/python3.12/site-packages/samuchair/arduinoNode.py,handle_joystick_silla,20,61,Enviando comando al Arduino: velocidad,Joystick
1765969964.3509543,1765969964.3507948,/home/samuchair/ros2_ws/install/samuchair/lib/python3.12/site-packages/samuchair/arduinoNode.py,handle_joystick_silla,20,61,Enviando comando al Arduino: velocidad,Joystick
1765969964.351341,1765969964.3509886,/home/samuchair/ros2_ws/install/samuchair/lib/python3.12/site-packages/samuchair/mainNode.py,callback_handleServiceResponse,20,142,Estoy en el servicio llamado desde mainNode,mainNode
1765969964.6534698,1765969964.6533344,/home/samuchair/ros2_ws/install/samuchair/lib/python3.12/site-packages/samuchair/mainNode.py,callback_handleServiceResponse,20,142,Estoy en el servicio llamado desde mainNode,mainNode
1765969964.833108,1765969964.8329573,/home/samuchair/ros2_ws/install/samuchair/lib/python3.12/site-packages/samuchair/jBNode.py,jb_callback,20,38,Comando Joystick Bluetooth: 0,JoystickBluetooth
1765969964.8334465,1765969964.833346,/home/samuchair/ros2_ws/install/samuchair/lib/python3.12/site-packages/samuchair/mainNode.py,callback_subJoy,20,82,Comando Joystick Bluetooth: 0,mainNode
1765969964.835277,1765969964.8351192,/home/samuchair/ros2_ws/install/samuchair/lib/python3.12/site-packages/samuchair/arduinoNode.py,handle_joystick_silla,20,61,Enviando comando al Arduino: velocidad,Joystick
1765969965.1330814,1765969965.132947,/home/samuchair/ros2_ws/install/samuchair/lib/python3.12/site-packages/samuchair/jBNode.py,jb_callback,20,38,Comando Joystick Bluetooth: 3,JoystickBluetooth
1765969965.1334248,1765969965.1333227,/home/samuchair/ros2_ws/install/samuchair/lib/python3.12/site-packages/samuchair/mainNode.py,callback_subJoy,20,82,Comando Joystick Bluetooth: 3,mainNode
1765969965.1376607,1765969965.1374636,/home/samuchair/ros2_ws/install/samuchair/lib/python3.12/site-packages/samuchair/mainNode.py,callback_handleServiceResponse,20,142,Estoy en el servicio llamado desde mainNode,mainNode
1765969965.1376934,1765969965.137481,/home/samuchair/ros2_ws/install/samuchair/lib/python3.12/site-packages/samuchair/arduinoNode.py,handle_joystick_silla,20,61,Enviando comando al Arduino: velocidad,Joystick
1765969965.4400449,1765969965.439898,/home/samuchair/ros2_ws/install/samuchair/lib/python3.12/site-packages/samuchair/mainNode.py,callback_handleServiceResponse,20,142,Estoy en el servicio llamado desde mainNode,mainNode
1765969965.7934074,1765969965.793298,/home/samuchair/ros2_ws/install/samuchair/lib/python3.12/site-packages/samuchair/webcamNode.py,timer_callback,20,61,Frame: 66,webcam
1765969965.8831236,1765969965.8830044,/home/samuchair/ros2_ws/install/samuchair/lib/python3.12/site-packages/samuchair/jBNode.py,jb_callback,20,38,Comando Joystick Bluetooth: 10,JoystickBluetooth
1765969965.883495,1765969965.8833845,/home/samuchair/ros2_ws/install/samuchair/lib/python3.12/site-packages/samuchair/mainNode.py,callback_subJoy,20,82,Comando Joystick Bluetooth: 10,mainNode
1765969965.8853247,1765969965.885179,/home/samuchair/ros2_ws/install/samuchair/lib/python3.12/site-packages/samuchair/arduinoNode.py,handle_joystick_silla,20,61,Enviando comando al Arduino: velocidad,Joystick
1765969966.145511,1765969966.145403,/home/samuchair/ros2_ws/install/samuchair/lib/python3.12/site-packages/samuchair/jBNode.py,jb_callback,20,38,Comando Joystick Bluetooth: 9,JoystickBluetooth
1765969966.145854,1765969966.145753,/home/samuchair/ros2_ws/install/samuchair/lib/python3.12/site-packages/samuchair/mainNode.py,callback_subJoy,20,82,Comando Joystick Bluetooth: 9,mainNode
1765969966.187812,1765969966.1876564,/home/samuchair/ros2_ws/install/samuchair/lib/python3.12/site-packages/samuchair/mainNode.py,callback_handleServiceResponse,20,142,Estoy en el servicio llamado desde mainNode,mainNode
1765969966.1878483,1765969966.1876557,/home/samuchair/ros2_ws/install/samuchair/lib/python3.12/site-packages/samuchair/arduinoNode.py,handle_joystick_silla,20,61,Enviando comando al Arduino: velocidad,Joystick
1765969966.4902964,1765969966.490161,/home/samuchair/ros2_ws/install/samuchair/lib/python3.12/site-packages/samuchair/mainNode.py,callback_handleServiceResponse,20,142,Estoy en el servicio llamado desde mainNode,mainNode
1765969967.0081055,1765969967.0079954,/home/samuchair/ros2_ws/install/samuchair/lib/python3.12/site-packages/samuchair/jBNode.py,jb_callback,20,38,Comando Joystick Bluetooth: 10,JoystickBluetooth
1765969967.0084467,1765969967.0083442,/home/samuchair/ros2_ws/install/samuchair/lib/python3.12/site-packages/samuchair/mainNode.py,callback_subJoy,20,82,Comando Joystick Bluetooth: 10,mainNode
1765969967.0103335,1765969967.0101829,/home/samuchair/ros2_ws/install/samuchair/lib/python3.12/site-packages/samuchair/arduinoNode.py,handle_joystick_silla,20,61,Enviando comando al Arduino: velocidad,Joystick
1765969967.0831578,1765969967.0830429,/home/samuchair/ros2_ws/install/samuchair/lib/python3.12/site-packages/samuchair/jBNode.py,jb_callback,20,38,Comando Joystick Bluetooth: 3,JoystickBluetooth
1765969967.083494,1765969967.083378,/home/samuchair/ros2_ws/install/samuchair/lib/python3.12/site-packages/samuchair/mainNode.py,callback_subJoy,20,82,Comando Joystick Bluetooth: 3,mainNode
1765969967.3127775,1765969967.312611,/home/samuchair/ros2_ws/install/samuchair/lib/python3.12/site-packages/samuchair/arduinoNode.py,handle_joystick_silla,20,61,Enviando comando al Arduino: velocidad,Joystick
1765969967.3131185,1765969967.3127131,/home/samuchair/ros2_ws/install/samuchair/lib/python3.12/site-packages/samuchair/mainNode.py,callback_handleServiceResponse,20,142,Estoy en el servicio llamado desde mainNode,mainNode
1765969967.6153612,1765969967.615216,/home/samuchair/ros2_ws/install/samuchair/lib/python3.12/site-packages/samuchair/mainNode.py,callback_handleServiceResponse,20,142,Estoy en el servicio llamado desde mainNode,mainNode
1765969967.7932184,1765969967.7931316,/home/samuchair/ros2_ws/install/samuchair/lib/python3.12/site-packages/samuchair/webcamNode.py,timer_callback,20,61,Frame: 67,webcam
1765969968.3956711,1765969968.395564,/home/samuchair/ros2_ws/install/samuchair/lib/python3.12/site-packages/samuchair/jBNode.py,jb_callback,20,38,Comando Joystick Bluetooth: 10,JoystickBluetooth
1765969968.3960397,1765969968.395927,/home/samuchair/ros2_ws/install/samuchair/lib/python3.12/site-packages/samuchair/mainNode.py,callback_subJoy,20,82,Comando Joystick Bluetooth: 10,mainNode
1765969968.3979492,1765969968.3977628,/home/samuchair/ros2_ws/install/samuchair/lib/python3.12/site-packages/samuchair/arduinoNode.py,handle_joystick_silla,20,61,Enviando comando al Arduino: velocidad,Joystick
1765969968.700461,1765969968.7003207,/home/samuchair/ros2_ws/install/samuchair/lib/python3.12/site-packages/samuchair/mainNode.py,callback_handleServiceResponse,20,142,Estoy en el servicio llamado desde mainNode,mainNode
1765969969.1456602,1765969969.145543,/home/samuchair/ros2_ws/install/samuchair/lib/python3.12/site-packages/samuchair/jBNode.py,jb_callback,20,38,Comando Joystick Bluetooth: 3,JoystickBluetooth
1765969969.1460128,1765969969.145907,/home/samuchair/ros2_ws/install/samuchair/lib/python3.12/site-packages/samuchair/mainNode.py,callback_subJoy,20,82,Comando Joystick Bluetooth: 3,mainNode
1765969969.1478589,1765969969.147723,/home/samuchair/ros2_ws/install/samuchair/lib/python3.12/site-packages/samuchair/arduinoNode.py,handle_joystick_silla,20,61,Enviando comando al Arduino: velocidad,Joystick
1765969969.3707514,1765969969.3706338,/home/samuchair/ros2_ws/install/samuchair/lib/python3.12/site-packages/samuchair/jBNode.py,jb_callback,20,38,Comando Joystick Bluetooth: 10,JoystickBluetooth
1765969969.3710833,1765969969.370976,/home/samuchair/ros2_ws/install/samuchair/lib/python3.12/site-packages/samuchair/mainNode.py,callback_subJoy,20,82,Comando Joystick Bluetooth: 10,mainNode
1765969969.4503913,1765969969.450227,/home/samuchair/ros2_ws/install/samuchair/lib/python3.12/site-packages/samuchair/mainNode.py,callback_handleServiceResponse,20,142,Estoy en el servicio llamado desde mainNode,mainNode
1765969969.6515825,1765969969.6514146,/home/samuchair/ros2_ws/install/samuchair/lib/python3.12/site-packages/samuchair/arduinoNode.py,handle_joystick_silla,20,61,Enviando comando al Arduino: velocidad,Joystick
1765969969.7937758,1765969969.7936754,/home/samuchair/ros2_ws/install/samuchair/lib/python3.12/site-packages/samuchair/webcamNode.py,timer_callback,20,61,Frame: 68,webcam
1765969969.9540036,1765969969.9538803,/home/samuchair/ros2_ws/install/samuchair/lib/python3.12/site-packages/samuchair/mainNode.py,callback_handleServiceResponse,20,142,Estoy en el servicio llamado desde mainNode,mainNode
1765969970.045672,1765969970.0455642,/home/samuchair/ros2_ws/install/samuchair/lib/python3.12/site-packages/samuchair/jBNode.py,jb_callback,20,38,Comando Joystick Bluetooth: 9,JoystickBluetooth
1765969970.0459816,1765969970.0458522,/home/samuchair/ros2_ws/install/samuchair/lib/python3.12/site-packages/samuchair/mainNode.py,callback_subJoy,20,82,Comando Joystick Bluetooth: 9,mainNode
1765969970.0478058,1765969970.0476692,/home/samuchair/ros2_ws/install/samuchair/lib/python3.12/site-packages/samuchair/arduinoNode.py,handle_joystick_silla,20,61,Enviando comando al Arduino: velocidad,Joystick
1765969970.3503048,1765969970.3501577,/home/samuchair/ros2_ws/install/samuchair/lib/python3.12/site-packages/samuchair/mainNode.py,callback_handleServiceResponse,20,142,Estoy en el servicio llamado desde mainNode,mainNode
1765969970.9457033,1765969970.9455812,/home/samuchair/ros2_ws/install/samuchair/lib/python3.12/site-packages/samuchair/jBNode.py,jb_callback,20,38,Comando Joystick Bluetooth: 10,JoystickBluetooth
1765969970.9460363,1765969970.9459221,/home/samuchair/ros2_ws/install/samuchair/lib/python3.12/site-packages/samuchair/mainNode.py,callback_subJoy,20,82,Comando Joystick Bluetooth: 10,mainNode
1765969970.9478896,1765969970.9477458,/home/samuchair/ros2_ws/install/samuchair/lib/python3.12/site-packages/samuchair/arduinoNode.py,handle_joystick_silla,20,61,Enviando comando al Arduino: velocidad,Joystick
1765969971.058219,1765969971.058085,/home/samuchair/ros2_ws/install/samuchair/lib/python3.12/site-packages/samuchair/jBNode.py,jb_callback,20,38,Comando Joystick Bluetooth: 3,JoystickBluetooth
1765969971.0585096,1765969971.0583754,/home/samuchair/ros2_ws/install/samuchair/lib/python3.12/site-packages/samuchair/mainNode.py,callback_subJoy,20,82,Comando Joystick Bluetooth: 3,mainNode
1765969971.1707366,1765969971.1706173,/home/samuchair/ros2_ws/install/samuchair/lib/python3.12/site-packages/samuchair/jBNode.py,jb_callback,20,38,Comando Joystick Bluetooth: 0,JoystickBluetooth
1765969971.1709955,1765969971.1708875,/home/samuchair/ros2_ws/install/samuchair/lib/python3.12/site-packages/samuchair/mainNode.py,callback_subJoy,20,82,Comando Joystick Bluetooth: 0,mainNode
1765969971.250408,1765969971.2501674,/home/samuchair/ros2_ws/install/samuchair/lib/python3.12/site-packages/samuchair/arduinoNode.py,handle_joystick_silla,20,61,Enviando comando al Arduino: velocidad,Joystick
1765969971.2504709,1765969971.2502596,/home/samuchair/ros2_ws/install/samuchair/lib/python3.12/site-packages/samuchair/mainNode.py,callback_handleServiceResponse,20,142,Estoy en el servicio llamado desde mainNode,mainNode
1765969971.5457447,1765969971.545625,/home/samuchair/ros2_ws/install/samuchair/lib/python3.12/site-packages/samuchair/jBNode.py,jb_callback,20,38,Comando Joystick Bluetooth: 3,JoystickBluetooth
1765969971.5461125,1765969971.5459895,/home/samuchair/ros2_ws/install/samuchair/lib/python3.12/site-packages/samuchair/mainNode.py,callback_subJoy,20,82,Comando Joystick Bluetooth: 3,mainNode
1765969971.552574,1765969971.552407,/home/samuchair/ros2_ws/install/samuchair/lib/python3.12/site-packages/samuchair/mainNode.py,callback_handleServiceResponse,20,142,Estoy en el servicio llamado desde mainNode,mainNode
1765969971.552607,1765969971.552448,/home/samuchair/ros2_ws/install/samuchair/lib/python3.12/site-packages/samuchair/arduinoNode.py,handle_joystick_silla,20,61,Enviando comando al Arduino: velocidad,Joystick
1765969971.7931068,1765969971.7930124,/home/samuchair/ros2_ws/install/samuchair/lib/python3.12/site-packages/samuchair/webcamNode.py,timer_callback,20,61,Frame: 69,webcam
1765969971.8550391,1765969971.854844,/home/samuchair/ros2_ws/install/samuchair/lib/python3.12/site-packages/samuchair/arduinoNode.py,handle_joystick_silla,20,61,Enviando comando al Arduino: velocidad,Joystick
1765969971.8551097,1765969971.8549519,/home/samuchair/ros2_ws/install/samuchair/lib/python3.12/site-packages/samuchair/mainNode.py,callback_handleServiceResponse,20,142,Estoy en el servicio llamado desde mainNode,mainNode
1765969972.157461,1765969972.1573186,/home/samuchair/ros2_ws/install/samuchair/lib/python3.12/site-packages/samuchair/mainNode.py,callback_handleServiceResponse,20,142,Estoy en el servicio llamado desde mainNode,mainNode
1765969973.793671,1765969973.7935817,/home/samuchair/ros2_ws/install/samuchair/lib/python3.12/site-packages/samuchair/webcamNode.py,timer_callback,20,61,Frame: 70,webcam
1765969973.8332748,1765969973.8331454,/home/samuchair/ros2_ws/install/samuchair/lib/python3.12/site-packages/samuchair/jBNode.py,jb_callback,20,38,Comando Joystick Bluetooth: 12,JoystickBluetooth
1765969973.8336625,1765969973.8335412,/home/samuchair/ros2_ws/install/samuchair/lib/python3.12/site-packages/samuchair/mainNode.py,callback_subJoy,20,82,Comando Joystick Bluetooth: 12,mainNode
1765969973.835578,1765969973.8354425,/home/samuchair/ros2_ws/install/samuchair/lib/python3.12/site-packages/samuchair/arduinoNode.py,handle_joystick_silla,20,61,Enviando comando al Arduino: velocidad,Joystick
1765969973.9082494,1765969973.9080975,/home/samuchair/ros2_ws/install/samuchair/lib/python3.12/site-packages/samuchair/jBNode.py,jb_callback,20,38,Comando Joystick Bluetooth: 6,JoystickBluetooth
1765969973.9086099,1765969973.9084992,/home/samuchair/ros2_ws/install/samuchair/lib/python3.12/site-packages/samuchair/mainNode.py,callback_subJoy,20,82,Comando Joystick Bluetooth: 6,mainNode
1765969974.1380079,1765969974.137832,/home/samuchair/ros2_ws/install/samuchair/lib/python3.12/site-packages/samuchair/mainNode.py,callback_handleServiceResponse,20,142,Estoy en el servicio llamado desde mainNode,mainNode
1765969974.1380413,1765969974.1378515,/home/samuchair/ros2_ws/install/samuchair/lib/python3.12/site-packages/samuchair/arduinoNode.py,handle_joystick_silla,20,61,Enviando comando al Arduino: velocidad,Joystick
1765969974.4405503,1765969974.4403906,/home/samuchair/ros2_ws/install/samuchair/lib/python3.12/site-packages/samuchair/mainNode.py,callback_handleServiceResponse,20,142,Estoy en el servicio llamado desde mainNode,mainNode
1765969975.108291,1765969975.1081426,/home/samuchair/ros2_ws/install/samuchair/lib/python3.12/site-packages/samuchair/jBNode.py,jb_callback,20,38,Comando Joystick Bluetooth: 0,JoystickBluetooth
1765969975.1086943,1765969975.10857,/home/samuchair/ros2_ws/install/samuchair/lib/python3.12/site-packages/samuchair/mainNode.py,callback_subJoy,20,82,Comando Joystick Bluetooth: 0,mainNode
1765969975.1095955,1765969975.1093972,/home/samuchair/ros2_ws/install/samuchair/lib/python3.12/site-packages/samuchair/jBNode.py,jb_callback,20,38,Comando Joystick Bluetooth: 3,JoystickBluetooth
1765969975.110776,1765969975.1106346,/home/samuchair/ros2_ws/install/samuchair/lib/python3.12/site-packages/samuchair/mainNode.py,callback_subJoy,20,82,Comando Joystick Bluetooth: 3,mainNode
1765969975.1111112,1765969975.1108096,/home/samuchair/ros2_ws/install/samuchair/lib/python3.12/site-packages/samuchair/arduinoNode.py,handle_joystick_silla,20,61,Enviando comando al Arduino: velocidad,Joystick
1765969975.1833713,1765969975.1832294,/home/samuchair/ros2_ws/install/samuchair/lib/python3.12/site-packages/samuchair/jBNode.py,jb_callback,20,38,Comando Joystick Bluetooth: 0,JoystickBluetooth
1765969975.183649,1765969975.1835344,/home/samuchair/ros2_ws/install/samuchair/lib/python3.12/site-packages/samuchair/mainNode.py,callback_subJoy,20,82,Comando Joystick Bluetooth: 0,mainNode
1765969975.4134388,1765969975.4132717,/home/samuchair/ros2_ws/install/samuchair/lib/python3.12/site-packages/samuchair/mainNode.py,callback_handleServiceResponse,20,142,Estoy en el servicio llamado desde mainNode,mainNode
1765969975.6143236,1765969975.6141565,/home/samuchair/ros2_ws/install/samuchair/lib/python3.12/site-packages/samuchair/arduinoNode.py,handle_joystick_silla,20,61,Enviando comando al Arduino: velocidad,Joystick
1765969975.7929533,1765969975.7928605,/home/samuchair/ros2_ws/install/samuchair/lib/python3.12/site-packages/samuchair/webcamNode.py,timer_callback,20,61,Frame: 71,webcam
1765969975.9168272,1765969975.9166152,/home/samuchair/ros2_ws/install/samuchair/lib/python3.12/site-packages/samuchair/mainNode.py,callback_handleServiceResponse,20,142,Estoy en el servicio llamado desde mainNode,mainNode
1765969975.9169092,1765969975.916616,/home/samuchair/ros2_ws/install/samuchair/lib/python3.12/site-packages/samuchair/arduinoNode.py,handle_joystick_silla,20,61,Enviando comando al Arduino: velocidad,Joystick
1765969976.219048,1765969976.2189143,/home/samuchair/ros2_ws/install/samuchair/lib/python3.12/site-packages/samuchair/mainNode.py,callback_handleServiceResponse,20,142,Estoy en el servicio llamado desde mainNode,mainNode
1765969976.3083723,1765969976.3082051,/home/samuchair/ros2_ws/install/samuchair/lib/python3.12/site-packages/samuchair/jBNode.py,jb_callback,20,38,Comando Joystick Bluetooth: 6,JoystickBluetooth
1765969976.3086874,1765969976.3085692,/home/samuchair/ros2_ws/install/samuchair/lib/python3.12/site-packages/samuchair/mainNode.py,callback_subJoy,20,82,Comando Joystick Bluetooth: 6,mainNode
1765969976.3104553,1765969976.3103223,/home/samuchair/ros2_ws/install/samuchair/lib/python3.12/site-packages/samuchair/arduinoNode.py,handle_joystick_silla,20,61,Enviando comando al Arduino: velocidad,Joystick
1765969976.6129537,1765969976.6128132,/home/samuchair/ros2_ws/install/samuchair/lib/python3.12/site-packages/samuchair/mainNode.py,callback_handleServiceResponse,20,142,Estoy en el servicio llamado desde mainNode,mainNode
1765969976.945875,1765969976.9457479,/home/samuchair/ros2_ws/install/samuchair/lib/python3.12/site-packages/samuchair/jBNode.py,jb_callback,20,38,Comando Joystick Bluetooth: 12,JoystickBluetooth
1765969976.946158,1765969976.9460483,/home/samuchair/ros2_ws/install/samuchair/lib/python3.12/site-packages/samuchair/mainNode.py,callback_subJoy,20,82,Comando Joystick Bluetooth: 12,mainNode
1765969976.9481072,1765969976.9479604,/home/samuchair/ros2_ws/install/samuchair/lib/python3.12/site-packages/samuchair/arduinoNode.py,handle_joystick_silla,20,61,Enviando comando al Arduino: velocidad,Joystick
1765969977.0961826,1765969977.0957325,/home/samuchair/ros2_ws/install/samuchair/lib/python3.12/site-packages/samuchair/jBNode.py,jb_callback,20,38,Comando Joystick Bluetooth: 3,JoystickBluetooth
1765969977.096209,1765969977.0960698,/home/samuchair/ros2_ws/install/samuchair/lib/python3.12/site-packages/samuchair/mainNode.py,callback_subJoy,20,82,Comando Joystick Bluetooth: 3,mainNode
1765969977.1708298,1765969977.1707284,/home/samuchair/ros2_ws/install/samuchair/lib/python3.12/site-packages/samuchair/jBNode.py,jb_callback,20,38,Comando Joystick Bluetooth: 0,JoystickBluetooth
1765969977.1721325,1765969977.170954,/home/samuchair/ros2_ws/install/samuchair/lib/python3.12/site-packages/samuchair/mainNode.py,callback_subJoy,20,82,Comando Joystick Bluetooth: 0,mainNode
1765969977.2506478,1765969977.2504728,/home/samuchair/ros2_ws/install/samuchair/lib/python3.12/site-packages/samuchair/arduinoNode.py,handle_joystick_silla,20,61,Enviando comando al Arduino: velocidad,Joystick
1765969977.2506819,1765969977.250473,/home/samuchair/ros2_ws/install/samuchair/lib/python3.12/site-packages/samuchair/mainNode.py,callback_handleServiceResponse,20,142,Estoy en el servicio llamado desde mainNode,mainNode
1765969977.5532215,1765969977.5530026,/home/samuchair/ros2_ws/install/samuchair/lib/python3.12/site-packages/samuchair/arduinoNode.py,handle_joystick_silla,20,61,Enviando comando al Arduino: velocidad,Joystick
1765969977.5532596,1765969977.5530322,/home/samuchair/ros2_ws/install/samuchair/lib/python3.12/site-packages/samuchair/mainNode.py,callback_handleServiceResponse,20,142,Estoy en el servicio llamado desde mainNode,mainNode
1765969977.7933733,1765969977.7932756,/home/samuchair/ros2_ws/install/samuchair/lib/python3.12/site-packages/samuchair/webcamNode.py,timer_callback,20,61,Frame: 72,webcam
1765969977.855655,1765969977.8555112,/home/samuchair/ros2_ws/install/samuchair/lib/python3.12/site-packages/samuchair/mainNode.py,callback_handleServiceResponse,20,142,Estoy en el servicio llamado desde mainNode,mainNode
1765969978.3334348,1765969978.333251,/home/samuchair/ros2_ws/install/samuchair/lib/python3.12/site-packages/samuchair/jBNode.py,jb_callback,20,38,Comando Joystick Bluetooth: 9,JoystickBluetooth
1765969978.3337908,1765969978.333642,/home/samuchair/ros2_ws/install/samuchair/lib/python3.12/site-packages/samuchair/mainNode.py,callback_subJoy,20,82,Comando Joystick Bluetooth: 9,mainNode
1765969978.335613,1765969978.3354697,/home/samuchair/ros2_ws/install/samuchair/lib/python3.12/site-packages/samuchair/arduinoNode.py,handle_joystick_silla,20,61,Enviando comando al Arduino: velocidad,Joystick
1765969978.4083505,1765969978.4082162,/home/samuchair/ros2_ws/install/samuchair/lib/python3.12/site-packages/samuchair/jBNode.py,jb_callback,20,38,Comando Joystick Bluetooth: 10,JoystickBluetooth
1765969978.4087737,1765969978.408651,/home/samuchair/ros2_ws/install/samuchair/lib/python3.12/site-packages/samuchair/mainNode.py,callback_subJoy,20,82,Comando Joystick Bluetooth: 10,mainNode
1765969978.595918,1765969978.5957916,/home/samuchair/ros2_ws/install/samuchair/lib/python3.12/site-packages/samuchair/jBNode.py,jb_callback,20,38,Comando Joystick Bluetooth: 3,JoystickBluetooth
1765969978.59628,1765969978.596158,/home/samuchair/ros2_ws/install/samuchair/lib/python3.12/site-packages/samuchair/mainNode.py,callback_subJoy,20,82,Comando Joystick Bluetooth: 3,mainNode
1765969978.6380787,1765969978.6378844,/home/samuchair/ros2_ws/install/samuchair/lib/python3.12/site-packages/samuchair/mainNode.py,callback_handleServiceResponse,20,142,Estoy en el servicio llamado desde mainNode,mainNode
1765969978.638116,1765969978.6378996,/home/samuchair/ros2_ws/install/samuchair/lib/python3.12/site-packages/samuchair/arduinoNode.py,handle_joystick_silla,20,61,Enviando comando al Arduino: velocidad,Joystick
1765969978.940484,1765969978.9403052,/home/samuchair/ros2_ws/install/samuchair/lib/python3.12/site-packages/samuchair/arduinoNode.py,handle_joystick_silla,20,61,Enviando comando al Arduino: velocidad,Joystick
1765969978.9405577,1765969978.9404118,/home/samuchair/ros2_ws/install/samuchair/lib/python3.12/site-packages/samuchair/mainNode.py,callback_handleServiceResponse,20,142,Estoy en el servicio llamado desde mainNode,mainNode
1765969979.1959202,1765969979.1958003,/home/samuchair/ros2_ws/install/samuchair/lib/python3.12/site-packages/samuchair/jBNode.py,jb_callback,20,38,Comando Joystick Bluetooth: 10,JoystickBluetooth
1765969979.1962938,1765969979.19618,/home/samuchair/ros2_ws/install/samuchair/lib/python3.12/site-packages/samuchair/mainNode.py,callback_subJoy,20,82,Comando Joystick Bluetooth: 10,mainNode
1765969979.24284,1765969979.2426372,/home/samuchair/ros2_ws/install/samuchair/lib/python3.12/site-packages/samuchair/arduinoNode.py,handle_joystick_silla,20,61,Enviando comando al Arduino: velocidad,Joystick
1765969979.242901,1765969979.242691,/home/samuchair/ros2_ws/install/samuchair/lib/python3.12/site-packages/samuchair/mainNode.py,callback_handleServiceResponse,20,142,Estoy en el servicio llamado desde mainNode,mainNode
1765969979.5451393,1765969979.5450099,/home/samuchair/ros2_ws/install/samuchair/lib/python3.12/site-packages/samuchair/mainNode.py,callback_handleServiceResponse,20,142,Estoy en el servicio llamado desde mainNode,mainNode
1765969979.6834457,1765969979.6833262,/home/samuchair/ros2_ws/install/samuchair/lib/python3.12/site-packages/samuchair/jBNode.py,jb_callback,20,38,Comando Joystick Bluetooth: 9,JoystickBluetooth
1765969979.6837823,1765969979.683665,/home/samuchair/ros2_ws/install/samuchair/lib/python3.12/site-packages/samuchair/mainNode.py,callback_subJoy,20,82,Comando Joystick Bluetooth: 9,mainNode
1765969979.6855981,1765969979.6854591,/home/samuchair/ros2_ws/install/samuchair/lib/python3.12/site-packages/samuchair/arduinoNode.py,handle_joystick_silla,20,61,Enviando comando al Arduino: velocidad,Joystick
1765969979.79263,1765969979.7925184,/home/samuchair/ros2_ws/install/samuchair/lib/python3.12/site-packages/samuchair/webcamNode.py,timer_callback,20,61,Frame: 73,webcam
1765969979.9878764,1765969979.987735,/home/samuchair/ros2_ws/install/samuchair/lib/python3.12/site-packages/samuchair/mainNode.py,callback_handleServiceResponse,20,142,Estoy en el servicio llamado desde mainNode,mainNode
1765969980.6209502,1765969980.620833,/home/samuchair/ros2_ws/install/samuchair/lib/python3.12/site-packages/samuchair/jBNode.py,jb_callback,20,38,Comando Joystick Bluetooth: 10,JoystickBluetooth
1765969980.6213398,1765969980.621211,/home/samuchair/ros2_ws/install/samuchair/lib/python3.12/site-packages/samuchair/mainNode.py,callback_subJoy,20,82,Comando Joystick Bluetooth: 10,mainNode
1765969980.623295,1765969980.623145,/home/samuchair/ros2_ws/install/samuchair/lib/python3.12/site-packages/samuchair/arduinoNode.py,handle_joystick_silla,20,61,Enviando comando al Arduino: velocidad,Joystick
1765969980.6583438,1765969980.658211,/home/samuchair/ros2_ws/install/samuchair/lib/python3.12/site-packages/samuchair/jBNode.py,jb_callback,20,38,Comando Joystick Bluetooth: 3,JoystickBluetooth
1765969980.6587043,1765969980.6585906,/home/samuchair/ros2_ws/install/samuchair/lib/python3.12/site-packages/samuchair/mainNode.py,callback_subJoy,20,82,Comando Joystick Bluetooth: 3,mainNode
1765969980.6958668,1765969980.695746,/home/samuchair/ros2_ws/install/samuchair/lib/python3.12/site-packages/samuchair/jBNode.py,jb_callback,20,38,Comando Joystick Bluetooth: 0,JoystickBluetooth
1765969980.696075,1765969980.6959465,/home/samuchair/ros2_ws/install/samuchair/lib/python3.12/site-packages/samuchair/mainNode.py,callback_subJoy,20,82,Comando Joystick Bluetooth: 0,mainNode
1765969980.9259198,1765969980.9256449,/home/samuchair/ros2_ws/install/samuchair/lib/python3.12/site-packages/samuchair/mainNode.py,callback_handleServiceResponse,20,142,Estoy en el servicio llamado desde mainNode,mainNode
1765969980.9259562,1765969980.9257338,/home/samuchair/ros2_ws/install/samuchair/lib/python3.12/site-packages/samuchair/arduinoNode.py,handle_joystick_silla,20,61,Enviando comando al Arduino: velocidad,Joystick
1765969981.1834126,1765969981.183298,/home/samuchair/ros2_ws/install/samuchair/lib/python3.12/site-packages/samuchair/jBNode.py,jb_callback,20,38,Comando Joystick Bluetooth: 3,JoystickBluetooth
1765969981.1837578,1765969981.1836462,/home/samuchair/ros2_ws/install/samuchair/lib/python3.12/site-packages/samuchair/mainNode.py,callback_subJoy,20,82,Comando Joystick Bluetooth: 3,mainNode
1765969981.2283463,1765969981.2281861,/home/samuchair/ros2_ws/install/samuchair/lib/python3.12/site-packages/samuchair/mainNode.py,callback_handleServiceResponse,20,142,Estoy en el servicio llamado desde mainNode,mainNode
1765969981.4296308,1765969981.4294302,/home/samuchair/ros2_ws/install/samuchair/lib/python3.12/site-packages/samuchair/arduinoNode.py,handle_joystick_silla,20,61,Enviando comando al Arduino: velocidad,Joystick
1765969981.732145,1765969981.731957,/home/samuchair/ros2_ws/install/samuchair/lib/python3.12/site-packages/samuchair/mainNode.py,callback_handleServiceResponse,20,142,Estoy en el servicio llamado desde mainNode,mainNode
1765969981.7321854,1765969981.7320294,/home/samuchair/ros2_ws/install/samuchair/lib/python3.12/site-packages/samuchair/arduinoNode.py,handle_joystick_silla,20,61,Enviando comando al Arduino: velocidad,Joystick
1765969981.792673,1765969981.7925832,/home/samuchair/ros2_ws/install/samuchair/lib/python3.12/site-packages/samuchair/webcamNode.py,timer_callback,20,61,Frame: 74,webcam
1765969982.0345256,1765969982.0343993,/home/samuchair/ros2_ws/install/samuchair/lib/python3.12/site-packages/samuchair/mainNode.py,callback_handleServiceResponse,20,142,Estoy en el servicio llamado desde mainNode,mainNode
1765969982.2709565,1765969982.2708395,/home/samuchair/ros2_ws/install/samuchair/lib/python3.12/site-packages/samuchair/jBNode.py,jb_callback,20,38,Comando Joystick Bluetooth: 12,JoystickBluetooth
1765969982.271373,1765969982.2712405,/home/samuchair/ros2_ws/install/samuchair/lib/python3.12/site-packages/samuchair/mainNode.py,callback_subJoy,20,82,Comando Joystick Bluetooth: 12,mainNode
1765969982.2731862,1765969982.2730465,/home/samuchair/ros2_ws/install/samuchair/lib/python3.12/site-packages/samuchair/arduinoNode.py,handle_joystick_silla,20,61,Enviando comando al Arduino: velocidad,Joystick
1765969982.5756478,1765969982.575514,/home/samuchair/ros2_ws/install/samuchair/lib/python3.12/site-packages/samuchair/mainNode.py,callback_handleServiceResponse,20,142,Estoy en el servicio llamado desde mainNode,mainNode
1765969983.0959735,1765969983.095828,/home/samuchair/ros2_ws/install/samuchair/lib/python3.12/site-packages/samuchair/jBNode.py,jb_callback,20,38,Comando Joystick Bluetooth: 3,JoystickBluetooth
1765969983.0961874,1765969983.096089,/home/samuchair/ros2_ws/install/samuchair/lib/python3.12/site-packages/samuchair/mainNode.py,callback_subJoy,20,82,Comando Joystick Bluetooth: 3,mainNode
1765969983.0980475,1765969983.0979156,/home/samuchair/ros2_ws/install/samuchair/lib/python3.12/site-packages/samuchair/arduinoNode.py,handle_joystick_silla,20,61,Enviando comando al Arduino: velocidad,Joystick
1765969983.1333125,1765969983.1331968,/home/samuchair/ros2_ws/install/samuchair/lib/python3.12/site-packages/samuchair/jBNode.py,jb_callback,20,38,Comando Joystick Bluetooth: 0,JoystickBluetooth
1765969983.1339025,1765969983.1335692,/home/samuchair/ros2_ws/install/samuchair/lib/python3.12/site-packages/samuchair/mainNode.py,callback_subJoy,20,82,Comando Joystick Bluetooth: 0,mainNode
1765969983.4004714,1765969983.4002495,/home/samuchair/ros2_ws/install/samuchair/lib/python3.12/site-packages/samuchair/arduinoNode.py,handle_joystick_silla,20,61,Enviando comando al Arduino: velocidad,Joystick
1765969983.4008596,1765969983.400462,/home/samuchair/ros2_ws/install/samuchair/lib/python3.12/site-packages/samuchair/mainNode.py,callback_handleServiceResponse,20,142,Estoy en el servicio llamado desde mainNode,mainNode
1765969983.702831,1765969983.7026913,/home/samuchair/ros2_ws/install/samuchair/lib/python3.12/site-packages/samuchair/mainNode.py,callback_handleServiceResponse,20,142,Estoy en el servicio llamado desde mainNode,mainNode
1765969983.7935667,1765969983.793458,/home/samuchair/ros2_ws/install/samuchair/lib/python3.12/site-packages/samuchair/webcamNode.py,timer_callback,20,61,Frame: 75,webcam
1765969984.183534,1765969984.1834157,/home/samuchair/ros2_ws/install/samuchair/lib/python3.12/site-packages/samuchair/jBNode.py,jb_callback,20,38,Comando Joystick Bluetooth: 3,JoystickBluetooth
1765969984.1838677,1765969984.1837528,/home/samuchair/ros2_ws/install/samuchair/lib/python3.12/site-packages/samuchair/mainNode.py,callback_subJoy,20,82,Comando Joystick Bluetooth: 3,mainNode
1765969984.185706,1765969984.185556,/home/samuchair/ros2_ws/install/samuchair/lib/python3.12/site-packages/samuchair/arduinoNode.py,handle_joystick_silla,20,61,Enviando comando al Arduino: velocidad,Joystick
1765969984.2209525,1765969984.2208421,/home/samuchair/ros2_ws/install/samuchair/lib/python3.12/site-packages/samuchair/jBNode.py,jb_callback,20,38,Comando Joystick Bluetooth: 10,JoystickBluetooth
1765969984.221328,1765969984.2211986,/home/samuchair/ros2_ws/install/samuchair/lib/python3.12/site-packages/samuchair/mainNode.py,callback_subJoy,20,82,Comando Joystick Bluetooth: 10,mainNode
1765969984.4883456,1765969984.488163,/home/samuchair/ros2_ws/install/samuchair/lib/python3.12/site-packages/samuchair/arduinoNode.py,handle_joystick_silla,20,61,Enviando comando al Arduino: velocidad,Joystick
1765969984.4883761,1765969984.488164,/home/samuchair/ros2_ws/install/samuchair/lib/python3.12/site-packages/samuchair/mainNode.py,callback_handleServiceResponse,20,142,Estoy en el servicio llamado desde mainNode,mainNode
1765969984.7908752,1765969984.7906995,/home/samuchair/ros2_ws/install/samuchair/lib/python3.12/site-packages/samuchair/mainNode.py,callback_handleServiceResponse,20,142,Estoy en el servicio llamado desde mainNode,mainNode
1765969984.970968,1765969984.9708588,/home/samuchair/ros2_ws/install/samuchair/lib/python3.12/site-packages/samuchair/jBNode.py,jb_callback,20,38,Comando Joystick Bluetooth: 3,JoystickBluetooth
1765969984.971357,1765969984.9712393,/home/samuchair/ros2_ws/install/samuchair/lib/python3.12/site-packages/samuchair/mainNode.py,callback_subJoy,20,82,Comando Joystick Bluetooth: 3,mainNode
1765969984.9732068,1765969984.9730713,/home/samuchair/ros2_ws/install/samuchair/lib/python3.12/site-packages/samuchair/arduinoNode.py,handle_joystick_silla,20,61,Enviando comando al Arduino: velocidad,Joystick
1765969985.196059,1765969985.195933,/home/samuchair/ros2_ws/install/samuchair/lib/python3.12/site-packages/samuchair/jBNode.py,jb_callback,20,38,Comando Joystick Bluetooth: 10,JoystickBluetooth
1765969985.196386,1765969985.1962738,/home/samuchair/ros2_ws/install/samuchair/lib/python3.12/site-packages/samuchair/mainNode.py,callback_subJoy,20,82,Comando Joystick Bluetooth: 10,mainNode
1765969985.2757094,1765969985.2755547,/home/samuchair/ros2_ws/install/samuchair/lib/python3.12/site-packages/samuchair/mainNode.py,callback_handleServiceResponse,20,142,Estoy en el servicio llamado desde mainNode,mainNode
1765969985.2757442,1765969985.2756417,/home/samuchair/ros2_ws/install/samuchair/lib/python3.12/site-packages/samuchair/arduinoNode.py,handle_joystick_silla,20,61,Enviando comando al Arduino: velocidad,Joystick
1765969985.578054,1765969985.5779228,/home/samuchair/ros2_ws/install/samuchair/lib/python3.12/site-packages/samuchair/mainNode.py,callback_handleServiceResponse,20,142,Estoy en el servicio llamado desde mainNode,mainNode
1765969985.7925518,1765969985.792443,/home/samuchair/ros2_ws/install/samuchair/lib/python3.12/site-packages/samuchair/webcamNode.py,timer_callback,20,61,Frame: 76,webcam
1765969986.771161,1765969986.7710094,/home/samuchair/ros2_ws/install/samuchair/lib/python3.12/site-packages/samuchair/jBNode.py,jb_callback,20,38,Comando Joystick Bluetooth: 3,JoystickBluetooth
1765969986.7719488,1765969986.7715569,/home/samuchair/ros2_ws/install/samuchair/lib/python3.12/site-packages/samuchair/mainNode.py,callback_subJoy,20,82,Comando Joystick Bluetooth: 3,mainNode
1765969986.773238,1765969986.7730021,/home/samuchair/ros2_ws/install/samuchair/lib/python3.12/site-packages/samuchair/jBNode.py,jb_callback,20,38,Comando Joystick Bluetooth: 0,JoystickBluetooth
1765969986.7737362,1765969986.7735384,/home/samuchair/ros2_ws/install/samuchair/lib/python3.12/site-packages/samuchair/mainNode.py,callback_subJoy,20,82,Comando Joystick Bluetooth: 0,mainNode
1765969986.7740712,1765969986.7737134,/home/samuchair/ros2_ws/install/samuchair/lib/python3.12/site-packages/samuchair/arduinoNode.py,handle_joystick_silla,20,61,Enviando comando al Arduino: velocidad,Joystick
1765969987.0710242,1765969987.070894,/home/samuchair/ros2_ws/install/samuchair/lib/python3.12/site-packages/samuchair/jBNode.py,jb_callback,20,38,Comando Joystick Bluetooth: 9,JoystickBluetooth
1765969987.071408,1765969987.071291,/home/samuchair/ros2_ws/install/samuchair/lib/python3.12/site-packages/samuchair/mainNode.py,callback_subJoy,20,82,Comando Joystick Bluetooth: 9,mainNode
1765969987.0764375,1765969987.0762608,/home/samuchair/ros2_ws/install/samuchair/lib/python3.12/site-packages/samuchair/arduinoNode.py,handle_joystick_silla,20,61,Enviando comando al Arduino: velocidad,Joystick
1765969987.076478,1765969987.0763543,/home/samuchair/ros2_ws/install/samuchair/lib/python3.12/site-packages/samuchair/mainNode.py,callback_handleServiceResponse,20,142,Estoy en el servicio llamado desde mainNode,mainNode
1765969987.379031,1765969987.3788834,/home/samuchair/ros2_ws/install/samuchair/lib/python3.12/site-packages/samuchair/mainNode.py,callback_handleServiceResponse,20,142,Estoy en el servicio llamado desde mainNode,mainNode
1765969987.5798926,1765969987.579698,/home/samuchair/ros2_ws/install/samuchair/lib/python3.12/site-packages/samuchair/arduinoNode.py,handle_joystick_silla,20,61,Enviando comando al Arduino: velocidad,Joystick
1765969987.7935069,1765969987.7933984,/home/samuchair/ros2_ws/install/samuchair/lib/python3.12/site-packages/samuchair/webcamNode.py,timer_callback,20,61,Frame: 77,webcam
1765969987.882301,1765969987.8821552,/home/samuchair/ros2_ws/install/samuchair/lib/python3.12/site-packages/samuchair/mainNode.py,callback_handleServiceResponse,20,142,Estoy en el servicio llamado desde mainNode,mainNode
1765969988.608512,1765969988.6083992,/home/samuchair/ros2_ws/install/samuchair/lib/python3.12/site-packages/samuchair/jBNode.py,jb_callback,20,38,Comando Joystick Bluetooth: 0,JoystickBluetooth
1765969988.6089087,1765969988.608799,/home/samuchair/ros2_ws/install/samuchair/lib/python3.12/site-packages/samuchair/mainNode.py,callback_subJoy,20,82,Comando Joystick Bluetooth: 0,mainNode
1765969988.610755,1765969988.6106064,/home/samuchair/ros2_ws/install/samuchair/lib/python3.12/site-packages/samuchair/arduinoNode.py,handle_joystick_silla,20,61,Enviando comando al Arduino: velocidad,Joystick
1765969988.913188,1765969988.9130325,/home/samuchair/ros2_ws/install/samuchair/lib/python3.12/site-packages/samuchair/mainNode.py,callback_handleServiceResponse,20,142,Estoy en el servicio llamado desde mainNode,mainNode
1765969989.2085254,1765969989.2083352,/home/samuchair/ros2_ws/install/samuchair/lib/python3.12/site-packages/samuchair/jBNode.py,jb_callback,20,38,Comando Joystick Bluetooth: 9,JoystickBluetooth
1765969989.2088418,1765969989.2087343,/home/samuchair/ros2_ws/install/samuchair/lib/python3.12/site-packages/samuchair/mainNode.py,callback_subJoy,20,82,Comando Joystick Bluetooth: 9,mainNode
1765969989.210691,1765969989.2105465,/home/samuchair/ros2_ws/install/samuchair/lib/python3.12/site-packages/samuchair/arduinoNode.py,handle_joystick_silla,20,61,Enviando comando al Arduino: velocidad,Joystick
1765969989.5133016,1765969989.5131407,/home/samuchair/ros2_ws/install/samuchair/lib/python3.12/site-packages/samuchair/mainNode.py,callback_handleServiceResponse,20,142,Estoy en el servicio llamado desde mainNode,mainNode
1765969989.7933786,1765969989.7932603,/home/samuchair/ros2_ws/install/samuchair/lib/python3.12/site-packages/samuchair/webcamNode.py,timer_callback,20,61,Frame: 78,webcam
1765969989.958442,1765969989.9583268,/home/samuchair/ros2_ws/install/samuchair/lib/python3.12/site-packages/samuchair/jBNode.py,jb_callback,20,38,Comando Joystick Bluetooth: 10,JoystickBluetooth
1765969989.9589489,1765969989.9587996,/home/samuchair/ros2_ws/install/samuchair/lib/python3.12/site-packages/samuchair/mainNode.py,callback_subJoy,20,82,Comando Joystick Bluetooth: 10,mainNode
1765969989.9607308,1765969989.9605901,/home/samuchair/ros2_ws/install/samuchair/lib/python3.12/site-packages/samuchair/arduinoNode.py,handle_joystick_silla,20,61,Enviando comando al Arduino: velocidad,Joystick
1765969989.9959583,1765969989.9958413,/home/samuchair/ros2_ws/install/samuchair/lib/python3.12/site-packages/samuchair/jBNode.py,jb_callback,20,38,Comando Joystick Bluetooth: 3,JoystickBluetooth
1765969989.996576,1765969989.9962447,/home/samuchair/ros2_ws/install/samuchair/lib/python3.12/site-packages/samuchair/mainNode.py,callback_subJoy,20,82,Comando Joystick Bluetooth: 3,mainNode
1765969989.9970777,1765969989.9968734,/home/samuchair/ros2_ws/install/samuchair/lib/python3.12/site-packages/samuchair/jBNode.py,jb_callback,20,38,Comando Joystick Bluetooth: 0,JoystickBluetooth
1765969989.998307,1765969989.9981709,/home/samuchair/ros2_ws/install/samuchair/lib/python3.12/site-packages/samuchair/mainNode.py,callback_subJoy,20,82,Comando Joystick Bluetooth: 0,mainNode
1765969990.2632217,1765969990.263044,/home/samuchair/ros2_ws/install/samuchair/lib/python3.12/site-packages/samuchair/mainNode.py,callback_handleServiceResponse,20,142,Estoy en el servicio llamado desde mainNode,mainNode
1765969990.263271,1765969990.2631495,/home/samuchair/ros2_ws/install/samuchair/lib/python3.12/site-packages/samuchair/arduinoNode.py,handle_joystick_silla,20,61,Enviando comando al Arduino: velocidad,Joystick
1765969990.565573,1765969990.5654113,/home/samuchair/ros2_ws/install/samuchair/lib/python3.12/site-packages/samuchair/arduinoNode.py,handle_joystick_silla,20,61,Enviando comando al Arduino: velocidad,Joystick
1765969990.5656135,1765969990.5654972,/home/samuchair/ros2_ws/install/samuchair/lib/python3.12/site-packages/samuchair/mainNode.py,callback_handleServiceResponse,20,142,Estoy en el servicio llamado desde mainNode,mainNode
1765969990.6335406,1765969990.633422,/home/samuchair/ros2_ws/install/samuchair/lib/python3.12/site-packages/samuchair/jBNode.py,jb_callback,20,38,Comando Joystick Bluetooth: 9,JoystickBluetooth
1765969990.633887,1765969990.633773,/home/samuchair/ros2_ws/install/samuchair/lib/python3.12/site-packages/samuchair/mainNode.py,callback_subJoy,20,82,Comando Joystick Bluetooth: 9,mainNode
1765969990.8680153,1765969990.8678212,/home/samuchair/ros2_ws/install/samuchair/lib/python3.12/site-packages/samuchair/arduinoNode.py,handle_joystick_silla,20,61,Enviando comando al Arduino: velocidad,Joystick
1765969990.8680525,1765969990.867857,/home/samuchair/ros2_ws/install/samuchair/lib/python3.12/site-packages/samuchair/mainNode.py,callback_handleServiceResponse,20,142,Estoy en el servicio llamado desde mainNode,mainNode
1765969991.1210294,1765969991.1209064,/home/samuchair/ros2_ws/install/samuchair/lib/python3.12/site-packages/samuchair/jBNode.py,jb_callback,20,38,Comando Joystick Bluetooth: 10,JoystickBluetooth
1765969991.1214433,1765969991.1213312,/home/samuchair/ros2_ws/install/samuchair/lib/python3.12/site-packages/samuchair/mainNode.py,callback_subJoy,20,82,Comando Joystick Bluetooth: 10,mainNode
1765969991.1703336,1765969991.170139,/home/samuchair/ros2_ws/install/samuchair/lib/python3.12/site-packages/samuchair/arduinoNode.py,handle_joystick_silla,20,61,Enviando comando al Arduino: velocidad,Joystick
1765969991.1703663,1765969991.1701393,/home/samuchair/ros2_ws/install/samuchair/lib/python3.12/site-packages/samuchair/mainNode.py,callback_handleServiceResponse,20,142,Estoy en el servicio llamado desde mainNode,mainNode
1765969991.4725842,1765969991.4724634,/home/samuchair/ros2_ws/install/samuchair/lib/python3.12/site-packages/samuchair/mainNode.py,callback_handleServiceResponse,20,142,Estoy en el servicio llamado desde mainNode,mainNode
1765969991.6086087,1765969991.6084945,/home/samuchair/ros2_ws/install/samuchair/lib/python3.12/site-packages/samuchair/jBNode.py,jb_callback,20,38,Comando Joystick Bluetooth: 3,JoystickBluetooth
1765969991.6089756,1765969991.60886,/home/samuchair/ros2_ws/install/samuchair/lib/python3.12/site-packages/samuchair/mainNode.py,callback_subJoy,20,82,Comando Joystick Bluetooth: 3,mainNode
1765969991.6097286,1765969991.609592,/home/samuchair/ros2_ws/install/samuchair/lib/python3.12/site-packages/samuchair/jBNode.py,jb_callback,20,38,Comando Joystick Bluetooth: 0,JoystickBluetooth
1765969991.610906,1765969991.61076,/home/samuchair/ros2_ws/install/samuchair/lib/python3.12/site-packages/samuchair/arduinoNode.py,handle_joystick_silla,20,61,Enviando comando al Arduino: velocidad,Joystick
1765969991.6113396,1765969991.6112053,/home/samuchair/ros2_ws/install/samuchair/lib/python3.12/site-packages/samuchair/mainNode.py,callback_subJoy,20,82,Comando Joystick Bluetooth: 0,mainNode
1765969991.7936354,1765969991.7935216,/home/samuchair/ros2_ws/install/samuchair/lib/python3.12/site-packages/samuchair/webcamNode.py,timer_callback,20,61,Frame: 79,webcam
1765969991.9135187,1765969991.9133422,/home/samuchair/ros2_ws/install/samuchair/lib/python3.12/site-packages/samuchair/mainNode.py,callback_handleServiceResponse,20,142,Estoy en el servicio llamado desde mainNode,mainNode
1765969991.9135578,1765969991.9134455,/home/samuchair/ros2_ws/install/samuchair/lib/python3.12/site-packages/samuchair/arduinoNode.py,handle_joystick_silla,20,61,Enviando comando al Arduino: velocidad,Joystick
1765969992.2085028,1765969992.2083883,/home/samuchair/ros2_ws/install/samuchair/lib/python3.12/site-packages/samuchair/jBNode.py,jb_callback,20,38,Comando Joystick Bluetooth: 9,JoystickBluetooth
1765969992.2089093,1765969992.2087982,/home/samuchair/ros2_ws/install/samuchair/lib/python3.12/site-packages/samuchair/mainNode.py,callback_subJoy,20,82,Comando Joystick Bluetooth: 9,mainNode
1765969992.2157047,1765969992.2155602,/home/samuchair/ros2_ws/install/samuchair/lib/python3.12/site-packages/samuchair/mainNode.py,callback_handleServiceResponse,20,142,Estoy en el servicio llamado desde mainNode,mainNode
1765969992.2159765,1765969992.215653,/home/samuchair/ros2_ws/install/samuchair/lib/python3.12/site-packages/samuchair/arduinoNode.py,handle_joystick_silla,20,61,Enviando comando al Arduino: velocidad,Joystick
1765969992.3961124,1765969992.3959663,/home/samuchair/ros2_ws/install/samuchair/lib/python3.12/site-packages/samuchair/jBNode.py,jb_callback,20,38,Comando Joystick Bluetooth: 10,JoystickBluetooth
1765969992.3965201,1765969992.3964086,/home/samuchair/ros2_ws/install/samuchair/lib/python3.12/site-packages/samuchair/mainNode.py,callback_subJoy,20,82,Comando Joystick Bluetooth: 10,mainNode
1765969992.5182881,1765969992.5181093,/home/samuchair/ros2_ws/install/samuchair/lib/python3.12/site-packages/samuchair/mainNode.py,callback_handleServiceResponse,20,142,Estoy en el servicio llamado desde mainNode,mainNode
1765969992.518321,1765969992.518109,/home/samuchair/ros2_ws/install/samuchair/lib/python3.12/site-packages/samuchair/arduinoNode.py,handle_joystick_silla,20,61,Enviando comando al Arduino: velocidad,Joystick
1765969992.820686,1765969992.820533,/home/samuchair/ros2_ws/install/samuchair/lib/python3.12/site-packages/samuchair/mainNode.py,callback_handleServiceResponse,20,142,Estoy en el servicio llamado desde mainNode,mainNode
1765969992.9211507,1765969992.9210162,/home/samuchair/ros2_ws/install/samuchair/lib/python3.12/site-packages/samuchair/jBNode.py,jb_callback,20,38,Comando Joystick Bluetooth: 3,JoystickBluetooth
1765969992.9218156,1765969992.921484,/home/samuchair/ros2_ws/install/samuchair/lib/python3.12/site-packages/samuchair/mainNode.py,callback_subJoy,20,82,Comando Joystick Bluetooth: 3,mainNode
1765969992.9234126,1765969992.9232745,/home/samuchair/ros2_ws/install/samuchair/lib/python3.12/site-packages/samuchair/arduinoNode.py,handle_joystick_silla,20,61,Enviando comando al Arduino: velocidad,Joystick
1765969993.226107,1765969993.2259347,/home/samuchair/ros2_ws/install/samuchair/lib/python3.12/site-packages/samuchair/mainNode.py,callback_handleServiceResponse,20,142,Estoy en el servicio llamado desde mainNode,mainNode
1765969993.7929525,1765969993.7928376,/home/samuchair/ros2_ws/install/samuchair/lib/python3.12/site-packages/samuchair/webcamNode.py,timer_callback,20,61,Frame: 80,webcam
1765969993.9711325,1765969993.9709723,/home/samuchair/ros2_ws/install/samuchair/lib/python3.12/site-packages/samuchair/jBNode.py,jb_callback,20,38,Comando Joystick Bluetooth: 10,JoystickBluetooth
1765969993.971708,1765969993.9715042,/home/samuchair/ros2_ws/install/samuchair/lib/python3.12/site-packages/samuchair/mainNode.py,callback_subJoy,20,82,Comando Joystick Bluetooth: 10,mainNode
1765969993.9734774,1765969993.9733353,/home/samuchair/ros2_ws/install/samuchair/lib/python3.12/site-packages/samuchair/arduinoNode.py,handle_joystick_silla,20,61,Enviando comando al Arduino: velocidad,Joystick
1765969994.1211028,1765969994.1209662,/home/samuchair/ros2_ws/install/samuchair/lib/python3.12/site-packages/samuchair/jBNode.py,jb_callback,20,38,Comando Joystick Bluetooth: 9,JoystickBluetooth
1765969994.1216843,1765969994.1215289,/home/samuchair/ros2_ws/install/samuchair/lib/python3.12/site-packages/samuchair/mainNode.py,callback_subJoy,20,82,Comando Joystick Bluetooth: 9,mainNode
1765969994.2758555,1765969994.275711,/home/samuchair/ros2_ws/install/samuchair/lib/python3.12/site-packages/samuchair/arduinoNode.py,handle_joystick_silla,20,61,Enviando comando al Arduino: velocidad,Joystick
1765969994.2759655,1765969994.2758353,/home/samuchair/ros2_ws/install/samuchair/lib/python3.12/site-packages/samuchair/mainNode.py,callback_handleServiceResponse,20,142,Estoy en el servicio llamado desde mainNode,mainNode
1765969994.5782347,1765969994.5781088,/home/samuchair/ros2_ws/install/samuchair/lib/python3.12/site-packages/samuchair/mainNode.py,callback_handleServiceResponse,20,142,Estoy en el servicio llamado desde mainNode,mainNode
1765969994.796139,1765969994.7960176,/home/samuchair/ros2_ws/install/samuchair/lib/python3.12/site-packages/samuchair/jBNode.py,jb_callback,20,38,Comando Joystick Bluetooth: 10,JoystickBluetooth
1765969994.796537,1765969994.796424,/home/samuchair/ros2_ws/install/samuchair/lib/python3.12/site-packages/samuchair/mainNode.py,callback_subJoy,20,82,Comando Joystick Bluetooth: 10,mainNode
1765969994.798319,1765969994.7981632,/home/samuchair/ros2_ws/install/samuchair/lib/python3.12/site-packages/samuchair/arduinoNode.py,handle_joystick_silla,20,61,Enviando comando al Arduino: velocidad,Joystick
1765969995.1006765,1765969995.100513,/home/samuchair/ros2_ws/install/samuchair/lib/python3.12/site-packages/samuchair/mainNode.py,callback_handleServiceResponse,20,142,Estoy en el servicio llamado desde mainNode,mainNode
1765969995.2836556,1765969995.2835376,/home/samuchair/ros2_ws/install/samuchair/lib/python3.12/site-packages/samuchair/jBNode.py,jb_callback,20,38,Comando Joystick Bluetooth: 9,JoystickBluetooth
1765969995.2840438,1765969995.2839344,/home/samuchair/ros2_ws/install/samuchair/lib/python3.12/site-packages/samuchair/mainNode.py,callback_subJoy,20,82,Comando Joystick Bluetooth: 9,mainNode
1765969995.2858431,1765969995.2857006,/home/samuchair/ros2_ws/install/samuchair/lib/python3.12/site-packages/samuchair/arduinoNode.py,handle_joystick_silla,20,61,Enviando comando al Arduino: velocidad,Joystick
1765969995.4710326,1765969995.4709249,/home/samuchair/ros2_ws/install/samuchair/lib/python3.12/site-packages/samuchair/jBNode.py,jb_callback,20,38,Comando Joystick Bluetooth: 10,JoystickBluetooth
1765969995.4716015,1765969995.4714506,/home/samuchair/ros2_ws/install/samuchair/lib/python3.12/site-packages/samuchair/mainNode.py,callback_subJoy,20,82,Comando Joystick Bluetooth: 10,mainNode
1765969995.5085757,1765969995.5084572,/home/samuchair/ros2_ws/install/samuchair/lib/python3.12/site-packages/samuchair/jBNode.py,jb_callback,20,38,Comando Joystick Bluetooth: 3,JoystickBluetooth
1765969995.5089767,1765969995.5088565,/home/samuchair/ros2_ws/install/samuchair/lib/python3.12/site-packages/samuchair/mainNode.py,callback_subJoy,20,82,Comando Joystick Bluetooth: 3,mainNode
1765969995.5460124,1765969995.545899,/home/samuchair/ros2_ws/install/samuchair/lib/python3.12/site-packages/samuchair/jBNode.py,jb_callback,20,38,Comando Joystick Bluetooth: 10,JoystickBluetooth
1765969995.546373,1765969995.5462542,/home/samuchair/ros2_ws/install/samuchair/lib/python3.12/site-packages/samuchair/mainNode.py,callback_subJoy,20,82,Comando Joystick Bluetooth: 10,mainNode
1765969995.588235,1765969995.5880241,/home/samuchair/ros2_ws/install/samuchair/lib/python3.12/site-packages/samuchair/mainNode.py,callback_handleServiceResponse,20,142,Estoy en el servicio llamado desde mainNode,mainNode
1765969995.5882788,1765969995.5880513,/home/samuchair/ros2_ws/install/samuchair/lib/python3.12/site-packages/samuchair/arduinoNode.py,handle_joystick_silla,20,61,Enviando comando al Arduino: velocidad,Joystick
1765969995.7936628,1765969995.7935557,/home/samuchair/ros2_ws/install/samuchair/lib/python3.12/site-packages/samuchair/webcamNode.py,timer_callback,20,61,Frame: 81,webcam
1765969995.8906832,1765969995.8905137,/home/samuchair/ros2_ws/install/samuchair/lib/python3.12/site-packages/samuchair/arduinoNode.py,handle_joystick_silla,20,61,Enviando comando al Arduino: velocidad,Joystick
1765969995.8907216,1765969995.8905773,/home/samuchair/ros2_ws/install/samuchair/lib/python3.12/site-packages/samuchair/mainNode.py,callback_handleServiceResponse,20,142,Estoy en el servicio llamado desde mainNode,mainNode
1765969996.1931388,1765969996.1929774,/home/samuchair/ros2_ws/install/samuchair/lib/python3.12/site-packages/samuchair/mainNode.py,callback_handleServiceResponse,20,142,Estoy en el servicio llamado desde mainNode,mainNode
1765969996.193175,1765969996.1929667,/home/samuchair/ros2_ws/install/samuchair/lib/python3.12/site-packages/samuchair/arduinoNode.py,handle_joystick_silla,20,61,Enviando comando al Arduino: velocidad,Joystick
1765969996.2585812,1765969996.25847,/home/samuchair/ros2_ws/install/samuchair/lib/python3.12/site-packages/samuchair/jBNode.py,jb_callback,20,38,Comando Joystick Bluetooth: 3,JoystickBluetooth
1765969996.2591934,1765969996.2589066,/home/samuchair/ros2_ws/install/samuchair/lib/python3.12/site-packages/samuchair/mainNode.py,callback_subJoy,20,82,Comando Joystick Bluetooth: 3,mainNode
1765969996.4956534,1765969996.4954813,/home/samuchair/ros2_ws/install/samuchair/lib/python3.12/site-packages/samuchair/mainNode.py,callback_handleServiceResponse,20,142,Estoy en el servicio llamado desde mainNode,mainNode
1765969996.495692,1765969996.4955719,/home/samuchair/ros2_ws/install/samuchair/lib/python3.12/site-packages/samuchair/arduinoNode.py,handle_joystick_silla,20,61,Enviando comando al Arduino: velocidad,Joystick
1765969996.798505,1765969996.7983196,/home/samuchair/ros2_ws/install/samuchair/lib/python3.12/site-packages/samuchair/mainNode.py,callback_handleServiceResponse,20,142,Estoy en el servicio llamado desde mainNode,mainNode
1765969997.4211957,1765969997.4210823,/home/samuchair/ros2_ws/install/samuchair/lib/python3.12/site-packages/samuchair/jBNode.py,jb_callback,20,38,Comando Joystick Bluetooth: 10,JoystickBluetooth
1765969997.4215937,1765969997.42148,/home/samuchair/ros2_ws/install/samuchair/lib/python3.12/site-packages/samuchair/mainNode.py,callback_subJoy,20,82,Comando Joystick Bluetooth: 10,mainNode
1765969997.4235895,1765969997.4234483,/home/samuchair/ros2_ws/install/samuchair/lib/python3.12/site-packages/samuchair/arduinoNode.py,handle_joystick_silla,20,61,Enviando comando al Arduino: velocidad,Joystick
1765969997.5336428,1765969997.5335326,/home/samuchair/ros2_ws/install/samuchair/lib/python3.12/site-packages/samuchair/jBNode.py,jb_callback,20,38,Comando Joystick Bluetooth: 9,JoystickBluetooth
1765969997.5344317,1765969997.5343,/home/samuchair/ros2_ws/install/samuchair/lib/python3.12/site-packages/samuchair/mainNode.py,callback_subJoy,20,82,Comando Joystick Bluetooth: 9,mainNode
1765969997.7261634,1765969997.725998,/home/samuchair/ros2_ws/install/samuchair/lib/python3.12/site-packages/samuchair/mainNode.py,callback_handleServiceResponse,20,142,Estoy en el servicio llamado desde mainNode,mainNode
1765969997.726534,1765969997.7261803,/home/samuchair/ros2_ws/install/samuchair/lib/python3.12/site-packages/samuchair/arduinoNode.py,handle_joystick_silla,20,61,Enviando comando al Arduino: velocidad,Joystick
1765969997.7924337,1765969997.7923331,/home/samuchair/ros2_ws/install/samuchair/lib/python3.12/site-packages/samuchair/webcamNode.py,timer_callback,20,61,Frame: 82,webcam
1765969997.7960942,1765969997.7959788,/home/samuchair/ros2_ws/install/samuchair/lib/python3.12/site-packages/samuchair/jBNode.py,jb_callback,20,38,Comando Joystick Bluetooth: 10,JoystickBluetooth
1765969997.7965975,1765969997.7964616,/home/samuchair/ros2_ws/install/samuchair/lib/python3.12/site-packages/samuchair/mainNode.py,callback_subJoy,20,82,Comando Joystick Bluetooth: 10,mainNode
1765969997.833723,1765969997.8335986,/home/samuchair/ros2_ws/install/samuchair/lib/python3.12/site-packages/samuchair/jBNode.py,jb_callback,20,38,Comando Joystick Bluetooth: 3,JoystickBluetooth
1765969997.8341203,1765969997.833988,/home/samuchair/ros2_ws/install/samuchair/lib/python3.12/site-packages/samuchair/mainNode.py,callback_subJoy,20,82,Comando Joystick Bluetooth: 3,mainNode
1765969997.8349416,1765969997.834718,/home/samuchair/ros2_ws/install/samuchair/lib/python3.12/site-packages/samuchair/jBNode.py,jb_callback,20,38,Comando Joystick Bluetooth: 0,JoystickBluetooth
1765969997.8360224,1765969997.835904,/home/samuchair/ros2_ws/install/samuchair/lib/python3.12/site-packages/samuchair/mainNode.py,callback_subJoy,20,82,Comando Joystick Bluetooth: 0,mainNode
1765969998.0287657,1765969998.0285616,/home/samuchair/ros2_ws/install/samuchair/lib/python3.12/site-packages/samuchair/mainNode.py,callback_handleServiceResponse,20,142,Estoy en el servicio llamado desde mainNode,mainNode
1765969998.0288002,1765969998.0285726,/home/samuchair/ros2_ws/install/samuchair/lib/python3.12/site-packages/samuchair/arduinoNode.py,handle_joystick_silla,20,61,Enviando comando al Arduino: velocidad,Joystick
1765969998.2835622,1765969998.28345,/home/samuchair/ros2_ws/install/samuchair/lib/python3.12/site-packages/samuchair/jBNode.py,jb_callback,20,38,Comando Joystick Bluetooth: 9,JoystickBluetooth
1765969998.283958,1765969998.2838497,/home/samuchair/ros2_ws/install/samuchair/lib/python3.12/site-packages/samuchair/mainNode.py,callback_subJoy,20,82,Comando Joystick Bluetooth: 9,mainNode
1765969998.331079,1765969998.3308995,/home/samuchair/ros2_ws/install/samuchair/lib/python3.12/site-packages/samuchair/mainNode.py,callback_handleServiceResponse,20,142,Estoy en el servicio llamado desde mainNode,mainNode
1765969998.3311126,1765969998.3309157,/home/samuchair/ros2_ws/install/samuchair/lib/python3.12/site-packages/samuchair/arduinoNode.py,handle_joystick_silla,20,61,Enviando comando al Arduino: velocidad,Joystick
1765969998.6335697,1765969998.63334,/home/samuchair/ros2_ws/install/samuchair/lib/python3.12/site-packages/samuchair/arduinoNode.py,handle_joystick_silla,20,61,Enviando comando al Arduino: velocidad,Joystick
1765969998.6336095,1765969998.6333878,/home/samuchair/ros2_ws/install/samuchair/lib/python3.12/site-packages/samuchair/mainNode.py,callback_handleServiceResponse,20,142,Estoy en el servicio llamado desde mainNode,mainNode
1765969998.9358892,1765969998.935708,/home/samuchair/ros2_ws/install/samuchair/lib/python3.12/site-packages/samuchair/arduinoNode.py,handle_joystick_silla,20,61,Enviando comando al Arduino: velocidad,Joystick
1765969998.935923,1765969998.9357321,/home/samuchair/ros2_ws/install/samuchair/lib/python3.12/site-packages/samuchair/mainNode.py,callback_handleServiceResponse,20,142,Estoy en el servicio llamado desde mainNode,mainNode
1765969999.2383509,1765969999.2381916,/home/samuchair/ros2_ws/install/samuchair/lib/python3.12/site-packages/samuchair/mainNode.py,callback_handleServiceResponse,20,142,Estoy en el servicio llamado desde mainNode,mainNode
1765969999.708641,1765969999.7085235,/home/samuchair/ros2_ws/install/samuchair/lib/python3.12/site-packages/samuchair/jBNode.py,jb_callback,20,38,Comando Joystick Bluetooth: 0,JoystickBluetooth
1765969999.7090135,1765969999.7089052,/home/samuchair/ros2_ws/install/samuchair/lib/python3.12/site-packages/samuchair/mainNode.py,callback_subJoy,20,82,Comando Joystick Bluetooth: 0,mainNode
1765969999.7108393,1765969999.7106888,/home/samuchair/ros2_ws/install/samuchair/lib/python3.12/site-packages/samuchair/arduinoNode.py,handle_joystick_silla,20,61,Enviando comando al Arduino: velocidad,Joystick
1765969999.7932856,1765969999.7931752,/home/samuchair/ros2_ws/install/samuchair/lib/python3.12/site-packages/samuchair/webcamNode.py,timer_callback,20,61,Frame: 83,webcam
1765970000.0131395,1765970000.0130002,/home/samuchair/ros2_ws/install/samuchair/lib/python3.12/site-packages/samuchair/mainNode.py,callback_handleServiceResponse,20,142,Estoy en el servicio llamado desde mainNode,mainNode
1765970000.646234,1765970000.6461172,/home/samuchair/ros2_ws/install/samuchair/lib/python3.12/site-packages/samuchair/jBNode.py,jb_callback,20,38,Comando Joystick Bluetooth: 6,JoystickBluetooth
1765970000.6467052,1765970000.6465805,/home/samuchair/ros2_ws/install/samuchair/lib/python3.12/site-packages/samuchair/mainNode.py,callback_subJoy,20,82,Comando Joystick Bluetooth: 6,mainNode
1765970000.648531,1765970000.6472464,/home/samuchair/ros2_ws/install/samuchair/lib/python3.12/site-packages/samuchair/jBNode.py,jb_callback,20,38,Comando Joystick Bluetooth: 12,JoystickBluetooth
1765970000.6491158,1765970000.6486282,/home/samuchair/ros2_ws/install/samuchair/lib/python3.12/site-packages/samuchair/arduinoNode.py,handle_joystick_silla,20,61,Enviando comando al Arduino: velocidad,Joystick
1765970000.649146,1765970000.6486673,/home/samuchair/ros2_ws/install/samuchair/lib/python3.12/site-packages/samuchair/mainNode.py,callback_subJoy,20,82,Comando Joystick Bluetooth: 12,mainNode
1765970000.9515758,1765970000.9510357,/home/samuchair/ros2_ws/install/samuchair/lib/python3.12/site-packages/samuchair/mainNode.py,callback_handleServiceResponse,20,142,Estoy en el servicio llamado desde mainNode,mainNode
1765970000.9516132,1765970000.9512079,/home/samuchair/ros2_ws/install/samuchair/lib/python3.12/site-packages/samuchair/arduinoNode.py,handle_joystick_silla,20,61,Enviando comando al Arduino: velocidad,Joystick
1765970001.2463036,1765970001.246173,/home/samuchair/ros2_ws/install/samuchair/lib/python3.12/site-packages/samuchair/jBNode.py,jb_callback,20,38,Comando Joystick Bluetooth: 6,JoystickBluetooth
1765970001.2467265,1765970001.2466097,/home/samuchair/ros2_ws/install/samuchair/lib/python3.12/site-packages/samuchair/mainNode.py,callback_subJoy,20,82,Comando Joystick Bluetooth: 6,mainNode
1765970001.2536607,1765970001.2535071,/home/samuchair/ros2_ws/install/samuchair/lib/python3.12/site-packages/samuchair/mainNode.py,callback_handleServiceResponse,20,142,Estoy en el servicio llamado desde mainNode,mainNode
1765970001.2536943,1765970001.2535627,/home/samuchair/ros2_ws/install/samuchair/lib/python3.12/site-packages/samuchair/arduinoNode.py,handle_joystick_silla,20,61,Enviando comando al Arduino: velocidad,Joystick
1765970001.358712,1765970001.3585968,/home/samuchair/ros2_ws/install/samuchair/lib/python3.12/site-packages/samuchair/jBNode.py,jb_callback,20,38,Comando Joystick Bluetooth: 12,JoystickBluetooth
1765970001.3591986,1765970001.3590713,/home/samuchair/ros2_ws/install/samuchair/lib/python3.12/site-packages/samuchair/mainNode.py,callback_subJoy,20,82,Comando Joystick Bluetooth: 12,mainNode
1765970001.396169,1765970001.396068,/home/samuchair/ros2_ws/install/samuchair/lib/python3.12/site-packages/samuchair/jBNode.py,jb_callback,20,38,Comando Joystick Bluetooth: 6,JoystickBluetooth
1765970001.3966155,1765970001.3964782,/home/samuchair/ros2_ws/install/samuchair/lib/python3.12/site-packages/samuchair/mainNode.py,callback_subJoy,20,82,Comando Joystick Bluetooth: 6,mainNode
1765970001.4337022,1765970001.4335918,/home/samuchair/ros2_ws/install/samuchair/lib/python3.12/site-packages/samuchair/jBNode.py,jb_callback,20,38,Comando Joystick Bluetooth: 0,JoystickBluetooth
1765970001.4340715,1765970001.433964,/home/samuchair/ros2_ws/install/samuchair/lib/python3.12/site-packages/samuchair/mainNode.py,callback_subJoy,20,82,Comando Joystick Bluetooth: 0,mainNode
1765970001.5561314,1765970001.5559175,/home/samuchair/ros2_ws/install/samuchair/lib/python3.12/site-packages/samuchair/arduinoNode.py,handle_joystick_silla,20,61,Enviando comando al Arduino: velocidad,Joystick
1765970001.5561702,1765970001.555956,/home/samuchair/ros2_ws/install/samuchair/lib/python3.12/site-packages/samuchair/mainNode.py,callback_handleServiceResponse,20,142,Estoy en el servicio llamado desde mainNode,mainNode
1765970001.7929456,1765970001.792857,/home/samuchair/ros2_ws/install/samuchair/lib/python3.12/site-packages/samuchair/webcamNode.py,timer_callback,20,61,Frame: 84,webcam
1765970001.8586016,1765970001.8584259,/home/samuchair/ros2_ws/install/samuchair/lib/python3.12/site-packages/samuchair/arduinoNode.py,handle_joystick_silla,20,61,Enviando comando al Arduino: velocidad,Joystick
1765970001.8586388,1765970001.858426,/home/samuchair/ros2_ws/install/samuchair/lib/python3.12/site-packages/samuchair/mainNode.py,callback_handleServiceResponse,20,142,Estoy en el servicio llamado desde mainNode,mainNode
1765970002.03371,1765970002.0335965,/home/samuchair/ros2_ws/install/samuchair/lib/python3.12/site-packages/samuchair/jBNode.py,jb_callback,20,38,Comando Joystick Bluetooth: 5,JoystickBluetooth
1765970002.0340366,1765970002.0339239,/home/samuchair/ros2_ws/install/samuchair/lib/python3.12/site-packages/samuchair/mainNode.py,callback_subJoy,20,82,Comando Joystick Bluetooth: 5,mainNode
1765970002.1610885,1765970002.1608913,/home/samuchair/ros2_ws/install/samuchair/lib/python3.12/site-packages/samuchair/mainNode.py,callback_handleServiceResponse,20,142,Estoy en el servicio llamado desde mainNode,mainNode
1765970002.1611228,1765970002.160888,/home/samuchair/ros2_ws/install/samuchair/lib/python3.12/site-packages/samuchair/arduinoNode.py,handle_joystick_silla,20,61,Enviando comando al Arduino: velocidad,Joystick
1765970002.4634087,1765970002.4632874,/home/samuchair/ros2_ws/install/samuchair/lib/python3.12/site-packages/samuchair/mainNode.py,callback_handleServiceResponse,20,142,Estoy en el servicio llamado desde mainNode,mainNode
1765970002.4637337,1765970002.4634452,/home/samuchair/ros2_ws/install/samuchair/lib/python3.12/site-packages/samuchair/arduinoNode.py,handle_joystick_silla,20,61,Enviando comando al Arduino: velocidad,Joystick
1765970002.7659023,1765970002.7657573,/home/samuchair/ros2_ws/install/samuchair/lib/python3.12/site-packages/samuchair/mainNode.py,callback_handleServiceResponse,20,142,Estoy en el servicio llamado desde mainNode,mainNode
1765970003.458727,1765970003.458562,/home/samuchair/ros2_ws/install/samuchair/lib/python3.12/site-packages/samuchair/jBNode.py,jb_callback,20,38,Comando Joystick Bluetooth: 0,JoystickBluetooth
1765970003.4591753,1765970003.4590244,/home/samuchair/ros2_ws/install/samuchair/lib/python3.12/site-packages/samuchair/mainNode.py,callback_subJoy,20,82,Comando Joystick Bluetooth: 0,mainNode
1765970003.4609995,1765970003.460833,/home/samuchair/ros2_ws/install/samuchair/lib/python3.12/site-packages/samuchair/arduinoNode.py,handle_joystick_silla,20,61,Enviando comando al Arduino: velocidad,Joystick
1765970003.763608,1765970003.76345,/home/samuchair/ros2_ws/install/samuchair/lib/python3.12/site-packages/samuchair/mainNode.py,callback_handleServiceResponse,20,142,Estoy en el servicio llamado desde mainNode,mainNode
1765970003.7937143,1765970003.793623,/home/samuchair/ros2_ws/install/samuchair/lib/python3.12/site-packages/samuchair/webcamNode.py,timer_callback,20,61,Frame: 85,webcam
1765970004.1712837,1765970004.1711316,/home/samuchair/ros2_ws/install/samuchair/lib/python3.12/site-packages/samuchair/jBNode.py,jb_callback,20,38,Comando Joystick Bluetooth: 5,JoystickBluetooth
1765970004.171687,1765970004.1715813,/home/samuchair/ros2_ws/install/samuchair/lib/python3.12/site-packages/samuchair/mainNode.py,callback_subJoy,20,82,Comando Joystick Bluetooth: 5,mainNode
1765970004.1737,1765970004.1735194,/home/samuchair/ros2_ws/install/samuchair/lib/python3.12/site-packages/samuchair/arduinoNode.py,handle_joystick_silla,20,61,Enviando comando al Arduino: velocidad,Joystick
1765970004.476171,1765970004.4760373,/home/samuchair/ros2_ws/install/samuchair/lib/python3.12/site-packages/samuchair/mainNode.py,callback_handleServiceResponse,20,142,Estoy en el servicio llamado desde mainNode,mainNode
1765970005.7928846,1765970005.7927897,/home/samuchair/ros2_ws/install/samuchair/lib/python3.12/site-packages/samuchair/webcamNode.py,timer_callback,20,61,Frame: 86,webcam
1765970006.3838427,1765970006.3837256,/home/samuchair/ros2_ws/install/samuchair/lib/python3.12/site-packages/samuchair/jBNode.py,jb_callback,20,38,Comando Joystick Bluetooth: 0,JoystickBluetooth
1765970006.3842752,1765970006.3841531,/home/samuchair/ros2_ws/install/samuchair/lib/python3.12/site-packages/samuchair/mainNode.py,callback_subJoy,20,82,Comando Joystick Bluetooth: 0,mainNode
1765970006.3860567,1765970006.3859196,/home/samuchair/ros2_ws/install/samuchair/lib/python3.12/site-packages/samuchair/arduinoNode.py,handle_joystick_silla,20,61,Enviando comando al Arduino: velocidad,Joystick
1765970006.68857,1765970006.6884277,/home/samuchair/ros2_ws/install/samuchair/lib/python3.12/site-packages/samuchair/mainNode.py,callback_handleServiceResponse,20,142,Estoy en el servicio llamado desde mainNode,mainNode
1765970006.758912,1765970006.7587404,/home/samuchair/ros2_ws/install/samuchair/lib/python3.12/site-packages/samuchair/jBNode.py,jb_callback,20,38,Comando Joystick Bluetooth: 6,JoystickBluetooth
1765970006.7592423,1765970006.7591276,/home/samuchair/ros2_ws/install/samuchair/lib/python3.12/site-packages/samuchair/mainNode.py,callback_subJoy,20,82,Comando Joystick Bluetooth: 6,mainNode
1765970006.7610989,1765970006.7609506,/home/samuchair/ros2_ws/install/samuchair/lib/python3.12/site-packages/samuchair/arduinoNode.py,handle_joystick_silla,20,61,Enviando comando al Arduino: velocidad,Joystick
1765970007.0635004,1765970007.0633554,/home/samuchair/ros2_ws/install/samuchair/lib/python3.12/site-packages/samuchair/mainNode.py,callback_handleServiceResponse,20,142,Estoy en el servicio llamado desde mainNode,mainNode
1765970007.7941477,1765970007.794029,/home/samuchair/ros2_ws/install/samuchair/lib/python3.12/site-packages/samuchair/webcamNode.py,timer_callback,20,61,Frame: 87,webcam
1765970009.7931383,1765970009.7930386,/home/samuchair/ros2_ws/install/samuchair/lib/python3.12/site-packages/samuchair/webcamNode.py,timer_callback,20,61,Frame: 88,webcam
1765970010.1338887,1765970010.1337674,/home/samuchair/ros2_ws/install/samuchair/lib/python3.12/site-packages/samuchair/jBNode.py,jb_callback,20,38,Comando Joystick Bluetooth: 0,JoystickBluetooth
1765970010.1342854,1765970010.1341631,/home/samuchair/ros2_ws/install/samuchair/lib/python3.12/site-packages/samuchair/mainNode.py,callback_subJoy,20,82,Comando Joystick Bluetooth: 0,mainNode
1765970010.136098,1765970010.1359544,/home/samuchair/ros2_ws/install/samuchair/lib/python3.12/site-packages/samuchair/arduinoNode.py,handle_joystick_silla,20,61,Enviando comando al Arduino: velocidad,Joystick
1765970010.438602,1765970010.4384418,/home/samuchair/ros2_ws/install/samuchair/lib/python3.12/site-packages/samuchair/mainNode.py,callback_handleServiceResponse,20,142,Estoy en el servicio llamado desde mainNode,mainNode
1765970010.9963105,1765970010.996193,/home/samuchair/ros2_ws/install/samuchair/lib/python3.12/site-packages/samuchair/jBNode.py,jb_callback,20,38,Comando Joystick Bluetooth: 3,JoystickBluetooth
1765970010.9966125,1765970010.996509,/home/samuchair/ros2_ws/install/samuchair/lib/python3.12/site-packages/samuchair/mainNode.py,callback_subJoy,20,82,Comando Joystick Bluetooth: 3,mainNode
1765970010.9982793,1765970010.9981387,/home/samuchair/ros2_ws/install/samuchair/lib/python3.12/site-packages/samuchair/arduinoNode.py,handle_joystick_silla,20,61,Enviando comando al Arduino: velocidad,Joystick
1765970011.3005729,1765970011.3004243,/home/samuchair/ros2_ws/install/samuchair/lib/python3.12/site-packages/samuchair/mainNode.py,callback_handleServiceResponse,20,142,Estoy en el servicio llamado desde mainNode,mainNode
1765970011.4464018,1765970011.4462864,/home/samuchair/ros2_ws/install/samuchair/lib/python3.12/site-packages/samuchair/jBNode.py,jb_callback,20,38,Comando Joystick Bluetooth: 10,JoystickBluetooth
1765970011.446896,1765970011.4467604,/home/samuchair/ros2_ws/install/samuchair/lib/python3.12/site-packages/samuchair/mainNode.py,callback_subJoy,20,82,Comando Joystick Bluetooth: 10,mainNode
1765970011.5018373,1765970011.5016325,/home/samuchair/ros2_ws/install/samuchair/lib/python3.12/site-packages/samuchair/arduinoNode.py,handle_joystick_silla,20,61,Enviando comando al Arduino: velocidad,Joystick
1765970011.7932084,1765970011.793109,/home/samuchair/ros2_ws/install/samuchair/lib/python3.12/site-packages/samuchair/webcamNode.py,timer_callback,20,61,Frame: 89,webcam
1765970011.8041353,1765970011.8039966,/home/samuchair/ros2_ws/install/samuchair/lib/python3.12/site-packages/samuchair/mainNode.py,callback_handleServiceResponse,20,142,Estoy en el servicio llamado desde mainNode,mainNode
1765970012.0088704,1765970012.0087523,/home/samuchair/ros2_ws/install/samuchair/lib/python3.12/site-packages/samuchair/jBNode.py,jb_callback,20,38,Comando Joystick Bluetooth: 9,JoystickBluetooth
1765970012.0093744,1765970012.0091825,/home/samuchair/ros2_ws/install/samuchair/lib/python3.12/site-packages/samuchair/mainNode.py,callback_subJoy,20,82,Comando Joystick Bluetooth: 9,mainNode
1765970012.0110297,1765970012.0108995,/home/samuchair/ros2_ws/install/samuchair/lib/python3.12/site-packages/samuchair/arduinoNode.py,handle_joystick_silla,20,61,Enviando comando al Arduino: velocidad,Joystick
1765970012.3136287,1765970012.313486,/home/samuchair/ros2_ws/install/samuchair/lib/python3.12/site-packages/samuchair/mainNode.py,callback_handleServiceResponse,20,142,Estoy en el servicio llamado desde mainNode,mainNode
1765970012.4589202,1765970012.4588113,/home/samuchair/ros2_ws/install/samuchair/lib/python3.12/site-packages/samuchair/jBNode.py,jb_callback,20,38,Comando Joystick Bluetooth: 10,JoystickBluetooth
1765970012.4593468,1765970012.4592233,/home/samuchair/ros2_ws/install/samuchair/lib/python3.12/site-packages/samuchair/mainNode.py,callback_subJoy,20,82,Comando Joystick Bluetooth: 10,mainNode
1765970012.461244,1765970012.4610941,/home/samuchair/ros2_ws/install/samuchair/lib/python3.12/site-packages/samuchair/arduinoNode.py,handle_joystick_silla,20,61,Enviando comando al Arduino: velocidad,Joystick
1765970012.7638106,1765970012.7636602,/home/samuchair/ros2_ws/install/samuchair/lib/python3.12/site-packages/samuchair/mainNode.py,callback_handleServiceResponse,20,142,Estoy en el servicio llamado desde mainNode,mainNode
1765970012.8714383,1765970012.8713133,/home/samuchair/ros2_ws/install/samuchair/lib/python3.12/site-packages/samuchair/jBNode.py,jb_callback,20,38,Comando Joystick Bluetooth: 3,JoystickBluetooth
1765970012.871888,1765970012.8717563,/home/samuchair/ros2_ws/install/samuchair/lib/python3.12/site-packages/samuchair/mainNode.py,callback_subJoy,20,82,Comando Joystick Bluetooth: 3,mainNode
1765970012.8737776,1765970012.8736224,/home/samuchair/ros2_ws/install/samuchair/lib/python3.12/site-packages/samuchair/arduinoNode.py,handle_joystick_silla,20,61,Enviando comando al Arduino: velocidad,Joystick
1765970013.1762388,1765970013.1761153,/home/samuchair/ros2_ws/install/samuchair/lib/python3.12/site-packages/samuchair/mainNode.py,callback_handleServiceResponse,20,142,Estoy en el servicio llamado desde mainNode,mainNode
1765970013.792826,1765970013.792716,/home/samuchair/ros2_ws/install/samuchair/lib/python3.12/site-packages/samuchair/webcamNode.py,timer_callback,20,61,Frame: 90,webcam
1765970013.808971,1765970013.8088474,/home/samuchair/ros2_ws/install/samuchair/lib/python3.12/site-packages/samuchair/jBNode.py,jb_callback,20,38,Comando Joystick Bluetooth: 10,JoystickBluetooth
1765970013.8094451,1765970013.8093073,/home/samuchair/ros2_ws/install/samuchair/lib/python3.12/site-packages/samuchair/mainNode.py,callback_subJoy,20,82,Comando Joystick Bluetooth: 10,mainNode
1765970013.811241,1765970013.811066,/home/samuchair/ros2_ws/install/samuchair/lib/python3.12/site-packages/samuchair/arduinoNode.py,handle_joystick_silla,20,61,Enviando comando al Arduino: velocidad,Joystick
1765970014.034166,1765970014.033918,/home/samuchair/ros2_ws/install/samuchair/lib/python3.12/site-packages/samuchair/jBNode.py,jb_callback,20,38,Comando Joystick Bluetooth: 3,JoystickBluetooth
1765970014.0344644,1765970014.0343072,/home/samuchair/ros2_ws/install/samuchair/lib/python3.12/site-packages/samuchair/mainNode.py,callback_subJoy,20,82,Comando Joystick Bluetooth: 3,mainNode
1765970014.1136682,1765970014.1135092,/home/samuchair/ros2_ws/install/samuchair/lib/python3.12/site-packages/samuchair/arduinoNode.py,handle_joystick_silla,20,61,Enviando comando al Arduino: velocidad,Joystick
1765970014.1136997,1765970014.1135004,/home/samuchair/ros2_ws/install/samuchair/lib/python3.12/site-packages/samuchair/mainNode.py,callback_handleServiceResponse,20,142,Estoy en el servicio llamado desde mainNode,mainNode
1765970014.4161465,1765970014.4160063,/home/samuchair/ros2_ws/install/samuchair/lib/python3.12/site-packages/samuchair/mainNode.py,callback_handleServiceResponse,20,142,Estoy en el servicio llamado desde mainNode,mainNode
1765970015.7935226,1765970015.7934062,/home/samuchair/ros2_ws/install/samuchair/lib/python3.12/site-packages/samuchair/webcamNode.py,timer_callback,20,61,Frame: 91,webcam
1765970016.0589986,1765970016.058878,/home/samuchair/ros2_ws/install/samuchair/lib/python3.12/site-packages/samuchair/jBNode.py,jb_callback,20,38,Comando Joystick Bluetooth: 12,JoystickBluetooth
1765970016.0595098,1765970016.0593312,/home/samuchair/ros2_ws/install/samuchair/lib/python3.12/site-packages/samuchair/mainNode.py,callback_subJoy,20,82,Comando Joystick Bluetooth: 12,mainNode
1765970016.061294,1765970016.0611506,/home/samuchair/ros2_ws/install/samuchair/lib/python3.12/site-packages/samuchair/arduinoNode.py,handle_joystick_silla,20,61,Enviando comando al Arduino: velocidad,Joystick
1765970016.096447,1765970016.0963023,/home/samuchair/ros2_ws/install/samuchair/lib/python3.12/site-packages/samuchair/jBNode.py,jb_callback,20,38,Comando Joystick Bluetooth: 6,JoystickBluetooth
1765970016.096827,1765970016.096712,/home/samuchair/ros2_ws/install/samuchair/lib/python3.12/site-packages/samuchair/mainNode.py,callback_subJoy,20,82,Comando Joystick Bluetooth: 6,mainNode
1765970016.3636937,1765970016.3635325,/home/samuchair/ros2_ws/install/samuchair/lib/python3.12/site-packages/samuchair/arduinoNode.py,handle_joystick_silla,20,61,Enviando comando al Arduino: velocidad,Joystick
1765970016.3637302,1765970016.3635762,/home/samuchair/ros2_ws/install/samuchair/lib/python3.12/site-packages/samuchair/mainNode.py,callback_handleServiceResponse,20,142,Estoy en el servicio llamado desde mainNode,mainNode
1765970016.6660666,1765970016.6659167,/home/samuchair/ros2_ws/install/samuchair/lib/python3.12/site-packages/samuchair/mainNode.py,callback_handleServiceResponse,20,142,Estoy en el servicio llamado desde mainNode,mainNode
1765970017.3340337,1765970017.333907,/home/samuchair/ros2_ws/install/samuchair/lib/python3.12/site-packages/samuchair/jBNode.py,jb_callback,20,38,Comando Joystick Bluetooth: 0,JoystickBluetooth
1765970017.3345993,1765970017.3344138,/home/samuchair/ros2_ws/install/samuchair/lib/python3.12/site-packages/samuchair/mainNode.py,callback_subJoy,20,82,Comando Joystick Bluetooth: 0,mainNode
1765970017.4126756,1765970017.412512,/home/samuchair/ros2_ws/install/samuchair/lib/python3.12/site-packages/samuchair/arduinoNode.py,handle_joystick_silla,20,61,Enviando comando al Arduino: velocidad,Joystick
1765970017.7151763,1765970017.71502,/home/samuchair/ros2_ws/install/samuchair/lib/python3.12/site-packages/samuchair/mainNode.py,callback_handleServiceResponse,20,142,Estoy en el servicio llamado desde mainNode,mainNode
1765970017.7927432,1765970017.7926207,/home/samuchair/ros2_ws/install/samuchair/lib/python3.12/site-packages/samuchair/webcamNode.py,timer_callback,20,61,Frame: 92,webcam
1765970019.7934194,1765970019.7933204,/home/samuchair/ros2_ws/install/samuchair/lib/python3.12/site-packages/samuchair/webcamNode.py,timer_callback,20,61,Frame: 93,webcam
1765970021.7928686,1765970021.7927608,/home/samuchair/ros2_ws/install/samuchair/lib/python3.12/site-packages/samuchair/webcamNode.py,timer_callback,20,61,Frame: 94,webcam
1765970023.7930636,1765970023.792968,/home/samuchair/ros2_ws/install/samuchair/lib/python3.12/site-packages/samuchair/webcamNode.py,timer_callback,20,61,Frame: 95,webcam
1765970025.7927942,1765970025.7927117,/home/samuchair/ros2_ws/install/samuchair/lib/python3.12/site-packages/samuchair/webcamNode.py,timer_callback,20,61,Frame: 96,webcam
1765970027.7945213,1765970027.7944252,/home/samuchair/ros2_ws/install/samuchair/lib/python3.12/site-packages/samuchair/webcamNode.py,timer_callback,20,61,Frame: 97,webcam
1765970029.0717587,1765970029.0716438,/home/samuchair/ros2_ws/install/samuchair/lib/python3.12/site-packages/samuchair/jBNode.py,jb_callback,20,38,Comando Joystick Bluetooth: 3,JoystickBluetooth
1765970029.0720847,1765970029.0719707,/home/samuchair/ros2_ws/install/samuchair/lib/python3.12/site-packages/samuchair/mainNode.py,callback_subJoy,20,82,Comando Joystick Bluetooth: 3,mainNode
1765970029.0740387,1765970029.07388,/home/samuchair/ros2_ws/install/samuchair/lib/python3.12/site-packages/samuchair/arduinoNode.py,handle_joystick_silla,20,61,Enviando comando al Arduino: velocidad,Joystick
1765970029.3765576,1765970029.3764162,/home/samuchair/ros2_ws/install/samuchair/lib/python3.12/site-packages/samuchair/mainNode.py,callback_handleServiceResponse,20,142,Estoy en el servicio llamado desde mainNode,mainNode
1765970029.7936535,1765970029.7935424,/home/samuchair/ros2_ws/install/samuchair/lib/python3.12/site-packages/samuchair/webcamNode.py,timer_callback,20,61,Frame: 98,webcam
1765970030.0467947,1765970030.0466814,/home/samuchair/ros2_ws/install/samuchair/lib/python3.12/site-packages/samuchair/jBNode.py,jb_callback,20,38,Comando Joystick Bluetooth: 10,JoystickBluetooth
1765970030.0471215,1765970030.047008,/home/samuchair/ros2_ws/install/samuchair/lib/python3.12/site-packages/samuchair/mainNode.py,callback_subJoy,20,82,Comando Joystick Bluetooth: 10,mainNode
1765970030.0490122,1765970030.0488617,/home/samuchair/ros2_ws/install/samuchair/lib/python3.12/site-packages/samuchair/arduinoNode.py,handle_joystick_silla,20,61,Enviando comando al Arduino: velocidad,Joystick
1765970030.1592605,1765970030.1590967,/home/samuchair/ros2_ws/install/samuchair/lib/python3.12/site-packages/samuchair/jBNode.py,jb_callback,20,38,Comando Joystick Bluetooth: 9,JoystickBluetooth
1765970030.159685,1765970030.15952,/home/samuchair/ros2_ws/install/samuchair/lib/python3.12/site-packages/samuchair/mainNode.py,callback_subJoy,20,82,Comando Joystick Bluetooth: 9,mainNode
1765970030.351518,1765970030.351329,/home/samuchair/ros2_ws/install/samuchair/lib/python3.12/site-packages/samuchair/arduinoNode.py,handle_joystick_silla,20,61,Enviando comando al Arduino: velocidad,Joystick
1765970030.3515558,1765970030.3513644,/home/samuchair/ros2_ws/install/samuchair/lib/python3.12/site-packages/samuchair/mainNode.py,callback_handleServiceResponse,20,142,Estoy en el servicio llamado desde mainNode,mainNode
1765970030.6540585,1765970030.653905,/home/samuchair/ros2_ws/install/samuchair/lib/python3.12/site-packages/samuchair/mainNode.py,callback_handleServiceResponse,20,142,Estoy en el servicio llamado desde mainNode,mainNode
1765970031.096711,1765970031.0965967,/home/samuchair/ros2_ws/install/samuchair/lib/python3.12/site-packages/samuchair/jBNode.py,jb_callback,20,38,Comando Joystick Bluetooth: 10,JoystickBluetooth
1765970031.0971444,1765970031.0970232,/home/samuchair/ros2_ws/install/samuchair/lib/python3.12/site-packages/samuchair/mainNode.py,callback_subJoy,20,82,Comando Joystick Bluetooth: 10,mainNode
1765970031.0989532,1765970031.0988183,/home/samuchair/ros2_ws/install/samuchair/lib/python3.12/site-packages/samuchair/arduinoNode.py,handle_joystick_silla,20,61,Enviando comando al Arduino: velocidad,Joystick
1765970031.2092113,1765970031.2090936,/home/samuchair/ros2_ws/install/samuchair/lib/python3.12/site-packages/samuchair/jBNode.py,jb_callback,20,38,Comando Joystick Bluetooth: 3,JoystickBluetooth
1765970031.2096446,1765970031.2095194,/home/samuchair/ros2_ws/install/samuchair/lib/python3.12/site-packages/samuchair/mainNode.py,callback_subJoy,20,82,Comando Joystick Bluetooth: 3,mainNode
1765970031.2468083,1765970031.2466853,/home/samuchair/ros2_ws/install/samuchair/lib/python3.12/site-packages/samuchair/jBNode.py,jb_callback,20,38,Comando Joystick Bluetooth: 0,JoystickBluetooth
1765970031.2471375,1765970031.2470224,/home/samuchair/ros2_ws/install/samuchair/lib/python3.12/site-packages/samuchair/mainNode.py,callback_subJoy,20,82,Comando Joystick Bluetooth: 0,mainNode
1765970031.4013703,1765970031.4012072,/home/samuchair/ros2_ws/install/samuchair/lib/python3.12/site-packages/samuchair/arduinoNode.py,handle_joystick_silla,20,61,Enviando comando al Arduino: velocidad,Joystick
1765970031.4017236,1765970031.4013886,/home/samuchair/ros2_ws/install/samuchair/lib/python3.12/site-packages/samuchair/mainNode.py,callback_handleServiceResponse,20,142,Estoy en el servicio llamado desde mainNode,mainNode
1765970031.7038536,1765970031.7036574,/home/samuchair/ros2_ws/install/samuchair/lib/python3.12/site-packages/samuchair/arduinoNode.py,handle_joystick_silla,20,61,Enviando comando al Arduino: velocidad,Joystick
1765970031.7038922,1765970031.7037554,/home/samuchair/ros2_ws/install/samuchair/lib/python3.12/site-packages/samuchair/mainNode.py,callback_handleServiceResponse,20,142,Estoy en el servicio llamado desde mainNode,mainNode
1765970031.7947917,1765970031.7946985,/home/samuchair/ros2_ws/install/samuchair/lib/python3.12/site-packages/samuchair/webcamNode.py,timer_callback,20,61,Frame: 99,webcam
1765970032.006197,1765970032.0060506,/home/samuchair/ros2_ws/install/samuchair/lib/python3.12/site-packages/samuchair/mainNode.py,callback_handleServiceResponse,20,142,Estoy en el servicio llamado desde mainNode,mainNode
1765970032.1093466,1765970032.109163,/home/samuchair/ros2_ws/install/samuchair/lib/python3.12/site-packages/samuchair/jBNode.py,jb_callback,20,38,Comando Joystick Bluetooth: 3,JoystickBluetooth
1765970032.1097445,1765970032.1095827,/home/samuchair/ros2_ws/install/samuchair/lib/python3.12/site-packages/samuchair/mainNode.py,callback_subJoy,20,82,Comando Joystick Bluetooth: 3,mainNode
1765970032.1116252,1765970032.1114862,/home/samuchair/ros2_ws/install/samuchair/lib/python3.12/site-packages/samuchair/arduinoNode.py,handle_joystick_silla,20,61,Enviando comando al Arduino: velocidad,Joystick
1765970032.4140663,1765970032.413922,/home/samuchair/ros2_ws/install/samuchair/lib/python3.12/site-packages/samuchair/mainNode.py,callback_handleServiceResponse,20,142,Estoy en el servicio llamado desde mainNode,mainNode
1765970033.1593063,1765970033.1591632,/home/samuchair/ros2_ws/install/samuchair/lib/python3.12/site-packages/samuchair/jBNode.py,jb_callback,20,38,Comando Joystick Bluetooth: 12,JoystickBluetooth
1765970033.1598575,1765970033.1597,/home/samuchair/ros2_ws/install/samuchair/lib/python3.12/site-packages/samuchair/mainNode.py,callback_subJoy,20,82,Comando Joystick Bluetooth: 12,mainNode
1765970033.1616564,1765970033.1615114,/home/samuchair/ros2_ws/install/samuchair/lib/python3.12/site-packages/samuchair/arduinoNode.py,handle_joystick_silla,20,61,Enviando comando al Arduino: velocidad,Joystick
1765970033.2343013,1765970033.234165,/home/samuchair/ros2_ws/install/samuchair/lib/python3.12/site-packages/samuchair/jBNode.py,jb_callback,20,38,Comando Joystick Bluetooth: 6,JoystickBluetooth
1765970033.2347257,1765970033.2345986,/home/samuchair/ros2_ws/install/samuchair/lib/python3.12/site-packages/samuchair/mainNode.py,callback_subJoy,20,82,Comando Joystick Bluetooth: 6,mainNode
1765970033.463923,1765970033.4637291,/home/samuchair/ros2_ws/install/samuchair/lib/python3.12/site-packages/samuchair/arduinoNode.py,handle_joystick_silla,20,61,Enviando comando al Arduino: velocidad,Joystick
1765970033.4639788,1765970033.4637911,/home/samuchair/ros2_ws/install/samuchair/lib/python3.12/site-packages/samuchair/mainNode.py,callback_handleServiceResponse,20,142,Estoy en el servicio llamado desde mainNode,mainNode
1765970033.7662833,1765970033.766126,/home/samuchair/ros2_ws/install/samuchair/lib/python3.12/site-packages/samuchair/mainNode.py,callback_handleServiceResponse,20,142,Estoy en el servicio llamado desde mainNode,mainNode
1765970033.793606,1765970033.7935054,/home/samuchair/ros2_ws/install/samuchair/lib/python3.12/site-packages/samuchair/webcamNode.py,timer_callback,20,61,Frame: 100,webcam
1765970033.909303,1765970033.9091756,/home/samuchair/ros2_ws/install/samuchair/lib/python3.12/site-packages/samuchair/jBNode.py,jb_callback,20,38,Comando Joystick Bluetooth: 0,JoystickBluetooth
1765970033.90982,1765970033.90967,/home/samuchair/ros2_ws/install/samuchair/lib/python3.12/site-packages/samuchair/mainNode.py,callback_subJoy,20,82,Comando Joystick Bluetooth: 0,mainNode
1765970033.9116895,1765970033.9115448,/home/samuchair/ros2_ws/install/samuchair/lib/python3.12/site-packages/samuchair/arduinoNode.py,handle_joystick_silla,20,61,Enviando comando al Arduino: velocidad,Joystick
1765970034.021809,1765970034.0216928,/home/samuchair/ros2_ws/install/samuchair/lib/python3.12/site-packages/samuchair/jBNode.py,jb_callback,20,38,Comando Joystick Bluetooth: 6,JoystickBluetooth
1765970034.022273,1765970034.022125,/home/samuchair/ros2_ws/install/samuchair/lib/python3.12/site-packages/samuchair/mainNode.py,callback_subJoy,20,82,Comando Joystick Bluetooth: 6,mainNode
1765970034.214137,1765970034.2139876,/home/samuchair/ros2_ws/install/samuchair/lib/python3.12/site-packages/samuchair/mainNode.py,callback_handleServiceResponse,20,142,Estoy en el servicio llamado desde mainNode,mainNode
1765970034.2141736,1765970034.2140708,/home/samuchair/ros2_ws/install/samuchair/lib/python3.12/site-packages/samuchair/arduinoNode.py,handle_joystick_silla,20,61,Enviando comando al Arduino: velocidad,Joystick
1765970034.284295,1765970034.2841716,/home/samuchair/ros2_ws/install/samuchair/lib/python3.12/site-packages/samuchair/jBNode.py,jb_callback,20,38,Comando Joystick Bluetooth: 0,JoystickBluetooth
1765970034.2847579,1765970034.2846084,/home/samuchair/ros2_ws/install/samuchair/lib/python3.12/site-packages/samuchair/mainNode.py,callback_subJoy,20,82,Comando Joystick Bluetooth: 0,mainNode
1765970034.5167332,1765970034.516563,/home/samuchair/ros2_ws/install/samuchair/lib/python3.12/site-packages/samuchair/mainNode.py,callback_handleServiceResponse,20,142,Estoy en el servicio llamado desde mainNode,mainNode
1765970034.5167658,1765970034.5166187,/home/samuchair/ros2_ws/install/samuchair/lib/python3.12/site-packages/samuchair/arduinoNode.py,handle_joystick_silla,20,61,Enviando comando al Arduino: velocidad,Joystick
1765970034.7720926,1765970034.7718735,/home/samuchair/ros2_ws/install/samuchair/lib/python3.12/site-packages/samuchair/jBNode.py,jb_callback,20,38,Comando Joystick Bluetooth: 6,JoystickBluetooth
1765970034.7723858,1765970034.7722516,/home/samuchair/ros2_ws/install/samuchair/lib/python3.12/site-packages/samuchair/mainNode.py,callback_subJoy,20,82,Comando Joystick Bluetooth: 6,mainNode
1765970034.819273,1765970034.819083,/home/samuchair/ros2_ws/install/samuchair/lib/python3.12/site-packages/samuchair/mainNode.py,callback_handleServiceResponse,20,142,Estoy en el servicio llamado desde mainNode,mainNode
1765970034.8193116,1765970034.819179,/home/samuchair/ros2_ws/install/samuchair/lib/python3.12/site-packages/samuchair/arduinoNode.py,handle_joystick_silla,20,61,Enviando comando al Arduino: velocidad,Joystick
1765970035.1216762,1765970035.1215498,/home/samuchair/ros2_ws/install/samuchair/lib/python3.12/site-packages/samuchair/mainNode.py,callback_handleServiceResponse,20,142,Estoy en el servicio llamado desde mainNode,mainNode
1765970035.1469398,1765970035.1468244,/home/samuchair/ros2_ws/install/samuchair/lib/python3.12/site-packages/samuchair/jBNode.py,jb_callback,20,38,Comando Joystick Bluetooth: 0,JoystickBluetooth
1765970035.1472425,1765970035.14701,/home/samuchair/ros2_ws/install/samuchair/lib/python3.12/site-packages/samuchair/mainNode.py,callback_subJoy,20,82,Comando Joystick Bluetooth: 0,mainNode
1765970035.149156,1765970035.1488166,/home/samuchair/ros2_ws/install/samuchair/lib/python3.12/site-packages/samuchair/mainNode.py,callback_subJoy,20,82,Comando Joystick Bluetooth: 3,mainNode
1765970035.1491904,1765970035.148963,/home/samuchair/ros2_ws/install/samuchair/lib/python3.12/site-packages/samuchair/jBNode.py,jb_callback,20,38,Comando Joystick Bluetooth: 3,JoystickBluetooth
1765970035.1496255,1765970035.1493533,/home/samuchair/ros2_ws/install/samuchair/lib/python3.12/site-packages/samuchair/arduinoNode.py,handle_joystick_silla,20,61,Enviando comando al Arduino: velocidad,Joystick
1765970035.4521086,1765970035.4519703,/home/samuchair/ros2_ws/install/samuchair/lib/python3.12/site-packages/samuchair/mainNode.py,callback_handleServiceResponse,20,142,Estoy en el servicio llamado desde mainNode,mainNode
1765970035.6531472,1765970035.6529622,/home/samuchair/ros2_ws/install/samuchair/lib/python3.12/site-packages/samuchair/arduinoNode.py,handle_joystick_silla,20,61,Enviando comando al Arduino: velocidad,Joystick
1765970035.7941833,1765970035.7940824,/home/samuchair/ros2_ws/install/samuchair/lib/python3.12/site-packages/samuchair/webcamNode.py,timer_callback,20,61,Frame: 101,webcam
1765970035.9556353,1765970035.955503,/home/samuchair/ros2_ws/install/samuchair/lib/python3.12/site-packages/samuchair/mainNode.py,callback_handleServiceResponse,20,142,Estoy en el servicio llamado desde mainNode,mainNode
1765970036.496884,1765970036.4967659,/home/samuchair/ros2_ws/install/samuchair/lib/python3.12/site-packages/samuchair/jBNode.py,jb_callback,20,38,Comando Joystick Bluetooth: 12,JoystickBluetooth
1765970036.4973862,1765970036.4972398,/home/samuchair/ros2_ws/install/samuchair/lib/python3.12/site-packages/samuchair/mainNode.py,callback_subJoy,20,82,Comando Joystick Bluetooth: 12,mainNode
1765970036.499285,1765970036.4990292,/home/samuchair/ros2_ws/install/samuchair/lib/python3.12/site-packages/samuchair/arduinoNode.py,handle_joystick_silla,20,61,Enviando comando al Arduino: velocidad,Joystick
1765970036.5718968,1765970036.5717766,/home/samuchair/ros2_ws/install/samuchair/lib/python3.12/site-packages/samuchair/jBNode.py,jb_callback,20,38,Comando Joystick Bluetooth: 6,JoystickBluetooth
1765970036.5723743,1765970036.572218,/home/samuchair/ros2_ws/install/samuchair/lib/python3.12/site-packages/samuchair/mainNode.py,callback_subJoy,20,82,Comando Joystick Bluetooth: 6,mainNode
1765970036.8017778,1765970036.801603,/home/samuchair/ros2_ws/install/samuchair/lib/python3.12/site-packages/samuchair/arduinoNode.py,handle_joystick_silla,20,61,Enviando comando al Arduino: velocidad,Joystick
1765970036.801814,1765970036.801603,/home/samuchair/ros2_ws/install/samuchair/lib/python3.12/site-packages/samuchair/mainNode.py,callback_handleServiceResponse,20,142,Estoy en el servicio llamado desde mainNode,mainNode
1765970036.9093454,1765970036.90921,/home/samuchair/ros2_ws/install/samuchair/lib/python3.12/site-packages/samuchair/jBNode.py,jb_callback,20,38,Comando Joystick Bluetooth: 0,JoystickBluetooth
1765970036.9100323,1765970036.909744,/home/samuchair/ros2_ws/install/samuchair/lib/python3.12/site-packages/samuchair/mainNode.py,callback_subJoy,20,82,Comando Joystick Bluetooth: 0,mainNode
1765970037.104016,1765970037.1038766,/home/samuchair/ros2_ws/install/samuchair/lib/python3.12/site-packages/samuchair/arduinoNode.py,handle_joystick_silla,20,61,Enviando comando al Arduino: velocidad,Joystick
1765970037.1040502,1765970037.103954,/home/samuchair/ros2_ws/install/samuchair/lib/python3.12/site-packages/samuchair/mainNode.py,callback_handleServiceResponse,20,142,Estoy en el servicio llamado desde mainNode,mainNode
1765970037.321817,1765970037.3217037,/home/samuchair/ros2_ws/install/samuchair/lib/python3.12/site-packages/samuchair/jBNode.py,jb_callback,20,38,Comando Joystick Bluetooth: 6,JoystickBluetooth
1765970037.3223236,1765970037.3221617,/home/samuchair/ros2_ws/install/samuchair/lib/python3.12/site-packages/samuchair/mainNode.py,callback_subJoy,20,82,Comando Joystick Bluetooth: 6,mainNode
1765970037.4064426,1765970037.4062507,/home/samuchair/ros2_ws/install/samuchair/lib/python3.12/site-packages/samuchair/mainNode.py,callback_handleServiceResponse,20,142,Estoy en el servicio llamado desde mainNode,mainNode
1765970037.4064817,1765970037.4063342,/home/samuchair/ros2_ws/install/samuchair/lib/python3.12/site-packages/samuchair/arduinoNode.py,handle_joystick_silla,20,61,Enviando comando al Arduino: velocidad,Joystick
1765970037.6218703,1765970037.6217577,/home/samuchair/ros2_ws/install/samuchair/lib/python3.12/site-packages/samuchair/jBNode.py,jb_callback,20,38,Comando Joystick Bluetooth: 12,JoystickBluetooth
1765970037.6223516,1765970037.622207,/home/samuchair/ros2_ws/install/samuchair/lib/python3.12/site-packages/samuchair/mainNode.py,callback_subJoy,20,82,Comando Joystick Bluetooth: 12,mainNode
1765970037.6593196,1765970037.6591997,/home/samuchair/ros2_ws/install/samuchair/lib/python3.12/site-packages/samuchair/jBNode.py,jb_callback,20,38,Comando Joystick Bluetooth: 3,JoystickBluetooth
1765970037.6599467,1765970037.6596475,/home/samuchair/ros2_ws/install/samuchair/lib/python3.12/site-packages/samuchair/mainNode.py,callback_subJoy,20,82,Comando Joystick Bluetooth: 3,mainNode
1765970037.7088895,1765970037.7087169,/home/samuchair/ros2_ws/install/samuchair/lib/python3.12/site-packages/samuchair/mainNode.py,callback_handleServiceResponse,20,142,Estoy en el servicio llamado desde mainNode,mainNode
1765970037.7089236,1765970037.7087636,/home/samuchair/ros2_ws/install/samuchair/lib/python3.12/site-packages/samuchair/arduinoNode.py,handle_joystick_silla,20,61,Enviando comando al Arduino: velocidad,Joystick
1765970037.7933471,1765970037.7932298,/home/samuchair/ros2_ws/install/samuchair/lib/python3.12/site-packages/samuchair/webcamNode.py,timer_callback,20,61,Frame: 102,webcam
1765970038.0113547,1765970038.011124,/home/samuchair/ros2_ws/install/samuchair/lib/python3.12/site-packages/samuchair/mainNode.py,callback_handleServiceResponse,20,142,Estoy en el servicio llamado desde mainNode,mainNode
1765970038.0113864,1765970038.0111616,/home/samuchair/ros2_ws/install/samuchair/lib/python3.12/site-packages/samuchair/arduinoNode.py,handle_joystick_silla,20,61,Enviando comando al Arduino: velocidad,Joystick
1765970038.3138168,1765970038.3136585,/home/samuchair/ros2_ws/install/samuchair/lib/python3.12/site-packages/samuchair/mainNode.py,callback_handleServiceResponse,20,142,Estoy en el servicio llamado desde mainNode,mainNode
1765970038.9719036,1765970038.9717796,/home/samuchair/ros2_ws/install/samuchair/lib/python3.12/site-packages/samuchair/jBNode.py,jb_callback,20,38,Comando Joystick Bluetooth: 12,JoystickBluetooth
1765970038.9723544,1765970038.972223,/home/samuchair/ros2_ws/install/samuchair/lib/python3.12/site-packages/samuchair/mainNode.py,callback_subJoy,20,82,Comando Joystick Bluetooth: 12,mainNode
1765970038.9730735,1765970038.9728918,/home/samuchair/ros2_ws/install/samuchair/lib/python3.12/site-packages/samuchair/jBNode.py,jb_callback,20,38,Comando Joystick Bluetooth: 6,JoystickBluetooth
1765970038.9745789,1765970038.9744296,/home/samuchair/ros2_ws/install/samuchair/lib/python3.12/site-packages/samuchair/mainNode.py,callback_subJoy,20,82,Comando Joystick Bluetooth: 6,mainNode
1765970038.9750783,1765970038.9748886,/home/samuchair/ros2_ws/install/samuchair/lib/python3.12/site-packages/samuchair/arduinoNode.py,handle_joystick_silla,20,61,Enviando comando al Arduino: velocidad,Joystick
1765970039.2775905,1765970039.277418,/home/samuchair/ros2_ws/install/samuchair/lib/python3.12/site-packages/samuchair/mainNode.py,callback_handleServiceResponse,20,142,Estoy en el servicio llamado desde mainNode,mainNode
1765970039.277627,1765970039.2774174,/home/samuchair/ros2_ws/install/samuchair/lib/python3.12/site-packages/samuchair/arduinoNode.py,handle_joystick_silla,20,61,Enviando comando al Arduino: velocidad,Joystick
1765970039.580053,1765970039.5798953,/home/samuchair/ros2_ws/install/samuchair/lib/python3.12/site-packages/samuchair/mainNode.py,callback_handleServiceResponse,20,142,Estoy en el servicio llamado desde mainNode,mainNode
1765970039.7936513,1765970039.7935374,/home/samuchair/ros2_ws/install/samuchair/lib/python3.12/site-packages/samuchair/webcamNode.py,timer_callback,20,61,Frame: 103,webcam
1765970040.2093616,1765970040.2092314,/home/samuchair/ros2_ws/install/samuchair/lib/python3.12/site-packages/samuchair/jBNode.py,jb_callback,20,38,Comando Joystick Bluetooth: 0,JoystickBluetooth
1765970040.209825,1765970040.2096922,/home/samuchair/ros2_ws/install/samuchair/lib/python3.12/site-packages/samuchair/mainNode.py,callback_subJoy,20,82,Comando Joystick Bluetooth: 0,mainNode
1765970040.2116647,1765970040.2115195,/home/samuchair/ros2_ws/install/samuchair/lib/python3.12/site-packages/samuchair/arduinoNode.py,handle_joystick_silla,20,61,Enviando comando al Arduino: velocidad,Joystick
1765970040.514151,1765970040.514004,/home/samuchair/ros2_ws/install/samuchair/lib/python3.12/site-packages/samuchair/mainNode.py,callback_handleServiceResponse,20,142,Estoy en el servicio llamado desde mainNode,mainNode
1765970040.9969149,1765970040.9967985,/home/samuchair/ros2_ws/install/samuchair/lib/python3.12/site-packages/samuchair/jBNode.py,jb_callback,20,38,Comando Joystick Bluetooth: 3,JoystickBluetooth
1765970040.9971864,1765970040.9970734,/home/samuchair/ros2_ws/install/samuchair/lib/python3.12/site-packages/samuchair/mainNode.py,callback_subJoy,20,82,Comando Joystick Bluetooth: 3,mainNode
1765970040.9989278,1765970040.99879,/home/samuchair/ros2_ws/install/samuchair/lib/python3.12/site-packages/samuchair/arduinoNode.py,handle_joystick_silla,20,61,Enviando comando al Arduino: velocidad,Joystick
1765970041.3013916,1765970041.3012307,/home/samuchair/ros2_ws/install/samuchair/lib/python3.12/site-packages/samuchair/mainNode.py,callback_handleServiceResponse,20,142,Estoy en el servicio llamado desde mainNode,mainNode
1765970041.793187,1765970041.7930791,/home/samuchair/ros2_ws/install/samuchair/lib/python3.12/site-packages/samuchair/webcamNode.py,timer_callback,20,61,Frame: 104,webcam
1765970042.3093686,1765970042.3092442,/home/samuchair/ros2_ws/install/samuchair/lib/python3.12/site-packages/samuchair/jBNode.py,jb_callback,20,38,Comando Joystick Bluetooth: 10,JoystickBluetooth
1765970042.309745,1765970042.3096318,/home/samuchair/ros2_ws/install/samuchair/lib/python3.12/site-packages/samuchair/mainNode.py,callback_subJoy,20,82,Comando Joystick Bluetooth: 10,mainNode
1765970042.3115287,1765970042.3113925,/home/samuchair/ros2_ws/install/samuchair/lib/python3.12/site-packages/samuchair/arduinoNode.py,handle_joystick_silla,20,61,Enviando comando al Arduino: velocidad,Joystick
1765970042.4594216,1765970042.4593008,/home/samuchair/ros2_ws/install/samuchair/lib/python3.12/site-packages/samuchair/jBNode.py,jb_callback,20,38,Comando Joystick Bluetooth: 3,JoystickBluetooth
1765970042.459901,1765970042.459736,/home/samuchair/ros2_ws/install/samuchair/lib/python3.12/site-packages/samuchair/mainNode.py,callback_subJoy,20,82,Comando Joystick Bluetooth: 3,mainNode
1765970042.6139936,1765970042.613774,/home/samuchair/ros2_ws/install/samuchair/lib/python3.12/site-packages/samuchair/mainNode.py,callback_handleServiceResponse,20,142,Estoy en el servicio llamado desde mainNode,mainNode
1765970042.6140287,1765970042.6137943,/home/samuchair/ros2_ws/install/samuchair/lib/python3.12/site-packages/samuchair/arduinoNode.py,handle_joystick_silla,20,61,Enviando comando al Arduino: velocidad,Joystick
1765970042.9163377,1765970042.9161777,/home/samuchair/ros2_ws/install/samuchair/lib/python3.12/site-packages/samuchair/mainNode.py,callback_handleServiceResponse,20,142,Estoy en el servicio llamado desde mainNode,mainNode
1765970043.7939959,1765970043.7938905,/home/samuchair/ros2_ws/install/samuchair/lib/python3.12/site-packages/samuchair/webcamNode.py,timer_callback,20,61,Frame: 105,webcam
1765970044.3720217,1765970044.3719006,/home/samuchair/ros2_ws/install/samuchair/lib/python3.12/site-packages/samuchair/jBNode.py,jb_callback,20,38,Comando Joystick Bluetooth: 10,JoystickBluetooth
1765970044.3724852,1765970044.372367,/home/samuchair/ros2_ws/install/samuchair/lib/python3.12/site-packages/samuchair/mainNode.py,callback_subJoy,20,82,Comando Joystick Bluetooth: 10,mainNode
1765970044.3744845,1765970044.3743467,/home/samuchair/ros2_ws/install/samuchair/lib/python3.12/site-packages/samuchair/arduinoNode.py,handle_joystick_silla,20,61,Enviando comando al Arduino: velocidad,Joystick
1765970044.6769826,1765970044.67681,/home/samuchair/ros2_ws/install/samuchair/lib/python3.12/site-packages/samuchair/mainNode.py,callback_handleServiceResponse,20,142,Estoy en el servicio llamado desde mainNode,mainNode
1765970045.684516,1765970045.6844118,/home/samuchair/ros2_ws/install/samuchair/lib/python3.12/site-packages/samuchair/jBNode.py,jb_callback,20,38,Comando Joystick Bluetooth: 3,JoystickBluetooth
1765970045.6849525,1765970045.6848242,/home/samuchair/ros2_ws/install/samuchair/lib/python3.12/site-packages/samuchair/mainNode.py,callback_subJoy,20,82,Comando Joystick Bluetooth: 3,mainNode
1765970045.6869116,1765970045.6867733,/home/samuchair/ros2_ws/install/samuchair/lib/python3.12/site-packages/samuchair/arduinoNode.py,handle_joystick_silla,20,61,Enviando comando al Arduino: velocidad,Joystick
1765970045.793255,1765970045.7931528,/home/samuchair/ros2_ws/install/samuchair/lib/python3.12/site-packages/samuchair/webcamNode.py,timer_callback,20,61,Frame: 106,webcam
1765970045.9893668,1765970045.9892066,/home/samuchair/ros2_ws/install/samuchair/lib/python3.12/site-packages/samuchair/mainNode.py,callback_handleServiceResponse,20,142,Estoy en el servicio llamado desde mainNode,mainNode
1765970047.7931976,1765970047.7930975,/home/samuchair/ros2_ws/install/samuchair/lib/python3.12/site-packages/samuchair/webcamNode.py,timer_callback,20,61,Frame: 107,webcam
1765970048.3470995,1765970048.3469718,/home/samuchair/ros2_ws/install/samuchair/lib/python3.12/site-packages/samuchair/jBNode.py,jb_callback,20,38,Comando Joystick Bluetooth: 10,JoystickBluetooth
1765970048.3475356,1765970048.347423,/home/samuchair/ros2_ws/install/samuchair/lib/python3.12/site-packages/samuchair/mainNode.py,callback_subJoy,20,82,Comando Joystick Bluetooth: 10,mainNode
1765970048.3494585,1765970048.3493054,/home/samuchair/ros2_ws/install/samuchair/lib/python3.12/site-packages/samuchair/arduinoNode.py,handle_joystick_silla,20,61,Enviando comando al Arduino: velocidad,Joystick
1765970048.652019,1765970048.651864,/home/samuchair/ros2_ws/install/samuchair/lib/python3.12/site-packages/samuchair/mainNode.py,callback_handleServiceResponse,20,142,Estoy en el servicio llamado desde mainNode,mainNode
1765970049.6220047,1765970049.621887,/home/samuchair/ros2_ws/install/samuchair/lib/python3.12/site-packages/samuchair/jBNode.py,jb_callback,20,38,Comando Joystick Bluetooth: 3,JoystickBluetooth
1765970049.6224122,1765970049.622294,/home/samuchair/ros2_ws/install/samuchair/lib/python3.12/site-packages/samuchair/mainNode.py,callback_subJoy,20,82,Comando Joystick Bluetooth: 3,mainNode
1765970049.624233,1765970049.6240366,/home/samuchair/ros2_ws/install/samuchair/lib/python3.12/site-packages/samuchair/arduinoNode.py,handle_joystick_silla,20,61,Enviando comando al Arduino: velocidad,Joystick
1765970049.7928972,1765970049.792788,/home/samuchair/ros2_ws/install/samuchair/lib/python3.12/site-packages/samuchair/webcamNode.py,timer_callback,20,61,Frame: 108,webcam
1765970049.9265256,1765970049.9263844,/home/samuchair/ros2_ws/install/samuchair/lib/python3.12/site-packages/samuchair/mainNode.py,callback_handleServiceResponse,20,142,Estoy en el servicio llamado desde mainNode,mainNode
1765970051.793285,1765970051.7931712,/home/samuchair/ros2_ws/install/samuchair/lib/python3.12/site-packages/samuchair/webcamNode.py,timer_callback,20,61,Frame: 109,webcam
1765970053.7927728,1765970053.7926664,/home/samuchair/ros2_ws/install/samuchair/lib/python3.12/site-packages/samuchair/webcamNode.py,timer_callback,20,61,Frame: 110,webcam
1765970054.9096544,1765970054.909539,/home/samuchair/ros2_ws/install/samuchair/lib/python3.12/site-packages/samuchair/jBNode.py,jb_callback,20,38,Comando Joystick Bluetooth: 12,JoystickBluetooth
1765970054.9102185,1765970054.9100275,/home/samuchair/ros2_ws/install/samuchair/lib/python3.12/site-packages/samuchair/mainNode.py,callback_subJoy,20,82,Comando Joystick Bluetooth: 12,mainNode
1765970054.91075,1765970054.910624,/home/samuchair/ros2_ws/install/samuchair/lib/python3.12/site-packages/samuchair/jBNode.py,jb_callback,20,38,Comando Joystick Bluetooth: 6,JoystickBluetooth
1765970054.912283,1765970054.9121609,/home/samuchair/ros2_ws/install/samuchair/lib/python3.12/site-packages/samuchair/mainNode.py,callback_subJoy,20,82,Comando Joystick Bluetooth: 6,mainNode
1765970054.9124494,1765970054.9123383,/home/samuchair/ros2_ws/install/samuchair/lib/python3.12/site-packages/samuchair/arduinoNode.py,handle_joystick_silla,20,61,Enviando comando al Arduino: velocidad,Joystick
1765970055.2148342,1765970055.2146883,/home/samuchair/ros2_ws/install/samuchair/lib/python3.12/site-packages/samuchair/arduinoNode.py,handle_joystick_silla,20,61,Enviando comando al Arduino: velocidad,Joystick
1765970055.2150428,1765970055.214842,/home/samuchair/ros2_ws/install/samuchair/lib/python3.12/site-packages/samuchair/mainNode.py,callback_handleServiceResponse,20,142,Estoy en el servicio llamado desde mainNode,mainNode
1765970055.517143,1765970055.5170045,/home/samuchair/ros2_ws/install/samuchair/lib/python3.12/site-packages/samuchair/mainNode.py,callback_handleServiceResponse,20,142,Estoy en el servicio llamado desde mainNode,mainNode
1765970055.7933233,1765970055.7932017,/home/samuchair/ros2_ws/install/samuchair/lib/python3.12/site-packages/samuchair/webcamNode.py,timer_callback,20,61,Frame: 111,webcam
1765970057.7925448,1765970057.7924452,/home/samuchair/ros2_ws/install/samuchair/lib/python3.12/site-packages/samuchair/webcamNode.py,timer_callback,20,61,Frame: 112,webcam
1765970058.6971915,1765970058.6970153,/home/samuchair/ros2_ws/install/samuchair/lib/python3.12/site-packages/samuchair/jBNode.py,jb_callback,20,38,Comando Joystick Bluetooth: 0,JoystickBluetooth
1765970058.6975138,1765970058.697387,/home/samuchair/ros2_ws/install/samuchair/lib/python3.12/site-packages/samuchair/mainNode.py,callback_subJoy,20,82,Comando Joystick Bluetooth: 0,mainNode
1765970058.699311,1765970058.699165,/home/samuchair/ros2_ws/install/samuchair/lib/python3.12/site-packages/samuchair/arduinoNode.py,handle_joystick_silla,20,61,Enviando comando al Arduino: velocidad,Joystick
1765970059.0016546,1765970059.0015123,/home/samuchair/ros2_ws/install/samuchair/lib/python3.12/site-packages/samuchair/mainNode.py,callback_handleServiceResponse,20,142,Estoy en el servicio llamado desde mainNode,mainNode
1765970059.2598944,1765970059.2597713,/home/samuchair/ros2_ws/install/samuchair/lib/python3.12/site-packages/samuchair/jBNode.py,jb_callback,20,38,Comando Joystick Bluetooth: 9,JoystickBluetooth
1765970059.2602026,1765970059.2600842,/home/samuchair/ros2_ws/install/samuchair/lib/python3.12/site-packages/samuchair/mainNode.py,callback_subJoy,20,82,Comando Joystick Bluetooth: 9,mainNode
1765970059.41289,1765970059.412696,/home/samuchair/ros2_ws/install/samuchair/lib/python3.12/site-packages/samuchair/arduinoNode.py,handle_joystick_silla,20,61,Enviando comando al Arduino: velocidad,Joystick
1765970059.7154207,1765970059.7152593,/home/samuchair/ros2_ws/install/samuchair/lib/python3.12/site-packages/samuchair/mainNode.py,callback_handleServiceResponse,20,142,Estoy en el servicio llamado desde mainNode,mainNode
1765970059.7928214,1765970059.792717,/home/samuchair/ros2_ws/install/samuchair/lib/python3.12/site-packages/samuchair/webcamNode.py,timer_callback,20,61,Frame: 113,webcam
1765970060.3098633,1765970060.309706,/home/samuchair/ros2_ws/install/samuchair/lib/python3.12/site-packages/samuchair/jBNode.py,jb_callback,20,38,Comando Joystick Bluetooth: 0,JoystickBluetooth
1765970060.3101978,1765970060.3100848,/home/samuchair/ros2_ws/install/samuchair/lib/python3.12/site-packages/samuchair/mainNode.py,callback_subJoy,20,82,Comando Joystick Bluetooth: 0,mainNode
1765970060.3121953,1765970060.3120456,/home/samuchair/ros2_ws/install/samuchair/lib/python3.12/site-packages/samuchair/arduinoNode.py,handle_joystick_silla,20,61,Enviando comando al Arduino: velocidad,Joystick
1765970060.6147237,1765970060.6145782,/home/samuchair/ros2_ws/install/samuchair/lib/python3.12/site-packages/samuchair/mainNode.py,callback_handleServiceResponse,20,142,Estoy en el servicio llamado desde mainNode,mainNode
1765970060.9473,1765970060.947126,/home/samuchair/ros2_ws/install/samuchair/lib/python3.12/site-packages/samuchair/jBNode.py,jb_callback,20,38,Comando Joystick Bluetooth: 6,JoystickBluetooth
1765970060.947612,1765970060.947504,/home/samuchair/ros2_ws/install/samuchair/lib/python3.12/site-packages/samuchair/mainNode.py,callback_subJoy,20,82,Comando Joystick Bluetooth: 6,mainNode
1765970060.94945,1765970060.9492953,/home/samuchair/ros2_ws/install/samuchair/lib/python3.12/site-packages/samuchair/arduinoNode.py,handle_joystick_silla,20,61,Enviando comando al Arduino: velocidad,Joystick
1765970061.2097497,1765970061.2096407,/home/samuchair/ros2_ws/install/samuchair/lib/python3.12/site-packages/samuchair/jBNode.py,jb_callback,20,38,Comando Joystick Bluetooth: 0,JoystickBluetooth
1765970061.210124,1765970061.2100167,/home/samuchair/ros2_ws/install/samuchair/lib/python3.12/site-packages/samuchair/mainNode.py,callback_subJoy,20,82,Comando Joystick Bluetooth: 0,mainNode
1765970061.2524688,1765970061.2516994,/home/samuchair/ros2_ws/install/samuchair/lib/python3.12/site-packages/samuchair/arduinoNode.py,handle_joystick_silla,20,61,Enviando comando al Arduino: velocidad,Joystick
1765970061.252501,1765970061.2516904,/home/samuchair/ros2_ws/install/samuchair/lib/python3.12/site-packages/samuchair/mainNode.py,callback_handleServiceResponse,20,142,Estoy en el servicio llamado desde mainNode,mainNode
1765970061.5097942,1765970061.5096824,/home/samuchair/ros2_ws/install/samuchair/lib/python3.12/site-packages/samuchair/jBNode.py,jb_callback,20,38,Comando Joystick Bluetooth: 6,JoystickBluetooth
1765970061.5102596,1765970061.5101228,/home/samuchair/ros2_ws/install/samuchair/lib/python3.12/site-packages/samuchair/mainNode.py,callback_subJoy,20,82,Comando Joystick Bluetooth: 6,mainNode
1765970061.5542977,1765970061.554109,/home/samuchair/ros2_ws/install/samuchair/lib/python3.12/site-packages/samuchair/mainNode.py,callback_handleServiceResponse,20,142,Estoy en el servicio llamado desde mainNode,mainNode
1765970061.5543303,1765970061.5541098,/home/samuchair/ros2_ws/install/samuchair/lib/python3.12/site-packages/samuchair/arduinoNode.py,handle_joystick_silla,20,61,Enviando comando al Arduino: velocidad,Joystick
1765970061.6973999,1765970061.6972797,/home/samuchair/ros2_ws/install/samuchair/lib/python3.12/site-packages/samuchair/jBNode.py,jb_callback,20,38,Comando Joystick Bluetooth: 0,JoystickBluetooth
1765970061.6977968,1765970061.6976757,/home/samuchair/ros2_ws/install/samuchair/lib/python3.12/site-packages/samuchair/mainNode.py,callback_subJoy,20,82,Comando Joystick Bluetooth: 0,mainNode
1765970061.7926219,1765970061.7925138,/home/samuchair/ros2_ws/install/samuchair/lib/python3.12/site-packages/samuchair/webcamNode.py,timer_callback,20,61,Frame: 114,webcam
1765970061.856799,1765970061.8566236,/home/samuchair/ros2_ws/install/samuchair/lib/python3.12/site-packages/samuchair/arduinoNode.py,handle_joystick_silla,20,61,Enviando comando al Arduino: velocidad,Joystick
1765970061.8568997,1765970061.856702,/home/samuchair/ros2_ws/install/samuchair/lib/python3.12/site-packages/samuchair/mainNode.py,callback_handleServiceResponse,20,142,Estoy en el servicio llamado desde mainNode,mainNode
1765970061.9598382,1765970061.9596958,/home/samuchair/ros2_ws/install/samuchair/lib/python3.12/site-packages/samuchair/jBNode.py,jb_callback,20,38,Comando Joystick Bluetooth: 6,JoystickBluetooth
1765970061.960118,1765970061.960008,/home/samuchair/ros2_ws/install/samuchair/lib/python3.12/site-packages/samuchair/mainNode.py,callback_subJoy,20,82,Comando Joystick Bluetooth: 6,mainNode
1765970062.1473715,1765970062.1471934,/home/samuchair/ros2_ws/install/samuchair/lib/python3.12/site-packages/samuchair/jBNode.py,jb_callback,20,38,Comando Joystick Bluetooth: 0,JoystickBluetooth
1765970062.14773,1765970062.1476123,/home/samuchair/ros2_ws/install/samuchair/lib/python3.12/site-packages/samuchair/mainNode.py,callback_subJoy,20,82,Comando Joystick Bluetooth: 0,mainNode
1765970062.1591718,1765970062.158974,/home/samuchair/ros2_ws/install/samuchair/lib/python3.12/site-packages/samuchair/mainNode.py,callback_handleServiceResponse,20,142,Estoy en el servicio llamado desde mainNode,mainNode
1765970062.1592054,1765970062.1589751,/home/samuchair/ros2_ws/install/samuchair/lib/python3.12/site-packages/samuchair/arduinoNode.py,handle_joystick_silla,20,61,Enviando comando al Arduino: velocidad,Joystick
1765970062.4615731,1765970062.4614227,/home/samuchair/ros2_ws/install/samuchair/lib/python3.12/site-packages/samuchair/mainNode.py,callback_handleServiceResponse,20,142,Estoy en el servicio llamado desde mainNode,mainNode
1765970062.461606,1765970062.4615042,/home/samuchair/ros2_ws/install/samuchair/lib/python3.12/site-packages/samuchair/arduinoNode.py,handle_joystick_silla,20,61,Enviando comando al Arduino: velocidad,Joystick
1765970062.4848123,1765970062.4847045,/home/samuchair/ros2_ws/install/samuchair/lib/python3.12/site-packages/samuchair/jBNode.py,jb_callback,20,38,Comando Joystick Bluetooth: 6,JoystickBluetooth
1765970062.4851534,1765970062.4850397,/home/samuchair/ros2_ws/install/samuchair/lib/python3.12/site-packages/samuchair/mainNode.py,callback_subJoy,20,82,Comando Joystick Bluetooth: 6,mainNode
1765970062.7640197,1765970062.763867,/home/samuchair/ros2_ws/install/samuchair/lib/python3.12/site-packages/samuchair/arduinoNode.py,handle_joystick_silla,20,61,Enviando comando al Arduino: velocidad,Joystick
1765970062.7644067,1765970062.7640698,/home/samuchair/ros2_ws/install/samuchair/lib/python3.12/site-packages/samuchair/mainNode.py,callback_handleServiceResponse,20,142,Estoy en el servicio llamado desde mainNode,mainNode
1765970062.8601923,1765970062.8600066,/home/samuchair/ros2_ws/install/samuchair/lib/python3.12/site-packages/samuchair/jBNode.py,jb_callback,20,38,Comando Joystick Bluetooth: 0,JoystickBluetooth
1765970062.8606045,1765970062.8603985,/home/samuchair/ros2_ws/install/samuchair/lib/python3.12/site-packages/samuchair/mainNode.py,callback_subJoy,20,82,Comando Joystick Bluetooth: 0,mainNode
1765970063.0665758,1765970063.0663493,/home/samuchair/ros2_ws/install/samuchair/lib/python3.12/site-packages/samuchair/arduinoNode.py,handle_joystick_silla,20,61,Enviando comando al Arduino: velocidad,Joystick
1765970063.0666127,1765970063.0663927,/home/samuchair/ros2_ws/install/samuchair/lib/python3.12/site-packages/samuchair/mainNode.py,callback_handleServiceResponse,20,142,Estoy en el servicio llamado desde mainNode,mainNode
1765970063.122316,1765970063.1221964,/home/samuchair/ros2_ws/install/samuchair/lib/python3.12/site-packages/samuchair/jBNode.py,jb_callback,20,38,Comando Joystick Bluetooth: 6,JoystickBluetooth
1765970063.1226876,1765970063.122582,/home/samuchair/ros2_ws/install/samuchair/lib/python3.12/site-packages/samuchair/mainNode.py,callback_subJoy,20,82,Comando Joystick Bluetooth: 6,mainNode
1765970063.3690326,1765970063.3688593,/home/samuchair/ros2_ws/install/samuchair/lib/python3.12/site-packages/samuchair/arduinoNode.py,handle_joystick_silla,20,61,Enviando comando al Arduino: velocidad,Joystick
1765970063.3693995,1765970063.3689525,/home/samuchair/ros2_ws/install/samuchair/lib/python3.12/site-packages/samuchair/mainNode.py,callback_handleServiceResponse,20,142,Estoy en el servicio llamado desde mainNode,mainNode
1765970063.49733,1765970063.4972131,/home/samuchair/ros2_ws/install/samuchair/lib/python3.12/site-packages/samuchair/jBNode.py,jb_callback,20,38,Comando Joystick Bluetooth: 0,JoystickBluetooth
1765970063.4977953,1765970063.4976678,/home/samuchair/ros2_ws/install/samuchair/lib/python3.12/site-packages/samuchair/mainNode.py,callback_subJoy,20,82,Comando Joystick Bluetooth: 0,mainNode
1765970063.671532,1765970063.6713722,/home/samuchair/ros2_ws/install/samuchair/lib/python3.12/site-packages/samuchair/arduinoNode.py,handle_joystick_silla,20,61,Enviando comando al Arduino: velocidad,Joystick
1765970063.671889,1765970063.6715212,/home/samuchair/ros2_ws/install/samuchair/lib/python3.12/site-packages/samuchair/mainNode.py,callback_handleServiceResponse,20,142,Estoy en el servicio llamado desde mainNode,mainNode
1765970063.759925,1765970063.7598064,/home/samuchair/ros2_ws/install/samuchair/lib/python3.12/site-packages/samuchair/jBNode.py,jb_callback,20,38,Comando Joystick Bluetooth: 6,JoystickBluetooth
1765970063.760302,1765970063.7601693,/home/samuchair/ros2_ws/install/samuchair/lib/python3.12/site-packages/samuchair/mainNode.py,callback_subJoy,20,82,Comando Joystick Bluetooth: 6,mainNode
1765970063.793273,1765970063.793157,/home/samuchair/ros2_ws/install/samuchair/lib/python3.12/site-packages/samuchair/webcamNode.py,timer_callback,20,61,Frame: 115,webcam
1765970063.9740047,1765970063.9738195,/home/samuchair/ros2_ws/install/samuchair/lib/python3.12/site-packages/samuchair/mainNode.py,callback_handleServiceResponse,20,142,Estoy en el servicio llamado desde mainNode,mainNode
1765970063.9740999,1765970063.97395,/home/samuchair/ros2_ws/install/samuchair/lib/python3.12/site-packages/samuchair/arduinoNode.py,handle_joystick_silla,20,61,Enviando comando al Arduino: velocidad,Joystick
1765970064.1722999,1765970064.1721618,/home/samuchair/ros2_ws/install/samuchair/lib/python3.12/site-packages/samuchair/jBNode.py,jb_callback,20,38,Comando Joystick Bluetooth: 0,JoystickBluetooth
1765970064.1725821,1765970064.172489,/home/samuchair/ros2_ws/install/samuchair/lib/python3.12/site-packages/samuchair/mainNode.py,callback_subJoy,20,82,Comando Joystick Bluetooth: 0,mainNode
1765970064.2765615,1765970064.2764053,/home/samuchair/ros2_ws/install/samuchair/lib/python3.12/site-packages/samuchair/arduinoNode.py,handle_joystick_silla,20,61,Enviando comando al Arduino: velocidad,Joystick
1765970064.2767448,1765970064.2765553,/home/samuchair/ros2_ws/install/samuchair/lib/python3.12/site-packages/samuchair/mainNode.py,callback_handleServiceResponse,20,142,Estoy en el servicio llamado desde mainNode,mainNode
1765970064.3223531,1765970064.3222344,/home/samuchair/ros2_ws/install/samuchair/lib/python3.12/site-packages/samuchair/jBNode.py,jb_callback,20,38,Comando Joystick Bluetooth: 6,JoystickBluetooth
1765970064.3227146,1765970064.322605,/home/samuchair/ros2_ws/install/samuchair/lib/python3.12/site-packages/samuchair/mainNode.py,callback_subJoy,20,82,Comando Joystick Bluetooth: 6,mainNode
1765970064.5788958,1765970064.5787325,/home/samuchair/ros2_ws/install/samuchair/lib/python3.12/site-packages/samuchair/arduinoNode.py,handle_joystick_silla,20,61,Enviando comando al Arduino: velocidad,Joystick
1765970064.5789323,1765970064.578802,/home/samuchair/ros2_ws/install/samuchair/lib/python3.12/site-packages/samuchair/mainNode.py,callback_handleServiceResponse,20,142,Estoy en el servicio llamado desde mainNode,mainNode
1765970064.7348468,1765970064.734736,/home/samuchair/ros2_ws/install/samuchair/lib/python3.12/site-packages/samuchair/jBNode.py,jb_callback,20,38,Comando Joystick Bluetooth: 0,JoystickBluetooth
1765970064.7352352,1765970064.735119,/home/samuchair/ros2_ws/install/samuchair/lib/python3.12/site-packages/samuchair/mainNode.py,callback_subJoy,20,82,Comando Joystick Bluetooth: 0,mainNode
1765970064.881318,1765970064.8811426,/home/samuchair/ros2_ws/install/samuchair/lib/python3.12/site-packages/samuchair/arduinoNode.py,handle_joystick_silla,20,61,Enviando comando al Arduino: velocidad,Joystick
1765970064.8814218,1765970064.8812468,/home/samuchair/ros2_ws/install/samuchair/lib/python3.12/site-packages/samuchair/mainNode.py,callback_handleServiceResponse,20,142,Estoy en el servicio llamado desde mainNode,mainNode
1765970064.9598475,1765970064.9597116,/home/samuchair/ros2_ws/install/samuchair/lib/python3.12/site-packages/samuchair/jBNode.py,jb_callback,20,38,Comando Joystick Bluetooth: 6,JoystickBluetooth
1765970064.9601119,1765970064.9600046,/home/samuchair/ros2_ws/install/samuchair/lib/python3.12/site-packages/samuchair/mainNode.py,callback_subJoy,20,82,Comando Joystick Bluetooth: 6,mainNode
1765970065.1835835,1765970065.1834455,/home/samuchair/ros2_ws/install/samuchair/lib/python3.12/site-packages/samuchair/arduinoNode.py,handle_joystick_silla,20,61,Enviando comando al Arduino: velocidad,Joystick
1765970065.1839092,1765970065.1835897,/home/samuchair/ros2_ws/install/samuchair/lib/python3.12/site-packages/samuchair/mainNode.py,callback_handleServiceResponse,20,142,Estoy en el servicio llamado desde mainNode,mainNode
1765970065.48622,1765970065.4860702,/home/samuchair/ros2_ws/install/samuchair/lib/python3.12/site-packages/samuchair/mainNode.py,callback_handleServiceResponse,20,142,Estoy en el servicio llamado desde mainNode,mainNode
1765970065.7926645,1765970065.7925584,/home/samuchair/ros2_ws/install/samuchair/lib/python3.12/site-packages/samuchair/webcamNode.py,timer_callback,20,61,Frame: 116,webcam
1765970065.972405,1765970065.9722962,/home/samuchair/ros2_ws/install/samuchair/lib/python3.12/site-packages/samuchair/jBNode.py,jb_callback,20,38,Comando Joystick Bluetooth: 0,JoystickBluetooth
1765970065.9727726,1765970065.9726615,/home/samuchair/ros2_ws/install/samuchair/lib/python3.12/site-packages/samuchair/mainNode.py,callback_subJoy,20,82,Comando Joystick Bluetooth: 0,mainNode
1765970065.974622,1765970065.974483,/home/samuchair/ros2_ws/install/samuchair/lib/python3.12/site-packages/samuchair/arduinoNode.py,handle_joystick_silla,20,61,Enviando comando al Arduino: velocidad,Joystick
1765970066.2771177,1765970066.2769415,/home/samuchair/ros2_ws/install/samuchair/lib/python3.12/site-packages/samuchair/mainNode.py,callback_handleServiceResponse,20,142,Estoy en el servicio llamado desde mainNode,mainNode
1765970066.3848925,1765970066.384783,/home/samuchair/ros2_ws/install/samuchair/lib/python3.12/site-packages/samuchair/jBNode.py,jb_callback,20,38,Comando Joystick Bluetooth: 9,JoystickBluetooth
1765970066.3851953,1765970066.3850808,/home/samuchair/ros2_ws/install/samuchair/lib/python3.12/site-packages/samuchair/mainNode.py,callback_subJoy,20,82,Comando Joystick Bluetooth: 9,mainNode
1765970066.3870025,1765970066.3868647,/home/samuchair/ros2_ws/install/samuchair/lib/python3.12/site-packages/samuchair/arduinoNode.py,handle_joystick_silla,20,61,Enviando comando al Arduino: velocidad,Joystick
1765970066.68959,1765970066.6894274,/home/samuchair/ros2_ws/install/samuchair/lib/python3.12/site-packages/samuchair/mainNode.py,callback_handleServiceResponse,20,142,Estoy en el servicio llamado desde mainNode,mainNode
1765970066.7975254,1765970066.7973154,/home/samuchair/ros2_ws/install/samuchair/lib/python3.12/site-packages/samuchair/jBNode.py,jb_callback,20,38,Comando Joystick Bluetooth: 0,JoystickBluetooth
1765970066.7977548,1765970066.7976313,/home/samuchair/ros2_ws/install/samuchair/lib/python3.12/site-packages/samuchair/mainNode.py,callback_subJoy,20,82,Comando Joystick Bluetooth: 0,mainNode
1765970066.7996905,1765970066.7995172,/home/samuchair/ros2_ws/install/samuchair/lib/python3.12/site-packages/samuchair/arduinoNode.py,handle_joystick_silla,20,61,Enviando comando al Arduino: velocidad,Joystick
1765970067.1020904,1765970067.1019676,/home/samuchair/ros2_ws/install/samuchair/lib/python3.12/site-packages/samuchair/mainNode.py,callback_handleServiceResponse,20,142,Estoy en el servicio llamado desde mainNode,mainNode
1765970067.5849369,1765970067.584821,/home/samuchair/ros2_ws/install/samuchair/lib/python3.12/site-packages/samuchair/jBNode.py,jb_callback,20,38,Comando Joystick Bluetooth: 3,JoystickBluetooth
1765970067.5853426,1765970067.5852156,/home/samuchair/ros2_ws/install/samuchair/lib/python3.12/site-packages/samuchair/mainNode.py,callback_subJoy,20,82,Comando Joystick Bluetooth: 3,mainNode
1765970067.587228,1765970067.5870101,/home/samuchair/ros2_ws/install/samuchair/lib/python3.12/site-packages/samuchair/arduinoNode.py,handle_joystick_silla,20,61,Enviando comando al Arduino: velocidad,Joystick
1765970067.7934098,1765970067.793308,/home/samuchair/ros2_ws/install/samuchair/lib/python3.12/site-packages/samuchair/webcamNode.py,timer_callback,20,61,Frame: 117,webcam
1765970067.890354,1765970067.8902006,/home/samuchair/ros2_ws/install/samuchair/lib/python3.12/site-packages/samuchair/mainNode.py,callback_handleServiceResponse,20,142,Estoy en el servicio llamado desde mainNode,mainNode
1765970068.2600045,1765970068.2598748,/home/samuchair/ros2_ws/install/samuchair/lib/python3.12/site-packages/samuchair/jBNode.py,jb_callback,20,38,Comando Joystick Bluetooth: 10,JoystickBluetooth
1765970068.2603273,1765970068.2601862,/home/samuchair/ros2_ws/install/samuchair/lib/python3.12/site-packages/samuchair/mainNode.py,callback_subJoy,20,82,Comando Joystick Bluetooth: 10,mainNode
1765970068.2621288,1765970068.2619882,/home/samuchair/ros2_ws/install/samuchair/lib/python3.12/site-packages/samuchair/arduinoNode.py,handle_joystick_silla,20,61,Enviando comando al Arduino: velocidad,Joystick
1765970068.5224862,1765970068.5223646,/home/samuchair/ros2_ws/install/samuchair/lib/python3.12/site-packages/samuchair/jBNode.py,jb_callback,20,38,Comando Joystick Bluetooth: 9,JoystickBluetooth
1765970068.5228572,1765970068.5227478,/home/samuchair/ros2_ws/install/samuchair/lib/python3.12/site-packages/samuchair/mainNode.py,callback_subJoy,20,82,Comando Joystick Bluetooth: 9,mainNode
1765970068.5646152,1765970068.5644646,/home/samuchair/ros2_ws/install/samuchair/lib/python3.12/site-packages/samuchair/mainNode.py,callback_handleServiceResponse,20,142,Estoy en el servicio llamado desde mainNode,mainNode
1765970068.5648868,1765970068.5645936,/home/samuchair/ros2_ws/install/samuchair/lib/python3.12/site-packages/samuchair/arduinoNode.py,handle_joystick_silla,20,61,Enviando comando al Arduino: velocidad,Joystick
1765970068.867298,1765970068.8671243,/home/samuchair/ros2_ws/install/samuchair/lib/python3.12/site-packages/samuchair/mainNode.py,callback_handleServiceResponse,20,142,Estoy en el servicio llamado desde mainNode,mainNode
1765970069.309979,1765970069.309852,/home/samuchair/ros2_ws/install/samuchair/lib/python3.12/site-packages/samuchair/jBNode.py,jb_callback,20,38,Comando Joystick Bluetooth: 10,JoystickBluetooth
1765970069.3103635,1765970069.3102224,/home/samuchair/ros2_ws/install/samuchair/lib/python3.12/site-packages/samuchair/mainNode.py,callback_subJoy,20,82,Comando Joystick Bluetooth: 10,mainNode
1765970069.3122444,1765970069.312102,/home/samuchair/ros2_ws/install/samuchair/lib/python3.12/site-packages/samuchair/arduinoNode.py,handle_joystick_silla,20,61,Enviando comando al Arduino: velocidad,Joystick
1765970069.4225006,1765970069.4223711,/home/samuchair/ros2_ws/install/samuchair/lib/python3.12/site-packages/samuchair/jBNode.py,jb_callback,20,38,Comando Joystick Bluetooth: 3,JoystickBluetooth
1765970069.422896,1765970069.422761,/home/samuchair/ros2_ws/install/samuchair/lib/python3.12/site-packages/samuchair/mainNode.py,callback_subJoy,20,82,Comando Joystick Bluetooth: 3,mainNode
1765970069.6148744,1765970069.6146407,/home/samuchair/ros2_ws/install/samuchair/lib/python3.12/site-packages/samuchair/mainNode.py,callback_handleServiceResponse,20,142,Estoy en el servicio llamado desde mainNode,mainNode
1765970069.6149104,1765970069.6146917,/home/samuchair/ros2_ws/install/samuchair/lib/python3.12/site-packages/samuchair/arduinoNode.py,handle_joystick_silla,20,61,Enviando comando al Arduino: velocidad,Joystick
1765970069.79314,1765970069.793033,/home/samuchair/ros2_ws/install/samuchair/lib/python3.12/site-packages/samuchair/webcamNode.py,timer_callback,20,61,Frame: 118,webcam
1765970069.9174228,1765970069.9173033,/home/samuchair/ros2_ws/install/samuchair/lib/python3.12/site-packages/samuchair/mainNode.py,callback_handleServiceResponse,20,142,Estoy en el servicio llamado desde mainNode,mainNode
1765970070.6975527,1765970070.697428,/home/samuchair/ros2_ws/install/samuchair/lib/python3.12/site-packages/samuchair/jBNode.py,jb_callback,20,38,Comando Joystick Bluetooth: 10,JoystickBluetooth
1765970070.6979277,1765970070.6978161,/home/samuchair/ros2_ws/install/samuchair/lib/python3.12/site-packages/samuchair/mainNode.py,callback_subJoy,20,82,Comando Joystick Bluetooth: 10,mainNode
1765970070.699834,1765970070.699646,/home/samuchair/ros2_ws/install/samuchair/lib/python3.12/site-packages/samuchair/arduinoNode.py,handle_joystick_silla,20,61,Enviando comando al Arduino: velocidad,Joystick
1765970070.734906,1765970070.7347913,/home/samuchair/ros2_ws/install/samuchair/lib/python3.12/site-packages/samuchair/jBNode.py,jb_callback,20,38,Comando Joystick Bluetooth: 9,JoystickBluetooth
1765970070.735294,1765970070.7351773,/home/samuchair/ros2_ws/install/samuchair/lib/python3.12/site-packages/samuchair/mainNode.py,callback_subJoy,20,82,Comando Joystick Bluetooth: 9,mainNode
1765970070.884785,1765970070.8846703,/home/samuchair/ros2_ws/install/samuchair/lib/python3.12/site-packages/samuchair/jBNode.py,jb_callback,20,38,Comando Joystick Bluetooth: 10,JoystickBluetooth
1765970070.8851335,1765970070.8850248,/home/samuchair/ros2_ws/install/samuchair/lib/python3.12/site-packages/samuchair/mainNode.py,callback_subJoy,20,82,Comando Joystick Bluetooth: 10,mainNode
1765970070.9974358,1765970070.9972813,/home/samuchair/ros2_ws/install/samuchair/lib/python3.12/site-packages/samuchair/jBNode.py,jb_callback,20,38,Comando Joystick Bluetooth: 3,JoystickBluetooth
1765970070.9976885,1765970070.9975708,/home/samuchair/ros2_ws/install/samuchair/lib/python3.12/site-packages/samuchair/mainNode.py,callback_subJoy,20,82,Comando Joystick Bluetooth: 3,mainNode
1765970071.0022128,1765970071.0020452,/home/samuchair/ros2_ws/install/samuchair/lib/python3.12/site-packages/samuchair/mainNode.py,callback_handleServiceResponse,20,142,Estoy en el servicio llamado desde mainNode,mainNode
1765970071.0022438,1765970071.0020983,/home/samuchair/ros2_ws/install/samuchair/lib/python3.12/site-packages/samuchair/arduinoNode.py,handle_joystick_silla,20,61,Enviando comando al Arduino: velocidad,Joystick
1765970071.109972,1765970071.1098504,/home/samuchair/ros2_ws/install/samuchair/lib/python3.12/site-packages/samuchair/jBNode.py,jb_callback,20,38,Comando Joystick Bluetooth: 10,JoystickBluetooth
1765970071.1103616,1765970071.1102328,/home/samuchair/ros2_ws/install/samuchair/lib/python3.12/site-packages/samuchair/mainNode.py,callback_subJoy,20,82,Comando Joystick Bluetooth: 10,mainNode
1765970071.3047836,1765970071.3046372,/home/samuchair/ros2_ws/install/samuchair/lib/python3.12/site-packages/samuchair/mainNode.py,callback_handleServiceResponse,20,142,Estoy en el servicio llamado desde mainNode,mainNode
1765970071.5059223,1765970071.5057724,/home/samuchair/ros2_ws/install/samuchair/lib/python3.12/site-packages/samuchair/arduinoNode.py,handle_joystick_silla,20,61,Enviando comando al Arduino: velocidad,Joystick
1765970071.7935605,1765970071.79346,/home/samuchair/ros2_ws/install/samuchair/lib/python3.12/site-packages/samuchair/webcamNode.py,timer_callback,20,61,Frame: 119,webcam
1765970071.8081875,1765970071.8080268,/home/samuchair/ros2_ws/install/samuchair/lib/python3.12/site-packages/samuchair/arduinoNode.py,handle_joystick_silla,20,61,Enviando comando al Arduino: velocidad,Joystick
1765970071.8082192,1765970071.8080266,/home/samuchair/ros2_ws/install/samuchair/lib/python3.12/site-packages/samuchair/mainNode.py,callback_handleServiceResponse,20,142,Estoy en el servicio llamado desde mainNode,mainNode
1765970071.9724889,1765970071.9723382,/home/samuchair/ros2_ws/install/samuchair/lib/python3.12/site-packages/samuchair/jBNode.py,jb_callback,20,38,Comando Joystick Bluetooth: 3,JoystickBluetooth
1765970071.9728022,1765970071.9726927,/home/samuchair/ros2_ws/install/samuchair/lib/python3.12/site-packages/samuchair/mainNode.py,callback_subJoy,20,82,Comando Joystick Bluetooth: 3,mainNode
1765970072.110643,1765970072.1104727,/home/samuchair/ros2_ws/install/samuchair/lib/python3.12/site-packages/samuchair/mainNode.py,callback_handleServiceResponse,20,142,Estoy en el servicio llamado desde mainNode,mainNode
1765970072.1106734,1765970072.1105278,/home/samuchair/ros2_ws/install/samuchair/lib/python3.12/site-packages/samuchair/arduinoNode.py,handle_joystick_silla,20,61,Enviando comando al Arduino: velocidad,Joystick
1765970072.413236,1765970072.4130163,/home/samuchair/ros2_ws/install/samuchair/lib/python3.12/site-packages/samuchair/mainNode.py,callback_handleServiceResponse,20,142,Estoy en el servicio llamado desde mainNode,mainNode
1765970072.4132824,1765970072.4130766,/home/samuchair/ros2_ws/install/samuchair/lib/python3.12/site-packages/samuchair/arduinoNode.py,handle_joystick_silla,20,61,Enviando comando al Arduino: velocidad,Joystick
1765970072.71564,1765970072.7154896,/home/samuchair/ros2_ws/install/samuchair/lib/python3.12/site-packages/samuchair/mainNode.py,callback_handleServiceResponse,20,142,Estoy en el servicio llamado desde mainNode,mainNode
1765970073.793195,1765970073.7930818,/home/samuchair/ros2_ws/install/samuchair/lib/python3.12/site-packages/samuchair/webcamNode.py,timer_callback,20,61,Frame: 120,webcam
1765970073.8475504,1765970073.8473926,/home/samuchair/ros2_ws/install/samuchair/lib/python3.12/site-packages/samuchair/jBNode.py,jb_callback,20,38,Comando Joystick Bluetooth: 0,JoystickBluetooth
1765970073.8480983,1765970073.847808,/home/samuchair/ros2_ws/install/samuchair/lib/python3.12/site-packages/samuchair/mainNode.py,callback_subJoy,20,82,Comando Joystick Bluetooth: 0,mainNode
1765970073.8498502,1765970073.8497083,/home/samuchair/ros2_ws/install/samuchair/lib/python3.12/site-packages/samuchair/arduinoNode.py,handle_joystick_silla,20,61,Enviando comando al Arduino: velocidad,Joystick
1765970074.1523325,1765970074.1521757,/home/samuchair/ros2_ws/install/samuchair/lib/python3.12/site-packages/samuchair/mainNode.py,callback_handleServiceResponse,20,142,Estoy en el servicio llamado desde mainNode,mainNode
1765970074.7851217,1765970074.785,/home/samuchair/ros2_ws/install/samuchair/lib/python3.12/site-packages/samuchair/jBNode.py,jb_callback,20,38,Comando Joystick Bluetooth: 5,JoystickBluetooth
1765970074.785518,1765970074.7853935,/home/samuchair/ros2_ws/install/samuchair/lib/python3.12/site-packages/samuchair/mainNode.py,callback_subJoy,20,82,Comando Joystick Bluetooth: 5,mainNode
1765970074.78738,1765970074.7872236,/home/samuchair/ros2_ws/install/samuchair/lib/python3.12/site-packages/samuchair/arduinoNode.py,handle_joystick_silla,20,61,Enviando comando al Arduino: velocidad,Joystick
1765970075.0898185,1765970075.089686,/home/samuchair/ros2_ws/install/samuchair/lib/python3.12/site-packages/samuchair/mainNode.py,callback_handleServiceResponse,20,142,Estoy en el servicio llamado desde mainNode,mainNode
1765970075.7936423,1765970075.7935383,/home/samuchair/ros2_ws/install/samuchair/lib/python3.12/site-packages/samuchair/webcamNode.py,timer_callback,20,61,Frame: 121,webcam
1765970076.9600065,1765970076.9598925,/home/samuchair/ros2_ws/install/samuchair/lib/python3.12/site-packages/samuchair/jBNode.py,jb_callback,20,38,Comando Joystick Bluetooth: 15,JoystickBluetooth
1765970076.960376,1765970076.9602547,/home/samuchair/ros2_ws/install/samuchair/lib/python3.12/site-packages/samuchair/mainNode.py,callback_subJoy,20,82,Comando Joystick Bluetooth: 15,mainNode
1765970076.962146,1765970076.962007,/home/samuchair/ros2_ws/install/samuchair/lib/python3.12/site-packages/samuchair/arduinoNode.py,handle_joystick_silla,20,61,Enviando comando al Arduino: velocidad,Joystick
1765970077.264676,1765970077.2644699,/home/samuchair/ros2_ws/install/samuchair/lib/python3.12/site-packages/samuchair/mainNode.py,callback_handleServiceResponse,20,142,Estoy en el servicio llamado desde mainNode,mainNode
1765970077.792903,1765970077.7927933,/home/samuchair/ros2_ws/install/samuchair/lib/python3.12/site-packages/samuchair/webcamNode.py,timer_callback,20,61,Frame: 122,webcam
1765970077.8601995,1765970077.8600104,/home/samuchair/ros2_ws/install/samuchair/lib/python3.12/site-packages/samuchair/jBNode.py,jb_callback,20,38,Comando Joystick Bluetooth: 9,JoystickBluetooth
1765970077.8605072,1765970077.8603792,/home/samuchair/ros2_ws/install/samuchair/lib/python3.12/site-packages/samuchair/mainNode.py,callback_subJoy,20,82,Comando Joystick Bluetooth: 9,mainNode
1765970077.8623838,1765970077.8622246,/home/samuchair/ros2_ws/install/samuchair/lib/python3.12/site-packages/samuchair/arduinoNode.py,handle_joystick_silla,20,61,Enviando comando al Arduino: velocidad,Joystick
1765970077.9350863,1765970077.934973,/home/samuchair/ros2_ws/install/samuchair/lib/python3.12/site-packages/samuchair/jBNode.py,jb_callback,20,38,Comando Joystick Bluetooth: 0,JoystickBluetooth
1765970077.9354784,1765970077.9353638,/home/samuchair/ros2_ws/install/samuchair/lib/python3.12/site-packages/samuchair/mainNode.py,callback_subJoy,20,82,Comando Joystick Bluetooth: 0,mainNode
1765970078.1648293,1765970078.164647,/home/samuchair/ros2_ws/install/samuchair/lib/python3.12/site-packages/samuchair/arduinoNode.py,handle_joystick_silla,20,61,Enviando comando al Arduino: velocidad,Joystick
1765970078.1648679,1765970078.164688,/home/samuchair/ros2_ws/install/samuchair/lib/python3.12/site-packages/samuchair/mainNode.py,callback_handleServiceResponse,20,142,Estoy en el servicio llamado desde mainNode,mainNode
1765970078.4671967,1765970078.46707,/home/samuchair/ros2_ws/install/samuchair/lib/python3.12/site-packages/samuchair/mainNode.py,callback_handleServiceResponse,20,142,Estoy en el servicio llamado desde mainNode,mainNode
1765970079.1351056,1765970079.1349914,/home/samuchair/ros2_ws/install/samuchair/lib/python3.12/site-packages/samuchair/jBNode.py,jb_callback,20,38,Comando Joystick Bluetooth: 3,JoystickBluetooth
1765970079.1354816,1765970079.1353693,/home/samuchair/ros2_ws/install/samuchair/lib/python3.12/site-packages/samuchair/mainNode.py,callback_subJoy,20,82,Comando Joystick Bluetooth: 3,mainNode
1765970079.1373358,1765970079.1371756,/home/samuchair/ros2_ws/install/samuchair/lib/python3.12/site-packages/samuchair/arduinoNode.py,handle_joystick_silla,20,61,Enviando comando al Arduino: velocidad,Joystick
1765970079.4398983,1765970079.4397225,/home/samuchair/ros2_ws/install/samuchair/lib/python3.12/site-packages/samuchair/mainNode.py,callback_handleServiceResponse,20,142,Estoy en el servicio llamado desde mainNode,mainNode
1765970079.5476432,1765970079.5475235,/home/samuchair/ros2_ws/install/samuchair/lib/python3.12/site-packages/samuchair/jBNode.py,jb_callback,20,38,Comando Joystick Bluetooth: 0,JoystickBluetooth
1765970079.547994,1765970079.5478787,/home/samuchair/ros2_ws/install/samuchair/lib/python3.12/site-packages/samuchair/mainNode.py,callback_subJoy,20,82,Comando Joystick Bluetooth: 0,mainNode
1765970079.549897,1765970079.5496855,/home/samuchair/ros2_ws/install/samuchair/lib/python3.12/site-packages/samuchair/arduinoNode.py,handle_joystick_silla,20,61,Enviando comando al Arduino: velocidad,Joystick
1765970079.7934437,1765970079.7933433,/home/samuchair/ros2_ws/install/samuchair/lib/python3.12/site-packages/samuchair/webcamNode.py,timer_callback,20,61,Frame: 123,webcam
1765970079.8524137,1765970079.8522444,/home/samuchair/ros2_ws/install/samuchair/lib/python3.12/site-packages/samuchair/mainNode.py,callback_handleServiceResponse,20,142,Estoy en el servicio llamado desde mainNode,mainNode
1765970081.7926655,1765970081.79257,/home/samuchair/ros2_ws/install/samuchair/lib/python3.12/site-packages/samuchair/webcamNode.py,timer_callback,20,61,Frame: 124,webcam
1765970083.7930727,1765970083.7929578,/home/samuchair/ros2_ws/install/samuchair/lib/python3.12/site-packages/samuchair/webcamNode.py,timer_callback,20,61,Frame: 125,webcam
1765970083.8601367,1765970083.8600352,/home/samuchair/ros2_ws/install/samuchair/lib/python3.12/site-packages/samuchair/jBNode.py,jb_callback,20,38,Comando Joystick Bluetooth: 3,JoystickBluetooth
1765970083.8605235,1765970083.860414,/home/samuchair/ros2_ws/install/samuchair/lib/python3.12/site-packages/samuchair/mainNode.py,callback_subJoy,20,82,Comando Joystick Bluetooth: 3,mainNode
1765970083.8623457,1765970083.8622022,/home/samuchair/ros2_ws/install/samuchair/lib/python3.12/site-packages/samuchair/arduinoNode.py,handle_joystick_silla,20,61,Enviando comando al Arduino: velocidad,Joystick
1765970084.1648626,1765970084.1647184,/home/samuchair/ros2_ws/install/samuchair/lib/python3.12/site-packages/samuchair/mainNode.py,callback_handleServiceResponse,20,142,Estoy en el servicio llamado desde mainNode,mainNode
1765970084.7226672,1765970084.7225637,/home/samuchair/ros2_ws/install/samuchair/lib/python3.12/site-packages/samuchair/jBNode.py,jb_callback,20,38,Comando Joystick Bluetooth: 10,JoystickBluetooth
1765970084.7230299,1765970084.7229228,/home/samuchair/ros2_ws/install/samuchair/lib/python3.12/site-packages/samuchair/mainNode.py,callback_subJoy,20,82,Comando Joystick Bluetooth: 10,mainNode
1765970084.7248828,1765970084.7247384,/home/samuchair/ros2_ws/install/samuchair/lib/python3.12/site-packages/samuchair/arduinoNode.py,handle_joystick_silla,20,61,Enviando comando al Arduino: velocidad,Joystick
1765970085.0227184,1765970085.0226042,/home/samuchair/ros2_ws/install/samuchair/lib/python3.12/site-packages/samuchair/jBNode.py,jb_callback,20,38,Comando Joystick Bluetooth: 9,JoystickBluetooth
1765970085.0230534,1765970085.0229404,/home/samuchair/ros2_ws/install/samuchair/lib/python3.12/site-packages/samuchair/mainNode.py,callback_subJoy,20,82,Comando Joystick Bluetooth: 9,mainNode
1765970085.0273008,1765970085.0270925,/home/samuchair/ros2_ws/install/samuchair/lib/python3.12/site-packages/samuchair/mainNode.py,callback_handleServiceResponse,20,142,Estoy en el servicio llamado desde mainNode,mainNode
1765970085.0273392,1765970085.0272112,/home/samuchair/ros2_ws/install/samuchair/lib/python3.12/site-packages/samuchair/arduinoNode.py,handle_joystick_silla,20,61,Enviando comando al Arduino: velocidad,Joystick
1765970085.329833,1765970085.329706,/home/samuchair/ros2_ws/install/samuchair/lib/python3.12/site-packages/samuchair/mainNode.py,callback_handleServiceResponse,20,142,Estoy en el servicio llamado desde mainNode,mainNode
1765970085.6226974,1765970085.6225846,/home/samuchair/ros2_ws/install/samuchair/lib/python3.12/site-packages/samuchair/jBNode.py,jb_callback,20,38,Comando Joystick Bluetooth: 10,JoystickBluetooth
1765970085.6230764,1765970085.6229339,/home/samuchair/ros2_ws/install/samuchair/lib/python3.12/site-packages/samuchair/mainNode.py,callback_subJoy,20,82,Comando Joystick Bluetooth: 10,mainNode
1765970085.6248376,1765970085.6246884,/home/samuchair/ros2_ws/install/samuchair/lib/python3.12/site-packages/samuchair/arduinoNode.py,handle_joystick_silla,20,61,Enviando comando al Arduino: velocidad,Joystick
1765970085.792722,1765970085.7926128,/home/samuchair/ros2_ws/install/samuchair/lib/python3.12/site-packages/samuchair/webcamNode.py,timer_callback,20,61,Frame: 126,webcam
1765970085.8102088,1765970085.8100626,/home/samuchair/ros2_ws/install/samuchair/lib/python3.12/site-packages/samuchair/jBNode.py,jb_callback,20,38,Comando Joystick Bluetooth: 3,JoystickBluetooth
1765970085.8106391,1765970085.8105032,/home/samuchair/ros2_ws/install/samuchair/lib/python3.12/site-packages/samuchair/mainNode.py,callback_subJoy,20,82,Comando Joystick Bluetooth: 3,mainNode
1765970085.9271996,1765970085.927015,/home/samuchair/ros2_ws/install/samuchair/lib/python3.12/site-packages/samuchair/arduinoNode.py,handle_joystick_silla,20,61,Enviando comando al Arduino: velocidad,Joystick
1765970085.927237,1765970085.9271157,/home/samuchair/ros2_ws/install/samuchair/lib/python3.12/site-packages/samuchair/mainNode.py,callback_handleServiceResponse,20,142,Estoy en el servicio llamado desde mainNode,mainNode
1765970086.0352337,1765970086.0350835,/home/samuchair/ros2_ws/install/samuchair/lib/python3.12/site-packages/samuchair/jBNode.py,jb_callback,20,38,Comando Joystick Bluetooth: 12,JoystickBluetooth
1765970086.0356746,1765970086.0355477,/home/samuchair/ros2_ws/install/samuchair/lib/python3.12/site-packages/samuchair/mainNode.py,callback_subJoy,20,82,Comando Joystick Bluetooth: 12,mainNode
1765970086.0362968,1765970086.0361764,/home/samuchair/ros2_ws/install/samuchair/lib/python3.12/site-packages/samuchair/jBNode.py,jb_callback,20,38,Comando Joystick Bluetooth: 6,JoystickBluetooth
1765970086.037638,1765970086.0375128,/home/samuchair/ros2_ws/install/samuchair/lib/python3.12/site-packages/samuchair/mainNode.py,callback_subJoy,20,82,Comando Joystick Bluetooth: 6,mainNode
1765970086.1852512,1765970086.1851368,/home/samuchair/ros2_ws/install/samuchair/lib/python3.12/site-packages/samuchair/jBNode.py,jb_callback,20,38,Comando Joystick Bluetooth: 0,JoystickBluetooth
1765970086.185615,1765970086.185498,/home/samuchair/ros2_ws/install/samuchair/lib/python3.12/site-packages/samuchair/mainNode.py,callback_subJoy,20,82,Comando Joystick Bluetooth: 0,mainNode
1765970086.2227437,1765970086.2226133,/home/samuchair/ros2_ws/install/samuchair/lib/python3.12/site-packages/samuchair/jBNode.py,jb_callback,20,38,Comando Joystick Bluetooth: 3,JoystickBluetooth
1765970086.2231014,1765970086.2229962,/home/samuchair/ros2_ws/install/samuchair/lib/python3.12/site-packages/samuchair/mainNode.py,callback_subJoy,20,82,Comando Joystick Bluetooth: 3,mainNode
1765970086.2295055,1765970086.2293773,/home/samuchair/ros2_ws/install/samuchair/lib/python3.12/site-packages/samuchair/mainNode.py,callback_handleServiceResponse,20,142,Estoy en el servicio llamado desde mainNode,mainNode
1765970086.2298388,1765970086.2295308,/home/samuchair/ros2_ws/install/samuchair/lib/python3.12/site-packages/samuchair/arduinoNode.py,handle_joystick_silla,20,61,Enviando comando al Arduino: velocidad,Joystick
1765970086.5321884,1765970086.5319724,/home/samuchair/ros2_ws/install/samuchair/lib/python3.12/site-packages/samuchair/arduinoNode.py,handle_joystick_silla,20,61,Enviando comando al Arduino: velocidad,Joystick
1765970086.5322583,1765970086.5320594,/home/samuchair/ros2_ws/install/samuchair/lib/python3.12/site-packages/samuchair/mainNode.py,callback_handleServiceResponse,20,142,Estoy en el servicio llamado desde mainNode,mainNode
1765970086.8345115,1765970086.8343606,/home/samuchair/ros2_ws/install/samuchair/lib/python3.12/site-packages/samuchair/arduinoNode.py,handle_joystick_silla,20,61,Enviando comando al Arduino: velocidad,Joystick
1765970086.8345969,1765970086.834476,/home/samuchair/ros2_ws/install/samuchair/lib/python3.12/site-packages/samuchair/mainNode.py,callback_handleServiceResponse,20,142,Estoy en el servicio llamado desde mainNode,mainNode
1765970086.935249,1765970086.9350877,/home/samuchair/ros2_ws/install/samuchair/lib/python3.12/site-packages/samuchair/jBNode.py,jb_callback,20,38,Comando Joystick Bluetooth: 10,JoystickBluetooth
1765970086.93561,1765970086.9354892,/home/samuchair/ros2_ws/install/samuchair/lib/python3.12/site-packages/samuchair/mainNode.py,callback_subJoy,20,82,Comando Joystick Bluetooth: 10,mainNode
1765970087.0854456,1765970087.0853236,/home/samuchair/ros2_ws/install/samuchair/lib/python3.12/site-packages/samuchair/jBNode.py,jb_callback,20,38,Comando Joystick Bluetooth: 3,JoystickBluetooth
1765970087.0858235,1765970087.0856755,/home/samuchair/ros2_ws/install/samuchair/lib/python3.12/site-packages/samuchair/mainNode.py,callback_subJoy,20,82,Comando Joystick Bluetooth: 3,mainNode
1765970087.1370285,1765970087.136847,/home/samuchair/ros2_ws/install/samuchair/lib/python3.12/site-packages/samuchair/arduinoNode.py,handle_joystick_silla,20,61,Enviando comando al Arduino: velocidad,Joystick
1765970087.1370676,1765970087.136893,/home/samuchair/ros2_ws/install/samuchair/lib/python3.12/site-packages/samuchair/mainNode.py,callback_handleServiceResponse,20,142,Estoy en el servicio llamado desde mainNode,mainNode
1765970087.4405944,1765970087.4394083,/home/samuchair/ros2_ws/install/samuchair/lib/python3.12/site-packages/samuchair/arduinoNode.py,handle_joystick_silla,20,61,Enviando comando al Arduino: velocidad,Joystick
1765970087.4406333,1765970087.4394941,/home/samuchair/ros2_ws/install/samuchair/lib/python3.12/site-packages/samuchair/mainNode.py,callback_handleServiceResponse,20,142,Estoy en el servicio llamado desde mainNode,mainNode
1765970087.742142,1765970087.741971,/home/samuchair/ros2_ws/install/samuchair/lib/python3.12/site-packages/samuchair/mainNode.py,callback_handleServiceResponse,20,142,Estoy en el servicio llamado desde mainNode,mainNode
1765970087.7422988,1765970087.7421513,/home/samuchair/ros2_ws/install/samuchair/lib/python3.12/site-packages/samuchair/arduinoNode.py,handle_joystick_silla,20,61,Enviando comando al Arduino: velocidad,Joystick
1765970087.7933936,1765970087.7932894,/home/samuchair/ros2_ws/install/samuchair/lib/python3.12/site-packages/samuchair/webcamNode.py,timer_callback,20,61,Frame: 127,webcam
1765970088.0446627,1765970088.044517,/home/samuchair/ros2_ws/install/samuchair/lib/python3.12/site-packages/samuchair/mainNode.py,callback_handleServiceResponse,20,142,Estoy en el servicio llamado desde mainNode,mainNode
1765970089.793039,1765970089.792914,/home/samuchair/ros2_ws/install/samuchair/lib/python3.12/site-packages/samuchair/webcamNode.py,timer_callback,20,61,Frame: 128,webcam
1765970091.7938554,1765970091.7937438,/home/samuchair/ros2_ws/install/samuchair/lib/python3.12/site-packages/samuchair/webcamNode.py,timer_callback,20,61,Frame: 129,webcam
1765970091.9603899,1765970091.9601848,/home/samuchair/ros2_ws/install/samuchair/lib/python3.12/site-packages/samuchair/jBNode.py,jb_callback,20,38,Comando Joystick Bluetooth: 10,JoystickBluetooth
1765970091.9607258,1765970091.9606104,/home/samuchair/ros2_ws/install/samuchair/lib/python3.12/site-packages/samuchair/mainNode.py,callback_subJoy,20,82,Comando Joystick Bluetooth: 10,mainNode
1765970091.9626484,1765970091.9625108,/home/samuchair/ros2_ws/install/samuchair/lib/python3.12/site-packages/samuchair/arduinoNode.py,handle_joystick_silla,20,61,Enviando comando al Arduino: velocidad,Joystick
1765970092.2651987,1765970092.2650464,/home/samuchair/ros2_ws/install/samuchair/lib/python3.12/site-packages/samuchair/mainNode.py,callback_handleServiceResponse,20,142,Estoy en el servicio llamado desde mainNode,mainNode
1765970092.7103665,1765970092.71023,/home/samuchair/ros2_ws/install/samuchair/lib/python3.12/site-packages/samuchair/jBNode.py,jb_callback,20,38,Comando Joystick Bluetooth: 9,JoystickBluetooth
1765970092.710768,1765970092.710648,/home/samuchair/ros2_ws/install/samuchair/lib/python3.12/site-packages/samuchair/mainNode.py,callback_subJoy,20,82,Comando Joystick Bluetooth: 9,mainNode
1765970092.7126782,1765970092.7125323,/home/samuchair/ros2_ws/install/samuchair/lib/python3.12/site-packages/samuchair/arduinoNode.py,handle_joystick_silla,20,61,Enviando comando al Arduino: velocidad,Joystick
1765970093.0150895,1765970093.0149467,/home/samuchair/ros2_ws/install/samuchair/lib/python3.12/site-packages/samuchair/mainNode.py,callback_handleServiceResponse,20,142,Estoy en el servicio llamado desde mainNode,mainNode
1765970093.4228735,1765970093.422757,/home/samuchair/ros2_ws/install/samuchair/lib/python3.12/site-packages/samuchair/jBNode.py,jb_callback,20,38,Comando Joystick Bluetooth: 10,JoystickBluetooth
1765970093.423223,1765970093.4231067,/home/samuchair/ros2_ws/install/samuchair/lib/python3.12/site-packages/samuchair/mainNode.py,callback_subJoy,20,82,Comando Joystick Bluetooth: 10,mainNode
1765970093.4251497,1765970093.425008,/home/samuchair/ros2_ws/install/samuchair/lib/python3.12/site-packages/samuchair/arduinoNode.py,handle_joystick_silla,20,61,Enviando comando al Arduino: velocidad,Joystick
1765970093.5728195,1765970093.572706,/home/samuchair/ros2_ws/install/samuchair/lib/python3.12/site-packages/samuchair/jBNode.py,jb_callback,20,38,Comando Joystick Bluetooth: 3,JoystickBluetooth
1765970093.5732167,1765970093.5730941,/home/samuchair/ros2_ws/install/samuchair/lib/python3.12/site-packages/samuchair/mainNode.py,callback_subJoy,20,82,Comando Joystick Bluetooth: 3,mainNode
1765970093.7277064,1765970093.7275536,/home/samuchair/ros2_ws/install/samuchair/lib/python3.12/site-packages/samuchair/mainNode.py,callback_handleServiceResponse,20,142,Estoy en el servicio llamado desde mainNode,mainNode
1765970093.7280924,1765970093.7278159,/home/samuchair/ros2_ws/install/samuchair/lib/python3.12/site-packages/samuchair/arduinoNode.py,handle_joystick_silla,20,61,Enviando comando al Arduino: velocidad,Joystick
1765970093.792833,1765970093.7927325,/home/samuchair/ros2_ws/install/samuchair/lib/python3.12/site-packages/samuchair/webcamNode.py,timer_callback,20,61,Frame: 130,webcam
1765970094.030355,1765970094.0302007,/home/samuchair/ros2_ws/install/samuchair/lib/python3.12/site-packages/samuchair/mainNode.py,callback_handleServiceResponse,20,142,Estoy en el servicio llamado desde mainNode,mainNode
1765970095.560499,1765970095.5602882,/home/samuchair/ros2_ws/install/samuchair/lib/python3.12/site-packages/samuchair/jBNode.py,jb_callback,20,38,Comando Joystick Bluetooth: 10,JoystickBluetooth
1765970095.5608363,1765970095.5607154,/home/samuchair/ros2_ws/install/samuchair/lib/python3.12/site-packages/samuchair/mainNode.py,callback_subJoy,20,82,Comando Joystick Bluetooth: 10,mainNode
1765970095.5627487,1765970095.5625796,/home/samuchair/ros2_ws/install/samuchair/lib/python3.12/site-packages/samuchair/arduinoNode.py,handle_joystick_silla,20,61,Enviando comando al Arduino: velocidad,Joystick
1765970095.793015,1765970095.792913,/home/samuchair/ros2_ws/install/samuchair/lib/python3.12/site-packages/samuchair/webcamNode.py,timer_callback,20,61,Frame: 131,webcam
1765970095.8652143,1765970095.865076,/home/samuchair/ros2_ws/install/samuchair/lib/python3.12/site-packages/samuchair/mainNode.py,callback_handleServiceResponse,20,142,Estoy en el servicio llamado desde mainNode,mainNode
1765970096.7604551,1765970096.7603114,/home/samuchair/ros2_ws/install/samuchair/lib/python3.12/site-packages/samuchair/jBNode.py,jb_callback,20,38,Comando Joystick Bluetooth: 9,JoystickBluetooth
1765970096.7608523,1765970096.7607298,/home/samuchair/ros2_ws/install/samuchair/lib/python3.12/site-packages/samuchair/mainNode.py,callback_subJoy,20,82,Comando Joystick Bluetooth: 9,mainNode
1765970096.7626946,1765970096.7625475,/home/samuchair/ros2_ws/install/samuchair/lib/python3.12/site-packages/samuchair/arduinoNode.py,handle_joystick_silla,20,61,Enviando comando al Arduino: velocidad,Joystick
1765970097.065046,1765970097.0648994,/home/samuchair/ros2_ws/install/samuchair/lib/python3.12/site-packages/samuchair/mainNode.py,callback_handleServiceResponse,20,142,Estoy en el servicio llamado desde mainNode,mainNode
1765970097.7354794,1765970097.7353373,/home/samuchair/ros2_ws/install/samuchair/lib/python3.12/site-packages/samuchair/jBNode.py,jb_callback,20,38,Comando Joystick Bluetooth: 10,JoystickBluetooth
1765970097.7358067,1765970097.7356994,/home/samuchair/ros2_ws/install/samuchair/lib/python3.12/site-packages/samuchair/mainNode.py,callback_subJoy,20,82,Comando Joystick Bluetooth: 10,mainNode
1765970097.7376711,1765970097.7375247,/home/samuchair/ros2_ws/install/samuchair/lib/python3.12/site-packages/samuchair/arduinoNode.py,handle_joystick_silla,20,61,Enviando comando al Arduino: velocidad,Joystick
1765970097.7728794,1765970097.7727664,/home/samuchair/ros2_ws/install/samuchair/lib/python3.12/site-packages/samuchair/jBNode.py,jb_callback,20,38,Comando Joystick Bluetooth: 3,JoystickBluetooth
1765970097.7733066,1765970097.773141,/home/samuchair/ros2_ws/install/samuchair/lib/python3.12/site-packages/samuchair/mainNode.py,callback_subJoy,20,82,Comando Joystick Bluetooth: 3,mainNode
1765970097.792387,1765970097.7922857,/home/samuchair/ros2_ws/install/samuchair/lib/python3.12/site-packages/samuchair/webcamNode.py,timer_callback,20,61,Frame: 132,webcam
1765970098.0400536,1765970098.039863,/home/samuchair/ros2_ws/install/samuchair/lib/python3.12/site-packages/samuchair/mainNode.py,callback_handleServiceResponse,20,142,Estoy en el servicio llamado desde mainNode,mainNode
1765970098.040386,1765970098.0398922,/home/samuchair/ros2_ws/install/samuchair/lib/python3.12/site-packages/samuchair/arduinoNode.py,handle_joystick_silla,20,61,Enviando comando al Arduino: velocidad,Joystick
1765970098.072929,1765970098.0728164,/home/samuchair/ros2_ws/install/samuchair/lib/python3.12/site-packages/samuchair/jBNode.py,jb_callback,20,38,Comando Joystick Bluetooth: 12,JoystickBluetooth
1765970098.0732474,1765970098.0731356,/home/samuchair/ros2_ws/install/samuchair/lib/python3.12/site-packages/samuchair/mainNode.py,callback_subJoy,20,82,Comando Joystick Bluetooth: 12,mainNode
1765970098.1479223,1765970098.1478035,/home/samuchair/ros2_ws/install/samuchair/lib/python3.12/site-packages/samuchair/jBNode.py,jb_callback,20,38,Comando Joystick Bluetooth: 6,JoystickBluetooth
1765970098.1483407,1765970098.1482117,/home/samuchair/ros2_ws/install/samuchair/lib/python3.12/site-packages/samuchair/mainNode.py,callback_subJoy,20,82,Comando Joystick Bluetooth: 6,mainNode
1765970098.3425233,1765970098.3423746,/home/samuchair/ros2_ws/install/samuchair/lib/python3.12/site-packages/samuchair/mainNode.py,callback_handleServiceResponse,20,142,Estoy en el servicio llamado desde mainNode,mainNode
1765970098.342963,1765970098.3425505,/home/samuchair/ros2_ws/install/samuchair/lib/python3.12/site-packages/samuchair/arduinoNode.py,handle_joystick_silla,20,61,Enviando comando al Arduino: velocidad,Joystick
1765970098.485453,1765970098.4853399,/home/samuchair/ros2_ws/install/samuchair/lib/python3.12/site-packages/samuchair/jBNode.py,jb_callback,20,38,Comando Joystick Bluetooth: 12,JoystickBluetooth
1765970098.485799,1765970098.485694,/home/samuchair/ros2_ws/install/samuchair/lib/python3.12/site-packages/samuchair/mainNode.py,callback_subJoy,20,82,Comando Joystick Bluetooth: 12,mainNode
1765970098.5228918,1765970098.5227864,/home/samuchair/ros2_ws/install/samuchair/lib/python3.12/site-packages/samuchair/jBNode.py,jb_callback,20,38,Comando Joystick Bluetooth: 6,JoystickBluetooth
1765970098.5232437,1765970098.5231242,/home/samuchair/ros2_ws/install/samuchair/lib/python3.12/site-packages/samuchair/mainNode.py,callback_subJoy,20,82,Comando Joystick Bluetooth: 6,mainNode
1765970098.5603504,1765970098.560241,/home/samuchair/ros2_ws/install/samuchair/lib/python3.12/site-packages/samuchair/jBNode.py,jb_callback,20,38,Comando Joystick Bluetooth: 12,JoystickBluetooth
1765970098.5606701,1765970098.5605607,/home/samuchair/ros2_ws/install/samuchair/lib/python3.12/site-packages/samuchair/mainNode.py,callback_subJoy,20,82,Comando Joystick Bluetooth: 12,mainNode
1765970098.5979311,1765970098.5978253,/home/samuchair/ros2_ws/install/samuchair/lib/python3.12/site-packages/samuchair/jBNode.py,jb_callback,20,38,Comando Joystick Bluetooth: 6,JoystickBluetooth
1765970098.5982149,1765970098.5980954,/home/samuchair/ros2_ws/install/samuchair/lib/python3.12/site-packages/samuchair/mainNode.py,callback_subJoy,20,82,Comando Joystick Bluetooth: 6,mainNode
1765970098.6352742,1765970098.6351612,/home/samuchair/ros2_ws/install/samuchair/lib/python3.12/site-packages/samuchair/jBNode.py,jb_callback,20,38,Comando Joystick Bluetooth: 12,JoystickBluetooth
1765970098.6355846,1765970098.6354856,/home/samuchair/ros2_ws/install/samuchair/lib/python3.12/site-packages/samuchair/mainNode.py,callback_subJoy,20,82,Comando Joystick Bluetooth: 12,mainNode
1765970098.6449118,1765970098.6447532,/home/samuchair/ros2_ws/install/samuchair/lib/python3.12/site-packages/samuchair/arduinoNode.py,handle_joystick_silla,20,61,Enviando comando al Arduino: velocidad,Joystick
1765970098.6449451,1765970098.64474,/home/samuchair/ros2_ws/install/samuchair/lib/python3.12/site-packages/samuchair/mainNode.py,callback_handleServiceResponse,20,142,Estoy en el servicio llamado desde mainNode,mainNode
1765970098.7104409,1765970098.7103367,/home/samuchair/ros2_ws/install/samuchair/lib/python3.12/site-packages/samuchair/jBNode.py,jb_callback,20,38,Comando Joystick Bluetooth: 6,JoystickBluetooth
1765970098.7108002,1765970098.7106946,/home/samuchair/ros2_ws/install/samuchair/lib/python3.12/site-packages/samuchair/mainNode.py,callback_subJoy,20,82,Comando Joystick Bluetooth: 6,mainNode
1765970098.7478971,1765970098.747735,/home/samuchair/ros2_ws/install/samuchair/lib/python3.12/site-packages/samuchair/jBNode.py,jb_callback,20,38,Comando Joystick Bluetooth: 12,JoystickBluetooth
1765970098.7482529,1765970098.7481337,/home/samuchair/ros2_ws/install/samuchair/lib/python3.12/site-packages/samuchair/mainNode.py,callback_subJoy,20,82,Comando Joystick Bluetooth: 12,mainNode
1765970098.9473825,1765970098.947182,/home/samuchair/ros2_ws/install/samuchair/lib/python3.12/site-packages/samuchair/arduinoNode.py,handle_joystick_silla,20,61,Enviando comando al Arduino: velocidad,Joystick
1765970098.9474242,1765970098.9472597,/home/samuchair/ros2_ws/install/samuchair/lib/python3.12/site-packages/samuchair/mainNode.py,callback_handleServiceResponse,20,142,Estoy en el servicio llamado desde mainNode,mainNode
1765970098.9729486,1765970098.972834,/home/samuchair/ros2_ws/install/samuchair/lib/python3.12/site-packages/samuchair/jBNode.py,jb_callback,20,38,Comando Joystick Bluetooth: 3,JoystickBluetooth
1765970098.9733417,1765970098.9732141,/home/samuchair/ros2_ws/install/samuchair/lib/python3.12/site-packages/samuchair/mainNode.py,callback_subJoy,20,82,Comando Joystick Bluetooth: 3,mainNode
1765970099.2498968,1765970099.2496958,/home/samuchair/ros2_ws/install/samuchair/lib/python3.12/site-packages/samuchair/arduinoNode.py,handle_joystick_silla,20,61,Enviando comando al Arduino: velocidad,Joystick
1765970099.249936,1765970099.249731,/home/samuchair/ros2_ws/install/samuchair/lib/python3.12/site-packages/samuchair/mainNode.py,callback_handleServiceResponse,20,142,Estoy en el servicio llamado desde mainNode,mainNode
1765970099.5521638,1765970099.5520217,/home/samuchair/ros2_ws/install/samuchair/lib/python3.12/site-packages/samuchair/arduinoNode.py,handle_joystick_silla,20,61,Enviando comando al Arduino: velocidad,Joystick
1765970099.552199,1765970099.552087,/home/samuchair/ros2_ws/install/samuchair/lib/python3.12/site-packages/samuchair/mainNode.py,callback_handleServiceResponse,20,142,Estoy en el servicio llamado desde mainNode,mainNode
1765970099.79334,1765970099.7932208,/home/samuchair/ros2_ws/install/samuchair/lib/python3.12/site-packages/samuchair/webcamNode.py,timer_callback,20,61,Frame: 133,webcam
1765970099.8547359,1765970099.854566,/home/samuchair/ros2_ws/install/samuchair/lib/python3.12/site-packages/samuchair/mainNode.py,callback_handleServiceResponse,20,142,Estoy en el servicio llamado desde mainNode,mainNode
1765970099.8550086,1765970099.854732,/home/samuchair/ros2_ws/install/samuchair/lib/python3.12/site-packages/samuchair/arduinoNode.py,handle_joystick_silla,20,61,Enviando comando al Arduino: velocidad,Joystick
1765970100.1572962,1765970100.1570942,/home/samuchair/ros2_ws/install/samuchair/lib/python3.12/site-packages/samuchair/arduinoNode.py,handle_joystick_silla,20,61,Enviando comando al Arduino: velocidad,Joystick
1765970100.1573303,1765970100.1570942,/home/samuchair/ros2_ws/install/samuchair/lib/python3.12/site-packages/samuchair/mainNode.py,callback_handleServiceResponse,20,142,Estoy en el servicio llamado desde mainNode,mainNode
1765970100.2481422,1765970100.2479393,/home/samuchair/ros2_ws/install/samuchair/lib/python3.12/site-packages/samuchair/jBNode.py,jb_callback,20,38,Comando Joystick Bluetooth: 10,JoystickBluetooth
1765970100.2485664,1765970100.2484202,/home/samuchair/ros2_ws/install/samuchair/lib/python3.12/site-packages/samuchair/mainNode.py,callback_subJoy,20,82,Comando Joystick Bluetooth: 10,mainNode
1765970100.4596694,1765970100.4594862,/home/samuchair/ros2_ws/install/samuchair/lib/python3.12/site-packages/samuchair/arduinoNode.py,handle_joystick_silla,20,61,Enviando comando al Arduino: velocidad,Joystick
1765970100.4596994,1765970100.4595258,/home/samuchair/ros2_ws/install/samuchair/lib/python3.12/site-packages/samuchair/mainNode.py,callback_handleServiceResponse,20,142,Estoy en el servicio llamado desde mainNode,mainNode
1765970100.5105133,1765970100.5104003,/home/samuchair/ros2_ws/install/samuchair/lib/python3.12/site-packages/samuchair/jBNode.py,jb_callback,20,38,Comando Joystick Bluetooth: 3,JoystickBluetooth
1765970100.51085,1765970100.5107405,/home/samuchair/ros2_ws/install/samuchair/lib/python3.12/site-packages/samuchair/mainNode.py,callback_subJoy,20,82,Comando Joystick Bluetooth: 3,mainNode
1765970100.7621427,1765970100.7619643,/home/samuchair/ros2_ws/install/samuchair/lib/python3.12/site-packages/samuchair/mainNode.py,callback_handleServiceResponse,20,142,Estoy en el servicio llamado desde mainNode,mainNode
1765970100.762179,1765970100.7620106,/home/samuchair/ros2_ws/install/samuchair/lib/python3.12/site-packages/samuchair/arduinoNode.py,handle_joystick_silla,20,61,Enviando comando al Arduino: velocidad,Joystick
1765970100.9979608,1765970100.9978292,/home/samuchair/ros2_ws/install/samuchair/lib/python3.12/site-packages/samuchair/jBNode.py,jb_callback,20,38,Comando Joystick Bluetooth: 10,JoystickBluetooth
1765970100.9981499,1765970100.9980352,/home/samuchair/ros2_ws/install/samuchair/lib/python3.12/site-packages/samuchair/mainNode.py,callback_subJoy,20,82,Comando Joystick Bluetooth: 10,mainNode
1765970101.0647027,1765970101.0645182,/home/samuchair/ros2_ws/install/samuchair/lib/python3.12/site-packages/samuchair/mainNode.py,callback_handleServiceResponse,20,142,Estoy en el servicio llamado desde mainNode,mainNode
1765970101.0647392,1765970101.0645182,/home/samuchair/ros2_ws/install/samuchair/lib/python3.12/site-packages/samuchair/arduinoNode.py,handle_joystick_silla,20,61,Enviando comando al Arduino: velocidad,Joystick
1765970101.1855013,1765970101.1853921,/home/samuchair/ros2_ws/install/samuchair/lib/python3.12/site-packages/samuchair/jBNode.py,jb_callback,20,38,Comando Joystick Bluetooth: 3,JoystickBluetooth
1765970101.185869,1765970101.1857662,/home/samuchair/ros2_ws/install/samuchair/lib/python3.12/site-packages/samuchair/mainNode.py,callback_subJoy,20,82,Comando Joystick Bluetooth: 3,mainNode
1765970101.3677115,1765970101.3675034,/home/samuchair/ros2_ws/install/samuchair/lib/python3.12/site-packages/samuchair/mainNode.py,callback_handleServiceResponse,20,142,Estoy en el servicio llamado desde mainNode,mainNode
1765970101.5684,1765970101.5682213,/home/samuchair/ros2_ws/install/samuchair/lib/python3.12/site-packages/samuchair/arduinoNode.py,handle_joystick_silla,20,61,Enviando comando al Arduino: velocidad,Joystick
1765970101.7927814,1765970101.7926698,/home/samuchair/ros2_ws/install/samuchair/lib/python3.12/site-packages/samuchair/webcamNode.py,timer_callback,20,61,Frame: 134,webcam
1765970101.8708205,1765970101.870663,/home/samuchair/ros2_ws/install/samuchair/lib/python3.12/site-packages/samuchair/arduinoNode.py,handle_joystick_silla,20,61,Enviando comando al Arduino: velocidad,Joystick
1765970101.8711817,1765970101.8707867,/home/samuchair/ros2_ws/install/samuchair/lib/python3.12/site-packages/samuchair/mainNode.py,callback_handleServiceResponse,20,142,Estoy en el servicio llamado desde mainNode,mainNode
1765970102.173214,1765970102.1730795,/home/samuchair/ros2_ws/install/samuchair/lib/python3.12/site-packages/samuchair/arduinoNode.py,handle_joystick_silla,20,61,Enviando comando al Arduino: velocidad,Joystick
1765970102.1734505,1765970102.1732416,/home/samuchair/ros2_ws/install/samuchair/lib/python3.12/site-packages/samuchair/mainNode.py,callback_handleServiceResponse,20,142,Estoy en el servicio llamado desde mainNode,mainNode
1765970102.4756231,1765970102.475491,/home/samuchair/ros2_ws/install/samuchair/lib/python3.12/site-packages/samuchair/arduinoNode.py,handle_joystick_silla,20,61,Enviando comando al Arduino: velocidad,Joystick
1765970102.4756634,1765970102.4755657,/home/samuchair/ros2_ws/install/samuchair/lib/python3.12/site-packages/samuchair/mainNode.py,callback_handleServiceResponse,20,142,Estoy en el servicio llamado desde mainNode,mainNode
1765970102.7782285,1765970102.7780786,/home/samuchair/ros2_ws/install/samuchair/lib/python3.12/site-packages/samuchair/mainNode.py,callback_handleServiceResponse,20,142,Estoy en el servicio llamado desde mainNode,mainNode
1765970103.7933655,1765970103.7932484,/home/samuchair/ros2_ws/install/samuchair/lib/python3.12/site-packages/samuchair/webcamNode.py,timer_callback,20,61,Frame: 135,webcam
1765970103.8855782,1765970103.88545,/home/samuchair/ros2_ws/install/samuchair/lib/python3.12/site-packages/samuchair/jBNode.py,jb_callback,20,38,Comando Joystick Bluetooth: 10,JoystickBluetooth
1765970103.8859515,1765970103.8858275,/home/samuchair/ros2_ws/install/samuchair/lib/python3.12/site-packages/samuchair/mainNode.py,callback_subJoy,20,82,Comando Joystick Bluetooth: 10,mainNode
1765970103.8878212,1765970103.8876798,/home/samuchair/ros2_ws/install/samuchair/lib/python3.12/site-packages/samuchair/arduinoNode.py,handle_joystick_silla,20,61,Enviando comando al Arduino: velocidad,Joystick
1765970104.190324,1765970104.1901653,/home/samuchair/ros2_ws/install/samuchair/lib/python3.12/site-packages/samuchair/mainNode.py,callback_handleServiceResponse,20,142,Estoy en el servicio llamado desde mainNode,mainNode
1765970105.3113425,1765970105.3104832,/home/samuchair/ros2_ws/install/samuchair/lib/python3.12/site-packages/samuchair/jBNode.py,jb_callback,20,38,Comando Joystick Bluetooth: 3,JoystickBluetooth
1765970105.3113716,1765970105.3110852,/home/samuchair/ros2_ws/install/samuchair/lib/python3.12/site-packages/samuchair/mainNode.py,callback_subJoy,20,82,Comando Joystick Bluetooth: 3,mainNode
1765970105.313017,1765970105.3128743,/home/samuchair/ros2_ws/install/samuchair/lib/python3.12/site-packages/samuchair/arduinoNode.py,handle_joystick_silla,20,61,Enviando comando al Arduino: velocidad,Joystick
1765970105.615694,1765970105.6155424,/home/samuchair/ros2_ws/install/samuchair/lib/python3.12/site-packages/samuchair/mainNode.py,callback_handleServiceResponse,20,142,Estoy en el servicio llamado desde mainNode,mainNode
1765970105.7924585,1765970105.7923515,/home/samuchair/ros2_ws/install/samuchair/lib/python3.12/site-packages/samuchair/webcamNode.py,timer_callback,20,61,Frame: 136,webcam
1765970107.793029,1765970107.7929354,/home/samuchair/ros2_ws/install/samuchair/lib/python3.12/site-packages/samuchair/webcamNode.py,timer_callback,20,61,Frame: 137,webcam
1765970108.5731034,1765970108.5729759,/home/samuchair/ros2_ws/install/samuchair/lib/python3.12/site-packages/samuchair/jBNode.py,jb_callback,20,38,Comando Joystick Bluetooth: 10,JoystickBluetooth
1765970108.5734754,1765970108.5733693,/home/samuchair/ros2_ws/install/samuchair/lib/python3.12/site-packages/samuchair/mainNode.py,callback_subJoy,20,82,Comando Joystick Bluetooth: 10,mainNode
1765970108.5754473,1765970108.575295,/home/samuchair/ros2_ws/install/samuchair/lib/python3.12/site-packages/samuchair/arduinoNode.py,handle_joystick_silla,20,61,Enviando comando al Arduino: velocidad,Joystick
1765970108.8779247,1765970108.877768,/home/samuchair/ros2_ws/install/samuchair/lib/python3.12/site-packages/samuchair/mainNode.py,callback_handleServiceResponse,20,142,Estoy en el servicio llamado desde mainNode,mainNode
1765970109.2105749,1765970109.2104564,/home/samuchair/ros2_ws/install/samuchair/lib/python3.12/site-packages/samuchair/jBNode.py,jb_callback,20,38,Comando Joystick Bluetooth: 9,JoystickBluetooth
1765970109.2108843,1765970109.210774,/home/samuchair/ros2_ws/install/samuchair/lib/python3.12/site-packages/samuchair/mainNode.py,callback_subJoy,20,82,Comando Joystick Bluetooth: 9,mainNode
1765970109.2127185,1765970109.2125828,/home/samuchair/ros2_ws/install/samuchair/lib/python3.12/site-packages/samuchair/arduinoNode.py,handle_joystick_silla,20,61,Enviando comando al Arduino: velocidad,Joystick
1765970109.515016,1765970109.5148802,/home/samuchair/ros2_ws/install/samuchair/lib/python3.12/site-packages/samuchair/mainNode.py,callback_handleServiceResponse,20,142,Estoy en el servicio llamado desde mainNode,mainNode
1765970109.793028,1765970109.7929163,/home/samuchair/ros2_ws/install/samuchair/lib/python3.12/site-packages/samuchair/webcamNode.py,timer_callback,20,61,Frame: 138,webcam
1765970110.7107143,1765970110.710607,/home/samuchair/ros2_ws/install/samuchair/lib/python3.12/site-packages/samuchair/jBNode.py,jb_callback,20,38,Comando Joystick Bluetooth: 0,JoystickBluetooth
1765970110.7110016,1765970110.7109017,/home/samuchair/ros2_ws/install/samuchair/lib/python3.12/site-packages/samuchair/mainNode.py,callback_subJoy,20,82,Comando Joystick Bluetooth: 0,mainNode
1765970110.712818,1765970110.7126627,/home/samuchair/ros2_ws/install/samuchair/lib/python3.12/site-packages/samuchair/arduinoNode.py,handle_joystick_silla,20,61,Enviando comando al Arduino: velocidad,Joystick
1765970111.0151732,1765970111.0150323,/home/samuchair/ros2_ws/install/samuchair/lib/python3.12/site-packages/samuchair/mainNode.py,callback_handleServiceResponse,20,142,Estoy en el servicio llamado desde mainNode,mainNode
1765970111.7929637,1765970111.7928612,/home/samuchair/ros2_ws/install/samuchair/lib/python3.12/site-packages/samuchair/webcamNode.py,timer_callback,20,61,Frame: 139,webcam
1765970112.773127,1765970112.7730157,/home/samuchair/ros2_ws/install/samuchair/lib/python3.12/site-packages/samuchair/jBNode.py,jb_callback,20,38,Comando Joystick Bluetooth: 3,JoystickBluetooth
1765970112.7735257,1765970112.77341,/home/samuchair/ros2_ws/install/samuchair/lib/python3.12/site-packages/samuchair/mainNode.py,callback_subJoy,20,82,Comando Joystick Bluetooth: 3,mainNode
1765970112.7758913,1765970112.7757537,/home/samuchair/ros2_ws/install/samuchair/lib/python3.12/site-packages/samuchair/arduinoNode.py,handle_joystick_silla,20,61,Enviando comando al Arduino: velocidad,Joystick
1765970113.0782757,1765970113.0781252,/home/samuchair/ros2_ws/install/samuchair/lib/python3.12/site-packages/samuchair/mainNode.py,callback_handleServiceResponse,20,142,Estoy en el servicio llamado desde mainNode,mainNode
1765970113.785788,1765970113.785562,/home/samuchair/ros2_ws/install/samuchair/lib/python3.12/site-packages/samuchair/jBNode.py,jb_callback,20,38,Comando Joystick Bluetooth: 10,JoystickBluetooth
1765970113.7866552,1765970113.7861938,/home/samuchair/ros2_ws/install/samuchair/lib/python3.12/site-packages/samuchair/mainNode.py,callback_subJoy,20,82,Comando Joystick Bluetooth: 10,mainNode
1765970113.7890406,1765970113.7888527,/home/samuchair/ros2_ws/install/samuchair/lib/python3.12/site-packages/samuchair/arduinoNode.py,handle_joystick_silla,20,61,Enviando comando al Arduino: velocidad,Joystick
1765970113.7927659,1765970113.7926772,/home/samuchair/ros2_ws/install/samuchair/lib/python3.12/site-packages/samuchair/webcamNode.py,timer_callback,20,61,Frame: 140,webcam
1765970114.091496,1765970114.0913658,/home/samuchair/ros2_ws/install/samuchair/lib/python3.12/site-packages/samuchair/mainNode.py,callback_handleServiceResponse,20,142,Estoy en el servicio llamado desde mainNode,mainNode
1765970115.793403,1765970115.7933025,/home/samuchair/ros2_ws/install/samuchair/lib/python3.12/site-packages/samuchair/webcamNode.py,timer_callback,20,61,Frame: 141,webcam
1765970116.2231627,1765970116.2230396,/home/samuchair/ros2_ws/install/samuchair/lib/python3.12/site-packages/samuchair/jBNode.py,jb_callback,20,38,Comando Joystick Bluetooth: 9,JoystickBluetooth
1765970116.223559,1765970116.2234445,/home/samuchair/ros2_ws/install/samuchair/lib/python3.12/site-packages/samuchair/mainNode.py,callback_subJoy,20,82,Comando Joystick Bluetooth: 9,mainNode
1765970116.2253308,1765970116.2251842,/home/samuchair/ros2_ws/install/samuchair/lib/python3.12/site-packages/samuchair/arduinoNode.py,handle_joystick_silla,20,61,Enviando comando al Arduino: velocidad,Joystick
1765970116.5277295,1765970116.527596,/home/samuchair/ros2_ws/install/samuchair/lib/python3.12/site-packages/samuchair/mainNode.py,callback_handleServiceResponse,20,142,Estoy en el servicio llamado desde mainNode,mainNode
1765970117.685724,1765970117.685605,/home/samuchair/ros2_ws/install/samuchair/lib/python3.12/site-packages/samuchair/jBNode.py,jb_callback,20,38,Comando Joystick Bluetooth: 0,JoystickBluetooth
1765970117.6861968,1765970117.6860187,/home/samuchair/ros2_ws/install/samuchair/lib/python3.12/site-packages/samuchair/mainNode.py,callback_subJoy,20,82,Comando Joystick Bluetooth: 0,mainNode
1765970117.6880536,1765970117.6879077,/home/samuchair/ros2_ws/install/samuchair/lib/python3.12/site-packages/samuchair/arduinoNode.py,handle_joystick_silla,20,61,Enviando comando al Arduino: velocidad,Joystick
1765970117.793115,1765970117.7930017,/home/samuchair/ros2_ws/install/samuchair/lib/python3.12/site-packages/samuchair/webcamNode.py,timer_callback,20,61,Frame: 142,webcam
1765970117.990483,1765970117.9903457,/home/samuchair/ros2_ws/install/samuchair/lib/python3.12/site-packages/samuchair/mainNode.py,callback_handleServiceResponse,20,142,Estoy en el servicio llamado desde mainNode,mainNode
1765970118.0231533,1765970118.0230353,/home/samuchair/ros2_ws/install/samuchair/lib/python3.12/site-packages/samuchair/jBNode.py,jb_callback,20,38,Comando Joystick Bluetooth: 3,JoystickBluetooth
1765970118.0234747,1765970118.0233684,/home/samuchair/ros2_ws/install/samuchair/lib/python3.12/site-packages/samuchair/mainNode.py,callback_subJoy,20,82,Comando Joystick Bluetooth: 3,mainNode
1765970118.0252063,1765970118.0250554,/home/samuchair/ros2_ws/install/samuchair/lib/python3.12/site-packages/samuchair/arduinoNode.py,handle_joystick_silla,20,61,Enviando comando al Arduino: velocidad,Joystick
1765970118.3277063,1765970118.3275542,/home/samuchair/ros2_ws/install/samuchair/lib/python3.12/site-packages/samuchair/mainNode.py,callback_handleServiceResponse,20,142,Estoy en el servicio llamado desde mainNode,mainNode
1765970119.440328,1765970119.4396453,/home/samuchair/ros2_ws/install/samuchair/lib/python3.12/site-packages/samuchair/movilNode.py,timer_callback,20,239,Dato publicado Fase Ejecucion: 30,Movil
1765970119.4403677,1765970119.4400127,/home/samuchair/ros2_ws/install/samuchair/lib/python3.12/site-packages/samuchair/mainNode.py,callback_subMovilEjecucion,20,137,Comando Movil Ejecucion: 30,mainNode
1765970122.485767,1765970122.4856448,/home/samuchair/ros2_ws/install/samuchair/lib/python3.12/site-packages/samuchair/jBNode.py,jb_callback,20,38,Comando Joystick Bluetooth: 10,JoystickBluetooth
1765970122.4862192,1765970122.4860973,/home/samuchair/ros2_ws/install/samuchair/lib/python3.12/site-packages/samuchair/mainNode.py,callback_subJoy,20,82,Comando Joystick Bluetooth: 10,mainNode
1765970122.4880853,1765970122.487922,/home/samuchair/ros2_ws/install/samuchair/lib/python3.12/site-packages/samuchair/arduinoNode.py,handle_joystick_silla,20,61,Enviando comando al Arduino: velocidad,Joystick
1765970122.5982738,1765970122.5981445,/home/samuchair/ros2_ws/install/samuchair/lib/python3.12/site-packages/samuchair/jBNode.py,jb_callback,20,38,Comando Joystick Bluetooth: 3,JoystickBluetooth
1765970122.5987616,1765970122.598628,/home/samuchair/ros2_ws/install/samuchair/lib/python3.12/site-packages/samuchair/mainNode.py,callback_subJoy,20,82,Comando Joystick Bluetooth: 3,mainNode
1765970122.5994549,1765970122.5992556,/home/samuchair/ros2_ws/install/samuchair/lib/python3.12/site-packages/samuchair/jBNode.py,jb_callback,20,38,Comando Joystick Bluetooth: 0,JoystickBluetooth
1765970122.6007292,1765970122.6006095,/home/samuchair/ros2_ws/install/samuchair/lib/python3.12/site-packages/samuchair/mainNode.py,callback_subJoy,20,82,Comando Joystick Bluetooth: 0,mainNode
1765970122.7905006,1765970122.7903094,/home/samuchair/ros2_ws/install/samuchair/lib/python3.12/site-packages/samuchair/mainNode.py,callback_handleServiceResponse,20,142,Estoy en el servicio llamado desde mainNode,mainNode
1765970122.7905667,1765970122.79031,/home/samuchair/ros2_ws/install/samuchair/lib/python3.12/site-packages/samuchair/arduinoNode.py,handle_joystick_silla,20,61,Enviando comando al Arduino: velocidad,Joystick
1765970123.0928152,1765970123.0926528,/home/samuchair/ros2_ws/install/samuchair/lib/python3.12/site-packages/samuchair/mainNode.py,callback_handleServiceResponse,20,142,Estoy en el servicio llamado desde mainNode,mainNode
1765970123.0928478,1765970123.0926538,/home/samuchair/ros2_ws/install/samuchair/lib/python3.12/site-packages/samuchair/arduinoNode.py,handle_joystick_silla,20,61,Enviando comando al Arduino: velocidad,Joystick
1765970123.1984491,1765970123.1982272,/home/samuchair/ros2_ws/install/samuchair/lib/python3.12/site-packages/samuchair/jBNode.py,jb_callback,20,38,Comando Joystick Bluetooth: 5,JoystickBluetooth
1765970123.1991212,1765970123.198644,/home/samuchair/ros2_ws/install/samuchair/lib/python3.12/site-packages/samuchair/mainNode.py,callback_subJoy,20,82,Comando Joystick Bluetooth: 5,mainNode
1765970123.3952925,1765970123.395104,/home/samuchair/ros2_ws/install/samuchair/lib/python3.12/site-packages/samuchair/arduinoNode.py,handle_joystick_silla,20,61,Enviando comando al Arduino: velocidad,Joystick
1765970123.3953314,1765970123.395121,/home/samuchair/ros2_ws/install/samuchair/lib/python3.12/site-packages/samuchair/mainNode.py,callback_handleServiceResponse,20,142,Estoy en el servicio llamado desde mainNode,mainNode
1765970123.697682,1765970123.6975422,/home/samuchair/ros2_ws/install/samuchair/lib/python3.12/site-packages/samuchair/mainNode.py,callback_handleServiceResponse,20,142,Estoy en el servicio llamado desde mainNode,mainNode
1765970126.91089,1765970126.9107604,/home/samuchair/ros2_ws/install/samuchair/lib/python3.12/site-packages/samuchair/jBNode.py,jb_callback,20,38,Comando Joystick Bluetooth: 0,JoystickBluetooth
1765970126.9112778,1765970126.911158,/home/samuchair/ros2_ws/install/samuchair/lib/python3.12/site-packages/samuchair/mainNode.py,callback_subJoy,20,82,Comando Joystick Bluetooth: 0,mainNode
1765970126.9130602,1765970126.9129384,/home/samuchair/ros2_ws/install/samuchair/lib/python3.12/site-packages/samuchair/arduinoNode.py,handle_joystick_silla,20,61,Enviando comando al Arduino: velocidad,Joystick
1765970127.2153668,1765970127.2152145,/home/samuchair/ros2_ws/install/samuchair/lib/python3.12/site-packages/samuchair/mainNode.py,callback_handleServiceResponse,20,142,Estoy en el servicio llamado desde mainNode,mainNode
1765970127.8859,1765970127.8857756,/home/samuchair/ros2_ws/install/samuchair/lib/python3.12/site-packages/samuchair/jBNode.py,jb_callback,20,38,Comando Joystick Bluetooth: 6,JoystickBluetooth
1765970127.886298,1765970127.8861709,/home/samuchair/ros2_ws/install/samuchair/lib/python3.12/site-packages/samuchair/mainNode.py,callback_subJoy,20,82,Comando Joystick Bluetooth: 6,mainNode
1765970127.8882577,1765970127.8881106,/home/samuchair/ros2_ws/install/samuchair/lib/python3.12/site-packages/samuchair/arduinoNode.py,handle_joystick_silla,20,61,Enviando comando al Arduino: velocidad,Joystick
1765970128.1906457,1765970128.1905065,/home/samuchair/ros2_ws/install/samuchair/lib/python3.12/site-packages/samuchair/mainNode.py,callback_handleServiceResponse,20,142,Estoy en el servicio llamado desde mainNode,mainNode
1765970128.7483923,1765970128.7482533,/home/samuchair/ros2_ws/install/samuchair/lib/python3.12/site-packages/samuchair/jBNode.py,jb_callback,20,38,Comando Joystick Bluetooth: 0,JoystickBluetooth
1765970128.7489157,1765970128.7487693,/home/samuchair/ros2_ws/install/samuchair/lib/python3.12/site-packages/samuchair/mainNode.py,callback_subJoy,20,82,Comando Joystick Bluetooth: 0,mainNode
1765970128.75073,1765970128.7505777,/home/samuchair/ros2_ws/install/samuchair/lib/python3.12/site-packages/samuchair/arduinoNode.py,handle_joystick_silla,20,61,Enviando comando al Arduino: velocidad,Joystick
1765970128.973354,1765970128.9732218,/home/samuchair/ros2_ws/install/samuchair/lib/python3.12/site-packages/samuchair/jBNode.py,jb_callback,20,38,Comando Joystick Bluetooth: 6,JoystickBluetooth
1765970128.9738245,1765970128.9736826,/home/samuchair/ros2_ws/install/samuchair/lib/python3.12/site-packages/samuchair/mainNode.py,callback_subJoy,20,82,Comando Joystick Bluetooth: 6,mainNode
1765970129.0532439,1765970129.0530412,/home/samuchair/ros2_ws/install/samuchair/lib/python3.12/site-packages/samuchair/arduinoNode.py,handle_joystick_silla,20,61,Enviando comando al Arduino: velocidad,Joystick
1765970129.0532918,1765970129.053041,/home/samuchair/ros2_ws/install/samuchair/lib/python3.12/site-packages/samuchair/mainNode.py,callback_handleServiceResponse,20,142,Estoy en el servicio llamado desde mainNode,mainNode
1765970129.3556788,1765970129.355528,/home/samuchair/ros2_ws/install/samuchair/lib/python3.12/site-packages/samuchair/mainNode.py,callback_handleServiceResponse,20,142,Estoy en el servicio llamado desde mainNode,mainNode
1765970131.673357,1765970131.6732283,/home/samuchair/ros2_ws/install/samuchair/lib/python3.12/site-packages/samuchair/jBNode.py,jb_callback,20,38,Comando Joystick Bluetooth: 0,JoystickBluetooth
1765970131.673742,1765970131.6736379,/home/samuchair/ros2_ws/install/samuchair/lib/python3.12/site-packages/samuchair/mainNode.py,callback_subJoy,20,82,Comando Joystick Bluetooth: 0,mainNode
1765970131.6755354,1765970131.6753917,/home/samuchair/ros2_ws/install/samuchair/lib/python3.12/site-packages/samuchair/arduinoNode.py,handle_joystick_silla,20,61,Enviando comando al Arduino: velocidad,Joystick
1765970131.977817,1765970131.9776835,/home/samuchair/ros2_ws/install/samuchair/lib/python3.12/site-packages/samuchair/mainNode.py,callback_handleServiceResponse,20,142,Estoy en el servicio llamado desde mainNode,mainNode
1765970133.1361268,1765970133.1358678,/home/samuchair/ros2_ws/install/samuchair/lib/python3.12/site-packages/samuchair/jBNode.py,jb_callback,20,38,Comando Joystick Bluetooth: 3,JoystickBluetooth
1765970133.1364527,1765970133.13633,/home/samuchair/ros2_ws/install/samuchair/lib/python3.12/site-packages/samuchair/mainNode.py,callback_subJoy,20,82,Comando Joystick Bluetooth: 3,mainNode
1765970133.1384022,1765970133.1382349,/home/samuchair/ros2_ws/install/samuchair/lib/python3.12/site-packages/samuchair/arduinoNode.py,handle_joystick_silla,20,61,Enviando comando al Arduino: velocidad,Joystick
1765970133.1734111,1765970133.173289,/home/samuchair/ros2_ws/install/samuchair/lib/python3.12/site-packages/samuchair/jBNode.py,jb_callback,20,38,Comando Joystick Bluetooth: 10,JoystickBluetooth
1765970133.1738195,1765970133.1736975,/home/samuchair/ros2_ws/install/samuchair/lib/python3.12/site-packages/samuchair/mainNode.py,callback_subJoy,20,82,Comando Joystick Bluetooth: 10,mainNode
1765970133.248442,1765970133.2483284,/home/samuchair/ros2_ws/install/samuchair/lib/python3.12/site-packages/samuchair/jBNode.py,jb_callback,20,38,Comando Joystick Bluetooth: 3,JoystickBluetooth
1765970133.2488258,1765970133.2487123,/home/samuchair/ros2_ws/install/samuchair/lib/python3.12/site-packages/samuchair/mainNode.py,callback_subJoy,20,82,Comando Joystick Bluetooth: 3,mainNode
1765970133.4408398,1765970133.440649,/home/samuchair/ros2_ws/install/samuchair/lib/python3.12/site-packages/samuchair/arduinoNode.py,handle_joystick_silla,20,61,Enviando comando al Arduino: velocidad,Joystick
1765970133.4408765,1765970133.4407005,/home/samuchair/ros2_ws/install/samuchair/lib/python3.12/site-packages/samuchair/mainNode.py,callback_handleServiceResponse,20,142,Estoy en el servicio llamado desde mainNode,mainNode
1765970133.7432885,1765970133.7430801,/home/samuchair/ros2_ws/install/samuchair/lib/python3.12/site-packages/samuchair/arduinoNode.py,handle_joystick_silla,20,61,Enviando comando al Arduino: velocidad,Joystick
1765970133.7433248,1765970133.7431362,/home/samuchair/ros2_ws/install/samuchair/lib/python3.12/site-packages/samuchair/mainNode.py,callback_handleServiceResponse,20,142,Estoy en el servicio llamado desde mainNode,mainNode
1765970134.04559,1765970134.04545,/home/samuchair/ros2_ws/install/samuchair/lib/python3.12/site-packages/samuchair/mainNode.py,callback_handleServiceResponse,20,142,Estoy en el servicio llamado desde mainNode,mainNode
1765970134.110865,1765970134.1107488,/home/samuchair/ros2_ws/install/samuchair/lib/python3.12/site-packages/samuchair/jBNode.py,jb_callback,20,38,Comando Joystick Bluetooth: 0,JoystickBluetooth
1765970134.1111856,1765970134.111076,/home/samuchair/ros2_ws/install/samuchair/lib/python3.12/site-packages/samuchair/mainNode.py,callback_subJoy,20,82,Comando Joystick Bluetooth: 0,mainNode
1765970134.1128817,1765970134.1127496,/home/samuchair/ros2_ws/install/samuchair/lib/python3.12/site-packages/samuchair/arduinoNode.py,handle_joystick_silla,20,61,Enviando comando al Arduino: velocidad,Joystick
1765970134.4153037,1765970134.415143,/home/samuchair/ros2_ws/install/samuchair/lib/python3.12/site-packages/samuchair/mainNode.py,callback_handleServiceResponse,20,142,Estoy en el servicio llamado desde mainNode,mainNode
1765970134.673484,1765970134.673367,/home/samuchair/ros2_ws/install/samuchair/lib/python3.12/site-packages/samuchair/jBNode.py,jb_callback,20,38,Comando Joystick Bluetooth: 3,JoystickBluetooth
1765970134.674026,1765970134.6738772,/home/samuchair/ros2_ws/install/samuchair/lib/python3.12/site-packages/samuchair/mainNode.py,callback_subJoy,20,82,Comando Joystick Bluetooth: 3,mainNode
1765970134.6757853,1765970134.6756437,/home/samuchair/ros2_ws/install/samuchair/lib/python3.12/site-packages/samuchair/arduinoNode.py,handle_joystick_silla,20,61,Enviando comando al Arduino: velocidad,Joystick
1765970134.9782858,1765970134.9781487,/home/samuchair/ros2_ws/install/samuchair/lib/python3.12/site-packages/samuchair/mainNode.py,callback_handleServiceResponse,20,142,Estoy en el servicio llamado desde mainNode,mainNode
1765970135.7236168,1765970135.723402,/home/samuchair/ros2_ws/install/samuchair/lib/python3.12/site-packages/samuchair/jBNode.py,jb_callback,20,38,Comando Joystick Bluetooth: 10,JoystickBluetooth
1765970135.7243443,1765970135.7238784,/home/samuchair/ros2_ws/install/samuchair/lib/python3.12/site-packages/samuchair/mainNode.py,callback_subJoy,20,82,Comando Joystick Bluetooth: 10,mainNode
1765970135.7260182,1765970135.7258747,/home/samuchair/ros2_ws/install/samuchair/lib/python3.12/site-packages/samuchair/arduinoNode.py,handle_joystick_silla,20,61,Enviando comando al Arduino: velocidad,Joystick
1765970135.9484255,1765970135.948309,/home/samuchair/ros2_ws/install/samuchair/lib/python3.12/site-packages/samuchair/jBNode.py,jb_callback,20,38,Comando Joystick Bluetooth: 9,JoystickBluetooth
1765970135.9488962,1765970135.948766,/home/samuchair/ros2_ws/install/samuchair/lib/python3.12/site-packages/samuchair/mainNode.py,callback_subJoy,20,82,Comando Joystick Bluetooth: 9,mainNode
1765970135.9859052,1765970135.9857943,/home/samuchair/ros2_ws/install/samuchair/lib/python3.12/site-packages/samuchair/jBNode.py,jb_callback,20,38,Comando Joystick Bluetooth: 10,JoystickBluetooth
1765970135.9861789,1765970135.9860752,/home/samuchair/ros2_ws/install/samuchair/lib/python3.12/site-packages/samuchair/mainNode.py,callback_subJoy,20,82,Comando Joystick Bluetooth: 10,mainNode
1765970136.0286605,1765970136.0283115,/home/samuchair/ros2_ws/install/samuchair/lib/python3.12/site-packages/samuchair/mainNode.py,callback_handleServiceResponse,20,142,Estoy en el servicio llamado desde mainNode,mainNode
1765970136.0286965,1765970136.0282946,/home/samuchair/ros2_ws/install/samuchair/lib/python3.12/site-packages/samuchair/arduinoNode.py,handle_joystick_silla,20,61,Enviando comando al Arduino: velocidad,Joystick
1765970136.3308942,1765970136.330733,/home/samuchair/ros2_ws/install/samuchair/lib/python3.12/site-packages/samuchair/arduinoNode.py,handle_joystick_silla,20,61,Enviando comando al Arduino: velocidad,Joystick
1765970136.3312366,1765970136.330845,/home/samuchair/ros2_ws/install/samuchair/lib/python3.12/site-packages/samuchair/mainNode.py,callback_handleServiceResponse,20,142,Estoy en el servicio llamado desde mainNode,mainNode
1765970136.633385,1765970136.6332219,/home/samuchair/ros2_ws/install/samuchair/lib/python3.12/site-packages/samuchair/mainNode.py,callback_handleServiceResponse,20,142,Estoy en el servicio llamado desde mainNode,mainNode
1765970136.8486078,1765970136.8484666,/home/samuchair/ros2_ws/install/samuchair/lib/python3.12/site-packages/samuchair/jBNode.py,jb_callback,20,38,Comando Joystick Bluetooth: 3,JoystickBluetooth
1765970136.8490772,1765970136.8489296,/home/samuchair/ros2_ws/install/samuchair/lib/python3.12/site-packages/samuchair/mainNode.py,callback_subJoy,20,82,Comando Joystick Bluetooth: 3,mainNode
1765970136.8508139,1765970136.8506615,/home/samuchair/ros2_ws/install/samuchair/lib/python3.12/site-packages/samuchair/arduinoNode.py,handle_joystick_silla,20,61,Enviando comando al Arduino: velocidad,Joystick
1765970137.1532724,1765970137.1531131,/home/samuchair/ros2_ws/install/samuchair/lib/python3.12/site-packages/samuchair/mainNode.py,callback_handleServiceResponse,20,142,Estoy en el servicio llamado desde mainNode,mainNode
1765970137.9360468,1765970137.9359303,/home/samuchair/ros2_ws/install/samuchair/lib/python3.12/site-packages/samuchair/jBNode.py,jb_callback,20,38,Comando Joystick Bluetooth: 10,JoystickBluetooth
1765970137.9364495,1765970137.9363432,/home/samuchair/ros2_ws/install/samuchair/lib/python3.12/site-packages/samuchair/mainNode.py,callback_subJoy,20,82,Comando Joystick Bluetooth: 10,mainNode
1765970137.9383433,1765970137.938166,/home/samuchair/ros2_ws/install/samuchair/lib/python3.12/site-packages/samuchair/arduinoNode.py,handle_joystick_silla,20,61,Enviando comando al Arduino: velocidad,Joystick
1765970138.1987004,1765970138.1984718,/home/samuchair/ros2_ws/install/samuchair/lib/python3.12/site-packages/samuchair/jBNode.py,jb_callback,20,38,Comando Joystick Bluetooth: 3,JoystickBluetooth
1765970138.199051,1765970138.1989045,/home/samuchair/ros2_ws/install/samuchair/lib/python3.12/site-packages/samuchair/mainNode.py,callback_subJoy,20,82,Comando Joystick Bluetooth: 3,mainNode
1765970138.2408996,1765970138.2407265,/home/samuchair/ros2_ws/install/samuchair/lib/python3.12/site-packages/samuchair/mainNode.py,callback_handleServiceResponse,20,142,Estoy en el servicio llamado desde mainNode,mainNode
1765970138.2409327,1765970138.2407253,/home/samuchair/ros2_ws/install/samuchair/lib/python3.12/site-packages/samuchair/arduinoNode.py,handle_joystick_silla,20,61,Enviando comando al Arduino: velocidad,Joystick
1765970138.5433586,1765970138.5432029,/home/samuchair/ros2_ws/install/samuchair/lib/python3.12/site-packages/samuchair/mainNode.py,callback_handleServiceResponse,20,142,Estoy en el servicio llamado desde mainNode,mainNode
1765970138.6110997,1765970138.6109264,/home/samuchair/ros2_ws/install/samuchair/lib/python3.12/site-packages/samuchair/jBNode.py,jb_callback,20,38,Comando Joystick Bluetooth: 10,JoystickBluetooth
1765970138.6115067,1765970138.6113846,/home/samuchair/ros2_ws/install/samuchair/lib/python3.12/site-packages/samuchair/mainNode.py,callback_subJoy,20,82,Comando Joystick Bluetooth: 10,mainNode
1765970138.6133142,1765970138.6131685,/home/samuchair/ros2_ws/install/samuchair/lib/python3.12/site-packages/samuchair/arduinoNode.py,handle_joystick_silla,20,61,Enviando comando al Arduino: velocidad,Joystick
1765970138.9157693,1765970138.9156396,/home/samuchair/ros2_ws/install/samuchair/lib/python3.12/site-packages/samuchair/mainNode.py,callback_handleServiceResponse,20,142,Estoy en el servicio llamado desde mainNode,mainNode
1765970139.6235943,1765970139.623467,/home/samuchair/ros2_ws/install/samuchair/lib/python3.12/site-packages/samuchair/jBNode.py,jb_callback,20,38,Comando Joystick Bluetooth: 3,JoystickBluetooth
1765970139.6241643,1765970139.6240165,/home/samuchair/ros2_ws/install/samuchair/lib/python3.12/site-packages/samuchair/mainNode.py,callback_subJoy,20,82,Comando Joystick Bluetooth: 3,mainNode
1765970139.6259243,1765970139.6257882,/home/samuchair/ros2_ws/install/samuchair/lib/python3.12/site-packages/samuchair/arduinoNode.py,handle_joystick_silla,20,61,Enviando comando al Arduino: velocidad,Joystick
1765970139.698508,1765970139.6983957,/home/samuchair/ros2_ws/install/samuchair/lib/python3.12/site-packages/samuchair/jBNode.py,jb_callback,20,38,Comando Joystick Bluetooth: 0,JoystickBluetooth
1765970139.6989954,1765970139.698823,/home/samuchair/ros2_ws/install/samuchair/lib/python3.12/site-packages/samuchair/mainNode.py,callback_subJoy,20,82,Comando Joystick Bluetooth: 0,mainNode
1765970139.9284256,1765970139.928216,/home/samuchair/ros2_ws/install/samuchair/lib/python3.12/site-packages/samuchair/arduinoNode.py,handle_joystick_silla,20,61,Enviando comando al Arduino: velocidad,Joystick
1765970139.9284656,1765970139.9283013,/home/samuchair/ros2_ws/install/samuchair/lib/python3.12/site-packages/samuchair/mainNode.py,callback_handleServiceResponse,20,142,Estoy en el servicio llamado desde mainNode,mainNode
1765970140.0360398,1765970140.0359178,/home/samuchair/ros2_ws/install/samuchair/lib/python3.12/site-packages/samuchair/jBNode.py,jb_callback,20,38,Comando Joystick Bluetooth: 3,JoystickBluetooth
1765970140.0364127,1765970140.0363,/home/samuchair/ros2_ws/install/samuchair/lib/python3.12/site-packages/samuchair/mainNode.py,callback_subJoy,20,82,Comando Joystick Bluetooth: 3,mainNode
1765970140.230944,1765970140.2307615,/home/samuchair/ros2_ws/install/samuchair/lib/python3.12/site-packages/samuchair/mainNode.py,callback_handleServiceResponse,20,142,Estoy en el servicio llamado desde mainNode,mainNode
1765970140.231312,1765970140.230882,/home/samuchair/ros2_ws/install/samuchair/lib/python3.12/site-packages/samuchair/arduinoNode.py,handle_joystick_silla,20,61,Enviando comando al Arduino: velocidad,Joystick
1765970140.373576,1765970140.373457,/home/samuchair/ros2_ws/install/samuchair/lib/python3.12/site-packages/samuchair/jBNode.py,jb_callback,20,38,Comando Joystick Bluetooth: 10,JoystickBluetooth
1765970140.374102,1765970140.3739598,/home/samuchair/ros2_ws/install/samuchair/lib/python3.12/site-packages/samuchair/mainNode.py,callback_subJoy,20,82,Comando Joystick Bluetooth: 10,mainNode
1765970140.533541,1765970140.533325,/home/samuchair/ros2_ws/install/samuchair/lib/python3.12/site-packages/samuchair/arduinoNode.py,handle_joystick_silla,20,61,Enviando comando al Arduino: velocidad,Joystick
1765970140.5336194,1765970140.53338,/home/samuchair/ros2_ws/install/samuchair/lib/python3.12/site-packages/samuchair/mainNode.py,callback_handleServiceResponse,20,142,Estoy en el servicio llamado desde mainNode,mainNode
1765970140.8358889,1765970140.835739,/home/samuchair/ros2_ws/install/samuchair/lib/python3.12/site-packages/samuchair/mainNode.py,callback_handleServiceResponse,20,142,Estoy en el servicio llamado desde mainNode,mainNode
1765970141.5360522,1765970141.5359244,/home/samuchair/ros2_ws/install/samuchair/lib/python3.12/site-packages/samuchair/jBNode.py,jb_callback,20,38,Comando Joystick Bluetooth: 3,JoystickBluetooth
1765970141.5366483,1765970141.5364933,/home/samuchair/ros2_ws/install/samuchair/lib/python3.12/site-packages/samuchair/mainNode.py,callback_subJoy,20,82,Comando Joystick Bluetooth: 3,mainNode
1765970141.538407,1765970141.5382578,/home/samuchair/ros2_ws/install/samuchair/lib/python3.12/site-packages/samuchair/arduinoNode.py,handle_joystick_silla,20,61,Enviando comando al Arduino: velocidad,Joystick
1765970141.8405292,1765970141.8403766,/home/samuchair/ros2_ws/install/samuchair/lib/python3.12/site-packages/samuchair/mainNode.py,callback_handleServiceResponse,20,142,Estoy en el servicio llamado desde mainNode,mainNode
1765970141.985996,1765970141.9858825,/home/samuchair/ros2_ws/install/samuchair/lib/python3.12/site-packages/samuchair/jBNode.py,jb_callback,20,38,Comando Joystick Bluetooth: 12,JoystickBluetooth
1765970141.9864137,1765970141.9862957,/home/samuchair/ros2_ws/install/samuchair/lib/python3.12/site-packages/samuchair/mainNode.py,callback_subJoy,20,82,Comando Joystick Bluetooth: 12,mainNode
1765970141.9882345,1765970141.9880865,/home/samuchair/ros2_ws/install/samuchair/lib/python3.12/site-packages/samuchair/arduinoNode.py,handle_joystick_silla,20,61,Enviando comando al Arduino: velocidad,Joystick
1765970142.0235665,1765970142.0234566,/home/samuchair/ros2_ws/install/samuchair/lib/python3.12/site-packages/samuchair/jBNode.py,jb_callback,20,38,Comando Joystick Bluetooth: 6,JoystickBluetooth
1765970142.0241196,1765970142.0239553,/home/samuchair/ros2_ws/install/samuchair/lib/python3.12/site-packages/samuchair/mainNode.py,callback_subJoy,20,82,Comando Joystick Bluetooth: 6,mainNode
1765970142.290669,1765970142.2905002,/home/samuchair/ros2_ws/install/samuchair/lib/python3.12/site-packages/samuchair/arduinoNode.py,handle_joystick_silla,20,61,Enviando comando al Arduino: velocidad,Joystick
1765970142.2907102,1765970142.2906003,/home/samuchair/ros2_ws/install/samuchair/lib/python3.12/site-packages/samuchair/mainNode.py,callback_handleServiceResponse,20,142,Estoy en el servicio llamado desde mainNode,mainNode
1765970142.593159,1765970142.5929844,/home/samuchair/ros2_ws/install/samuchair/lib/python3.12/site-packages/samuchair/mainNode.py,callback_handleServiceResponse,20,142,Estoy en el servicio llamado desde mainNode,mainNode
1765970143.2610872,1765970143.260963,/home/samuchair/ros2_ws/install/samuchair/lib/python3.12/site-packages/samuchair/jBNode.py,jb_callback,20,38,Comando Joystick Bluetooth: 12,JoystickBluetooth
1765970143.2615416,1765970143.2614095,/home/samuchair/ros2_ws/install/samuchair/lib/python3.12/site-packages/samuchair/mainNode.py,callback_subJoy,20,82,Comando Joystick Bluetooth: 12,mainNode
1765970143.336087,1765970143.335959,/home/samuchair/ros2_ws/install/samuchair/lib/python3.12/site-packages/samuchair/jBNode.py,jb_callback,20,38,Comando Joystick Bluetooth: 3,JoystickBluetooth
1765970143.3365989,1765970143.3364475,/home/samuchair/ros2_ws/install/samuchair/lib/python3.12/site-packages/samuchair/mainNode.py,callback_subJoy,20,82,Comando Joystick Bluetooth: 3,mainNode
1765970143.3736186,1765970143.3735015,/home/samuchair/ros2_ws/install/samuchair/lib/python3.12/site-packages/samuchair/jBNode.py,jb_callback,20,38,Comando Joystick Bluetooth: 10,JoystickBluetooth
1765970143.374019,1765970143.3738954,/home/samuchair/ros2_ws/install/samuchair/lib/python3.12/site-packages/samuchair/mainNode.py,callback_subJoy,20,82,Comando Joystick Bluetooth: 10,mainNode
1765970143.4113867,1765970143.410953,/home/samuchair/ros2_ws/install/samuchair/lib/python3.12/site-packages/samuchair/jBNode.py,jb_callback,20,38,Comando Joystick Bluetooth: 9,JoystickBluetooth
1765970143.4116762,1765970143.4113603,/home/samuchair/ros2_ws/install/samuchair/lib/python3.12/site-packages/samuchair/mainNode.py,callback_subJoy,20,82,Comando Joystick Bluetooth: 9,mainNode
1765970143.413151,1765970143.4129996,/home/samuchair/ros2_ws/install/samuchair/lib/python3.12/site-packages/samuchair/arduinoNode.py,handle_joystick_silla,20,61,Enviando comando al Arduino: velocidad,Joystick
1765970143.44869,1765970143.4484725,/home/samuchair/ros2_ws/install/samuchair/lib/python3.12/site-packages/samuchair/jBNode.py,jb_callback,20,38,Comando Joystick Bluetooth: 10,JoystickBluetooth
1765970143.4492102,1765970143.4489787,/home/samuchair/ros2_ws/install/samuchair/lib/python3.12/site-packages/samuchair/mainNode.py,callback_subJoy,20,82,Comando Joystick Bluetooth: 10,mainNode
1765970143.560975,1765970143.5608606,/home/samuchair/ros2_ws/install/samuchair/lib/python3.12/site-packages/samuchair/jBNode.py,jb_callback,20,38,Comando Joystick Bluetooth: 9,JoystickBluetooth
1765970143.5614007,1765970143.5612833,/home/samuchair/ros2_ws/install/samuchair/lib/python3.12/site-packages/samuchair/mainNode.py,callback_subJoy,20,82,Comando Joystick Bluetooth: 9,mainNode
1765970143.7155957,1765970143.7154288,/home/samuchair/ros2_ws/install/samuchair/lib/python3.12/site-packages/samuchair/arduinoNode.py,handle_joystick_silla,20,61,Enviando comando al Arduino: velocidad,Joystick
1765970143.7159452,1765970143.7155468,/home/samuchair/ros2_ws/install/samuchair/lib/python3.12/site-packages/samuchair/mainNode.py,callback_handleServiceResponse,20,142,Estoy en el servicio llamado desde mainNode,mainNode
1765970144.018095,1765970144.0178912,/home/samuchair/ros2_ws/install/samuchair/lib/python3.12/site-packages/samuchair/mainNode.py,callback_handleServiceResponse,20,142,Estoy en el servicio llamado desde mainNode,mainNode
1765970144.0181293,1765970144.0178947,/home/samuchair/ros2_ws/install/samuchair/lib/python3.12/site-packages/samuchair/arduinoNode.py,handle_joystick_silla,20,61,Enviando comando al Arduino: velocidad,Joystick
1765970144.3204436,1765970144.320301,/home/samuchair/ros2_ws/install/samuchair/lib/python3.12/site-packages/samuchair/arduinoNode.py,handle_joystick_silla,20,61,Enviando comando al Arduino: velocidad,Joystick
1765970144.3206353,1765970144.320481,/home/samuchair/ros2_ws/install/samuchair/lib/python3.12/site-packages/samuchair/mainNode.py,callback_handleServiceResponse,20,142,Estoy en el servicio llamado desde mainNode,mainNode
1765970144.622924,1765970144.622763,/home/samuchair/ros2_ws/install/samuchair/lib/python3.12/site-packages/samuchair/arduinoNode.py,handle_joystick_silla,20,61,Enviando comando al Arduino: velocidad,Joystick
1765970144.6229665,1765970144.6228597,/home/samuchair/ros2_ws/install/samuchair/lib/python3.12/site-packages/samuchair/mainNode.py,callback_handleServiceResponse,20,142,Estoy en el servicio llamado desde mainNode,mainNode
1765970144.6485965,1765970144.6484768,/home/samuchair/ros2_ws/install/samuchair/lib/python3.12/site-packages/samuchair/jBNode.py,jb_callback,20,38,Comando Joystick Bluetooth: 0,JoystickBluetooth
1765970144.6489925,1765970144.6488411,/home/samuchair/ros2_ws/install/samuchair/lib/python3.12/site-packages/samuchair/mainNode.py,callback_subJoy,20,82,Comando Joystick Bluetooth: 0,mainNode
1765970144.925428,1765970144.9252963,/home/samuchair/ros2_ws/install/samuchair/lib/python3.12/site-packages/samuchair/mainNode.py,callback_handleServiceResponse,20,142,Estoy en el servicio llamado desde mainNode,mainNode
1765970144.925789,1765970144.9253836,/home/samuchair/ros2_ws/install/samuchair/lib/python3.12/site-packages/samuchair/arduinoNode.py,handle_joystick_silla,20,61,Enviando comando al Arduino: velocidad,Joystick
1765970145.227926,1765970145.227773,/home/samuchair/ros2_ws/install/samuchair/lib/python3.12/site-packages/samuchair/arduinoNode.py,handle_joystick_silla,20,61,Enviando comando al Arduino: velocidad,Joystick
1765970145.2282937,1765970145.2279143,/home/samuchair/ros2_ws/install/samuchair/lib/python3.12/site-packages/samuchair/mainNode.py,callback_handleServiceResponse,20,142,Estoy en el servicio llamado desde mainNode,mainNode
1765970145.3236601,1765970145.3235266,/home/samuchair/ros2_ws/install/samuchair/lib/python3.12/site-packages/samuchair/jBNode.py,jb_callback,20,38,Comando Joystick Bluetooth: 9,JoystickBluetooth
1765970145.3241303,1765970145.3239884,/home/samuchair/ros2_ws/install/samuchair/lib/python3.12/site-packages/samuchair/mainNode.py,callback_subJoy,20,82,Comando Joystick Bluetooth: 9,mainNode
1765970145.5303767,1765970145.53019,/home/samuchair/ros2_ws/install/samuchair/lib/python3.12/site-packages/samuchair/arduinoNode.py,handle_joystick_silla,20,61,Enviando comando al Arduino: velocidad,Joystick
1765970145.5304177,1765970145.5302777,/home/samuchair/ros2_ws/install/samuchair/lib/python3.12/site-packages/samuchair/mainNode.py,callback_handleServiceResponse,20,142,Estoy en el servicio llamado desde mainNode,mainNode
1765970145.832829,1765970145.8326743,/home/samuchair/ros2_ws/install/samuchair/lib/python3.12/site-packages/samuchair/mainNode.py,callback_handleServiceResponse,20,142,Estoy en el servicio llamado desde mainNode,mainNode
1765970146.2986882,1765970146.2985728,/home/samuchair/ros2_ws/install/samuchair/lib/python3.12/site-packages/samuchair/jBNode.py,jb_callback,20,38,Comando Joystick Bluetooth: 0,JoystickBluetooth
1765970146.2991154,1765970146.298993,/home/samuchair/ros2_ws/install/samuchair/lib/python3.12/site-packages/samuchair/mainNode.py,callback_subJoy,20,82,Comando Joystick Bluetooth: 0,mainNode
1765970146.300961,1765970146.3008213,/home/samuchair/ros2_ws/install/samuchair/lib/python3.12/site-packages/samuchair/arduinoNode.py,handle_joystick_silla,20,61,Enviando comando al Arduino: velocidad,Joystick
1765970146.6035311,1765970146.60338,/home/samuchair/ros2_ws/install/samuchair/lib/python3.12/site-packages/samuchair/mainNode.py,callback_handleServiceResponse,20,142,Estoy en el servicio llamado desde mainNode,mainNode
1765970147.2360983,1765970147.2359858,/home/samuchair/ros2_ws/install/samuchair/lib/python3.12/site-packages/samuchair/jBNode.py,jb_callback,20,38,Comando Joystick Bluetooth: 5,JoystickBluetooth
1765970147.2365005,1765970147.236385,/home/samuchair/ros2_ws/install/samuchair/lib/python3.12/site-packages/samuchair/mainNode.py,callback_subJoy,20,82,Comando Joystick Bluetooth: 5,mainNode
1765970147.2383733,1765970147.2381945,/home/samuchair/ros2_ws/install/samuchair/lib/python3.12/site-packages/samuchair/arduinoNode.py,handle_joystick_silla,20,61,Enviando comando al Arduino: velocidad,Joystick
1765970147.5407965,1765970147.5406706,/home/samuchair/ros2_ws/install/samuchair/lib/python3.12/site-packages/samuchair/mainNode.py,callback_handleServiceResponse,20,142,Estoy en el servicio llamado desde mainNode,mainNode
1765970148.2110624,1765970148.2109382,/home/samuchair/ros2_ws/install/samuchair/lib/python3.12/site-packages/samuchair/jBNode.py,jb_callback,20,38,Comando Joystick Bluetooth: 0,JoystickBluetooth
1765970148.2114544,1765970148.2113469,/home/samuchair/ros2_ws/install/samuchair/lib/python3.12/site-packages/samuchair/mainNode.py,callback_subJoy,20,82,Comando Joystick Bluetooth: 0,mainNode
1765970148.21329,1765970148.2131362,/home/samuchair/ros2_ws/install/samuchair/lib/python3.12/site-packages/samuchair/arduinoNode.py,handle_joystick_silla,20,61,Enviando comando al Arduino: velocidad,Joystick
1765970148.5157895,1765970148.5156522,/home/samuchair/ros2_ws/install/samuchair/lib/python3.12/site-packages/samuchair/mainNode.py,callback_handleServiceResponse,20,142,Estoy en el servicio llamado desde mainNode,mainNode
1765970149.0737007,1765970149.0735795,/home/samuchair/ros2_ws/install/samuchair/lib/python3.12/site-packages/samuchair/jBNode.py,jb_callback,20,38,Comando Joystick Bluetooth: 6,JoystickBluetooth
1765970149.074069,1765970149.073956,/home/samuchair/ros2_ws/install/samuchair/lib/python3.12/site-packages/samuchair/mainNode.py,callback_subJoy,20,82,Comando Joystick Bluetooth: 6,mainNode
1765970149.0760121,1765970149.075869,/home/samuchair/ros2_ws/install/samuchair/lib/python3.12/site-packages/samuchair/arduinoNode.py,handle_joystick_silla,20,61,Enviando comando al Arduino: velocidad,Joystick
1765970149.3785539,1765970149.3784096,/home/samuchair/ros2_ws/install/samuchair/lib/python3.12/site-packages/samuchair/mainNode.py,callback_handleServiceResponse,20,142,Estoy en el servicio llamado desde mainNode,mainNode
1765970149.9409025,1765970149.9395363,/home/samuchair/ros2_ws/install/samuchair/lib/python3.12/site-packages/samuchair/movilNode.py,timer_callback,20,215,Dato publicado Tipo Experimento: Experimento 1,Movil
1765970149.9409432,1765970149.9399827,/home/samuchair/ros2_ws/install/samuchair/lib/python3.12/site-packages/samuchair/mainNode.py,callback_subMovilTipo,20,95,Comando Movil Tipo: Experimento 1,mainNode
1765970149.9644988,1765970149.9643362,/home/samuchair/ros2_ws/install/samuchair/lib/python3.12/site-packages/samuchair/secondarytaskNode.py,sus_function,20,166,Mensaje recibido: Experimento 1,ST
1765970150.4238183,1765970150.4236236,/home/samuchair/ros2_ws/install/samuchair/lib/python3.12/site-packages/samuchair/jBNode.py,jb_callback,20,38,Comando Joystick Bluetooth: 0,JoystickBluetooth
1765970150.4241638,1765970150.4240499,/home/samuchair/ros2_ws/install/samuchair/lib/python3.12/site-packages/samuchair/mainNode.py,callback_subJoy,20,82,Comando Joystick Bluetooth: 0,mainNode
1765970150.4261227,1765970150.4259827,/home/samuchair/ros2_ws/install/samuchair/lib/python3.12/site-packages/samuchair/arduinoNode.py,handle_joystick_silla,20,61,Enviando comando al Arduino: velocidad,Joystick
1765970150.728717,1765970150.7285662,/home/samuchair/ros2_ws/install/samuchair/lib/python3.12/site-packages/samuchair/mainNode.py,callback_handleServiceResponse,20,142,Estoy en el servicio llamado desde mainNode,mainNode
1765970154.494983,1765970154.494894,/home/samuchair/ros2_ws/install/samuchair/lib/python3.12/site-packages/samuchair/secondarytaskNode.py,timer_callback,20,220,"Publicado: ""0""",ST
1765970154.4960825,1765970154.4959245,/home/samuchair/ros2_ws/install/samuchair/lib/python3.12/site-packages/samuchair/secondarytaskNode.py,start_random_timer,20,180,Dato publicado ST: 11.738833876511052,ST
1765970155.1994684,1765970155.1993773,/home/samuchair/ros2_ws/install/samuchair/lib/python3.12/site-packages/samuchair/secondarytaskNode.py,timer_lectura,20,203,Dato medido ST: 0.01921701431274414,ST
1765970166.6977034,1765970166.697594,/home/samuchair/ros2_ws/install/samuchair/lib/python3.12/site-packages/samuchair/secondarytaskNode.py,timer_callback,20,220,"Publicado: ""1""",ST
1765970166.6987996,1765970166.6987069,/home/samuchair/ros2_ws/install/samuchair/lib/python3.12/site-packages/samuchair/secondarytaskNode.py,start_random_timer,20,180,Dato publicado ST: 6.212479524558635,ST
1765970167.1995153,1765970167.1994252,/home/samuchair/ros2_ws/install/samuchair/lib/python3.12/site-packages/samuchair/secondarytaskNode.py,timer_lectura,20,203,Dato medido ST: 0.10521245002746582,ST
1765970173.3750134,1765970173.3749173,/home/samuchair/ros2_ws/install/samuchair/lib/python3.12/site-packages/samuchair/secondarytaskNode.py,timer_callback,20,220,"Publicado: ""0""",ST
1765970173.3761063,1765970173.3760135,/home/samuchair/ros2_ws/install/samuchair/lib/python3.12/site-packages/samuchair/secondarytaskNode.py,start_random_timer,20,180,Dato publicado ST: 10.027365263497074,ST
1765970174.1995418,1765970174.199442,/home/samuchair/ros2_ws/install/samuchair/lib/python3.12/site-packages/samuchair/secondarytaskNode.py,timer_lectura,20,203,Dato medido ST: 0.08415865898132324,ST
1765970183.8656235,1765970183.8655088,/home/samuchair/ros2_ws/install/samuchair/lib/python3.12/site-packages/samuchair/secondarytaskNode.py,timer_callback,20,220,"Publicado: ""0""",ST
1765970183.8666873,1765970183.8665886,/home/samuchair/ros2_ws/install/samuchair/lib/python3.12/site-packages/samuchair/secondarytaskNode.py,start_random_timer,20,180,Dato publicado ST: 13.993254328655128,ST
1765970184.1994736,1765970184.199386,/home/samuchair/ros2_ws/install/samuchair/lib/python3.12/site-packages/samuchair/secondarytaskNode.py,timer_lectura,20,203,Dato medido ST: 0.09012436866760254,ST
1765970198.3280368,1765970198.3279295,/home/samuchair/ros2_ws/install/samuchair/lib/python3.12/site-packages/samuchair/secondarytaskNode.py,timer_callback,20,220,"Publicado: ""1""",ST
1765970198.3290226,1765970198.3289313,/home/samuchair/ros2_ws/install/samuchair/lib/python3.12/site-packages/samuchair/secondarytaskNode.py,start_random_timer,20,180,Dato publicado ST: 8.636232229466202,ST
1765970199.199457,1765970199.1993742,/home/samuchair/ros2_ws/install/samuchair/lib/python3.12/site-packages/samuchair/secondarytaskNode.py,timer_lectura,20,203,Dato medido ST: 0.09234189987182617,ST
