1781781339.67318;1781781339.673155;./src/rosbag2_transport/recorder.cpp;subscribe_topic;20;569;Subscribed to topic '/rosout';rosbag2_recorder
1781781339.6740596;1781781339.6566653;./src/rosbag2_transport/recorder.cpp;RecorderImpl;20;190;Press SPACE for pausing/resuming;rosbag2_recorder
1781781339.6748352;1781781339.668812;./src/rosbag2_transport/recorder.cpp;record;20;353;Listening for topics...;rosbag2_recorder
1781781339.6748393;1781781339.6688626;./src/rosbag2_transport/recorder.cpp;event_publisher_thread_main;20;371;Event publisher thread: Starting;rosbag2_recorder
1781781339.677196;1781781339.6771755;./src/rosbag2_transport/recorder.cpp;subscribe_topic;20;569;Subscribed to topic '/events/write_split';rosbag2_recorder
1781781339.6773772;1781781339.6773524;./src/rosbag2_transport/recorder.cpp;record;20;365;Recording...;rosbag2_recorder
1781781339.856522;1781781330.513952;/home/samuchair/ros2_ws/install/samuchair/lib/python3.12/site-packages/samuchair/secondarytaskNode.py;sus_function;20;220;Mensaje recibido: Experimento 0;ST
1781781339.886976;1781781339.886849;/home/samuchair/ros2_ws/install/samuchair/lib/python3.12/site-packages/samuchair/webcamNode.py;timer_callback;20;112;Frame: 1;webcam
1781781339.8880801;1781781339.8879628;/home/samuchair/ros2_ws/install/samuchair/lib/python3.12/site-packages/samuchair/webcamNode.py;timer_callback;20;121;Webcam : CONNECTED;webcam
1781781339.976232;1781781330.5136878;/home/samuchair/ros2_ws/install/samuchair/lib/python3.12/site-packages/samuchair/movilNode.py;timer_callback;20;264;Dato publicado Tipo Experimento: Experimento 0;Movil
1781781339.9762502;1781781330.51492;/home/samuchair/ros2_ws/install/samuchair/lib/python3.12/site-packages/samuchair/movilNode.py;timer_callback;20;269;Dato publicado Tipo Experimento Int: 0;Movil
1781781339.9762638;1781781333.0137677;/home/samuchair/ros2_ws/install/samuchair/lib/python3.12/site-packages/samuchair/movilNode.py;timer_callback;20;276;Dato publicado Modo: Modo:1;Movil
1781781339.9762673;1781781333.0149767;/home/samuchair/ros2_ws/install/samuchair/lib/python3.12/site-packages/samuchair/movilNode.py;timer_callback;20;281;Dato publicado Modo Int: 1;Movil
1781781339.9762714;1781781336.0177572;/home/samuchair/ros2_ws/install/samuchair/lib/python3.12/site-packages/samuchair/movilNode.py;timer_callback;20;300;Dato publicado Fase Ejecucion: 0;Movil
1781781339.976275;1781781339.0141377;/home/samuchair/ros2_ws/install/samuchair/lib/python3.12/site-packages/samuchair/movilNode.py;timer_callback;20;300;Dato publicado Fase Ejecucion: 20;Movil
1781781340.084385;1781781340.084344;./src/rosbag2_transport/recorder.cpp;subscribe_topic;20;569;Subscribed to topic '/parameter_events';rosbag2_recorder
1781781340.2912574;1781781340.2912188;./src/rosbag2_transport/recorder.cpp;subscribe_topic;20;569;Subscribed to topic '/jBnode';rosbag2_recorder
1781781340.2946007;1781781340.2945724;./src/rosbag2_transport/recorder.cpp;subscribe_topic;20;569;Subscribed to topic '/Headphones_status';rosbag2_recorder
1781781340.297109;1781781340.2970805;./src/rosbag2_transport/recorder.cpp;subscribe_topic;20;569;Subscribed to topic '/name_movil_hash';rosbag2_recorder
1781781340.3010006;1781781340.3009498;./src/rosbag2_transport/recorder.cpp;subscribe_topic;20;569;Subscribed to topic '/frame';rosbag2_recorder
1781781340.303381;1781781340.303345;./src/rosbag2_transport/recorder.cpp;subscribe_topic;20;569;Subscribed to topic '/diff_time';rosbag2_recorder
1781781340.3055303;1781781340.3054988;./src/rosbag2_transport/recorder.cpp;subscribe_topic;20;569;Subscribed to topic '/arduino_status';rosbag2_recorder
1781781340.3086276;1781781340.308593;./src/rosbag2_transport/recorder.cpp;subscribe_topic;20;569;Subscribed to topic '/left_wheel_steps';rosbag2_recorder
1781781340.3107162;1781781340.310687;./src/rosbag2_transport/recorder.cpp;subscribe_topic;20;569;Subscribed to topic '/esp32_status';rosbag2_recorder
1781781340.3144112;1781781340.3143718;./src/rosbag2_transport/recorder.cpp;subscribe_topic;20;569;Subscribed to topic '/tipo_exp';rosbag2_recorder
1781781340.3166628;1781781340.316622;./src/rosbag2_transport/recorder.cpp;subscribe_topic;20;569;Subscribed to topic '/right_wheel_steps';rosbag2_recorder
1781781340.3197527;1781781340.3197112;./src/rosbag2_transport/recorder.cpp;subscribe_topic;20;569;Subscribed to topic '/random_time';rosbag2_recorder
1781781340.321746;1781781340.3217115;./src/rosbag2_transport/recorder.cpp;subscribe_topic;20;569;Subscribed to topic '/pot_esp32';rosbag2_recorder
1781781340.325316;1781781340.3252735;./src/rosbag2_transport/recorder.cpp;subscribe_topic;20;569;Subscribed to topic '/webcam_status';rosbag2_recorder
1781781340.327657;1781781340.3276217;./src/rosbag2_transport/recorder.cpp;subscribe_topic;20;569;Subscribed to topic '/op_manual_asistida';rosbag2_recorder
1781781340.3309639;1781781340.3309252;./src/rosbag2_transport/recorder.cpp;subscribe_topic;20;569;Subscribed to topic '/name_movil';rosbag2_recorder
1781781340.3335154;1781781340.333488;./src/rosbag2_transport/recorder.cpp;subscribe_topic;20;569;Subscribed to topic '/Attended';rosbag2_recorder
1781781340.3358154;1781781340.3357828;./src/rosbag2_transport/recorder.cpp;subscribe_topic;20;569;Subscribed to topic '/Ejecucion';rosbag2_recorder
1781781340.337843;1781781340.3378127;./src/rosbag2_transport/recorder.cpp;subscribe_topic;20;569;Subscribed to topic '/tipo_exp_int';rosbag2_recorder
1781781340.3410242;1781781340.3409948;./src/rosbag2_transport/recorder.cpp;subscribe_topic;20;569;Subscribed to topic '/Movil_status';rosbag2_recorder
1781781340.3437412;1781781340.3437052;./src/rosbag2_transport/recorder.cpp;subscribe_topic;20;569;Subscribed to topic '/modo_exp';rosbag2_recorder
1781781340.3470485;1781781340.3470109;./src/rosbag2_transport/recorder.cpp;subscribe_topic;20;569;Subscribed to topic '/modo_exp_int';rosbag2_recorder
1781781340.7582114;1781781340.758181;./src/rosbag2_transport/recorder.cpp;subscribe_topic;20;569;Subscribed to topic '/tactil_der';rosbag2_recorder
1781781340.7602015;1781781340.7601707;./src/rosbag2_transport/recorder.cpp;subscribe_topic;20;569;Subscribed to topic '/directorio_grabacion';rosbag2_recorder
1781781340.7635872;1781781340.763552;./src/rosbag2_transport/recorder.cpp;subscribe_topic;20;569;Subscribed to topic '/control_grabacion';rosbag2_recorder
1781781340.766387;1781781340.766342;./src/rosbag2_transport/recorder.cpp;subscribe_topic;20;569;Subscribed to topic '/tactil_izq';rosbag2_recorder
1781781340.8261101;1781781333.0147574;/home/samuchair/ros2_ws/install/samuchair/lib/python3.12/site-packages/samuchair/mainNode.py;callback_subMovilModo;20;299;Comando Movil Modo: Modo:1;mainNode
1781781340.826126;1781781336.0145576;/home/samuchair/ros2_ws/install/samuchair/lib/python3.12/site-packages/samuchair/mainNode.py;callback_subMovilEjecucion;20;324;Comando Movil Ejecucion: 0;mainNode
1781781340.826129;1781781339.014482;/home/samuchair/ros2_ws/install/samuchair/lib/python3.12/site-packages/samuchair/mainNode.py;callback_subMovilEjecucion;20;324;Comando Movil Ejecucion: 20;mainNode
1781781340.8308384;1781781333.0148017;/home/samuchair/ros2_ws/install/samuchair/lib/python3.12/site-packages/samuchair/BagControlNode.py;nombre_callback;20;39;Nombre seleccionado: ./samuchair_bag/ALEJANDRO_0_1_2026_06_18-13_15_33;BagControlNode
1781781340.8308518;1781781339.0276396;/home/samuchair/ros2_ws/install/samuchair/lib/python3.12/site-packages/samuchair/BagControlNode.py;start_bag;20;58;Iniciando grabación: ./samuchair_bag/ALEJANDRO_0_1_2026_06_18-13_15_33;BagControlNode
1781781341.8878417;1781781341.8877478;/home/samuchair/ros2_ws/install/samuchair/lib/python3.12/site-packages/samuchair/webcamNode.py;timer_callback;20;112;Frame: 2;webcam
1781781341.8886101;1781781341.8884933;/home/samuchair/ros2_ws/install/samuchair/lib/python3.12/site-packages/samuchair/webcamNode.py;timer_callback;20;121;Webcam : CONNECTED;webcam
1781781343.8874173;1781781343.8872962;/home/samuchair/ros2_ws/install/samuchair/lib/python3.12/site-packages/samuchair/webcamNode.py;timer_callback;20;112;Frame: 3;webcam
1781781343.8882406;1781781343.8881402;/home/samuchair/ros2_ws/install/samuchair/lib/python3.12/site-packages/samuchair/webcamNode.py;timer_callback;20;121;Webcam : CONNECTED;webcam
1781781344.7838204;1781781344.7828655;/home/samuchair/ros2_ws/install/samuchair/lib/python3.12/site-packages/samuchair/jBNode.py;jb_callback;20;40;Comando Joystick Bluetooth: 5;JoystickBluetooth
1781781345.8878741;1781781345.887793;/home/samuchair/ros2_ws/install/samuchair/lib/python3.12/site-packages/samuchair/webcamNode.py;timer_callback;20;112;Frame: 4;webcam
1781781345.8886826;1781781345.8884408;/home/samuchair/ros2_ws/install/samuchair/lib/python3.12/site-packages/samuchair/webcamNode.py;timer_callback;20;121;Webcam : CONNECTED;webcam
1781781346.4407568;1781781346.4392154;/home/samuchair/ros2_ws/install/samuchair/lib/python3.12/site-packages/samuchair/jBNode.py;jb_callback;20;40;Comando Joystick Bluetooth: 15;JoystickBluetooth
1781781346.4986985;1781781346.4979246;/home/samuchair/ros2_ws/install/samuchair/lib/python3.12/site-packages/samuchair/jBNode.py;jb_callback;20;40;Comando Joystick Bluetooth: 9;JoystickBluetooth
1781781346.6438487;1781781346.6429932;/home/samuchair/ros2_ws/install/samuchair/lib/python3.12/site-packages/samuchair/jBNode.py;jb_callback;20;40;Comando Joystick Bluetooth: 15;JoystickBluetooth
1781781346.9431772;1781781346.9429388;/home/samuchair/ros2_ws/install/samuchair/lib/python3.12/site-packages/samuchair/jBNode.py;jb_callback;20;40;Comando Joystick Bluetooth: 5;JoystickBluetooth
1781781347.8874862;1781781347.8873873;/home/samuchair/ros2_ws/install/samuchair/lib/python3.12/site-packages/samuchair/webcamNode.py;timer_callback;20;112;Frame: 5;webcam
1781781347.8883295;1781781347.888203;/home/samuchair/ros2_ws/install/samuchair/lib/python3.12/site-packages/samuchair/webcamNode.py;timer_callback;20;121;Webcam : CONNECTED;webcam
1781781348.5036285;1781781348.5029879;/home/samuchair/ros2_ws/install/samuchair/lib/python3.12/site-packages/samuchair/jBNode.py;jb_callback;20;40;Comando Joystick Bluetooth: 0;JoystickBluetooth
1781781348.6844242;1781781348.6841574;/home/samuchair/ros2_ws/install/samuchair/lib/python3.12/site-packages/samuchair/jBNode.py;jb_callback;20;40;Comando Joystick Bluetooth: 9;JoystickBluetooth
1781781349.5250137;1781781349.524169;/home/samuchair/ros2_ws/install/samuchair/lib/python3.12/site-packages/samuchair/jBNode.py;jb_callback;20;40;Comando Joystick Bluetooth: 0;JoystickBluetooth
1781781349.703752;1781781349.7028434;/home/samuchair/ros2_ws/install/samuchair/lib/python3.12/site-packages/samuchair/jBNode.py;jb_callback;20;40;Comando Joystick Bluetooth: 6;JoystickBluetooth
1781781349.8891246;1781781349.8890305;/home/samuchair/ros2_ws/install/samuchair/lib/python3.12/site-packages/samuchair/webcamNode.py;timer_callback;20;112;Frame: 6;webcam
1781781349.889892;1781781349.8897357;/home/samuchair/ros2_ws/install/samuchair/lib/python3.12/site-packages/samuchair/webcamNode.py;timer_callback;20;121;Webcam : CONNECTED;webcam
1781781351.0000825;1781781350.9990754;/home/samuchair/ros2_ws/install/samuchair/lib/python3.12/site-packages/samuchair/jBNode.py;jb_callback;20;40;Comando Joystick Bluetooth: 0;JoystickBluetooth
1781781351.563909;1781781351.562885;/home/samuchair/ros2_ws/install/samuchair/lib/python3.12/site-packages/samuchair/jBNode.py;jb_callback;20;40;Comando Joystick Bluetooth: 5;JoystickBluetooth
1781781351.8867736;1781781351.886661;/home/samuchair/ros2_ws/install/samuchair/lib/python3.12/site-packages/samuchair/webcamNode.py;timer_callback;20;112;Frame: 7;webcam
1781781351.8876417;1781781351.8875492;/home/samuchair/ros2_ws/install/samuchair/lib/python3.12/site-packages/samuchair/webcamNode.py;timer_callback;20;121;Webcam : CONNECTED;webcam
1781781353.8885036;1781781353.8873756;/home/samuchair/ros2_ws/install/samuchair/lib/python3.12/site-packages/samuchair/webcamNode.py;timer_callback;20;112;Frame: 8;webcam
1781781353.888537;1781781353.8881936;/home/samuchair/ros2_ws/install/samuchair/lib/python3.12/site-packages/samuchair/webcamNode.py;timer_callback;20;121;Webcam : CONNECTED;webcam
1781781355.8877528;1781781355.887637;/home/samuchair/ros2_ws/install/samuchair/lib/python3.12/site-packages/samuchair/webcamNode.py;timer_callback;20;112;Frame: 9;webcam
1781781355.8886633;1781781355.8885553;/home/samuchair/ros2_ws/install/samuchair/lib/python3.12/site-packages/samuchair/webcamNode.py;timer_callback;20;121;Webcam : CONNECTED;webcam
1781781356.2445927;1781781356.244082;/home/samuchair/ros2_ws/install/samuchair/lib/python3.12/site-packages/samuchair/jBNode.py;jb_callback;20;40;Comando Joystick Bluetooth: 0;JoystickBluetooth
1781781357.9264553;1781781357.926271;/home/samuchair/ros2_ws/install/samuchair/lib/python3.12/site-packages/samuchair/webcamNode.py;timer_callback;20;112;Frame: 10;webcam
1781781357.9271643;1781781357.9270408;/home/samuchair/ros2_ws/install/samuchair/lib/python3.12/site-packages/samuchair/webcamNode.py;timer_callback;20;121;Webcam : CONNECTED;webcam
1781781359.8884556;1781781359.887432;/home/samuchair/ros2_ws/install/samuchair/lib/python3.12/site-packages/samuchair/webcamNode.py;timer_callback;20;112;Frame: 11;webcam
1781781359.8884833;1781781359.8883438;/home/samuchair/ros2_ws/install/samuchair/lib/python3.12/site-packages/samuchair/webcamNode.py;timer_callback;20;121;Webcam : CONNECTED;webcam
1781781360.3007495;1781781360.2990797;/home/samuchair/ros2_ws/install/samuchair/lib/python3.12/site-packages/samuchair/jBNode.py;jb_callback;20;40;Comando Joystick Bluetooth: 0;JoystickBluetooth
1781781360.3008385;1781781360.300085;/home/samuchair/ros2_ws/install/samuchair/lib/python3.12/site-packages/samuchair/jBNode.py;jb_callback;20;40;Comando Joystick Bluetooth: 0;JoystickBluetooth
1781781360.3013532;1781781360.3011634;/home/samuchair/ros2_ws/install/samuchair/lib/python3.12/site-packages/samuchair/jBNode.py;jb_callback;20;40;Comando Joystick Bluetooth: 0;JoystickBluetooth
1781781360.302246;1781781360.3021588;/home/samuchair/ros2_ws/install/samuchair/lib/python3.12/site-packages/samuchair/jBNode.py;jb_callback;20;40;Comando Joystick Bluetooth: 0;JoystickBluetooth
1781781360.3032773;1781781360.3031633;/home/samuchair/ros2_ws/install/samuchair/lib/python3.12/site-packages/samuchair/jBNode.py;jb_callback;20;40;Comando Joystick Bluetooth: 0;JoystickBluetooth
1781781360.30576;1781781360.305104;/home/samuchair/ros2_ws/install/samuchair/lib/python3.12/site-packages/samuchair/jBNode.py;jb_callback;20;40;Comando Joystick Bluetooth: 0;JoystickBluetooth
1781781360.3078318;1781781360.30774;/home/samuchair/ros2_ws/install/samuchair/lib/python3.12/site-packages/samuchair/jBNode.py;jb_callback;20;40;Comando Joystick Bluetooth: 0;JoystickBluetooth
1781781360.3086607;1781781360.308568;/home/samuchair/ros2_ws/install/samuchair/lib/python3.12/site-packages/samuchair/jBNode.py;jb_callback;20;40;Comando Joystick Bluetooth: 0;JoystickBluetooth
1781781360.3126504;1781781360.3125293;/home/samuchair/ros2_ws/install/samuchair/lib/python3.12/site-packages/samuchair/jBNode.py;jb_callback;20;40;Comando Joystick Bluetooth: 0;JoystickBluetooth
1781781360.3134897;1781781360.3134043;/home/samuchair/ros2_ws/install/samuchair/lib/python3.12/site-packages/samuchair/jBNode.py;jb_callback;20;40;Comando Joystick Bluetooth: 0;JoystickBluetooth
1781781360.359854;1781781360.357735;/home/samuchair/ros2_ws/install/samuchair/lib/python3.12/site-packages/samuchair/jBNode.py;jb_callback;20;40;Comando Joystick Bluetooth: 0;JoystickBluetooth
1781781360.3599222;1781781360.3586977;/home/samuchair/ros2_ws/install/samuchair/lib/python3.12/site-packages/samuchair/jBNode.py;jb_callback;20;40;Comando Joystick Bluetooth: 0;JoystickBluetooth
1781781360.3606908;1781781360.3605635;/home/samuchair/ros2_ws/install/samuchair/lib/python3.12/site-packages/samuchair/jBNode.py;jb_callback;20;40;Comando Joystick Bluetooth: 0;JoystickBluetooth
1781781360.3636367;1781781360.362844;/home/samuchair/ros2_ws/install/samuchair/lib/python3.12/site-packages/samuchair/jBNode.py;jb_callback;20;40;Comando Joystick Bluetooth: 0;JoystickBluetooth
1781781360.4200773;1781781360.4190247;/home/samuchair/ros2_ws/install/samuchair/lib/python3.12/site-packages/samuchair/jBNode.py;jb_callback;20;40;Comando Joystick Bluetooth: 0;JoystickBluetooth
1781781360.4216232;1781781360.4210768;/home/samuchair/ros2_ws/install/samuchair/lib/python3.12/site-packages/samuchair/jBNode.py;jb_callback;20;40;Comando Joystick Bluetooth: 0;JoystickBluetooth
1781781360.4249032;1781781360.4231946;/home/samuchair/ros2_ws/install/samuchair/lib/python3.12/site-packages/samuchair/jBNode.py;jb_callback;20;40;Comando Joystick Bluetooth: 0;JoystickBluetooth
1781781360.4249783;1781781360.424147;/home/samuchair/ros2_ws/install/samuchair/lib/python3.12/site-packages/samuchair/jBNode.py;jb_callback;20;40;Comando Joystick Bluetooth: 0;JoystickBluetooth
1781781360.4788132;1781781360.4778085;/home/samuchair/ros2_ws/install/samuchair/lib/python3.12/site-packages/samuchair/jBNode.py;jb_callback;20;40;Comando Joystick Bluetooth: 0;JoystickBluetooth
1781781360.478902;1781781360.4787917;/home/samuchair/ros2_ws/install/samuchair/lib/python3.12/site-packages/samuchair/jBNode.py;jb_callback;20;40;Comando Joystick Bluetooth: 0;JoystickBluetooth
1781781360.4828157;1781781360.482706;/home/samuchair/ros2_ws/install/samuchair/lib/python3.12/site-packages/samuchair/jBNode.py;jb_callback;20;40;Comando Joystick Bluetooth: 0;JoystickBluetooth
1781781360.5388234;1781781360.5377817;/home/samuchair/ros2_ws/install/samuchair/lib/python3.12/site-packages/samuchair/jBNode.py;jb_callback;20;40;Comando Joystick Bluetooth: 0;JoystickBluetooth
1781781360.5403764;1781781360.5401525;/home/samuchair/ros2_ws/install/samuchair/lib/python3.12/site-packages/samuchair/jBNode.py;jb_callback;20;40;Comando Joystick Bluetooth: 0;JoystickBluetooth
1781781360.598041;1781781360.5979223;/home/samuchair/ros2_ws/install/samuchair/lib/python3.12/site-packages/samuchair/jBNode.py;jb_callback;20;40;Comando Joystick Bluetooth: 0;JoystickBluetooth
1781781360.6000443;1781781360.5998375;/home/samuchair/ros2_ws/install/samuchair/lib/python3.12/site-packages/samuchair/jBNode.py;jb_callback;20;40;Comando Joystick Bluetooth: 0;JoystickBluetooth
1781781360.658983;1781781360.6577997;/home/samuchair/ros2_ws/install/samuchair/lib/python3.12/site-packages/samuchair/jBNode.py;jb_callback;20;40;Comando Joystick Bluetooth: 0;JoystickBluetooth
1781781360.6602306;1781781360.6601188;/home/samuchair/ros2_ws/install/samuchair/lib/python3.12/site-packages/samuchair/jBNode.py;jb_callback;20;40;Comando Joystick Bluetooth: 0;JoystickBluetooth
1781781360.6613145;1781781360.6610975;/home/samuchair/ros2_ws/install/samuchair/lib/python3.12/site-packages/samuchair/jBNode.py;jb_callback;20;40;Comando Joystick Bluetooth: 0;JoystickBluetooth
1781781360.6644669;1781781360.6642873;/home/samuchair/ros2_ws/install/samuchair/lib/python3.12/site-packages/samuchair/jBNode.py;jb_callback;20;40;Comando Joystick Bluetooth: 0;JoystickBluetooth
1781781360.7191403;1781781360.7190256;/home/samuchair/ros2_ws/install/samuchair/lib/python3.12/site-packages/samuchair/jBNode.py;jb_callback;20;40;Comando Joystick Bluetooth: 0;JoystickBluetooth
1781781360.778582;1781781360.7779062;/home/samuchair/ros2_ws/install/samuchair/lib/python3.12/site-packages/samuchair/jBNode.py;jb_callback;20;40;Comando Joystick Bluetooth: 0;JoystickBluetooth
1781781360.7796185;1781781360.7794123;/home/samuchair/ros2_ws/install/samuchair/lib/python3.12/site-packages/samuchair/jBNode.py;jb_callback;20;40;Comando Joystick Bluetooth: 0;JoystickBluetooth
1781781360.7834496;1781781360.7832756;/home/samuchair/ros2_ws/install/samuchair/lib/python3.12/site-packages/samuchair/jBNode.py;jb_callback;20;40;Comando Joystick Bluetooth: 0;JoystickBluetooth
1781781360.8412495;1781781360.8403904;/home/samuchair/ros2_ws/install/samuchair/lib/python3.12/site-packages/samuchair/jBNode.py;jb_callback;20;40;Comando Joystick Bluetooth: 0;JoystickBluetooth
1781781360.8416748;1781781360.8414419;/home/samuchair/ros2_ws/install/samuchair/lib/python3.12/site-packages/samuchair/jBNode.py;jb_callback;20;40;Comando Joystick Bluetooth: 0;JoystickBluetooth
1781781360.8431237;1781781360.8428767;/home/samuchair/ros2_ws/install/samuchair/lib/python3.12/site-packages/samuchair/jBNode.py;jb_callback;20;40;Comando Joystick Bluetooth: 0;JoystickBluetooth
1781781360.8442407;1781781360.8440828;/home/samuchair/ros2_ws/install/samuchair/lib/python3.12/site-packages/samuchair/jBNode.py;jb_callback;20;40;Comando Joystick Bluetooth: 0;JoystickBluetooth
1781781360.8455107;1781781360.8453448;/home/samuchair/ros2_ws/install/samuchair/lib/python3.12/site-packages/samuchair/jBNode.py;jb_callback;20;40;Comando Joystick Bluetooth: 0;JoystickBluetooth
1781781360.8469357;1781781360.846779;/home/samuchair/ros2_ws/install/samuchair/lib/python3.12/site-packages/samuchair/jBNode.py;jb_callback;20;40;Comando Joystick Bluetooth: 0;JoystickBluetooth
1781781360.848134;1781781360.8479323;/home/samuchair/ros2_ws/install/samuchair/lib/python3.12/site-packages/samuchair/jBNode.py;jb_callback;20;40;Comando Joystick Bluetooth: 0;JoystickBluetooth
1781781360.9234438;1781781360.9229534;/home/samuchair/ros2_ws/install/samuchair/lib/python3.12/site-packages/samuchair/jBNode.py;jb_callback;20;40;Comando Joystick Bluetooth: 0;JoystickBluetooth
1781781360.9593801;1781781360.959219;/home/samuchair/ros2_ws/install/samuchair/lib/python3.12/site-packages/samuchair/jBNode.py;jb_callback;20;40;Comando Joystick Bluetooth: 0;JoystickBluetooth
1781781360.9624944;1781781360.9602215;/home/samuchair/ros2_ws/install/samuchair/lib/python3.12/site-packages/samuchair/jBNode.py;jb_callback;20;40;Comando Joystick Bluetooth: 0;JoystickBluetooth
1781781360.962576;1781781360.9614725;/home/samuchair/ros2_ws/install/samuchair/lib/python3.12/site-packages/samuchair/jBNode.py;jb_callback;20;40;Comando Joystick Bluetooth: 0;JoystickBluetooth
1781781360.962875;1781781360.9627013;/home/samuchair/ros2_ws/install/samuchair/lib/python3.12/site-packages/samuchair/jBNode.py;jb_callback;20;40;Comando Joystick Bluetooth: 0;JoystickBluetooth
1781781361.0039258;1781781361.0037642;/home/samuchair/ros2_ws/install/samuchair/lib/python3.12/site-packages/samuchair/opasistidaNode.py;update_tactil_der;20;90;Dato publicado tactil derecha: 1;opasistidaNode
1781781361.0061517;1781781361.0055032;/home/samuchair/ros2_ws/install/samuchair/lib/python3.12/site-packages/samuchair/opasistidaNode.py;timer_callback;20;109;Dato publicado Navegación Táctil:6;opasistidaNode
1781781361.019961;1781781361.0190177;/home/samuchair/ros2_ws/install/samuchair/lib/python3.12/site-packages/samuchair/jBNode.py;jb_callback;20;40;Comando Joystick Bluetooth: 0;JoystickBluetooth
1781781361.0209627;1781781361.020837;/home/samuchair/ros2_ws/install/samuchair/lib/python3.12/site-packages/samuchair/jBNode.py;jb_callback;20;40;Comando Joystick Bluetooth: 0;JoystickBluetooth
1781781361.0224752;1781781361.022257;/home/samuchair/ros2_ws/install/samuchair/lib/python3.12/site-packages/samuchair/jBNode.py;jb_callback;20;40;Comando Joystick Bluetooth: 0;JoystickBluetooth
1781781361.0789602;1781781361.0778956;/home/samuchair/ros2_ws/install/samuchair/lib/python3.12/site-packages/samuchair/jBNode.py;jb_callback;20;40;Comando Joystick Bluetooth: 0;JoystickBluetooth
1781781361.0800579;1781781361.0797837;/home/samuchair/ros2_ws/install/samuchair/lib/python3.12/site-packages/samuchair/jBNode.py;jb_callback;20;40;Comando Joystick Bluetooth: 0;JoystickBluetooth
1781781361.0814073;1781781361.0810332;/home/samuchair/ros2_ws/install/samuchair/lib/python3.12/site-packages/samuchair/jBNode.py;jb_callback;20;40;Comando Joystick Bluetooth: 0;JoystickBluetooth
1781781361.0828154;1781781361.0826836;/home/samuchair/ros2_ws/install/samuchair/lib/python3.12/site-packages/samuchair/jBNode.py;jb_callback;20;40;Comando Joystick Bluetooth: 0;JoystickBluetooth
1781781361.0842452;1781781361.0839396;/home/samuchair/ros2_ws/install/samuchair/lib/python3.12/site-packages/samuchair/jBNode.py;jb_callback;20;40;Comando Joystick Bluetooth: 0;JoystickBluetooth
1781781361.1394322;1781781361.1391754;/home/samuchair/ros2_ws/install/samuchair/lib/python3.12/site-packages/samuchair/jBNode.py;jb_callback;20;40;Comando Joystick Bluetooth: 0;JoystickBluetooth
1781781361.2593179;1781781361.2590683;/home/samuchair/ros2_ws/install/samuchair/lib/python3.12/site-packages/samuchair/jBNode.py;jb_callback;20;40;Comando Joystick Bluetooth: 0;JoystickBluetooth
1781781361.2613273;1781781361.2611015;/home/samuchair/ros2_ws/install/samuchair/lib/python3.12/site-packages/samuchair/jBNode.py;jb_callback;20;40;Comando Joystick Bluetooth: 0;JoystickBluetooth
1781781361.318683;1781781361.3178334;/home/samuchair/ros2_ws/install/samuchair/lib/python3.12/site-packages/samuchair/jBNode.py;jb_callback;20;40;Comando Joystick Bluetooth: 0;JoystickBluetooth
1781781361.320219;1781781361.3200095;/home/samuchair/ros2_ws/install/samuchair/lib/python3.12/site-packages/samuchair/jBNode.py;jb_callback;20;40;Comando Joystick Bluetooth: 0;JoystickBluetooth
1781781361.378011;1781781361.3778872;/home/samuchair/ros2_ws/install/samuchair/lib/python3.12/site-packages/samuchair/jBNode.py;jb_callback;20;40;Comando Joystick Bluetooth: 0;JoystickBluetooth
1781781361.3837793;1781781361.3829217;/home/samuchair/ros2_ws/install/samuchair/lib/python3.12/site-packages/samuchair/jBNode.py;jb_callback;20;40;Comando Joystick Bluetooth: 0;JoystickBluetooth
1781781361.439731;1781781361.4378765;/home/samuchair/ros2_ws/install/samuchair/lib/python3.12/site-packages/samuchair/jBNode.py;jb_callback;20;40;Comando Joystick Bluetooth: 0;JoystickBluetooth
1781781361.439793;1781781361.439025;/home/samuchair/ros2_ws/install/samuchair/lib/python3.12/site-packages/samuchair/jBNode.py;jb_callback;20;40;Comando Joystick Bluetooth: 0;JoystickBluetooth
1781781361.4430046;1781781361.4428906;/home/samuchair/ros2_ws/install/samuchair/lib/python3.12/site-packages/samuchair/jBNode.py;jb_callback;20;40;Comando Joystick Bluetooth: 0;JoystickBluetooth
1781781361.4534;1781781361.4532645;/home/samuchair/ros2_ws/install/samuchair/lib/python3.12/site-packages/samuchair/opasistidaNode.py;update_tactil_der;20;90;Dato publicado tactil derecha: 0;opasistidaNode
1781781361.4542813;1781781361.4541407;/home/samuchair/ros2_ws/install/samuchair/lib/python3.12/site-packages/samuchair/opasistidaNode.py;timer_callback;20;109;Dato publicado Navegación Táctil:0;opasistidaNode
1781781361.4982214;1781781361.497979;/home/samuchair/ros2_ws/install/samuchair/lib/python3.12/site-packages/samuchair/jBNode.py;jb_callback;20;40;Comando Joystick Bluetooth: 0;JoystickBluetooth
1781781361.5010607;1781781361.4999197;/home/samuchair/ros2_ws/install/samuchair/lib/python3.12/site-packages/samuchair/jBNode.py;jb_callback;20;40;Comando Joystick Bluetooth: 0;JoystickBluetooth
1781781361.5014937;1781781361.501316;/home/samuchair/ros2_ws/install/samuchair/lib/python3.12/site-packages/samuchair/jBNode.py;jb_callback;20;40;Comando Joystick Bluetooth: 0;JoystickBluetooth
1781781361.504034;1781781361.503882;/home/samuchair/ros2_ws/install/samuchair/lib/python3.12/site-packages/samuchair/jBNode.py;jb_callback;20;40;Comando Joystick Bluetooth: 0;JoystickBluetooth
1781781361.5589359;1781781361.557963;/home/samuchair/ros2_ws/install/samuchair/lib/python3.12/site-packages/samuchair/jBNode.py;jb_callback;20;40;Comando Joystick Bluetooth: 0;JoystickBluetooth
1781781361.618847;1781781361.6179132;/home/samuchair/ros2_ws/install/samuchair/lib/python3.12/site-packages/samuchair/jBNode.py;jb_callback;20;40;Comando Joystick Bluetooth: 0;JoystickBluetooth
1781781361.6234322;1781781361.6229587;/home/samuchair/ros2_ws/install/samuchair/lib/python3.12/site-packages/samuchair/jBNode.py;jb_callback;20;40;Comando Joystick Bluetooth: 0;JoystickBluetooth
1781781361.679544;1781781361.6793053;/home/samuchair/ros2_ws/install/samuchair/lib/python3.12/site-packages/samuchair/jBNode.py;jb_callback;20;40;Comando Joystick Bluetooth: 0;JoystickBluetooth
1781781361.681254;1781781361.6810215;/home/samuchair/ros2_ws/install/samuchair/lib/python3.12/site-packages/samuchair/jBNode.py;jb_callback;20;40;Comando Joystick Bluetooth: 0;JoystickBluetooth
1781781361.887109;1781781361.8869932;/home/samuchair/ros2_ws/install/samuchair/lib/python3.12/site-packages/samuchair/webcamNode.py;timer_callback;20;112;Frame: 12;webcam
1781781361.888048;1781781361.8879423;/home/samuchair/ros2_ws/install/samuchair/lib/python3.12/site-packages/samuchair/webcamNode.py;timer_callback;20;121;Webcam : CONNECTED;webcam
1781781361.9185932;1781781361.9178636;/home/samuchair/ros2_ws/install/samuchair/lib/python3.12/site-packages/samuchair/jBNode.py;jb_callback;20;40;Comando Joystick Bluetooth: 0;JoystickBluetooth
1781781362.0029926;1781781362.0028825;/home/samuchair/ros2_ws/install/samuchair/lib/python3.12/site-packages/samuchair/jBNode.py;jb_callback;20;40;Comando Joystick Bluetooth: 0;JoystickBluetooth
1781781362.0355885;1781781362.035456;/home/samuchair/ros2_ws/install/samuchair/lib/python3.12/site-packages/samuchair/jBNode.py;jb_callback;20;40;Comando Joystick Bluetooth: 0;JoystickBluetooth
1781781362.0368671;1781781362.036739;/home/samuchair/ros2_ws/install/samuchair/lib/python3.12/site-packages/samuchair/jBNode.py;jb_callback;20;40;Comando Joystick Bluetooth: 0;JoystickBluetooth
1781781362.0385036;1781781362.0383816;/home/samuchair/ros2_ws/install/samuchair/lib/python3.12/site-packages/samuchair/jBNode.py;jb_callback;20;40;Comando Joystick Bluetooth: 0;JoystickBluetooth
1781781362.2439067;1781781362.243032;/home/samuchair/ros2_ws/install/samuchair/lib/python3.12/site-packages/samuchair/jBNode.py;jb_callback;20;40;Comando Joystick Bluetooth: 0;JoystickBluetooth
1781781362.3388956;1781781362.337988;/home/samuchair/ros2_ws/install/samuchair/lib/python3.12/site-packages/samuchair/jBNode.py;jb_callback;20;40;Comando Joystick Bluetooth: 0;JoystickBluetooth
1781781362.4242787;1781781362.4240837;/home/samuchair/ros2_ws/install/samuchair/lib/python3.12/site-packages/samuchair/jBNode.py;jb_callback;20;40;Comando Joystick Bluetooth: 0;JoystickBluetooth
1781781362.5181065;1781781362.517845;/home/samuchair/ros2_ws/install/samuchair/lib/python3.12/site-packages/samuchair/jBNode.py;jb_callback;20;40;Comando Joystick Bluetooth: 0;JoystickBluetooth
1781781362.603301;1781781362.6030622;/home/samuchair/ros2_ws/install/samuchair/lib/python3.12/site-packages/samuchair/jBNode.py;jb_callback;20;40;Comando Joystick Bluetooth: 0;JoystickBluetooth
1781781362.6050386;1781781362.6041458;/home/samuchair/ros2_ws/install/samuchair/lib/python3.12/site-packages/samuchair/jBNode.py;jb_callback;20;40;Comando Joystick Bluetooth: 0;JoystickBluetooth
1781781362.606386;1781781362.6062057;/home/samuchair/ros2_ws/install/samuchair/lib/python3.12/site-packages/samuchair/jBNode.py;jb_callback;20;40;Comando Joystick Bluetooth: 0;JoystickBluetooth
1781781362.783947;1781781362.7830408;/home/samuchair/ros2_ws/install/samuchair/lib/python3.12/site-packages/samuchair/jBNode.py;jb_callback;20;40;Comando Joystick Bluetooth: 0;JoystickBluetooth
1781781362.7859492;1781781362.7850032;/home/samuchair/ros2_ws/install/samuchair/lib/python3.12/site-packages/samuchair/jBNode.py;jb_callback;20;40;Comando Joystick Bluetooth: 0;JoystickBluetooth
1781781362.9031868;1781781362.9030125;/home/samuchair/ros2_ws/install/samuchair/lib/python3.12/site-packages/samuchair/jBNode.py;jb_callback;20;40;Comando Joystick Bluetooth: 0;JoystickBluetooth
1781781362.9394238;1781781362.937915;/home/samuchair/ros2_ws/install/samuchair/lib/python3.12/site-packages/samuchair/jBNode.py;jb_callback;20;40;Comando Joystick Bluetooth: 0;JoystickBluetooth
1781781362.9412987;1781781362.941185;/home/samuchair/ros2_ws/install/samuchair/lib/python3.12/site-packages/samuchair/jBNode.py;jb_callback;20;40;Comando Joystick Bluetooth: 0;JoystickBluetooth
1781781362.9441326;1781781362.943578;/home/samuchair/ros2_ws/install/samuchair/lib/python3.12/site-packages/samuchair/jBNode.py;jb_callback;20;40;Comando Joystick Bluetooth: 0;JoystickBluetooth
1781781362.9992766;1781781362.9979203;/home/samuchair/ros2_ws/install/samuchair/lib/python3.12/site-packages/samuchair/jBNode.py;jb_callback;20;40;Comando Joystick Bluetooth: 0;JoystickBluetooth
1781781363.0010173;1781781363.0002604;/home/samuchair/ros2_ws/install/samuchair/lib/python3.12/site-packages/samuchair/jBNode.py;jb_callback;20;40;Comando Joystick Bluetooth: 0;JoystickBluetooth
1781781363.0587618;1781781363.0578926;/home/samuchair/ros2_ws/install/samuchair/lib/python3.12/site-packages/samuchair/jBNode.py;jb_callback;20;40;Comando Joystick Bluetooth: 0;JoystickBluetooth
1781781363.0604246;1781781363.0598907;/home/samuchair/ros2_ws/install/samuchair/lib/python3.12/site-packages/samuchair/jBNode.py;jb_callback;20;40;Comando Joystick Bluetooth: 0;JoystickBluetooth
1781781363.0630355;1781781363.0618079;/home/samuchair/ros2_ws/install/samuchair/lib/python3.12/site-packages/samuchair/jBNode.py;jb_callback;20;40;Comando Joystick Bluetooth: 0;JoystickBluetooth
1781781363.0631168;1781781363.0626833;/home/samuchair/ros2_ws/install/samuchair/lib/python3.12/site-packages/samuchair/jBNode.py;jb_callback;20;40;Comando Joystick Bluetooth: 0;JoystickBluetooth
1781781363.06457;1781781363.0643861;/home/samuchair/ros2_ws/install/samuchair/lib/python3.12/site-packages/samuchair/jBNode.py;jb_callback;20;40;Comando Joystick Bluetooth: 0;JoystickBluetooth
1781781363.1449301;1781781363.1447787;/home/samuchair/ros2_ws/install/samuchair/lib/python3.12/site-packages/samuchair/jBNode.py;jb_callback;20;40;Comando Joystick Bluetooth: 0;JoystickBluetooth
1781781363.1473563;1781781363.147019;/home/samuchair/ros2_ws/install/samuchair/lib/python3.12/site-packages/samuchair/jBNode.py;jb_callback;20;40;Comando Joystick Bluetooth: 0;JoystickBluetooth
1781781363.2400773;1781781363.239212;/home/samuchair/ros2_ws/install/samuchair/lib/python3.12/site-packages/samuchair/jBNode.py;jb_callback;20;40;Comando Joystick Bluetooth: 0;JoystickBluetooth
1781781363.2436237;1781781363.2428904;/home/samuchair/ros2_ws/install/samuchair/lib/python3.12/site-packages/samuchair/jBNode.py;jb_callback;20;40;Comando Joystick Bluetooth: 0;JoystickBluetooth
1781781363.8860373;1781781363.885937;/home/samuchair/ros2_ws/install/samuchair/lib/python3.12/site-packages/samuchair/webcamNode.py;timer_callback;20;112;Frame: 13;webcam
1781781363.8870466;1781781363.8868408;/home/samuchair/ros2_ws/install/samuchair/lib/python3.12/site-packages/samuchair/webcamNode.py;timer_callback;20;121;Webcam : CONNECTED;webcam
1781781364.1534488;1781781364.1533058;/home/samuchair/ros2_ws/install/samuchair/lib/python3.12/site-packages/samuchair/opasistidaNode.py;update_tactil_der;20;90;Dato publicado tactil derecha: 1;opasistidaNode
1781781364.1545985;1781781364.154484;/home/samuchair/ros2_ws/install/samuchair/lib/python3.12/site-packages/samuchair/opasistidaNode.py;timer_callback;20;109;Dato publicado Navegación Táctil:6;opasistidaNode
1781781365.8880599;1781781365.887962;/home/samuchair/ros2_ws/install/samuchair/lib/python3.12/site-packages/samuchair/webcamNode.py;timer_callback;20;112;Frame: 14;webcam
1781781365.8887575;1781781365.8886843;/home/samuchair/ros2_ws/install/samuchair/lib/python3.12/site-packages/samuchair/webcamNode.py;timer_callback;20;121;Webcam : CONNECTED;webcam
1781781366.5033116;1781781366.5031714;/home/samuchair/ros2_ws/install/samuchair/lib/python3.12/site-packages/samuchair/opasistidaNode.py;update_tactil_der;20;90;Dato publicado tactil derecha: 0;opasistidaNode
1781781366.505004;1781781366.5042295;/home/samuchair/ros2_ws/install/samuchair/lib/python3.12/site-packages/samuchair/opasistidaNode.py;timer_callback;20;109;Dato publicado Navegación Táctil:0;opasistidaNode
1781781367.8867397;1781781367.8866422;/home/samuchair/ros2_ws/install/samuchair/lib/python3.12/site-packages/samuchair/webcamNode.py;timer_callback;20;112;Frame: 15;webcam
1781781367.8877146;1781781367.887597;/home/samuchair/ros2_ws/install/samuchair/lib/python3.12/site-packages/samuchair/webcamNode.py;timer_callback;20;121;Webcam : CONNECTED;webcam
1781781368.0145175;1781781368.0139415;/home/samuchair/ros2_ws/install/samuchair/lib/python3.12/site-packages/samuchair/movilNode.py;timer_callback;20;300;Dato publicado Fase Ejecucion: 50;Movil
1781781368.014544;1781781368.0140665;/home/samuchair/ros2_ws/install/samuchair/lib/python3.12/site-packages/samuchair/mainNode.py;callback_subMovilEjecucion;20;324;Comando Movil Ejecucion: 50;mainNode
1781781369.8869755;1781781369.8868794;/home/samuchair/ros2_ws/install/samuchair/lib/python3.12/site-packages/samuchair/webcamNode.py;timer_callback;20;112;Frame: 16;webcam
1781781369.8876843;1781781369.8876054;/home/samuchair/ros2_ws/install/samuchair/lib/python3.12/site-packages/samuchair/webcamNode.py;timer_callback;20;121;Webcam : CONNECTED;webcam
1781781369.9594274;1781781369.958392;/home/samuchair/ros2_ws/install/samuchair/lib/python3.12/site-packages/samuchair/jBNode.py;jb_callback;20;40;Comando Joystick Bluetooth: 3;JoystickBluetooth
1781781370.3456643;1781781370.3447826;/home/samuchair/ros2_ws/install/samuchair/lib/python3.12/site-packages/samuchair/jBNode.py;jb_callback;20;40;Comando Joystick Bluetooth: 0;JoystickBluetooth
1781781371.0995982;1781781371.0985887;/home/samuchair/ros2_ws/install/samuchair/lib/python3.12/site-packages/samuchair/jBNode.py;jb_callback;20;40;Comando Joystick Bluetooth: 3;JoystickBluetooth
1781781371.886591;1781781371.8864923;/home/samuchair/ros2_ws/install/samuchair/lib/python3.12/site-packages/samuchair/webcamNode.py;timer_callback;20;112;Frame: 17;webcam
1781781371.8873258;1781781371.8872297;/home/samuchair/ros2_ws/install/samuchair/lib/python3.12/site-packages/samuchair/webcamNode.py;timer_callback;20;121;Webcam : CONNECTED;webcam
1781781372.8995965;1781781372.898592;/home/samuchair/ros2_ws/install/samuchair/lib/python3.12/site-packages/samuchair/jBNode.py;jb_callback;20;40;Comando Joystick Bluetooth: 12;JoystickBluetooth
1781781373.5586429;1781781373.558542;/home/samuchair/ros2_ws/install/samuchair/lib/python3.12/site-packages/samuchair/jBNode.py;jb_callback;20;40;Comando Joystick Bluetooth: 3;JoystickBluetooth
1781781373.6789212;1781781373.6785896;/home/samuchair/ros2_ws/install/samuchair/lib/python3.12/site-packages/samuchair/jBNode.py;jb_callback;20;40;Comando Joystick Bluetooth: 10;JoystickBluetooth
1781781373.8872705;1781781373.8871717;/home/samuchair/ros2_ws/install/samuchair/lib/python3.12/site-packages/samuchair/webcamNode.py;timer_callback;20;112;Frame: 18;webcam
1781781373.888036;1781781373.8878763;/home/samuchair/ros2_ws/install/samuchair/lib/python3.12/site-packages/samuchair/webcamNode.py;timer_callback;20;121;Webcam : CONNECTED;webcam
1781781373.919917;1781781373.9185839;/home/samuchair/ros2_ws/install/samuchair/lib/python3.12/site-packages/samuchair/jBNode.py;jb_callback;20;40;Comando Joystick Bluetooth: 9;JoystickBluetooth
1781781374.0607464;1781781374.059839;/home/samuchair/ros2_ws/install/samuchair/lib/python3.12/site-packages/samuchair/jBNode.py;jb_callback;20;40;Comando Joystick Bluetooth: 10;JoystickBluetooth
1781781374.4600315;1781781374.4598362;/home/samuchair/ros2_ws/install/samuchair/lib/python3.12/site-packages/samuchair/jBNode.py;jb_callback;20;40;Comando Joystick Bluetooth: 9;JoystickBluetooth
1781781374.6412039;1781781374.639943;/home/samuchair/ros2_ws/install/samuchair/lib/python3.12/site-packages/samuchair/jBNode.py;jb_callback;20;40;Comando Joystick Bluetooth: 10;JoystickBluetooth
1781781374.6985586;1781781374.6984494;/home/samuchair/ros2_ws/install/samuchair/lib/python3.12/site-packages/samuchair/jBNode.py;jb_callback;20;40;Comando Joystick Bluetooth: 3;JoystickBluetooth
1781781374.7593377;1781781374.7585514;/home/samuchair/ros2_ws/install/samuchair/lib/python3.12/site-packages/samuchair/jBNode.py;jb_callback;20;40;Comando Joystick Bluetooth: 10;JoystickBluetooth
1781781374.8193345;1781781374.818613;/home/samuchair/ros2_ws/install/samuchair/lib/python3.12/site-packages/samuchair/jBNode.py;jb_callback;20;40;Comando Joystick Bluetooth: 9;JoystickBluetooth
1781781374.9396608;1781781374.9386961;/home/samuchair/ros2_ws/install/samuchair/lib/python3.12/site-packages/samuchair/jBNode.py;jb_callback;20;40;Comando Joystick Bluetooth: 10;JoystickBluetooth
1781781375.0588162;1781781375.05871;/home/samuchair/ros2_ws/install/samuchair/lib/python3.12/site-packages/samuchair/jBNode.py;jb_callback;20;40;Comando Joystick Bluetooth: 9;JoystickBluetooth
1781781375.2388842;1781781375.2387483;/home/samuchair/ros2_ws/install/samuchair/lib/python3.12/site-packages/samuchair/jBNode.py;jb_callback;20;40;Comando Joystick Bluetooth: 10;JoystickBluetooth
1781781375.3000371;1781781375.2999132;/home/samuchair/ros2_ws/install/samuchair/lib/python3.12/site-packages/samuchair/jBNode.py;jb_callback;20;40;Comando Joystick Bluetooth: 9;JoystickBluetooth
1781781375.4806125;1781781375.4801013;/home/samuchair/ros2_ws/install/samuchair/lib/python3.12/site-packages/samuchair/jBNode.py;jb_callback;20;40;Comando Joystick Bluetooth: 10;JoystickBluetooth
1781781375.5643172;1781781375.5637767;/home/samuchair/ros2_ws/install/samuchair/lib/python3.12/site-packages/samuchair/jBNode.py;jb_callback;20;40;Comando Joystick Bluetooth: 3;JoystickBluetooth
1781781375.8883533;1781781375.8875453;/home/samuchair/ros2_ws/install/samuchair/lib/python3.12/site-packages/samuchair/webcamNode.py;timer_callback;20;112;Frame: 19;webcam
1781781375.8884447;1781781375.8883379;/home/samuchair/ros2_ws/install/samuchair/lib/python3.12/site-packages/samuchair/webcamNode.py;timer_callback;20;121;Webcam : CONNECTED;webcam
1781781376.0204315;1781781376.0199091;/home/samuchair/ros2_ws/install/samuchair/lib/python3.12/site-packages/samuchair/jBNode.py;jb_callback;20;40;Comando Joystick Bluetooth: 10;JoystickBluetooth
1781781376.1040878;1781781376.1037033;/home/samuchair/ros2_ws/install/samuchair/lib/python3.12/site-packages/samuchair/jBNode.py;jb_callback;20;40;Comando Joystick Bluetooth: 3;JoystickBluetooth
1781781377.0662868;1781781377.0650773;/home/samuchair/ros2_ws/install/samuchair/lib/python3.12/site-packages/samuchair/jBNode.py;jb_callback;20;40;Comando Joystick Bluetooth: 12;JoystickBluetooth
1781781377.5816135;1781781377.581336;/home/samuchair/ros2_ws/install/samuchair/lib/python3.12/site-packages/samuchair/jBNode.py;jb_callback;20;40;Comando Joystick Bluetooth: 3;JoystickBluetooth
1781781377.6640882;1781781377.6638696;/home/samuchair/ros2_ws/install/samuchair/lib/python3.12/site-packages/samuchair/jBNode.py;jb_callback;20;40;Comando Joystick Bluetooth: 0;JoystickBluetooth
1781781377.8878746;1781781377.8877735;/home/samuchair/ros2_ws/install/samuchair/lib/python3.12/site-packages/samuchair/webcamNode.py;timer_callback;20;112;Frame: 20;webcam
1781781377.88866;1781781377.8884954;/home/samuchair/ros2_ws/install/samuchair/lib/python3.12/site-packages/samuchair/webcamNode.py;timer_callback;20;121;Webcam : CONNECTED;webcam
1781781377.904538;1781781377.9037695;/home/samuchair/ros2_ws/install/samuchair/lib/python3.12/site-packages/samuchair/jBNode.py;jb_callback;20;40;Comando Joystick Bluetooth: 6;JoystickBluetooth
1781781378.747041;1781781378.746377;/home/samuchair/ros2_ws/install/samuchair/lib/python3.12/site-packages/samuchair/jBNode.py;jb_callback;20;40;Comando Joystick Bluetooth: 0;JoystickBluetooth
1781781378.9848347;1781781378.983919;/home/samuchair/ros2_ws/install/samuchair/lib/python3.12/site-packages/samuchair/jBNode.py;jb_callback;20;40;Comando Joystick Bluetooth: 6;JoystickBluetooth
1781781379.6449032;1781781379.644028;/home/samuchair/ros2_ws/install/samuchair/lib/python3.12/site-packages/samuchair/jBNode.py;jb_callback;20;40;Comando Joystick Bluetooth: 0;JoystickBluetooth
1781781379.7413287;1781781379.7401683;/home/samuchair/ros2_ws/install/samuchair/lib/python3.12/site-packages/samuchair/jBNode.py;jb_callback;20;40;Comando Joystick Bluetooth: 6;JoystickBluetooth
1781781379.8883889;1781781379.8867946;/home/samuchair/ros2_ws/install/samuchair/lib/python3.12/site-packages/samuchair/webcamNode.py;timer_callback;20;112;Frame: 21;webcam
1781781379.8884208;1781781379.8876748;/home/samuchair/ros2_ws/install/samuchair/lib/python3.12/site-packages/samuchair/webcamNode.py;timer_callback;20;121;Webcam : CONNECTED;webcam
1781781380.5205894;1781781380.5201354;/home/samuchair/ros2_ws/install/samuchair/lib/python3.12/site-packages/samuchair/jBNode.py;jb_callback;20;40;Comando Joystick Bluetooth: 0;JoystickBluetooth
1781781380.939434;1781781380.9390576;/home/samuchair/ros2_ws/install/samuchair/lib/python3.12/site-packages/samuchair/jBNode.py;jb_callback;20;40;Comando Joystick Bluetooth: 6;JoystickBluetooth
1781781381.1803315;1781781381.18023;/home/samuchair/ros2_ws/install/samuchair/lib/python3.12/site-packages/samuchair/jBNode.py;jb_callback;20;40;Comando Joystick Bluetooth: 0;JoystickBluetooth
1781781381.5994012;1781781381.5991104;/home/samuchair/ros2_ws/install/samuchair/lib/python3.12/site-packages/samuchair/jBNode.py;jb_callback;20;40;Comando Joystick Bluetooth: 6;JoystickBluetooth
1781781381.7462926;1781781381.7453537;/home/samuchair/ros2_ws/install/samuchair/lib/python3.12/site-packages/samuchair/jBNode.py;jb_callback;20;40;Comando Joystick Bluetooth: 0;JoystickBluetooth
1781781381.8868861;1781781381.8867857;/home/samuchair/ros2_ws/install/samuchair/lib/python3.12/site-packages/samuchair/webcamNode.py;timer_callback;20;112;Frame: 22;webcam
1781781381.887719;1781781381.887528;/home/samuchair/ros2_ws/install/samuchair/lib/python3.12/site-packages/samuchair/webcamNode.py;timer_callback;20;121;Webcam : CONNECTED;webcam
1781781382.142263;1781781382.141642;/home/samuchair/ros2_ws/install/samuchair/lib/python3.12/site-packages/samuchair/jBNode.py;jb_callback;20;40;Comando Joystick Bluetooth: 3;JoystickBluetooth
1781781383.8866425;1781781383.8865485;/home/samuchair/ros2_ws/install/samuchair/lib/python3.12/site-packages/samuchair/webcamNode.py;timer_callback;20;112;Frame: 23;webcam
1781781383.8874648;1781781383.8873546;/home/samuchair/ros2_ws/install/samuchair/lib/python3.12/site-packages/samuchair/webcamNode.py;timer_callback;20;121;Webcam : CONNECTED;webcam
1781781385.0444632;1781781385.0443308;/home/samuchair/ros2_ws/install/samuchair/lib/python3.12/site-packages/samuchair/jBNode.py;jb_callback;20;40;Comando Joystick Bluetooth: 12;JoystickBluetooth
1781781385.7045162;1781781385.7043831;/home/samuchair/ros2_ws/install/samuchair/lib/python3.12/site-packages/samuchair/jBNode.py;jb_callback;20;40;Comando Joystick Bluetooth: 3;JoystickBluetooth
1781781385.8871233;1781781385.8870096;/home/samuchair/ros2_ws/install/samuchair/lib/python3.12/site-packages/samuchair/webcamNode.py;timer_callback;20;112;Frame: 24;webcam
1781781385.8878443;1781781385.8877258;/home/samuchair/ros2_ws/install/samuchair/lib/python3.12/site-packages/samuchair/webcamNode.py;timer_callback;20;121;Webcam : CONNECTED;webcam
1781781386.160553;1781781386.1604545;/home/samuchair/ros2_ws/install/samuchair/lib/python3.12/site-packages/samuchair/jBNode.py;jb_callback;20;40;Comando Joystick Bluetooth: 10;JoystickBluetooth
1781781386.965378;1781781386.9644792;/home/samuchair/ros2_ws/install/samuchair/lib/python3.12/site-packages/samuchair/jBNode.py;jb_callback;20;40;Comando Joystick Bluetooth: 3;JoystickBluetooth
1781781387.8867354;1781781387.8866277;/home/samuchair/ros2_ws/install/samuchair/lib/python3.12/site-packages/samuchair/webcamNode.py;timer_callback;20;112;Frame: 25;webcam
1781781387.8875823;1781781387.8874779;/home/samuchair/ros2_ws/install/samuchair/lib/python3.12/site-packages/samuchair/webcamNode.py;timer_callback;20;121;Webcam : CONNECTED;webcam
1781781388.0474362;1781781388.04688;/home/samuchair/ros2_ws/install/samuchair/lib/python3.12/site-packages/samuchair/jBNode.py;jb_callback;20;40;Comando Joystick Bluetooth: 12;JoystickBluetooth
1781781388.4999533;1781781388.4994514;/home/samuchair/ros2_ws/install/samuchair/lib/python3.12/site-packages/samuchair/jBNode.py;jb_callback;20;40;Comando Joystick Bluetooth: 3;JoystickBluetooth
1781781389.8881853;1781781389.8874688;/home/samuchair/ros2_ws/install/samuchair/lib/python3.12/site-packages/samuchair/webcamNode.py;timer_callback;20;112;Frame: 26;webcam
1781781389.888213;1781781389.8881257;/home/samuchair/ros2_ws/install/samuchair/lib/python3.12/site-packages/samuchair/webcamNode.py;timer_callback;20;121;Webcam : CONNECTED;webcam
1781781390.628439;1781781390.627062;/home/samuchair/ros2_ws/install/samuchair/lib/python3.12/site-packages/samuchair/jBNode.py;jb_callback;20;40;Comando Joystick Bluetooth: 0;JoystickBluetooth
1781781391.8863184;1781781391.8862147;/home/samuchair/ros2_ws/install/samuchair/lib/python3.12/site-packages/samuchair/webcamNode.py;timer_callback;20;112;Frame: 27;webcam
1781781391.887167;1781781391.8870609;/home/samuchair/ros2_ws/install/samuchair/lib/python3.12/site-packages/samuchair/webcamNode.py;timer_callback;20;121;Webcam : CONNECTED;webcam
1781781393.888993;1781781393.888904;/home/samuchair/ros2_ws/install/samuchair/lib/python3.12/site-packages/samuchair/webcamNode.py;timer_callback;20;112;Frame: 28;webcam
1781781393.8899076;1781781393.8896952;/home/samuchair/ros2_ws/install/samuchair/lib/python3.12/site-packages/samuchair/webcamNode.py;timer_callback;20;121;Webcam : CONNECTED;webcam
1781781393.8995738;1781781393.8994784;/home/samuchair/ros2_ws/install/samuchair/lib/python3.12/site-packages/samuchair/jBNode.py;jb_callback;20;40;Comando Joystick Bluetooth: 3;JoystickBluetooth
1781781395.8861287;1781781395.886035;/home/samuchair/ros2_ws/install/samuchair/lib/python3.12/site-packages/samuchair/webcamNode.py;timer_callback;20;112;Frame: 29;webcam
1781781395.8870046;1781781395.8868625;/home/samuchair/ros2_ws/install/samuchair/lib/python3.12/site-packages/samuchair/webcamNode.py;timer_callback;20;121;Webcam : CONNECTED;webcam
1781781396.0269165;1781781396.0261538;/home/samuchair/ros2_ws/install/samuchair/lib/python3.12/site-packages/samuchair/jBNode.py;jb_callback;20;40;Comando Joystick Bluetooth: 12;JoystickBluetooth
1781781396.685141;1781781396.6849606;/home/samuchair/ros2_ws/install/samuchair/lib/python3.12/site-packages/samuchair/jBNode.py;jb_callback;20;40;Comando Joystick Bluetooth: 3;JoystickBluetooth
1781781396.7800682;1781781396.7799532;/home/samuchair/ros2_ws/install/samuchair/lib/python3.12/site-packages/samuchair/jBNode.py;jb_callback;20;40;Comando Joystick Bluetooth: 10;JoystickBluetooth
1781781396.7843902;1781781396.7836668;/home/samuchair/ros2_ws/install/samuchair/lib/python3.12/site-packages/samuchair/jBNode.py;jb_callback;20;40;Comando Joystick Bluetooth: 3;JoystickBluetooth
1781781396.8420389;1781781396.8411517;/home/samuchair/ros2_ws/install/samuchair/lib/python3.12/site-packages/samuchair/jBNode.py;jb_callback;20;40;Comando Joystick Bluetooth: 10;JoystickBluetooth
1781781396.9601886;1781781396.9598362;/home/samuchair/ros2_ws/install/samuchair/lib/python3.12/site-packages/samuchair/jBNode.py;jb_callback;20;40;Comando Joystick Bluetooth: 3;JoystickBluetooth
1781781397.2001855;1781781397.199959;/home/samuchair/ros2_ws/install/samuchair/lib/python3.12/site-packages/samuchair/jBNode.py;jb_callback;20;40;Comando Joystick Bluetooth: 10;JoystickBluetooth
1781781397.825193;1781781397.8250856;/home/samuchair/ros2_ws/install/samuchair/lib/python3.12/site-packages/samuchair/jBNode.py;jb_callback;20;40;Comando Joystick Bluetooth: 3;JoystickBluetooth
1781781397.886761;1781781397.8866434;/home/samuchair/ros2_ws/install/samuchair/lib/python3.12/site-packages/samuchair/webcamNode.py;timer_callback;20;112;Frame: 30;webcam
1781781397.8874798;1781781397.8873794;/home/samuchair/ros2_ws/install/samuchair/lib/python3.12/site-packages/samuchair/webcamNode.py;timer_callback;20;121;Webcam : CONNECTED;webcam
1781781397.9464135;1781781397.9450724;/home/samuchair/ros2_ws/install/samuchair/lib/python3.12/site-packages/samuchair/jBNode.py;jb_callback;20;40;Comando Joystick Bluetooth: 10;JoystickBluetooth
1781781398.2800827;1781781398.2799532;/home/samuchair/ros2_ws/install/samuchair/lib/python3.12/site-packages/samuchair/jBNode.py;jb_callback;20;40;Comando Joystick Bluetooth: 3;JoystickBluetooth
1781781399.887452;1781781399.8873286;/home/samuchair/ros2_ws/install/samuchair/lib/python3.12/site-packages/samuchair/webcamNode.py;timer_callback;20;112;Frame: 31;webcam
1781781399.8882723;1781781399.8882036;/home/samuchair/ros2_ws/install/samuchair/lib/python3.12/site-packages/samuchair/webcamNode.py;timer_callback;20;121;Webcam : CONNECTED;webcam
1781781400.6453;1781781400.645181;/home/samuchair/ros2_ws/install/samuchair/lib/python3.12/site-packages/samuchair/jBNode.py;jb_callback;20;40;Comando Joystick Bluetooth: 10;JoystickBluetooth
1781781400.9454463;1781781400.9452243;/home/samuchair/ros2_ws/install/samuchair/lib/python3.12/site-packages/samuchair/jBNode.py;jb_callback;20;40;Comando Joystick Bluetooth: 3;JoystickBluetooth
1781781401.1024458;1781781401.1014085;/home/samuchair/ros2_ws/install/samuchair/lib/python3.12/site-packages/samuchair/jBNode.py;jb_callback;20;40;Comando Joystick Bluetooth: 10;JoystickBluetooth
1781781401.4640296;1781781401.4638486;/home/samuchair/ros2_ws/install/samuchair/lib/python3.12/site-packages/samuchair/jBNode.py;jb_callback;20;40;Comando Joystick Bluetooth: 3;JoystickBluetooth
1781781401.8868954;1781781401.8868124;/home/samuchair/ros2_ws/install/samuchair/lib/python3.12/site-packages/samuchair/webcamNode.py;timer_callback;20;112;Frame: 32;webcam
1781781401.8875906;1781781401.8874936;/home/samuchair/ros2_ws/install/samuchair/lib/python3.12/site-packages/samuchair/webcamNode.py;timer_callback;20;121;Webcam : CONNECTED;webcam
1781781402.805711;1781781402.805168;/home/samuchair/ros2_ws/install/samuchair/lib/python3.12/site-packages/samuchair/jBNode.py;jb_callback;20;40;Comando Joystick Bluetooth: 10;JoystickBluetooth
1781781402.9853787;1781781402.9852562;/home/samuchair/ros2_ws/install/samuchair/lib/python3.12/site-packages/samuchair/jBNode.py;jb_callback;20;40;Comando Joystick Bluetooth: 3;JoystickBluetooth
1781781402.9863276;1781781402.9862373;/home/samuchair/ros2_ws/install/samuchair/lib/python3.12/site-packages/samuchair/jBNode.py;jb_callback;20;40;Comando Joystick Bluetooth: 0;JoystickBluetooth
1781781403.886384;1781781403.8862646;/home/samuchair/ros2_ws/install/samuchair/lib/python3.12/site-packages/samuchair/webcamNode.py;timer_callback;20;112;Frame: 33;webcam
1781781403.8872051;1781781403.8871045;/home/samuchair/ros2_ws/install/samuchair/lib/python3.12/site-packages/samuchair/webcamNode.py;timer_callback;20;121;Webcam : CONNECTED;webcam
1781781404.5153923;1781781404.5139606;/home/samuchair/ros2_ws/install/samuchair/lib/python3.12/site-packages/samuchair/movilNode.py;timer_callback;20;300;Dato publicado Fase Ejecucion: 50;Movil
1781781404.5154235;1781781404.5141928;/home/samuchair/ros2_ws/install/samuchair/lib/python3.12/site-packages/samuchair/mainNode.py;callback_subMovilEjecucion;20;324;Comando Movil Ejecucion: 50;mainNode
1781781405.8864315;1781781405.8863306;/home/samuchair/ros2_ws/install/samuchair/lib/python3.12/site-packages/samuchair/webcamNode.py;timer_callback;20;112;Frame: 34;webcam
1781781405.8871734;1781781405.8869748;/home/samuchair/ros2_ws/install/samuchair/lib/python3.12/site-packages/samuchair/webcamNode.py;timer_callback;20;121;Webcam : CONNECTED;webcam
1781781407.0148332;1781781407.0139594;/home/samuchair/ros2_ws/install/samuchair/lib/python3.12/site-packages/samuchair/movilNode.py;timer_callback;20;300;Dato publicado Fase Ejecucion: 40;Movil
1781781407.015601;1781781407.0148897;/home/samuchair/ros2_ws/install/samuchair/lib/python3.12/site-packages/samuchair/mainNode.py;callback_subMovilEjecucion;20;324;Comando Movil Ejecucion: 40;mainNode
1781781407.8875973;1781781407.886806;/home/samuchair/ros2_ws/install/samuchair/lib/python3.12/site-packages/samuchair/webcamNode.py;timer_callback;20;112;Frame: 35;webcam
1781781407.8877237;1781781407.8876286;/home/samuchair/ros2_ws/install/samuchair/lib/python3.12/site-packages/samuchair/webcamNode.py;timer_callback;20;121;Webcam : CONNECTED;webcam
1781781409.8872812;1781781409.8871856;/home/samuchair/ros2_ws/install/samuchair/lib/python3.12/site-packages/samuchair/webcamNode.py;timer_callback;20;112;Frame: 36;webcam
1781781409.888023;1781781409.8879275;/home/samuchair/ros2_ws/install/samuchair/lib/python3.12/site-packages/samuchair/webcamNode.py;timer_callback;20;121;Webcam : CONNECTED;webcam
1781781410.7876275;1781781410.7870216;/home/samuchair/ros2_ws/install/samuchair/lib/python3.12/site-packages/samuchair/jBNode.py;jb_callback;20;40;Comando Joystick Bluetooth: 5;JoystickBluetooth
1781781411.886486;1781781411.8863761;/home/samuchair/ros2_ws/install/samuchair/lib/python3.12/site-packages/samuchair/webcamNode.py;timer_callback;20;112;Frame: 37;webcam
1781781411.8873155;1781781411.8872056;/home/samuchair/ros2_ws/install/samuchair/lib/python3.12/site-packages/samuchair/webcamNode.py;timer_callback;20;121;Webcam : CONNECTED;webcam
1781781413.8879955;1781781413.8878996;/home/samuchair/ros2_ws/install/samuchair/lib/python3.12/site-packages/samuchair/webcamNode.py;timer_callback;20;112;Frame: 38;webcam
1781781413.888718;1781781413.8886297;/home/samuchair/ros2_ws/install/samuchair/lib/python3.12/site-packages/samuchair/webcamNode.py;timer_callback;20;121;Webcam : CONNECTED;webcam
1781781414.505986;1781781414.5058823;/home/samuchair/ros2_ws/install/samuchair/lib/python3.12/site-packages/samuchair/jBNode.py;jb_callback;20;40;Comando Joystick Bluetooth: 15;JoystickBluetooth
1781781414.6274393;1781781414.6272075;/home/samuchair/ros2_ws/install/samuchair/lib/python3.12/site-packages/samuchair/jBNode.py;jb_callback;20;40;Comando Joystick Bluetooth: 9;JoystickBluetooth
1781781415.8888006;1781781415.8886914;/home/samuchair/ros2_ws/install/samuchair/lib/python3.12/site-packages/samuchair/webcamNode.py;timer_callback;20;112;Frame: 39;webcam
1781781415.8897016;1781781415.889574;/home/samuchair/ros2_ws/install/samuchair/lib/python3.12/site-packages/samuchair/webcamNode.py;timer_callback;20;121;Webcam : CONNECTED;webcam
1781781416.007835;1781781416.007291;/home/samuchair/ros2_ws/install/samuchair/lib/python3.12/site-packages/samuchair/jBNode.py;jb_callback;20;40;Comando Joystick Bluetooth: 0;JoystickBluetooth
1781781416.126437;1781781416.1260548;/home/samuchair/ros2_ws/install/samuchair/lib/python3.12/site-packages/samuchair/jBNode.py;jb_callback;20;40;Comando Joystick Bluetooth: 6;JoystickBluetooth
1781781417.8878405;1781781417.8877342;/home/samuchair/ros2_ws/install/samuchair/lib/python3.12/site-packages/samuchair/webcamNode.py;timer_callback;20;112;Frame: 40;webcam
1781781417.8894272;1781781417.8884485;/home/samuchair/ros2_ws/install/samuchair/lib/python3.12/site-packages/samuchair/webcamNode.py;timer_callback;20;121;Webcam : CONNECTED;webcam
1781781418.2050138;1781781418.2036226;/home/samuchair/ros2_ws/install/samuchair/lib/python3.12/site-packages/samuchair/jBNode.py;jb_callback;20;40;Comando Joystick Bluetooth: 0;JoystickBluetooth
1781781418.4424589;1781781418.442319;/home/samuchair/ros2_ws/install/samuchair/lib/python3.12/site-packages/samuchair/jBNode.py;jb_callback;20;40;Comando Joystick Bluetooth: 5;JoystickBluetooth
1781781419.8863845;1781781419.8862972;/home/samuchair/ros2_ws/install/samuchair/lib/python3.12/site-packages/samuchair/webcamNode.py;timer_callback;20;112;Frame: 41;webcam
1781781419.887245;1781781419.887112;/home/samuchair/ros2_ws/install/samuchair/lib/python3.12/site-packages/samuchair/webcamNode.py;timer_callback;20;121;Webcam : CONNECTED;webcam
1781781421.88707;1781781421.8869624;/home/samuchair/ros2_ws/install/samuchair/lib/python3.12/site-packages/samuchair/webcamNode.py;timer_callback;20;112;Frame: 42;webcam
1781781421.8877032;1781781421.8876286;/home/samuchair/ros2_ws/install/samuchair/lib/python3.12/site-packages/samuchair/webcamNode.py;timer_callback;20;121;Webcam : CONNECTED;webcam
1781781423.8864331;1781781423.886309;/home/samuchair/ros2_ws/install/samuchair/lib/python3.12/site-packages/samuchair/webcamNode.py;timer_callback;20;112;Frame: 43;webcam
1781781423.8873773;1781781423.8872576;/home/samuchair/ros2_ws/install/samuchair/lib/python3.12/site-packages/samuchair/webcamNode.py;timer_callback;20;121;Webcam : CONNECTED;webcam
1781781425.8867652;1781781425.8866704;/home/samuchair/ros2_ws/install/samuchair/lib/python3.12/site-packages/samuchair/webcamNode.py;timer_callback;20;112;Frame: 44;webcam
1781781425.887472;1781781425.8873832;/home/samuchair/ros2_ws/install/samuchair/lib/python3.12/site-packages/samuchair/webcamNode.py;timer_callback;20;121;Webcam : CONNECTED;webcam
1781781427.8864899;1781781427.8863864;/home/samuchair/ros2_ws/install/samuchair/lib/python3.12/site-packages/samuchair/webcamNode.py;timer_callback;20;112;Frame: 45;webcam
1781781427.8876002;1781781427.8874998;/home/samuchair/ros2_ws/install/samuchair/lib/python3.12/site-packages/samuchair/webcamNode.py;timer_callback;20;121;Webcam : CONNECTED;webcam
1781781429.266908;1781781429.2667785;/home/samuchair/ros2_ws/install/samuchair/lib/python3.12/site-packages/samuchair/jBNode.py;jb_callback;20;40;Comando Joystick Bluetooth: 0;JoystickBluetooth
1781781429.5067427;1781781429.5066435;/home/samuchair/ros2_ws/install/samuchair/lib/python3.12/site-packages/samuchair/jBNode.py;jb_callback;20;40;Comando Joystick Bluetooth: 5;JoystickBluetooth
1781781429.88642;1781781429.886282;/home/samuchair/ros2_ws/install/samuchair/lib/python3.12/site-packages/samuchair/webcamNode.py;timer_callback;20;112;Frame: 46;webcam
1781781429.8872757;1781781429.8870406;/home/samuchair/ros2_ws/install/samuchair/lib/python3.12/site-packages/samuchair/webcamNode.py;timer_callback;20;121;Webcam : CONNECTED;webcam
1781781431.8856492;1781781431.8855557;/home/samuchair/ros2_ws/install/samuchair/lib/python3.12/site-packages/samuchair/webcamNode.py;timer_callback;20;112;Frame: 47;webcam
1781781431.8864505;1781781431.8863378;/home/samuchair/ros2_ws/install/samuchair/lib/python3.12/site-packages/samuchair/webcamNode.py;timer_callback;20;121;Webcam : CONNECTED;webcam
1781781433.167136;1781781433.1669202;/home/samuchair/ros2_ws/install/samuchair/lib/python3.12/site-packages/samuchair/jBNode.py;jb_callback;20;40;Comando Joystick Bluetooth: 0;JoystickBluetooth
1781781433.8869731;1781781433.8868744;/home/samuchair/ros2_ws/install/samuchair/lib/python3.12/site-packages/samuchair/webcamNode.py;timer_callback;20;112;Frame: 48;webcam
1781781433.8877199;1781781433.8876176;/home/samuchair/ros2_ws/install/samuchair/lib/python3.12/site-packages/samuchair/webcamNode.py;timer_callback;20;121;Webcam : CONNECTED;webcam
1781781435.885782;1781781435.8856764;/home/samuchair/ros2_ws/install/samuchair/lib/python3.12/site-packages/samuchair/webcamNode.py;timer_callback;20;112;Frame: 49;webcam
1781781435.8866248;1781781435.8865106;/home/samuchair/ros2_ws/install/samuchair/lib/python3.12/site-packages/samuchair/webcamNode.py;timer_callback;20;121;Webcam : CONNECTED;webcam
1781781437.8870673;1781781437.8869889;/home/samuchair/ros2_ws/install/samuchair/lib/python3.12/site-packages/samuchair/webcamNode.py;timer_callback;20;112;Frame: 50;webcam
1781781437.887791;1781781437.8876622;/home/samuchair/ros2_ws/install/samuchair/lib/python3.12/site-packages/samuchair/webcamNode.py;timer_callback;20;121;Webcam : CONNECTED;webcam
1781781438.8034022;1781781438.803249;/home/samuchair/ros2_ws/install/samuchair/lib/python3.12/site-packages/samuchair/opasistidaNode.py;update_tactil_der;20;90;Dato publicado tactil derecha: 1;opasistidaNode
1781781438.804484;1781781438.8043802;/home/samuchair/ros2_ws/install/samuchair/lib/python3.12/site-packages/samuchair/opasistidaNode.py;timer_callback;20;109;Dato publicado Navegación Táctil:6;opasistidaNode
1781781439.1445758;1781781439.1435065;/home/samuchair/ros2_ws/install/samuchair/lib/python3.12/site-packages/samuchair/jBNode.py;jb_callback;20;40;Comando Joystick Bluetooth: 0;JoystickBluetooth
1781781439.1464136;1781781439.1462862;/home/samuchair/ros2_ws/install/samuchair/lib/python3.12/site-packages/samuchair/jBNode.py;jb_callback;20;40;Comando Joystick Bluetooth: 0;JoystickBluetooth
1781781439.2887485;1781781439.288426;/home/samuchair/ros2_ws/install/samuchair/lib/python3.12/site-packages/samuchair/jBNode.py;jb_callback;20;40;Comando Joystick Bluetooth: 0;JoystickBluetooth
1781781439.3228798;1781781439.3221521;/home/samuchair/ros2_ws/install/samuchair/lib/python3.12/site-packages/samuchair/jBNode.py;jb_callback;20;40;Comando Joystick Bluetooth: 0;JoystickBluetooth
1781781439.32544;1781781439.3246226;/home/samuchair/ros2_ws/install/samuchair/lib/python3.12/site-packages/samuchair/jBNode.py;jb_callback;20;40;Comando Joystick Bluetooth: 0;JoystickBluetooth
1781781439.4435444;1781781439.4434333;/home/samuchair/ros2_ws/install/samuchair/lib/python3.12/site-packages/samuchair/jBNode.py;jb_callback;20;40;Comando Joystick Bluetooth: 0;JoystickBluetooth
1781781439.4460235;1781781439.4456208;/home/samuchair/ros2_ws/install/samuchair/lib/python3.12/site-packages/samuchair/jBNode.py;jb_callback;20;40;Comando Joystick Bluetooth: 0;JoystickBluetooth
1781781439.5647595;1781781439.5646431;/home/samuchair/ros2_ws/install/samuchair/lib/python3.12/site-packages/samuchair/jBNode.py;jb_callback;20;40;Comando Joystick Bluetooth: 0;JoystickBluetooth
1781781439.7086308;1781781439.7084935;/home/samuchair/ros2_ws/install/samuchair/lib/python3.12/site-packages/samuchair/jBNode.py;jb_callback;20;40;Comando Joystick Bluetooth: 0;JoystickBluetooth
1781781439.743446;1781781439.7422392;/home/samuchair/ros2_ws/install/samuchair/lib/python3.12/site-packages/samuchair/jBNode.py;jb_callback;20;40;Comando Joystick Bluetooth: 0;JoystickBluetooth
1781781439.8857887;1781781439.8856747;/home/samuchair/ros2_ws/install/samuchair/lib/python3.12/site-packages/samuchair/webcamNode.py;timer_callback;20;112;Frame: 51;webcam
1781781439.8866613;1781781439.88655;/home/samuchair/ros2_ws/install/samuchair/lib/python3.12/site-packages/samuchair/webcamNode.py;timer_callback;20;121;Webcam : CONNECTED;webcam
1781781439.9222233;1781781439.9221168;/home/samuchair/ros2_ws/install/samuchair/lib/python3.12/site-packages/samuchair/jBNode.py;jb_callback;20;40;Comando Joystick Bluetooth: 0;JoystickBluetooth
1781781440.067461;1781781440.067329;/home/samuchair/ros2_ws/install/samuchair/lib/python3.12/site-packages/samuchair/jBNode.py;jb_callback;20;40;Comando Joystick Bluetooth: 0;JoystickBluetooth
1781781440.0703979;1781781440.0695736;/home/samuchair/ros2_ws/install/samuchair/lib/python3.12/site-packages/samuchair/jBNode.py;jb_callback;20;40;Comando Joystick Bluetooth: 0;JoystickBluetooth
1781781440.2831192;1781781440.2822213;/home/samuchair/ros2_ws/install/samuchair/lib/python3.12/site-packages/samuchair/jBNode.py;jb_callback;20;40;Comando Joystick Bluetooth: 0;JoystickBluetooth
1781781440.2855556;1781781440.2846963;/home/samuchair/ros2_ws/install/samuchair/lib/python3.12/site-packages/samuchair/jBNode.py;jb_callback;20;40;Comando Joystick Bluetooth: 0;JoystickBluetooth
1781781440.3429866;1781781440.342141;/home/samuchair/ros2_ws/install/samuchair/lib/python3.12/site-packages/samuchair/jBNode.py;jb_callback;20;40;Comando Joystick Bluetooth: 0;JoystickBluetooth
1781781440.3454547;1781781440.3446019;/home/samuchair/ros2_ws/install/samuchair/lib/python3.12/site-packages/samuchair/jBNode.py;jb_callback;20;40;Comando Joystick Bluetooth: 0;JoystickBluetooth
1781781440.3457403;1781781440.3456333;/home/samuchair/ros2_ws/install/samuchair/lib/python3.12/site-packages/samuchair/jBNode.py;jb_callback;20;40;Comando Joystick Bluetooth: 0;JoystickBluetooth
1781781440.4622185;1781781440.462108;/home/samuchair/ros2_ws/install/samuchair/lib/python3.12/site-packages/samuchair/jBNode.py;jb_callback;20;40;Comando Joystick Bluetooth: 0;JoystickBluetooth
1781781440.5492642;1781781440.5482385;/home/samuchair/ros2_ws/install/samuchair/lib/python3.12/site-packages/samuchair/jBNode.py;jb_callback;20;40;Comando Joystick Bluetooth: 0;JoystickBluetooth
1781781441.0042946;1781781441.0034308;/home/samuchair/ros2_ws/install/samuchair/lib/python3.12/site-packages/samuchair/jBNode.py;jb_callback;20;40;Comando Joystick Bluetooth: 0;JoystickBluetooth
1781781441.0874648;1781781441.0873313;/home/samuchair/ros2_ws/install/samuchair/lib/python3.12/site-packages/samuchair/jBNode.py;jb_callback;20;40;Comando Joystick Bluetooth: 0;JoystickBluetooth
1781781441.3041582;1781781441.3039827;/home/samuchair/ros2_ws/install/samuchair/lib/python3.12/site-packages/samuchair/jBNode.py;jb_callback;20;40;Comando Joystick Bluetooth: 0;JoystickBluetooth
1781781441.3890998;1781781441.3885636;/home/samuchair/ros2_ws/install/samuchair/lib/python3.12/site-packages/samuchair/jBNode.py;jb_callback;20;40;Comando Joystick Bluetooth: 0;JoystickBluetooth
1781781441.8876905;1781781441.887591;/home/samuchair/ros2_ws/install/samuchair/lib/python3.12/site-packages/samuchair/webcamNode.py;timer_callback;20;112;Frame: 52;webcam
1781781441.8883936;1781781441.8882859;/home/samuchair/ros2_ws/install/samuchair/lib/python3.12/site-packages/samuchair/webcamNode.py;timer_callback;20;121;Webcam : CONNECTED;webcam
1781781442.5899413;1781781442.5886493;/home/samuchair/ros2_ws/install/samuchair/lib/python3.12/site-packages/samuchair/jBNode.py;jb_callback;20;40;Comando Joystick Bluetooth: 0;JoystickBluetooth
1781781442.682521;1781781442.6823034;/home/samuchair/ros2_ws/install/samuchair/lib/python3.12/site-packages/samuchair/jBNode.py;jb_callback;20;40;Comando Joystick Bluetooth: 0;JoystickBluetooth
1781781442.685124;1781781442.6842377;/home/samuchair/ros2_ws/install/samuchair/lib/python3.12/site-packages/samuchair/jBNode.py;jb_callback;20;40;Comando Joystick Bluetooth: 0;JoystickBluetooth
1781781442.7438643;1781781442.7437022;/home/samuchair/ros2_ws/install/samuchair/lib/python3.12/site-packages/samuchair/jBNode.py;jb_callback;20;40;Comando Joystick Bluetooth: 0;JoystickBluetooth
1781781442.7455204;1781781442.7454276;/home/samuchair/ros2_ws/install/samuchair/lib/python3.12/site-packages/samuchair/jBNode.py;jb_callback;20;40;Comando Joystick Bluetooth: 0;JoystickBluetooth
1781781442.8032131;1781781442.8023272;/home/samuchair/ros2_ws/install/samuchair/lib/python3.12/site-packages/samuchair/jBNode.py;jb_callback;20;40;Comando Joystick Bluetooth: 0;JoystickBluetooth
1781781442.8035686;1781781442.8032858;/home/samuchair/ros2_ws/install/samuchair/lib/python3.12/site-packages/samuchair/jBNode.py;jb_callback;20;40;Comando Joystick Bluetooth: 0;JoystickBluetooth
1781781442.8057432;1781781442.805633;/home/samuchair/ros2_ws/install/samuchair/lib/python3.12/site-packages/samuchair/jBNode.py;jb_callback;20;40;Comando Joystick Bluetooth: 0;JoystickBluetooth
1781781442.8071272;1781781442.8066704;/home/samuchair/ros2_ws/install/samuchair/lib/python3.12/site-packages/samuchair/jBNode.py;jb_callback;20;40;Comando Joystick Bluetooth: 0;JoystickBluetooth
1781781442.808623;1781781442.808414;/home/samuchair/ros2_ws/install/samuchair/lib/python3.12/site-packages/samuchair/jBNode.py;jb_callback;20;40;Comando Joystick Bluetooth: 0;JoystickBluetooth
1781781442.8101497;1781781442.8097203;/home/samuchair/ros2_ws/install/samuchair/lib/python3.12/site-packages/samuchair/jBNode.py;jb_callback;20;40;Comando Joystick Bluetooth: 23;JoystickBluetooth
1781781442.811657;1781781442.8108714;/home/samuchair/ros2_ws/install/samuchair/lib/python3.12/site-packages/samuchair/jBNode.py;jb_callback;20;40;Comando Joystick Bluetooth: 0;JoystickBluetooth
1781781442.8122501;1781781442.812079;/home/samuchair/ros2_ws/install/samuchair/lib/python3.12/site-packages/samuchair/jBNode.py;jb_callback;20;40;Comando Joystick Bluetooth: 0;JoystickBluetooth
1781781442.8155525;1781781442.8148508;/home/samuchair/ros2_ws/install/samuchair/lib/python3.12/site-packages/samuchair/jBNode.py;jb_callback;20;40;Comando Joystick Bluetooth: 0;JoystickBluetooth
1781781442.8644493;1781781442.863556;/home/samuchair/ros2_ws/install/samuchair/lib/python3.12/site-packages/samuchair/jBNode.py;jb_callback;20;40;Comando Joystick Bluetooth: 0;JoystickBluetooth
1781781442.8645294;1781781442.864467;/home/samuchair/ros2_ws/install/samuchair/lib/python3.12/site-packages/samuchair/jBNode.py;jb_callback;20;40;Comando Joystick Bluetooth: 24;JoystickBluetooth
1781781442.8667192;1781781442.8665414;/home/samuchair/ros2_ws/install/samuchair/lib/python3.12/site-packages/samuchair/jBNode.py;jb_callback;20;40;Comando Joystick Bluetooth: 0;JoystickBluetooth
1781781442.8682067;1781781442.8678472;/home/samuchair/ros2_ws/install/samuchair/lib/python3.12/site-packages/samuchair/jBNode.py;jb_callback;20;40;Comando Joystick Bluetooth: 0;JoystickBluetooth
1781781442.869725;1781781442.8695745;/home/samuchair/ros2_ws/install/samuchair/lib/python3.12/site-packages/samuchair/jBNode.py;jb_callback;20;40;Comando Joystick Bluetooth: 0;JoystickBluetooth
1781781442.871458;1781781442.8707237;/home/samuchair/ros2_ws/install/samuchair/lib/python3.12/site-packages/samuchair/jBNode.py;jb_callback;20;40;Comando Joystick Bluetooth: 0;JoystickBluetooth
1781781442.9225435;1781781442.9223032;/home/samuchair/ros2_ws/install/samuchair/lib/python3.12/site-packages/samuchair/jBNode.py;jb_callback;20;40;Comando Joystick Bluetooth: 0;JoystickBluetooth
1781781442.9832509;1781781442.9823217;/home/samuchair/ros2_ws/install/samuchair/lib/python3.12/site-packages/samuchair/jBNode.py;jb_callback;20;40;Comando Joystick Bluetooth: 0;JoystickBluetooth
1781781442.9849916;1781781442.984794;/home/samuchair/ros2_ws/install/samuchair/lib/python3.12/site-packages/samuchair/jBNode.py;jb_callback;20;40;Comando Joystick Bluetooth: 0;JoystickBluetooth
1781781443.0446632;1781781443.04404;/home/samuchair/ros2_ws/install/samuchair/lib/python3.12/site-packages/samuchair/jBNode.py;jb_callback;20;40;Comando Joystick Bluetooth: 0;JoystickBluetooth
1781781443.0466208;1781781443.0458832;/home/samuchair/ros2_ws/install/samuchair/lib/python3.12/site-packages/samuchair/jBNode.py;jb_callback;20;40;Comando Joystick Bluetooth: 0;JoystickBluetooth
1781781443.10251;1781781443.1022983;/home/samuchair/ros2_ws/install/samuchair/lib/python3.12/site-packages/samuchair/jBNode.py;jb_callback;20;40;Comando Joystick Bluetooth: 0;JoystickBluetooth
1781781443.4275286;1781781443.4274125;/home/samuchair/ros2_ws/install/samuchair/lib/python3.12/site-packages/samuchair/jBNode.py;jb_callback;20;40;Comando Joystick Bluetooth: 0;JoystickBluetooth
1781781443.4313786;1781781443.4304724;/home/samuchair/ros2_ws/install/samuchair/lib/python3.12/site-packages/samuchair/jBNode.py;jb_callback;20;40;Comando Joystick Bluetooth: 0;JoystickBluetooth
1781781443.703167;1781781443.7024071;/home/samuchair/ros2_ws/install/samuchair/lib/python3.12/site-packages/samuchair/jBNode.py;jb_callback;20;40;Comando Joystick Bluetooth: 0;JoystickBluetooth
1781781443.7624533;1781781443.7623355;/home/samuchair/ros2_ws/install/samuchair/lib/python3.12/site-packages/samuchair/jBNode.py;jb_callback;20;40;Comando Joystick Bluetooth: 0;JoystickBluetooth
1781781443.8882885;1781781443.887477;/home/samuchair/ros2_ws/install/samuchair/lib/python3.12/site-packages/samuchair/webcamNode.py;timer_callback;20;112;Frame: 53;webcam
1781781443.8883288;1781781443.88826;/home/samuchair/ros2_ws/install/samuchair/lib/python3.12/site-packages/samuchair/webcamNode.py;timer_callback;20;121;Webcam : CONNECTED;webcam
1781781444.0141606;1781781444.0139978;/home/samuchair/ros2_ws/install/samuchair/lib/python3.12/site-packages/samuchair/movilNode.py;timer_callback;20;300;Dato publicado Fase Ejecucion: 1;Movil
1781781444.0141973;1781781444.0140855;/home/samuchair/ros2_ws/install/samuchair/lib/python3.12/site-packages/samuchair/mainNode.py;callback_subMovilEjecucion;20;324;Comando Movil Ejecucion: 1;mainNode
1781781444.0534046;1781781444.0532718;/home/samuchair/ros2_ws/install/samuchair/lib/python3.12/site-packages/samuchair/opasistidaNode.py;update_tactil_der;20;90;Dato publicado tactil derecha: 0;opasistidaNode
1781781444.0554535;1781781444.0542905;/home/samuchair/ros2_ws/install/samuchair/lib/python3.12/site-packages/samuchair/opasistidaNode.py;timer_callback;20;109;Dato publicado Navegación Táctil:0;opasistidaNode
1781781444.0631385;1781781444.0624158;/home/samuchair/ros2_ws/install/samuchair/lib/python3.12/site-packages/samuchair/jBNode.py;jb_callback;20;40;Comando Joystick Bluetooth: 0;JoystickBluetooth
1781781445.1039188;1781781445.1037614;/home/samuchair/ros2_ws/install/samuchair/lib/python3.12/site-packages/samuchair/opasistidaNode.py;update_tactil_der;20;90;Dato publicado tactil derecha: 1;opasistidaNode
1781781445.1054573;1781781445.1048217;/home/samuchair/ros2_ws/install/samuchair/lib/python3.12/site-packages/samuchair/opasistidaNode.py;timer_callback;20;109;Dato publicado Navegación Táctil:6;opasistidaNode
1781781445.8871984;1781781445.8870728;/home/samuchair/ros2_ws/install/samuchair/lib/python3.12/site-packages/samuchair/webcamNode.py;timer_callback;20;112;Frame: 54;webcam
1781781445.887911;1781781445.887813;/home/samuchair/ros2_ws/install/samuchair/lib/python3.12/site-packages/samuchair/webcamNode.py;timer_callback;20;121;Webcam : CONNECTED;webcam
1781781446.253402;1781781446.2532315;/home/samuchair/ros2_ws/install/samuchair/lib/python3.12/site-packages/samuchair/opasistidaNode.py;update_tactil_der;20;90;Dato publicado tactil derecha: 0;opasistidaNode
1781781446.2552462;1781781446.2548778;/home/samuchair/ros2_ws/install/samuchair/lib/python3.12/site-packages/samuchair/opasistidaNode.py;timer_callback;20;109;Dato publicado Navegación Táctil:0;opasistidaNode
1781781447.8872948;1781781447.8871834;/home/samuchair/ros2_ws/install/samuchair/lib/python3.12/site-packages/samuchair/webcamNode.py;timer_callback;20;112;Frame: 55;webcam
1781781447.8881366;1781781447.8880339;/home/samuchair/ros2_ws/install/samuchair/lib/python3.12/site-packages/samuchair/webcamNode.py;timer_callback;20;121;Webcam : CONNECTED;webcam
1781781449.8876207;1781781449.8871744;/home/samuchair/ros2_ws/install/samuchair/lib/python3.12/site-packages/samuchair/webcamNode.py;timer_callback;20;112;Frame: 56;webcam
1781781449.888121;1781781449.8880103;/home/samuchair/ros2_ws/install/samuchair/lib/python3.12/site-packages/samuchair/webcamNode.py;timer_callback;20;121;Webcam : CONNECTED;webcam
1781781450.9879375;1781781450.9878297;/home/samuchair/ros2_ws/install/samuchair/lib/python3.12/site-packages/samuchair/jBNode.py;jb_callback;20;40;Comando Joystick Bluetooth: 3;JoystickBluetooth
1781781451.8868265;1781781451.886729;/home/samuchair/ros2_ws/install/samuchair/lib/python3.12/site-packages/samuchair/webcamNode.py;timer_callback;20;112;Frame: 57;webcam
1781781451.8876882;1781781451.8875742;/home/samuchair/ros2_ws/install/samuchair/lib/python3.12/site-packages/samuchair/webcamNode.py;timer_callback;20;121;Webcam : CONNECTED;webcam
1781781452.4294295;1781781452.4291353;/home/samuchair/ros2_ws/install/samuchair/lib/python3.12/site-packages/samuchair/jBNode.py;jb_callback;20;40;Comando Joystick Bluetooth: 12;JoystickBluetooth
1781781453.123676;1781781453.1227987;/home/samuchair/ros2_ws/install/samuchair/lib/python3.12/site-packages/samuchair/jBNode.py;jb_callback;20;40;Comando Joystick Bluetooth: 3;JoystickBluetooth
1781781453.1837287;1781781453.182879;/home/samuchair/ros2_ws/install/samuchair/lib/python3.12/site-packages/samuchair/jBNode.py;jb_callback;20;40;Comando Joystick Bluetooth: 10;JoystickBluetooth
1781781453.8871977;1781781453.8870738;/home/samuchair/ros2_ws/install/samuchair/lib/python3.12/site-packages/samuchair/webcamNode.py;timer_callback;20;112;Frame: 58;webcam
1781781453.8878515;1781781453.8877726;/home/samuchair/ros2_ws/install/samuchair/lib/python3.12/site-packages/samuchair/webcamNode.py;timer_callback;20;121;Webcam : CONNECTED;webcam
1781781454.1492965;1781781454.1480207;/home/samuchair/ros2_ws/install/samuchair/lib/python3.12/site-packages/samuchair/jBNode.py;jb_callback;20;40;Comando Joystick Bluetooth: 3;JoystickBluetooth
1781781455.8875358;1781781455.8874528;/home/samuchair/ros2_ws/install/samuchair/lib/python3.12/site-packages/samuchair/webcamNode.py;timer_callback;20;112;Frame: 59;webcam
1781781455.8883588;1781781455.8882596;/home/samuchair/ros2_ws/install/samuchair/lib/python3.12/site-packages/samuchair/webcamNode.py;timer_callback;20;121;Webcam : CONNECTED;webcam
1781781456.5681825;1781781456.568052;/home/samuchair/ros2_ws/install/samuchair/lib/python3.12/site-packages/samuchair/jBNode.py;jb_callback;20;40;Comando Joystick Bluetooth: 12;JoystickBluetooth
1781781457.0493107;1781781457.0481522;/home/samuchair/ros2_ws/install/samuchair/lib/python3.12/site-packages/samuchair/jBNode.py;jb_callback;20;40;Comando Joystick Bluetooth: 3;JoystickBluetooth
1781781457.887814;1781781457.887708;/home/samuchair/ros2_ws/install/samuchair/lib/python3.12/site-packages/samuchair/webcamNode.py;timer_callback;20;112;Frame: 60;webcam
1781781457.8884754;1781781457.888397;/home/samuchair/ros2_ws/install/samuchair/lib/python3.12/site-packages/samuchair/webcamNode.py;timer_callback;20;121;Webcam : CONNECTED;webcam
1781781459.8881876;1781781459.8866196;/home/samuchair/ros2_ws/install/samuchair/lib/python3.12/site-packages/samuchair/webcamNode.py;timer_callback;20;112;Frame: 61;webcam
1781781459.8882189;1781781459.887454;/home/samuchair/ros2_ws/install/samuchair/lib/python3.12/site-packages/samuchair/webcamNode.py;timer_callback;20;121;Webcam : CONNECTED;webcam
1781781459.9885566;1781781459.9882846;/home/samuchair/ros2_ws/install/samuchair/lib/python3.12/site-packages/samuchair/jBNode.py;jb_callback;20;40;Comando Joystick Bluetooth: 12;JoystickBluetooth
1781781460.4090128;1781781460.408239;/home/samuchair/ros2_ws/install/samuchair/lib/python3.12/site-packages/samuchair/jBNode.py;jb_callback;20;40;Comando Joystick Bluetooth: 3;JoystickBluetooth
1781781461.6688588;1781781461.668255;/home/samuchair/ros2_ws/install/samuchair/lib/python3.12/site-packages/samuchair/jBNode.py;jb_callback;20;40;Comando Joystick Bluetooth: 0;JoystickBluetooth
1781781461.7054324;1781781461.7045019;/home/samuchair/ros2_ws/install/samuchair/lib/python3.12/site-packages/samuchair/jBNode.py;jb_callback;20;40;Comando Joystick Bluetooth: 3;JoystickBluetooth
1781781461.7634206;1781781461.763221;/home/samuchair/ros2_ws/install/samuchair/lib/python3.12/site-packages/samuchair/jBNode.py;jb_callback;20;40;Comando Joystick Bluetooth: 10;JoystickBluetooth
1781781461.824026;1781781461.8232236;/home/samuchair/ros2_ws/install/samuchair/lib/python3.12/site-packages/samuchair/jBNode.py;jb_callback;20;40;Comando Joystick Bluetooth: 3;JoystickBluetooth
1781781461.8258684;1781781461.8255885;/home/samuchair/ros2_ws/install/samuchair/lib/python3.12/site-packages/samuchair/jBNode.py;jb_callback;20;40;Comando Joystick Bluetooth: 0;JoystickBluetooth
1781781461.886904;1781781461.88682;/home/samuchair/ros2_ws/install/samuchair/lib/python3.12/site-packages/samuchair/webcamNode.py;timer_callback;20;112;Frame: 62;webcam
1781781461.8876421;1781781461.8875415;/home/samuchair/ros2_ws/install/samuchair/lib/python3.12/site-packages/samuchair/webcamNode.py;timer_callback;20;121;Webcam : CONNECTED;webcam
1781781463.8860974;1781781463.8859947;/home/samuchair/ros2_ws/install/samuchair/lib/python3.12/site-packages/samuchair/webcamNode.py;timer_callback;20;112;Frame: 63;webcam
1781781463.8869414;1781781463.8868349;/home/samuchair/ros2_ws/install/samuchair/lib/python3.12/site-packages/samuchair/webcamNode.py;timer_callback;20;121;Webcam : CONNECTED;webcam
1781781465.8865793;1781781465.8864763;/home/samuchair/ros2_ws/install/samuchair/lib/python3.12/site-packages/samuchair/webcamNode.py;timer_callback;20;112;Frame: 64;webcam
1781781465.8871753;1781781465.8871086;/home/samuchair/ros2_ws/install/samuchair/lib/python3.12/site-packages/samuchair/webcamNode.py;timer_callback;20;121;Webcam : CONNECTED;webcam
1781781467.8861399;1781781467.8860416;/home/samuchair/ros2_ws/install/samuchair/lib/python3.12/site-packages/samuchair/webcamNode.py;timer_callback;20;112;Frame: 65;webcam
1781781467.886981;1781781467.8868866;/home/samuchair/ros2_ws/install/samuchair/lib/python3.12/site-packages/samuchair/webcamNode.py;timer_callback;20;121;Webcam : CONNECTED;webcam
1781781467.9086108;1781781467.9085014;/home/samuchair/ros2_ws/install/samuchair/lib/python3.12/site-packages/samuchair/jBNode.py;jb_callback;20;40;Comando Joystick Bluetooth: 9;JoystickBluetooth
1781781468.1849308;1781781468.1848123;/home/samuchair/ros2_ws/install/samuchair/lib/python3.12/site-packages/samuchair/jBNode.py;jb_callback;20;40;Comando Joystick Bluetooth: 0;JoystickBluetooth
1781781469.8869245;1781781469.8868308;/home/samuchair/ros2_ws/install/samuchair/lib/python3.12/site-packages/samuchair/webcamNode.py;timer_callback;20;112;Frame: 66;webcam
1781781469.8875997;1781781469.8875167;/home/samuchair/ros2_ws/install/samuchair/lib/python3.12/site-packages/samuchair/webcamNode.py;timer_callback;20;121;Webcam : CONNECTED;webcam
1781781470.0089233;1781781470.0087106;/home/samuchair/ros2_ws/install/samuchair/lib/python3.12/site-packages/samuchair/jBNode.py;jb_callback;20;40;Comando Joystick Bluetooth: 9;JoystickBluetooth
1781781470.2843509;1781781470.2840252;/home/samuchair/ros2_ws/install/samuchair/lib/python3.12/site-packages/samuchair/jBNode.py;jb_callback;20;40;Comando Joystick Bluetooth: 0;JoystickBluetooth
1781781471.887155;1781781471.8870356;/home/samuchair/ros2_ws/install/samuchair/lib/python3.12/site-packages/samuchair/webcamNode.py;timer_callback;20;112;Frame: 67;webcam
1781781471.8879867;1781781471.887885;/home/samuchair/ros2_ws/install/samuchair/lib/python3.12/site-packages/samuchair/webcamNode.py;timer_callback;20;121;Webcam : CONNECTED;webcam
1781781473.888414;1781781473.888032;/home/samuchair/ros2_ws/install/samuchair/lib/python3.12/site-packages/samuchair/webcamNode.py;timer_callback;20;112;Frame: 68;webcam
1781781473.888765;1781781473.888686;/home/samuchair/ros2_ws/install/samuchair/lib/python3.12/site-packages/samuchair/webcamNode.py;timer_callback;20;121;Webcam : CONNECTED;webcam
1781781474.015167;1781781474.0141153;/home/samuchair/ros2_ws/install/samuchair/lib/python3.12/site-packages/samuchair/movilNode.py;timer_callback;20;300;Dato publicado Fase Ejecucion: 50;Movil
1781781474.0162768;1781781474.0141695;/home/samuchair/ros2_ws/install/samuchair/lib/python3.12/site-packages/samuchair/mainNode.py;callback_subMovilEjecucion;20;324;Comando Movil Ejecucion: 50;mainNode
1781781475.8878725;1781781475.8877707;/home/samuchair/ros2_ws/install/samuchair/lib/python3.12/site-packages/samuchair/webcamNode.py;timer_callback;20;112;Frame: 69;webcam
1781781475.889395;1781781475.8886282;/home/samuchair/ros2_ws/install/samuchair/lib/python3.12/site-packages/samuchair/webcamNode.py;timer_callback;20;121;Webcam : CONNECTED;webcam
1781781477.8889685;1781781477.8888502;/home/samuchair/ros2_ws/install/samuchair/lib/python3.12/site-packages/samuchair/webcamNode.py;timer_callback;20;112;Frame: 70;webcam
1781781477.8897948;1781781477.8896418;/home/samuchair/ros2_ws/install/samuchair/lib/python3.12/site-packages/samuchair/webcamNode.py;timer_callback;20;121;Webcam : CONNECTED;webcam
1781781479.0142229;1781781479.0140748;/home/samuchair/ros2_ws/install/samuchair/lib/python3.12/site-packages/samuchair/movilNode.py;timer_callback;20;300;Dato publicado Fase Ejecucion: 2;Movil
1781781479.0153291;1781781479.0151753;/home/samuchair/ros2_ws/install/samuchair/lib/python3.12/site-packages/samuchair/mainNode.py;callback_subMovilEjecucion;20;324;Comando Movil Ejecucion: 2;mainNode
1781781479.88767;1781781479.8875883;/home/samuchair/ros2_ws/install/samuchair/lib/python3.12/site-packages/samuchair/webcamNode.py;timer_callback;20;112;Frame: 71;webcam
1781781479.8884299;1781781479.8883233;/home/samuchair/ros2_ws/install/samuchair/lib/python3.12/site-packages/samuchair/webcamNode.py;timer_callback;20;121;Webcam : CONNECTED;webcam
1781781481.7444205;1781781481.7442195;/home/samuchair/ros2_ws/install/samuchair/lib/python3.12/site-packages/samuchair/jBNode.py;jb_callback;20;40;Comando Joystick Bluetooth: 9;JoystickBluetooth
1781781481.8881264;1781781481.8880045;/home/samuchair/ros2_ws/install/samuchair/lib/python3.12/site-packages/samuchair/webcamNode.py;timer_callback;20;112;Frame: 72;webcam
1781781481.888847;1781781481.8887265;/home/samuchair/ros2_ws/install/samuchair/lib/python3.12/site-packages/samuchair/webcamNode.py;timer_callback;20;121;Webcam : CONNECTED;webcam
1781781482.07049;1781781482.0692403;/home/samuchair/ros2_ws/install/samuchair/lib/python3.12/site-packages/samuchair/jBNode.py;jb_callback;20;40;Comando Joystick Bluetooth: 0;JoystickBluetooth
1781781482.4042988;1781781482.4041865;/home/samuchair/ros2_ws/install/samuchair/lib/python3.12/site-packages/samuchair/jBNode.py;jb_callback;20;40;Comando Joystick Bluetooth: 9;JoystickBluetooth
1781781482.7292993;1781781482.7291925;/home/samuchair/ros2_ws/install/samuchair/lib/python3.12/site-packages/samuchair/jBNode.py;jb_callback;20;40;Comando Joystick Bluetooth: 0;JoystickBluetooth
1781781483.572048;1781781483.5705433;/home/samuchair/ros2_ws/install/samuchair/lib/python3.12/site-packages/samuchair/jBNode.py;jb_callback;20;40;Comando Joystick Bluetooth: 9;JoystickBluetooth
1781781483.8106978;1781781483.8105671;/home/samuchair/ros2_ws/install/samuchair/lib/python3.12/site-packages/samuchair/jBNode.py;jb_callback;20;40;Comando Joystick Bluetooth: 0;JoystickBluetooth
1781781483.8878171;1781781483.88771;/home/samuchair/ros2_ws/install/samuchair/lib/python3.12/site-packages/samuchair/webcamNode.py;timer_callback;20;112;Frame: 73;webcam
1781781483.8886802;1781781483.8885727;/home/samuchair/ros2_ws/install/samuchair/lib/python3.12/site-packages/samuchair/webcamNode.py;timer_callback;20;121;Webcam : CONNECTED;webcam
1781781484.7464461;1781781484.7455254;/home/samuchair/ros2_ws/install/samuchair/lib/python3.12/site-packages/samuchair/jBNode.py;jb_callback;20;40;Comando Joystick Bluetooth: 9;JoystickBluetooth
1781781484.8668935;1781781484.8667645;/home/samuchair/ros2_ws/install/samuchair/lib/python3.12/site-packages/samuchair/jBNode.py;jb_callback;20;40;Comando Joystick Bluetooth: 0;JoystickBluetooth
1781781485.8879743;1781781485.8878784;/home/samuchair/ros2_ws/install/samuchair/lib/python3.12/site-packages/samuchair/webcamNode.py;timer_callback;20;112;Frame: 74;webcam
1781781485.888726;1781781485.8886335;/home/samuchair/ros2_ws/install/samuchair/lib/python3.12/site-packages/samuchair/webcamNode.py;timer_callback;20;121;Webcam : CONNECTED;webcam
1781781487.887843;1781781487.8877442;/home/samuchair/ros2_ws/install/samuchair/lib/python3.12/site-packages/samuchair/webcamNode.py;timer_callback;20;112;Frame: 75;webcam
1781781487.8886845;1781781487.8885853;/home/samuchair/ros2_ws/install/samuchair/lib/python3.12/site-packages/samuchair/webcamNode.py;timer_callback;20;121;Webcam : CONNECTED;webcam
1781781487.986305;1781781487.9857798;/home/samuchair/ros2_ws/install/samuchair/lib/python3.12/site-packages/samuchair/jBNode.py;jb_callback;20;40;Comando Joystick Bluetooth: 9;JoystickBluetooth
1781781487.9868853;1781781487.9867857;/home/samuchair/ros2_ws/install/samuchair/lib/python3.12/site-packages/samuchair/jBNode.py;jb_callback;20;40;Comando Joystick Bluetooth: 10;JoystickBluetooth
1781781489.882086;1781781489.8808055;/home/samuchair/ros2_ws/install/samuchair/lib/python3.12/site-packages/samuchair/opasistidaNode.py;update_pot;20;147;Dato publicado potenciometro: 1;opasistidaNode
1781781489.887392;1781781489.887298;/home/samuchair/ros2_ws/install/samuchair/lib/python3.12/site-packages/samuchair/webcamNode.py;timer_callback;20;112;Frame: 76;webcam
1781781489.888874;1781781489.8879795;/home/samuchair/ros2_ws/install/samuchair/lib/python3.12/site-packages/samuchair/webcamNode.py;timer_callback;20;121;Webcam : CONNECTED;webcam
1781781490.8803365;1781781490.8802218;/home/samuchair/ros2_ws/install/samuchair/lib/python3.12/site-packages/samuchair/opasistidaNode.py;update_pot;20;147;Dato publicado potenciometro: 1;opasistidaNode
1781781491.824797;1781781491.8246748;/home/samuchair/ros2_ws/install/samuchair/lib/python3.12/site-packages/samuchair/jBNode.py;jb_callback;20;40;Comando Joystick Bluetooth: 3;JoystickBluetooth
1781781491.8261042;1781781491.8257453;/home/samuchair/ros2_ws/install/samuchair/lib/python3.12/site-packages/samuchair/jBNode.py;jb_callback;20;40;Comando Joystick Bluetooth: 10;JoystickBluetooth
1781781491.8882248;1781781491.8874736;/home/samuchair/ros2_ws/install/samuchair/lib/python3.12/site-packages/samuchair/webcamNode.py;timer_callback;20;112;Frame: 77;webcam
1781781491.8884277;1781781491.888257;/home/samuchair/ros2_ws/install/samuchair/lib/python3.12/site-packages/samuchair/webcamNode.py;timer_callback;20;121;Webcam : CONNECTED;webcam
1781781493.290638;1781781493.2898228;/home/samuchair/ros2_ws/install/samuchair/lib/python3.12/site-packages/samuchair/jBNode.py;jb_callback;20;40;Comando Joystick Bluetooth: 3;JoystickBluetooth
1781781493.2922256;1781781493.2921004;/home/samuchair/ros2_ws/install/samuchair/lib/python3.12/site-packages/samuchair/jBNode.py;jb_callback;20;40;Comando Joystick Bluetooth: 10;JoystickBluetooth
1781781493.3259778;1781781493.3247335;/home/samuchair/ros2_ws/install/samuchair/lib/python3.12/site-packages/samuchair/jBNode.py;jb_callback;20;40;Comando Joystick Bluetooth: 3;JoystickBluetooth
1781781493.887777;1781781493.8876789;/home/samuchair/ros2_ws/install/samuchair/lib/python3.12/site-packages/samuchair/webcamNode.py;timer_callback;20;112;Frame: 78;webcam
1781781493.8884976;1781781493.8884015;/home/samuchair/ros2_ws/install/samuchair/lib/python3.12/site-packages/samuchair/webcamNode.py;timer_callback;20;121;Webcam : CONNECTED;webcam
1781781494.0659728;1781781494.0647502;/home/samuchair/ros2_ws/install/samuchair/lib/python3.12/site-packages/samuchair/jBNode.py;jb_callback;20;40;Comando Joystick Bluetooth: 10;JoystickBluetooth
1781781494.3448968;1781781494.3447614;/home/samuchair/ros2_ws/install/samuchair/lib/python3.12/site-packages/samuchair/jBNode.py;jb_callback;20;40;Comando Joystick Bluetooth: 3;JoystickBluetooth
1781781494.9457347;1781781494.9448054;/home/samuchair/ros2_ws/install/samuchair/lib/python3.12/site-packages/samuchair/jBNode.py;jb_callback;20;40;Comando Joystick Bluetooth: 10;JoystickBluetooth
1781781495.3648524;1781781495.3647401;/home/samuchair/ros2_ws/install/samuchair/lib/python3.12/site-packages/samuchair/jBNode.py;jb_callback;20;40;Comando Joystick Bluetooth: 3;JoystickBluetooth
1781781495.545874;1781781495.5448546;/home/samuchair/ros2_ws/install/samuchair/lib/python3.12/site-packages/samuchair/jBNode.py;jb_callback;20;40;Comando Joystick Bluetooth: 0;JoystickBluetooth
1781781495.887747;1781781495.887642;/home/samuchair/ros2_ws/install/samuchair/lib/python3.12/site-packages/samuchair/webcamNode.py;timer_callback;20;112;Frame: 79;webcam
1781781495.8885975;1781781495.888499;/home/samuchair/ros2_ws/install/samuchair/lib/python3.12/site-packages/samuchair/webcamNode.py;timer_callback;20;121;Webcam : CONNECTED;webcam
1781781496.5150485;1781781496.514014;/home/samuchair/ros2_ws/install/samuchair/lib/python3.12/site-packages/samuchair/movilNode.py;timer_callback;20;300;Dato publicado Fase Ejecucion: 50;Movil
1781781496.5150838;1781781496.514158;/home/samuchair/ros2_ws/install/samuchair/lib/python3.12/site-packages/samuchair/mainNode.py;callback_subMovilEjecucion;20;324;Comando Movil Ejecucion: 50;mainNode
1781781497.8931262;1781781497.8930366;/home/samuchair/ros2_ws/install/samuchair/lib/python3.12/site-packages/samuchair/webcamNode.py;timer_callback;20;112;Frame: 80;webcam
1781781497.8944204;1781781497.8937576;/home/samuchair/ros2_ws/install/samuchair/lib/python3.12/site-packages/samuchair/webcamNode.py;timer_callback;20;121;Webcam : CONNECTED;webcam
1781781499.886431;1781781499.8863125;/home/samuchair/ros2_ws/install/samuchair/lib/python3.12/site-packages/samuchair/webcamNode.py;timer_callback;20;112;Frame: 81;webcam
1781781499.8872488;1781781499.8871517;/home/samuchair/ros2_ws/install/samuchair/lib/python3.12/site-packages/samuchair/webcamNode.py;timer_callback;20;121;Webcam : CONNECTED;webcam
1781781501.5145135;1781781501.5140092;/home/samuchair/ros2_ws/install/samuchair/lib/python3.12/site-packages/samuchair/movilNode.py;timer_callback;20;300;Dato publicado Fase Ejecucion: 3;Movil
1781781501.514525;1781781501.514119;/home/samuchair/ros2_ws/install/samuchair/lib/python3.12/site-packages/samuchair/mainNode.py;callback_subMovilEjecucion;20;324;Comando Movil Ejecucion: 3;mainNode
1781781501.8873131;1781781501.8872068;/home/samuchair/ros2_ws/install/samuchair/lib/python3.12/site-packages/samuchair/webcamNode.py;timer_callback;20;112;Frame: 82;webcam
1781781501.888208;1781781501.8880973;/home/samuchair/ros2_ws/install/samuchair/lib/python3.12/site-packages/samuchair/webcamNode.py;timer_callback;20;121;Webcam : CONNECTED;webcam
1781781502.6853034;1781781502.6851745;/home/samuchair/ros2_ws/install/samuchair/lib/python3.12/site-packages/samuchair/jBNode.py;jb_callback;20;40;Comando Joystick Bluetooth: 6;JoystickBluetooth
1781781502.7452338;1781781502.745107;/home/samuchair/ros2_ws/install/samuchair/lib/python3.12/site-packages/samuchair/jBNode.py;jb_callback;20;40;Comando Joystick Bluetooth: 17;JoystickBluetooth
1781781503.2854064;1781781503.285211;/home/samuchair/ros2_ws/install/samuchair/lib/python3.12/site-packages/samuchair/jBNode.py;jb_callback;20;40;Comando Joystick Bluetooth: 6;JoystickBluetooth
1781781503.3704922;1781781503.3702314;/home/samuchair/ros2_ws/install/samuchair/lib/python3.12/site-packages/samuchair/jBNode.py;jb_callback;20;40;Comando Joystick Bluetooth: 0;JoystickBluetooth
1781781503.8861916;1781781503.8851538;/home/samuchair/ros2_ws/install/samuchair/lib/python3.12/site-packages/samuchair/jBNode.py;jb_callback;20;40;Comando Joystick Bluetooth: 6;JoystickBluetooth
1781781503.886244;1781781503.8859093;/home/samuchair/ros2_ws/install/samuchair/lib/python3.12/site-packages/samuchair/jBNode.py;jb_callback;20;40;Comando Joystick Bluetooth: 17;JoystickBluetooth
1781781503.8875449;1781781503.8873906;/home/samuchair/ros2_ws/install/samuchair/lib/python3.12/site-packages/samuchair/webcamNode.py;timer_callback;20;112;Frame: 83;webcam
1781781503.8889124;1781781503.888466;/home/samuchair/ros2_ws/install/samuchair/lib/python3.12/site-packages/samuchair/webcamNode.py;timer_callback;20;121;Webcam : CONNECTED;webcam
1781781504.8458774;1781781504.8452847;/home/samuchair/ros2_ws/install/samuchair/lib/python3.12/site-packages/samuchair/jBNode.py;jb_callback;20;40;Comando Joystick Bluetooth: 6;JoystickBluetooth
1781781504.847795;1781781504.8476412;/home/samuchair/ros2_ws/install/samuchair/lib/python3.12/site-packages/samuchair/jBNode.py;jb_callback;20;40;Comando Joystick Bluetooth: 0;JoystickBluetooth
1781781504.881705;1781781504.881547;/home/samuchair/ros2_ws/install/samuchair/lib/python3.12/site-packages/samuchair/opasistidaNode.py;update_pot;20;147;Dato publicado potenciometro: 1;opasistidaNode
1781781505.265399;1781781505.265165;/home/samuchair/ros2_ws/install/samuchair/lib/python3.12/site-packages/samuchair/jBNode.py;jb_callback;20;40;Comando Joystick Bluetooth: 9;JoystickBluetooth
1781781505.3254037;1781781505.3252723;/home/samuchair/ros2_ws/install/samuchair/lib/python3.12/site-packages/samuchair/jBNode.py;jb_callback;20;40;Comando Joystick Bluetooth: 0;JoystickBluetooth
1781781505.6855066;1781781505.6852314;/home/samuchair/ros2_ws/install/samuchair/lib/python3.12/site-packages/samuchair/jBNode.py;jb_callback;20;40;Comando Joystick Bluetooth: 6;JoystickBluetooth
1781781505.6866238;1781781505.6862721;/home/samuchair/ros2_ws/install/samuchair/lib/python3.12/site-packages/samuchair/jBNode.py;jb_callback;20;40;Comando Joystick Bluetooth: 17;JoystickBluetooth
1781781505.883127;1781781505.8829086;/home/samuchair/ros2_ws/install/samuchair/lib/python3.12/site-packages/samuchair/opasistidaNode.py;update_pot;20;147;Dato publicado potenciometro: 1;opasistidaNode
1781781505.8885963;1781781505.8884962;/home/samuchair/ros2_ws/install/samuchair/lib/python3.12/site-packages/samuchair/webcamNode.py;timer_callback;20;112;Frame: 84;webcam
1781781505.8893363;1781781505.8892395;/home/samuchair/ros2_ws/install/samuchair/lib/python3.12/site-packages/samuchair/webcamNode.py;timer_callback;20;121;Webcam : CONNECTED;webcam
1781781507.8882594;1781781507.8881533;/home/samuchair/ros2_ws/install/samuchair/lib/python3.12/site-packages/samuchair/webcamNode.py;timer_callback;20;112;Frame: 85;webcam
1781781507.8891864;1781781507.8890755;/home/samuchair/ros2_ws/install/samuchair/lib/python3.12/site-packages/samuchair/webcamNode.py;timer_callback;20;121;Webcam : CONNECTED;webcam
1781781508.8076015;1781781508.8066046;/home/samuchair/ros2_ws/install/samuchair/lib/python3.12/site-packages/samuchair/jBNode.py;jb_callback;20;40;Comando Joystick Bluetooth: 5;JoystickBluetooth
1781781508.808711;1781781508.8085954;/home/samuchair/ros2_ws/install/samuchair/lib/python3.12/site-packages/samuchair/jBNode.py;jb_callback;20;40;Comando Joystick Bluetooth: 0;JoystickBluetooth
1781781508.9281003;1781781508.9266448;/home/samuchair/ros2_ws/install/samuchair/lib/python3.12/site-packages/samuchair/jBNode.py;jb_callback;20;40;Comando Joystick Bluetooth: 9;JoystickBluetooth
1781781508.9281607;1781781508.9276376;/home/samuchair/ros2_ws/install/samuchair/lib/python3.12/site-packages/samuchair/jBNode.py;jb_callback;20;40;Comando Joystick Bluetooth: 15;JoystickBluetooth
1781781509.1057372;1781781509.105382;/home/samuchair/ros2_ws/install/samuchair/lib/python3.12/site-packages/samuchair/jBNode.py;jb_callback;20;40;Comando Joystick Bluetooth: 15;JoystickBluetooth
1781781509.1068285;1781781509.1065834;/home/samuchair/ros2_ws/install/samuchair/lib/python3.12/site-packages/samuchair/jBNode.py;jb_callback;20;40;Comando Joystick Bluetooth: 15;JoystickBluetooth
1781781509.1654365;1781781509.165326;/home/samuchair/ros2_ws/install/samuchair/lib/python3.12/site-packages/samuchair/jBNode.py;jb_callback;20;40;Comando Joystick Bluetooth: 15;JoystickBluetooth
1781781509.2275224;1781781509.226654;/home/samuchair/ros2_ws/install/samuchair/lib/python3.12/site-packages/samuchair/jBNode.py;jb_callback;20;40;Comando Joystick Bluetooth: 9;JoystickBluetooth
1781781509.8876266;1781781509.8875198;/home/samuchair/ros2_ws/install/samuchair/lib/python3.12/site-packages/samuchair/webcamNode.py;timer_callback;20;112;Frame: 86;webcam
1781781509.8886573;1781781509.8883889;/home/samuchair/ros2_ws/install/samuchair/lib/python3.12/site-packages/samuchair/webcamNode.py;timer_callback;20;121;Webcam : CONNECTED;webcam
1781781510.0083907;1781781510.0072043;/home/samuchair/ros2_ws/install/samuchair/lib/python3.12/site-packages/samuchair/jBNode.py;jb_callback;20;40;Comando Joystick Bluetooth: 15;JoystickBluetooth
1781781510.125523;1781781510.1253479;/home/samuchair/ros2_ws/install/samuchair/lib/python3.12/site-packages/samuchair/jBNode.py;jb_callback;20;40;Comando Joystick Bluetooth: 15;JoystickBluetooth
1781781510.1274652;1781781510.1273468;/home/samuchair/ros2_ws/install/samuchair/lib/python3.12/site-packages/samuchair/jBNode.py;jb_callback;20;40;Comando Joystick Bluetooth: 15;JoystickBluetooth
1781781510.1855178;1781781510.185407;/home/samuchair/ros2_ws/install/samuchair/lib/python3.12/site-packages/samuchair/jBNode.py;jb_callback;20;40;Comando Joystick Bluetooth: 15;JoystickBluetooth
1781781510.1877608;1781781510.187608;/home/samuchair/ros2_ws/install/samuchair/lib/python3.12/site-packages/samuchair/jBNode.py;jb_callback;20;40;Comando Joystick Bluetooth: 15;JoystickBluetooth
1781781510.189007;1781781510.1887732;/home/samuchair/ros2_ws/install/samuchair/lib/python3.12/site-packages/samuchair/jBNode.py;jb_callback;20;40;Comando Joystick Bluetooth: 15;JoystickBluetooth
1781781510.247551;1781781510.2466788;/home/samuchair/ros2_ws/install/samuchair/lib/python3.12/site-packages/samuchair/jBNode.py;jb_callback;20;40;Comando Joystick Bluetooth: 15;JoystickBluetooth
1781781510.2479823;1781781510.247882;/home/samuchair/ros2_ws/install/samuchair/lib/python3.12/site-packages/samuchair/jBNode.py;jb_callback;20;40;Comando Joystick Bluetooth: 15;JoystickBluetooth
1781781510.3076372;1781781510.3067422;/home/samuchair/ros2_ws/install/samuchair/lib/python3.12/site-packages/samuchair/jBNode.py;jb_callback;20;40;Comando Joystick Bluetooth: 15;JoystickBluetooth
1781781510.309131;1781781510.3090115;/home/samuchair/ros2_ws/install/samuchair/lib/python3.12/site-packages/samuchair/jBNode.py;jb_callback;20;40;Comando Joystick Bluetooth: 15;JoystickBluetooth
1781781510.3664253;1781781510.3656216;/home/samuchair/ros2_ws/install/samuchair/lib/python3.12/site-packages/samuchair/jBNode.py;jb_callback;20;40;Comando Joystick Bluetooth: 15;JoystickBluetooth
1781781510.3684263;1781781510.3675427;/home/samuchair/ros2_ws/install/samuchair/lib/python3.12/site-packages/samuchair/jBNode.py;jb_callback;20;40;Comando Joystick Bluetooth: 15;JoystickBluetooth
1781781510.4256022;1781781510.4254918;/home/samuchair/ros2_ws/install/samuchair/lib/python3.12/site-packages/samuchair/jBNode.py;jb_callback;20;40;Comando Joystick Bluetooth: 15;JoystickBluetooth
1781781510.48644;1781781510.4855282;/home/samuchair/ros2_ws/install/samuchair/lib/python3.12/site-packages/samuchair/jBNode.py;jb_callback;20;40;Comando Joystick Bluetooth: 15;JoystickBluetooth
1781781510.5465496;1781781510.5455494;/home/samuchair/ros2_ws/install/samuchair/lib/python3.12/site-packages/samuchair/jBNode.py;jb_callback;20;40;Comando Joystick Bluetooth: 15;JoystickBluetooth
1781781510.6915848;1781781510.6906092;/home/samuchair/ros2_ws/install/samuchair/lib/python3.12/site-packages/samuchair/jBNode.py;jb_callback;20;40;Comando Joystick Bluetooth: 15;JoystickBluetooth
1781781510.8481572;1781781510.8466666;/home/samuchair/ros2_ws/install/samuchair/lib/python3.12/site-packages/samuchair/jBNode.py;jb_callback;20;40;Comando Joystick Bluetooth: 15;JoystickBluetooth
1781781510.907655;1781781510.9067059;/home/samuchair/ros2_ws/install/samuchair/lib/python3.12/site-packages/samuchair/jBNode.py;jb_callback;20;40;Comando Joystick Bluetooth: 15;JoystickBluetooth
1781781510.9100158;1781781510.9091783;/home/samuchair/ros2_ws/install/samuchair/lib/python3.12/site-packages/samuchair/jBNode.py;jb_callback;20;40;Comando Joystick Bluetooth: 15;JoystickBluetooth
1781781510.9935434;1781781510.9905891;/home/samuchair/ros2_ws/install/samuchair/lib/python3.12/site-packages/samuchair/jBNode.py;jb_callback;20;40;Comando Joystick Bluetooth: 9;JoystickBluetooth
1781781510.9936285;1781781510.9918265;/home/samuchair/ros2_ws/install/samuchair/lib/python3.12/site-packages/samuchair/jBNode.py;jb_callback;20;40;Comando Joystick Bluetooth: 9;JoystickBluetooth
1781781511.0258489;1781781511.0251837;/home/samuchair/ros2_ws/install/samuchair/lib/python3.12/site-packages/samuchair/jBNode.py;jb_callback;20;40;Comando Joystick Bluetooth: 9;JoystickBluetooth
1781781511.0864384;1781781511.0855129;/home/samuchair/ros2_ws/install/samuchair/lib/python3.12/site-packages/samuchair/jBNode.py;jb_callback;20;40;Comando Joystick Bluetooth: 0;JoystickBluetooth
1781781511.266335;1781781511.2654846;/home/samuchair/ros2_ws/install/samuchair/lib/python3.12/site-packages/samuchair/jBNode.py;jb_callback;20;40;Comando Joystick Bluetooth: 9;JoystickBluetooth
1781781511.266482;1781781511.2663975;/home/samuchair/ros2_ws/install/samuchair/lib/python3.12/site-packages/samuchair/jBNode.py;jb_callback;20;40;Comando Joystick Bluetooth: 10;JoystickBluetooth
1781781511.8882473;1781781511.8873484;/home/samuchair/ros2_ws/install/samuchair/lib/python3.12/site-packages/samuchair/webcamNode.py;timer_callback;20;112;Frame: 87;webcam
1781781511.8895621;1781781511.889178;/home/samuchair/ros2_ws/install/samuchair/lib/python3.12/site-packages/samuchair/webcamNode.py;timer_callback;20;121;Webcam : CONNECTED;webcam
1781781512.9715352;1781781512.9706395;/home/samuchair/ros2_ws/install/samuchair/lib/python3.12/site-packages/samuchair/jBNode.py;jb_callback;20;40;Comando Joystick Bluetooth: 3;JoystickBluetooth
1781781513.0663037;1781781513.0655165;/home/samuchair/ros2_ws/install/samuchair/lib/python3.12/site-packages/samuchair/jBNode.py;jb_callback;20;40;Comando Joystick Bluetooth: 0;JoystickBluetooth
1781781513.246403;1781781513.2455049;/home/samuchair/ros2_ws/install/samuchair/lib/python3.12/site-packages/samuchair/jBNode.py;jb_callback;20;40;Comando Joystick Bluetooth: 6;JoystickBluetooth
1781781513.887768;1781781513.8876734;/home/samuchair/ros2_ws/install/samuchair/lib/python3.12/site-packages/samuchair/webcamNode.py;timer_callback;20;112;Frame: 88;webcam
1781781513.888504;1781781513.8884003;/home/samuchair/ros2_ws/install/samuchair/lib/python3.12/site-packages/samuchair/webcamNode.py;timer_callback;20;121;Webcam : CONNECTED;webcam
1781781515.1070156;1781781515.106907;/home/samuchair/ros2_ws/install/samuchair/lib/python3.12/site-packages/samuchair/jBNode.py;jb_callback;20;40;Comando Joystick Bluetooth: 0;JoystickBluetooth
1781781515.3107975;1781781515.310684;/home/samuchair/ros2_ws/install/samuchair/lib/python3.12/site-packages/samuchair/jBNode.py;jb_callback;20;40;Comando Joystick Bluetooth: 9;JoystickBluetooth
1781781515.88611;1781781515.885989;/home/samuchair/ros2_ws/install/samuchair/lib/python3.12/site-packages/samuchair/webcamNode.py;timer_callback;20;112;Frame: 89;webcam
1781781515.8870132;1781781515.8869274;/home/samuchair/ros2_ws/install/samuchair/lib/python3.12/site-packages/samuchair/webcamNode.py;timer_callback;20;121;Webcam : CONNECTED;webcam
1781781516.6078784;1781781516.6068933;/home/samuchair/ros2_ws/install/samuchair/lib/python3.12/site-packages/samuchair/jBNode.py;jb_callback;20;40;Comando Joystick Bluetooth: 0;JoystickBluetooth
1781781516.725877;1781781516.7257411;/home/samuchair/ros2_ws/install/samuchair/lib/python3.12/site-packages/samuchair/jBNode.py;jb_callback;20;40;Comando Joystick Bluetooth: 6;JoystickBluetooth
1781781517.8869724;1781781517.8868554;/home/samuchair/ros2_ws/install/samuchair/lib/python3.12/site-packages/samuchair/webcamNode.py;timer_callback;20;112;Frame: 90;webcam
1781781517.8877578;1781781517.8876464;/home/samuchair/ros2_ws/install/samuchair/lib/python3.12/site-packages/samuchair/webcamNode.py;timer_callback;20;121;Webcam : CONNECTED;webcam
1781781518.947402;1781781518.9458504;/home/samuchair/ros2_ws/install/samuchair/lib/python3.12/site-packages/samuchair/jBNode.py;jb_callback;20;40;Comando Joystick Bluetooth: 0;JoystickBluetooth
1781781519.1868246;1781781519.185839;/home/samuchair/ros2_ws/install/samuchair/lib/python3.12/site-packages/samuchair/jBNode.py;jb_callback;20;40;Comando Joystick Bluetooth: 3;JoystickBluetooth
1781781519.885826;1781781519.8857136;/home/samuchair/ros2_ws/install/samuchair/lib/python3.12/site-packages/samuchair/webcamNode.py;timer_callback;20;112;Frame: 91;webcam
1781781519.8866754;1781781519.8865566;/home/samuchair/ros2_ws/install/samuchair/lib/python3.12/site-packages/samuchair/webcamNode.py;timer_callback;20;121;Webcam : CONNECTED;webcam
1781781519.991917;1781781519.991001;/home/samuchair/ros2_ws/install/samuchair/lib/python3.12/site-packages/samuchair/jBNode.py;jb_callback;20;40;Comando Joystick Bluetooth: 12;JoystickBluetooth
1781781520.0292356;1781781520.0283546;/home/samuchair/ros2_ws/install/samuchair/lib/python3.12/site-packages/samuchair/jBNode.py;jb_callback;20;40;Comando Joystick Bluetooth: 3;JoystickBluetooth
1781781520.8066564;1781781520.8058844;/home/samuchair/ros2_ws/install/samuchair/lib/python3.12/site-packages/samuchair/jBNode.py;jb_callback;20;40;Comando Joystick Bluetooth: 10;JoystickBluetooth
1781781521.6722;1781781521.6710296;/home/samuchair/ros2_ws/install/samuchair/lib/python3.12/site-packages/samuchair/jBNode.py;jb_callback;20;40;Comando Joystick Bluetooth: 3;JoystickBluetooth
1781781521.886881;1781781521.8867667;/home/samuchair/ros2_ws/install/samuchair/lib/python3.12/site-packages/samuchair/webcamNode.py;timer_callback;20;112;Frame: 92;webcam
1781781521.8876538;1781781521.8875546;/home/samuchair/ros2_ws/install/samuchair/lib/python3.12/site-packages/samuchair/webcamNode.py;timer_callback;20;121;Webcam : CONNECTED;webcam
1781781522.30758;1781781522.307224;/home/samuchair/ros2_ws/install/samuchair/lib/python3.12/site-packages/samuchair/jBNode.py;jb_callback;20;40;Comando Joystick Bluetooth: 12;JoystickBluetooth
1781781522.4870713;1781781522.485943;/home/samuchair/ros2_ws/install/samuchair/lib/python3.12/site-packages/samuchair/jBNode.py;jb_callback;20;40;Comando Joystick Bluetooth: 3;JoystickBluetooth
1781781522.631767;1781781522.6309893;/home/samuchair/ros2_ws/install/samuchair/lib/python3.12/site-packages/samuchair/jBNode.py;jb_callback;20;40;Comando Joystick Bluetooth: 12;JoystickBluetooth
1781781522.9660587;1781781522.9658532;/home/samuchair/ros2_ws/install/samuchair/lib/python3.12/site-packages/samuchair/jBNode.py;jb_callback;20;40;Comando Joystick Bluetooth: 3;JoystickBluetooth
1781781523.086097;1781781523.085961;/home/samuchair/ros2_ws/install/samuchair/lib/python3.12/site-packages/samuchair/jBNode.py;jb_callback;20;40;Comando Joystick Bluetooth: 10;JoystickBluetooth
1781781523.231944;1781781523.2310472;/home/samuchair/ros2_ws/install/samuchair/lib/python3.12/site-packages/samuchair/jBNode.py;jb_callback;20;40;Comando Joystick Bluetooth: 3;JoystickBluetooth
1781781523.326954;1781781523.325967;/home/samuchair/ros2_ws/install/samuchair/lib/python3.12/site-packages/samuchair/jBNode.py;jb_callback;20;40;Comando Joystick Bluetooth: 3;JoystickBluetooth
1781781523.3289948;1781781523.3282015;/home/samuchair/ros2_ws/install/samuchair/lib/python3.12/site-packages/samuchair/jBNode.py;jb_callback;20;40;Comando Joystick Bluetooth: 3;JoystickBluetooth
1781781523.4113772;1781781523.4110372;/home/samuchair/ros2_ws/install/samuchair/lib/python3.12/site-packages/samuchair/jBNode.py;jb_callback;20;40;Comando Joystick Bluetooth: 12;JoystickBluetooth
1781781523.565978;1781781523.5658793;/home/samuchair/ros2_ws/install/samuchair/lib/python3.12/site-packages/samuchair/jBNode.py;jb_callback;20;40;Comando Joystick Bluetooth: 3;JoystickBluetooth
1781781523.8874416;1781781523.8873081;/home/samuchair/ros2_ws/install/samuchair/lib/python3.12/site-packages/samuchair/webcamNode.py;timer_callback;20;112;Frame: 93;webcam
1781781523.8884606;1781781523.888292;/home/samuchair/ros2_ws/install/samuchair/lib/python3.12/site-packages/samuchair/webcamNode.py;timer_callback;20;121;Webcam : CONNECTED;webcam
1781781525.5474532;1781781525.547315;/home/samuchair/ros2_ws/install/samuchair/lib/python3.12/site-packages/samuchair/jBNode.py;jb_callback;20;40;Comando Joystick Bluetooth: 10;JoystickBluetooth
1781781525.667898;1781781525.6673224;/home/samuchair/ros2_ws/install/samuchair/lib/python3.12/site-packages/samuchair/jBNode.py;jb_callback;20;40;Comando Joystick Bluetooth: 3;JoystickBluetooth
1781781525.7270412;1781781525.7260673;/home/samuchair/ros2_ws/install/samuchair/lib/python3.12/site-packages/samuchair/jBNode.py;jb_callback;20;40;Comando Joystick Bluetooth: 0;JoystickBluetooth
1781781525.8869984;1781781525.8868792;/home/samuchair/ros2_ws/install/samuchair/lib/python3.12/site-packages/samuchair/webcamNode.py;timer_callback;20;112;Frame: 94;webcam
1781781525.8876984;1781781525.8876173;/home/samuchair/ros2_ws/install/samuchair/lib/python3.12/site-packages/samuchair/webcamNode.py;timer_callback;20;121;Webcam : CONNECTED;webcam
1781781526.074816;1781781526.0747144;/home/samuchair/ros2_ws/install/samuchair/lib/python3.12/site-packages/samuchair/jBNode.py;jb_callback;20;40;Comando Joystick Bluetooth: 9;JoystickBluetooth
1781781526.133274;1781781526.1323915;/home/samuchair/ros2_ws/install/samuchair/lib/python3.12/site-packages/samuchair/jBNode.py;jb_callback;20;40;Comando Joystick Bluetooth: 10;JoystickBluetooth
1781781526.2070177;1781781526.2061477;/home/samuchair/ros2_ws/install/samuchair/lib/python3.12/site-packages/samuchair/jBNode.py;jb_callback;20;40;Comando Joystick Bluetooth: 3;JoystickBluetooth
1781781526.266978;1781781526.2660866;/home/samuchair/ros2_ws/install/samuchair/lib/python3.12/site-packages/samuchair/jBNode.py;jb_callback;20;40;Comando Joystick Bluetooth: 10;JoystickBluetooth
1781781527.1913455;1781781527.1912317;/home/samuchair/ros2_ws/install/samuchair/lib/python3.12/site-packages/samuchair/jBNode.py;jb_callback;20;40;Comando Joystick Bluetooth: 3;JoystickBluetooth
1781781527.2862134;1781781527.2861035;/home/samuchair/ros2_ws/install/samuchair/lib/python3.12/site-packages/samuchair/jBNode.py;jb_callback;20;40;Comando Joystick Bluetooth: 12;JoystickBluetooth
1781781527.2878237;1781781527.2870796;/home/samuchair/ros2_ws/install/samuchair/lib/python3.12/site-packages/samuchair/jBNode.py;jb_callback;20;40;Comando Joystick Bluetooth: 6;JoystickBluetooth
1781781527.3470142;1781781527.346125;/home/samuchair/ros2_ws/install/samuchair/lib/python3.12/site-packages/samuchair/jBNode.py;jb_callback;20;40;Comando Joystick Bluetooth: 0;JoystickBluetooth
1781781527.5274463;1781781527.5261347;/home/samuchair/ros2_ws/install/samuchair/lib/python3.12/site-packages/samuchair/jBNode.py;jb_callback;20;40;Comando Joystick Bluetooth: 3;JoystickBluetooth
1781781527.8866472;1781781527.8865426;/home/samuchair/ros2_ws/install/samuchair/lib/python3.12/site-packages/samuchair/webcamNode.py;timer_callback;20;112;Frame: 95;webcam
1781781527.887428;1781781527.8873441;/home/samuchair/ros2_ws/install/samuchair/lib/python3.12/site-packages/samuchair/webcamNode.py;timer_callback;20;121;Webcam : CONNECTED;webcam
1781781528.0664248;1781781528.0661058;/home/samuchair/ros2_ws/install/samuchair/lib/python3.12/site-packages/samuchair/jBNode.py;jb_callback;20;40;Comando Joystick Bluetooth: 12;JoystickBluetooth
1781781528.126354;1781781528.1262026;/home/samuchair/ros2_ws/install/samuchair/lib/python3.12/site-packages/samuchair/jBNode.py;jb_callback;20;40;Comando Joystick Bluetooth: 3;JoystickBluetooth
1781781528.1272707;1781781528.1271942;/home/samuchair/ros2_ws/install/samuchair/lib/python3.12/site-packages/samuchair/jBNode.py;jb_callback;20;40;Comando Joystick Bluetooth: 12;JoystickBluetooth
1781781528.5736623;1781781528.5724723;/home/samuchair/ros2_ws/install/samuchair/lib/python3.12/site-packages/samuchair/jBNode.py;jb_callback;20;40;Comando Joystick Bluetooth: 3;JoystickBluetooth
1781781529.8875327;1781781529.8874297;/home/samuchair/ros2_ws/install/samuchair/lib/python3.12/site-packages/samuchair/webcamNode.py;timer_callback;20;112;Frame: 96;webcam
1781781529.8883066;1781781529.8882077;/home/samuchair/ros2_ws/install/samuchair/lib/python3.12/site-packages/samuchair/webcamNode.py;timer_callback;20;121;Webcam : CONNECTED;webcam
1781781530.131414;1781781530.1312842;/home/samuchair/ros2_ws/install/samuchair/lib/python3.12/site-packages/samuchair/jBNode.py;jb_callback;20;40;Comando Joystick Bluetooth: 10;JoystickBluetooth
1781781530.7664409;1781781530.766189;/home/samuchair/ros2_ws/install/samuchair/lib/python3.12/site-packages/samuchair/jBNode.py;jb_callback;20;40;Comando Joystick Bluetooth: 10;JoystickBluetooth
1781781530.7685637;1781781530.7684004;/home/samuchair/ros2_ws/install/samuchair/lib/python3.12/site-packages/samuchair/jBNode.py;jb_callback;20;40;Comando Joystick Bluetooth: 10;JoystickBluetooth
1781781530.880508;1781781530.8803272;/home/samuchair/ros2_ws/install/samuchair/lib/python3.12/site-packages/samuchair/opasistidaNode.py;update_pot;20;147;Dato publicado potenciometro: 1;opasistidaNode
1781781531.2716916;1781781531.2714188;/home/samuchair/ros2_ws/install/samuchair/lib/python3.12/site-packages/samuchair/jBNode.py;jb_callback;20;40;Comando Joystick Bluetooth: 3;JoystickBluetooth
1781781531.882306;1781781531.882002;/home/samuchair/ros2_ws/install/samuchair/lib/python3.12/site-packages/samuchair/opasistidaNode.py;update_pot;20;147;Dato publicado potenciometro: 1;opasistidaNode
1781781531.8875732;1781781531.8874586;/home/samuchair/ros2_ws/install/samuchair/lib/python3.12/site-packages/samuchair/webcamNode.py;timer_callback;20;112;Frame: 97;webcam
1781781531.888461;1781781531.8883197;/home/samuchair/ros2_ws/install/samuchair/lib/python3.12/site-packages/samuchair/webcamNode.py;timer_callback;20;121;Webcam : CONNECTED;webcam
1781781533.0732946;1781781533.0727434;/home/samuchair/ros2_ws/install/samuchair/lib/python3.12/site-packages/samuchair/jBNode.py;jb_callback;20;40;Comando Joystick Bluetooth: 0;JoystickBluetooth
1781781533.3465233;1781781533.346424;/home/samuchair/ros2_ws/install/samuchair/lib/python3.12/site-packages/samuchair/jBNode.py;jb_callback;20;40;Comando Joystick Bluetooth: 5;JoystickBluetooth
1781781533.4329455;1781781533.4328284;/home/samuchair/ros2_ws/install/samuchair/lib/python3.12/site-packages/samuchair/jBNode.py;jb_callback;20;40;Comando Joystick Bluetooth: 0;JoystickBluetooth
1781781533.8880637;1781781533.8872502;/home/samuchair/ros2_ws/install/samuchair/lib/python3.12/site-packages/samuchair/webcamNode.py;timer_callback;20;112;Frame: 98;webcam
1781781533.8880775;1781781533.8880181;/home/samuchair/ros2_ws/install/samuchair/lib/python3.12/site-packages/samuchair/webcamNode.py;timer_callback;20;121;Webcam : CONNECTED;webcam
1781781535.8869493;1781781535.8868325;/home/samuchair/ros2_ws/install/samuchair/lib/python3.12/site-packages/samuchair/webcamNode.py;timer_callback;20;112;Frame: 99;webcam
1781781535.8878498;1781781535.8877492;/home/samuchair/ros2_ws/install/samuchair/lib/python3.12/site-packages/samuchair/webcamNode.py;timer_callback;20;121;Webcam : CONNECTED;webcam
1781781536.5145879;1781781536.513987;/home/samuchair/ros2_ws/install/samuchair/lib/python3.12/site-packages/samuchair/movilNode.py;timer_callback;20;300;Dato publicado Fase Ejecucion: 40;Movil
1781781536.514599;1781781536.5141065;/home/samuchair/ros2_ws/install/samuchair/lib/python3.12/site-packages/samuchair/mainNode.py;callback_subMovilEjecucion;20;324;Comando Movil Ejecucion: 40;mainNode
1781781537.887468;1781781537.887343;/home/samuchair/ros2_ws/install/samuchair/lib/python3.12/site-packages/samuchair/webcamNode.py;timer_callback;20;112;Frame: 100;webcam
1781781537.8882444;1781781537.8881378;/home/samuchair/ros2_ws/install/samuchair/lib/python3.12/site-packages/samuchair/webcamNode.py;timer_callback;20;121;Webcam : CONNECTED;webcam
1781781539.709296;1781781539.7078393;/home/samuchair/ros2_ws/install/samuchair/lib/python3.12/site-packages/samuchair/jBNode.py;jb_callback;20;40;Comando Joystick Bluetooth: 9;JoystickBluetooth
1781781539.7154646;1781781539.7153385;/home/samuchair/ros2_ws/install/samuchair/lib/python3.12/site-packages/samuchair/jBNode.py;jb_callback;20;40;Comando Joystick Bluetooth: 15;JoystickBluetooth
1781781539.8917627;1781781539.8916593;/home/samuchair/ros2_ws/install/samuchair/lib/python3.12/site-packages/samuchair/webcamNode.py;timer_callback;20;112;Frame: 101;webcam
1781781539.892608;1781781539.8925;/home/samuchair/ros2_ws/install/samuchair/lib/python3.12/site-packages/samuchair/webcamNode.py;timer_callback;20;121;Webcam : CONNECTED;webcam
1781781540.8472574;1781781540.846686;/home/samuchair/ros2_ws/install/samuchair/lib/python3.12/site-packages/samuchair/jBNode.py;jb_callback;20;40;Comando Joystick Bluetooth: 5;JoystickBluetooth
1781781540.848992;1781781540.8487742;/home/samuchair/ros2_ws/install/samuchair/lib/python3.12/site-packages/samuchair/jBNode.py;jb_callback;20;40;Comando Joystick Bluetooth: 0;JoystickBluetooth
1781781541.6284342;1781781541.6280725;/home/samuchair/ros2_ws/install/samuchair/lib/python3.12/site-packages/samuchair/jBNode.py;jb_callback;20;40;Comando Joystick Bluetooth: 5;JoystickBluetooth
1781781541.8076165;1781781541.8067615;/home/samuchair/ros2_ws/install/samuchair/lib/python3.12/site-packages/samuchair/jBNode.py;jb_callback;20;40;Comando Joystick Bluetooth: 15;JoystickBluetooth
1781781541.8878784;1781781541.8877664;/home/samuchair/ros2_ws/install/samuchair/lib/python3.12/site-packages/samuchair/webcamNode.py;timer_callback;20;112;Frame: 102;webcam
1781781541.8886747;1781781541.8885589;/home/samuchair/ros2_ws/install/samuchair/lib/python3.12/site-packages/samuchair/webcamNode.py;timer_callback;20;121;Webcam : CONNECTED;webcam
1781781543.8883054;1781781543.8882024;/home/samuchair/ros2_ws/install/samuchair/lib/python3.12/site-packages/samuchair/webcamNode.py;timer_callback;20;112;Frame: 103;webcam
1781781543.889159;1781781543.8890553;/home/samuchair/ros2_ws/install/samuchair/lib/python3.12/site-packages/samuchair/webcamNode.py;timer_callback;20;121;Webcam : CONNECTED;webcam
1781781545.8881838;1781781545.888085;/home/samuchair/ros2_ws/install/samuchair/lib/python3.12/site-packages/samuchair/webcamNode.py;timer_callback;20;112;Frame: 104;webcam
1781781545.8889525;1781781545.8888526;/home/samuchair/ros2_ws/install/samuchair/lib/python3.12/site-packages/samuchair/webcamNode.py;timer_callback;20;121;Webcam : CONNECTED;webcam
1781781547.8880217;1781781547.8879123;/home/samuchair/ros2_ws/install/samuchair/lib/python3.12/site-packages/samuchair/webcamNode.py;timer_callback;20;112;Frame: 105;webcam
1781781547.8888783;1781781547.8887653;/home/samuchair/ros2_ws/install/samuchair/lib/python3.12/site-packages/samuchair/webcamNode.py;timer_callback;20;121;Webcam : CONNECTED;webcam
1781781549.2475796;1781781549.2469938;/home/samuchair/ros2_ws/install/samuchair/lib/python3.12/site-packages/samuchair/jBNode.py;jb_callback;20;40;Comando Joystick Bluetooth: 9;JoystickBluetooth
1781781549.3072093;1781781549.3070586;/home/samuchair/ros2_ws/install/samuchair/lib/python3.12/site-packages/samuchair/jBNode.py;jb_callback;20;40;Comando Joystick Bluetooth: 9;JoystickBluetooth
1781781549.3101647;1781781549.3088808;/home/samuchair/ros2_ws/install/samuchair/lib/python3.12/site-packages/samuchair/jBNode.py;jb_callback;20;40;Comando Joystick Bluetooth: 9;JoystickBluetooth
1781781549.3107216;1781781549.3101568;/home/samuchair/ros2_ws/install/samuchair/lib/python3.12/site-packages/samuchair/jBNode.py;jb_callback;20;40;Comando Joystick Bluetooth: 9;JoystickBluetooth
1781781549.8886745;1781781549.8885667;/home/samuchair/ros2_ws/install/samuchair/lib/python3.12/site-packages/samuchair/webcamNode.py;timer_callback;20;112;Frame: 106;webcam
1781781549.8894036;1781781549.889295;/home/samuchair/ros2_ws/install/samuchair/lib/python3.12/site-packages/samuchair/webcamNode.py;timer_callback;20;121;Webcam : CONNECTED;webcam
1781781549.9682705;1781781549.9681659;/home/samuchair/ros2_ws/install/samuchair/lib/python3.12/site-packages/samuchair/jBNode.py;jb_callback;20;40;Comando Joystick Bluetooth: 0;JoystickBluetooth
1781781550.2941103;1781781550.29333;/home/samuchair/ros2_ws/install/samuchair/lib/python3.12/site-packages/samuchair/jBNode.py;jb_callback;20;40;Comando Joystick Bluetooth: 6;JoystickBluetooth
1781781551.886744;1781781551.8866308;/home/samuchair/ros2_ws/install/samuchair/lib/python3.12/site-packages/samuchair/webcamNode.py;timer_callback;20;112;Frame: 107;webcam
1781781551.8877406;1781781551.8875241;/home/samuchair/ros2_ws/install/samuchair/lib/python3.12/site-packages/samuchair/webcamNode.py;timer_callback;20;121;Webcam : CONNECTED;webcam
1781781552.0144384;1781781552.0139582;/home/samuchair/ros2_ws/install/samuchair/lib/python3.12/site-packages/samuchair/movilNode.py;timer_callback;20;300;Dato publicado Fase Ejecucion: 50;Movil
1781781552.0144696;1781781552.0141466;/home/samuchair/ros2_ws/install/samuchair/lib/python3.12/site-packages/samuchair/mainNode.py;callback_subMovilEjecucion;20;324;Comando Movil Ejecucion: 50;mainNode
1781781552.7524846;1781781552.7522745;/home/samuchair/ros2_ws/install/samuchair/lib/python3.12/site-packages/samuchair/jBNode.py;jb_callback;20;40;Comando Joystick Bluetooth: 0;JoystickBluetooth
1781781553.4126916;1781781553.412424;/home/samuchair/ros2_ws/install/samuchair/lib/python3.12/site-packages/samuchair/jBNode.py;jb_callback;20;40;Comando Joystick Bluetooth: 5;JoystickBluetooth
1781781553.887051;1781781553.8869488;/home/samuchair/ros2_ws/install/samuchair/lib/python3.12/site-packages/samuchair/webcamNode.py;timer_callback;20;112;Frame: 108;webcam
1781781553.887887;1781781553.887706;/home/samuchair/ros2_ws/install/samuchair/lib/python3.12/site-packages/samuchair/webcamNode.py;timer_callback;20;121;Webcam : CONNECTED;webcam
1781781555.8863254;1781781555.8862205;/home/samuchair/ros2_ws/install/samuchair/lib/python3.12/site-packages/samuchair/webcamNode.py;timer_callback;20;112;Frame: 109;webcam
1781781555.887265;1781781555.8871562;/home/samuchair/ros2_ws/install/samuchair/lib/python3.12/site-packages/samuchair/webcamNode.py;timer_callback;20;121;Webcam : CONNECTED;webcam
1781781557.8873084;1781781557.8872008;/home/samuchair/ros2_ws/install/samuchair/lib/python3.12/site-packages/samuchair/webcamNode.py;timer_callback;20;112;Frame: 110;webcam
1781781557.8881588;1781781557.8879416;/home/samuchair/ros2_ws/install/samuchair/lib/python3.12/site-packages/samuchair/webcamNode.py;timer_callback;20;121;Webcam : CONNECTED;webcam
1781781559.887104;1781781559.8863451;/home/samuchair/ros2_ws/install/samuchair/lib/python3.12/site-packages/samuchair/webcamNode.py;timer_callback;20;112;Frame: 111;webcam
1781781559.8873158;1781781559.8871982;/home/samuchair/ros2_ws/install/samuchair/lib/python3.12/site-packages/samuchair/webcamNode.py;timer_callback;20;121;Webcam : CONNECTED;webcam
1781781561.308034;1781781561.3075886;/home/samuchair/ros2_ws/install/samuchair/lib/python3.12/site-packages/samuchair/jBNode.py;jb_callback;20;40;Comando Joystick Bluetooth: 0;JoystickBluetooth
1781781561.5489812;1781781561.5488696;/home/samuchair/ros2_ws/install/samuchair/lib/python3.12/site-packages/samuchair/jBNode.py;jb_callback;20;40;Comando Joystick Bluetooth: 9;JoystickBluetooth
1781781561.8865054;1781781561.886388;/home/samuchair/ros2_ws/install/samuchair/lib/python3.12/site-packages/samuchair/webcamNode.py;timer_callback;20;112;Frame: 112;webcam
1781781561.8873036;1781781561.8871958;/home/samuchair/ros2_ws/install/samuchair/lib/python3.12/site-packages/samuchair/webcamNode.py;timer_callback;20;121;Webcam : CONNECTED;webcam
1781781562.3289003;1781781562.327513;/home/samuchair/ros2_ws/install/samuchair/lib/python3.12/site-packages/samuchair/jBNode.py;jb_callback;20;40;Comando Joystick Bluetooth: 0;JoystickBluetooth
1781781562.6276274;1781781562.6275203;/home/samuchair/ros2_ws/install/samuchair/lib/python3.12/site-packages/samuchair/jBNode.py;jb_callback;20;40;Comando Joystick Bluetooth: 3;JoystickBluetooth
1781781562.7736871;1781781562.7725854;/home/samuchair/ros2_ws/install/samuchair/lib/python3.12/site-packages/samuchair/jBNode.py;jb_callback;20;40;Comando Joystick Bluetooth: 12;JoystickBluetooth
1781781562.8684936;1781781562.8674834;/home/samuchair/ros2_ws/install/samuchair/lib/python3.12/site-packages/samuchair/jBNode.py;jb_callback;20;40;Comando Joystick Bluetooth: 6;JoystickBluetooth
1781781562.9295895;1781781562.9287612;/home/samuchair/ros2_ws/install/samuchair/lib/python3.12/site-packages/samuchair/jBNode.py;jb_callback;20;40;Comando Joystick Bluetooth: 0;JoystickBluetooth
1781781563.133986;1781781563.1338372;/home/samuchair/ros2_ws/install/samuchair/lib/python3.12/site-packages/samuchair/jBNode.py;jb_callback;20;40;Comando Joystick Bluetooth: 6;JoystickBluetooth
1781781563.674463;1781781563.673887;/home/samuchair/ros2_ws/install/samuchair/lib/python3.12/site-packages/samuchair/jBNode.py;jb_callback;20;40;Comando Joystick Bluetooth: 0;JoystickBluetooth
1781781563.8868134;1781781563.886692;/home/samuchair/ros2_ws/install/samuchair/lib/python3.12/site-packages/samuchair/webcamNode.py;timer_callback;20;112;Frame: 113;webcam
1781781563.8877387;1781781563.8876219;/home/samuchair/ros2_ws/install/samuchair/lib/python3.12/site-packages/samuchair/webcamNode.py;timer_callback;20;121;Webcam : CONNECTED;webcam
1781781563.912874;1781781563.9126723;/home/samuchair/ros2_ws/install/samuchair/lib/python3.12/site-packages/samuchair/jBNode.py;jb_callback;20;40;Comando Joystick Bluetooth: 6;JoystickBluetooth
1781781564.7290478;1781781564.727632;/home/samuchair/ros2_ws/install/samuchair/lib/python3.12/site-packages/samuchair/jBNode.py;jb_callback;20;40;Comando Joystick Bluetooth: 0;JoystickBluetooth
1781781564.9677188;1781781564.9675975;/home/samuchair/ros2_ws/install/samuchair/lib/python3.12/site-packages/samuchair/jBNode.py;jb_callback;20;40;Comando Joystick Bluetooth: 6;JoystickBluetooth
1781781565.832911;1781781565.8327858;/home/samuchair/ros2_ws/install/samuchair/lib/python3.12/site-packages/samuchair/jBNode.py;jb_callback;20;40;Comando Joystick Bluetooth: 0;JoystickBluetooth
1781781565.8861544;1781781565.886034;/home/samuchair/ros2_ws/install/samuchair/lib/python3.12/site-packages/samuchair/webcamNode.py;timer_callback;20;112;Frame: 114;webcam
1781781565.887047;1781781565.8869393;/home/samuchair/ros2_ws/install/samuchair/lib/python3.12/site-packages/samuchair/webcamNode.py;timer_callback;20;121;Webcam : CONNECTED;webcam
1781781566.4949381;1781781566.4927826;/home/samuchair/ros2_ws/install/samuchair/lib/python3.12/site-packages/samuchair/jBNode.py;jb_callback;20;40;Comando Joystick Bluetooth: 9;JoystickBluetooth
1781781567.1891255;1781781567.188947;/home/samuchair/ros2_ws/install/samuchair/lib/python3.12/site-packages/samuchair/jBNode.py;jb_callback;20;40;Comando Joystick Bluetooth: 0;JoystickBluetooth
1781781567.5146217;1781781567.5127728;/home/samuchair/ros2_ws/install/samuchair/lib/python3.12/site-packages/samuchair/jBNode.py;jb_callback;20;40;Comando Joystick Bluetooth: 6;JoystickBluetooth
1781781567.886527;1781781567.886426;/home/samuchair/ros2_ws/install/samuchair/lib/python3.12/site-packages/samuchair/webcamNode.py;timer_callback;20;112;Frame: 115;webcam
1781781567.8873274;1781781567.887216;/home/samuchair/ros2_ws/install/samuchair/lib/python3.12/site-packages/samuchair/webcamNode.py;timer_callback;20;121;Webcam : CONNECTED;webcam
1781781568.2090228;1781781568.2077458;/home/samuchair/ros2_ws/install/samuchair/lib/python3.12/site-packages/samuchair/jBNode.py;jb_callback;20;40;Comando Joystick Bluetooth: 0;JoystickBluetooth
1781781568.507886;1781781568.5077772;/home/samuchair/ros2_ws/install/samuchair/lib/python3.12/site-packages/samuchair/jBNode.py;jb_callback;20;40;Comando Joystick Bluetooth: 3;JoystickBluetooth
1781781569.2280328;1781781569.2277684;/home/samuchair/ros2_ws/install/samuchair/lib/python3.12/site-packages/samuchair/jBNode.py;jb_callback;20;40;Comando Joystick Bluetooth: 10;JoystickBluetooth
1781781569.8279362;1781781569.8278189;/home/samuchair/ros2_ws/install/samuchair/lib/python3.12/site-packages/samuchair/jBNode.py;jb_callback;20;40;Comando Joystick Bluetooth: 3;JoystickBluetooth
1781781569.886773;1781781569.8866708;/home/samuchair/ros2_ws/install/samuchair/lib/python3.12/site-packages/samuchair/webcamNode.py;timer_callback;20;112;Frame: 116;webcam
1781781569.8875346;1781781569.8874302;/home/samuchair/ros2_ws/install/samuchair/lib/python3.12/site-packages/samuchair/webcamNode.py;timer_callback;20;121;Webcam : CONNECTED;webcam
1781781570.2138174;1781781570.2128227;/home/samuchair/ros2_ws/install/samuchair/lib/python3.12/site-packages/samuchair/jBNode.py;jb_callback;20;40;Comando Joystick Bluetooth: 12;JoystickBluetooth
1781781570.2494326;1781781570.249002;/home/samuchair/ros2_ws/install/samuchair/lib/python3.12/site-packages/samuchair/jBNode.py;jb_callback;20;40;Comando Joystick Bluetooth: 3;JoystickBluetooth
1781781570.3350632;1781781570.3341615;/home/samuchair/ros2_ws/install/samuchair/lib/python3.12/site-packages/samuchair/jBNode.py;jb_callback;20;40;Comando Joystick Bluetooth: 12;JoystickBluetooth
1781781570.6086364;1781781570.6077383;/home/samuchair/ros2_ws/install/samuchair/lib/python3.12/site-packages/samuchair/jBNode.py;jb_callback;20;40;Comando Joystick Bluetooth: 3;JoystickBluetooth
1781781571.887887;1781781571.8877861;/home/samuchair/ros2_ws/install/samuchair/lib/python3.12/site-packages/samuchair/webcamNode.py;timer_callback;20;112;Frame: 117;webcam
1781781571.8888252;1781781571.8887172;/home/samuchair/ros2_ws/install/samuchair/lib/python3.12/site-packages/samuchair/webcamNode.py;timer_callback;20;121;Webcam : CONNECTED;webcam
1781781573.7566118;1781781573.7554367;/home/samuchair/ros2_ws/install/samuchair/lib/python3.12/site-packages/samuchair/jBNode.py;jb_callback;20;40;Comando Joystick Bluetooth: 12;JoystickBluetooth
1781781573.7879663;1781781573.787829;/home/samuchair/ros2_ws/install/samuchair/lib/python3.12/site-packages/samuchair/jBNode.py;jb_callback;20;40;Comando Joystick Bluetooth: 3;JoystickBluetooth
1781781573.887149;1781781573.88705;/home/samuchair/ros2_ws/install/samuchair/lib/python3.12/site-packages/samuchair/webcamNode.py;timer_callback;20;112;Frame: 118;webcam
1781781573.8879259;1781781573.8878133;/home/samuchair/ros2_ws/install/samuchair/lib/python3.12/site-packages/samuchair/webcamNode.py;timer_callback;20;121;Webcam : CONNECTED;webcam
1781781574.0292304;1781781574.0291018;/home/samuchair/ros2_ws/install/samuchair/lib/python3.12/site-packages/samuchair/jBNode.py;jb_callback;20;40;Comando Joystick Bluetooth: 12;JoystickBluetooth
1781781574.1500437;1781781574.1492054;/home/samuchair/ros2_ws/install/samuchair/lib/python3.12/site-packages/samuchair/jBNode.py;jb_callback;20;40;Comando Joystick Bluetooth: 3;JoystickBluetooth
1781781575.1089559;1781781575.1080413;/home/samuchair/ros2_ws/install/samuchair/lib/python3.12/site-packages/samuchair/jBNode.py;jb_callback;20;40;Comando Joystick Bluetooth: 10;JoystickBluetooth
1781781575.8873997;1781781575.887289;/home/samuchair/ros2_ws/install/samuchair/lib/python3.12/site-packages/samuchair/webcamNode.py;timer_callback;20;112;Frame: 119;webcam
1781781575.8882616;1781781575.8881598;/home/samuchair/ros2_ws/install/samuchair/lib/python3.12/site-packages/samuchair/webcamNode.py;timer_callback;20;121;Webcam : CONNECTED;webcam
1781781575.9492304;1781781575.948021;/home/samuchair/ros2_ws/install/samuchair/lib/python3.12/site-packages/samuchair/jBNode.py;jb_callback;20;40;Comando Joystick Bluetooth: 3;JoystickBluetooth
1781781576.4300766;1781781576.4292328;/home/samuchair/ros2_ws/install/samuchair/lib/python3.12/site-packages/samuchair/jBNode.py;jb_callback;20;40;Comando Joystick Bluetooth: 12;JoystickBluetooth
1781781576.5132403;1781781576.5130997;/home/samuchair/ros2_ws/install/samuchair/lib/python3.12/site-packages/samuchair/jBNode.py;jb_callback;20;40;Comando Joystick Bluetooth: 3;JoystickBluetooth
1781781576.9946175;1781781576.9943898;/home/samuchair/ros2_ws/install/samuchair/lib/python3.12/site-packages/samuchair/jBNode.py;jb_callback;20;40;Comando Joystick Bluetooth: 12;JoystickBluetooth
1781781577.0882225;1781781577.088085;/home/samuchair/ros2_ws/install/samuchair/lib/python3.12/site-packages/samuchair/jBNode.py;jb_callback;20;40;Comando Joystick Bluetooth: 3;JoystickBluetooth
1781781577.8870754;1781781577.8869817;/home/samuchair/ros2_ws/install/samuchair/lib/python3.12/site-packages/samuchair/webcamNode.py;timer_callback;20;112;Frame: 120;webcam
1781781577.887852;1781781577.8877482;/home/samuchair/ros2_ws/install/samuchair/lib/python3.12/site-packages/samuchair/webcamNode.py;timer_callback;20;121;Webcam : CONNECTED;webcam
1781781579.2502556;1781781579.2493482;/home/samuchair/ros2_ws/install/samuchair/lib/python3.12/site-packages/samuchair/jBNode.py;jb_callback;20;40;Comando Joystick Bluetooth: 0;JoystickBluetooth
1781781579.7544734;1781781579.7536075;/home/samuchair/ros2_ws/install/samuchair/lib/python3.12/site-packages/samuchair/jBNode.py;jb_callback;20;40;Comando Joystick Bluetooth: 3;JoystickBluetooth
1781781579.8809674;1781781579.8807287;/home/samuchair/ros2_ws/install/samuchair/lib/python3.12/site-packages/samuchair/opasistidaNode.py;update_pot;20;147;Dato publicado potenciometro: 1;opasistidaNode
1781781579.887255;1781781579.8871458;/home/samuchair/ros2_ws/install/samuchair/lib/python3.12/site-packages/samuchair/webcamNode.py;timer_callback;20;112;Frame: 121;webcam
1781781579.8881633;1781781579.8880475;/home/samuchair/ros2_ws/install/samuchair/lib/python3.12/site-packages/samuchair/webcamNode.py;timer_callback;20;121;Webcam : CONNECTED;webcam
1781781580.8092425;1781781580.8082721;/home/samuchair/ros2_ws/install/samuchair/lib/python3.12/site-packages/samuchair/jBNode.py;jb_callback;20;40;Comando Joystick Bluetooth: 0;JoystickBluetooth
1781781580.8806207;1781781580.8804493;/home/samuchair/ros2_ws/install/samuchair/lib/python3.12/site-packages/samuchair/opasistidaNode.py;update_pot;20;147;Dato publicado potenciometro: 1;opasistidaNode
1781781581.014275;1781781581.013959;/home/samuchair/ros2_ws/install/samuchair/lib/python3.12/site-packages/samuchair/movilNode.py;timer_callback;20;300;Dato publicado Fase Ejecucion: 4;Movil
1781781581.0142868;1781781581.0140648;/home/samuchair/ros2_ws/install/samuchair/lib/python3.12/site-packages/samuchair/mainNode.py;callback_subMovilEjecucion;20;324;Comando Movil Ejecucion: 4;mainNode
1781781581.770126;1781781581.7695167;/home/samuchair/ros2_ws/install/samuchair/lib/python3.12/site-packages/samuchair/jBNode.py;jb_callback;20;40;Comando Joystick Bluetooth: 3;JoystickBluetooth
1781781581.8871968;1781781581.8869598;/home/samuchair/ros2_ws/install/samuchair/lib/python3.12/site-packages/samuchair/webcamNode.py;timer_callback;20;112;Frame: 122;webcam
1781781581.887847;1781781581.8877351;/home/samuchair/ros2_ws/install/samuchair/lib/python3.12/site-packages/samuchair/webcamNode.py;timer_callback;20;121;Webcam : CONNECTED;webcam
1781781582.0947292;1781781582.0945995;/home/samuchair/ros2_ws/install/samuchair/lib/python3.12/site-packages/samuchair/jBNode.py;jb_callback;20;40;Comando Joystick Bluetooth: 0;JoystickBluetooth
1781781582.969099;1781781582.9682088;/home/samuchair/ros2_ws/install/samuchair/lib/python3.12/site-packages/samuchair/jBNode.py;jb_callback;20;40;Comando Joystick Bluetooth: 6;JoystickBluetooth
1781781582.9708645;1781781582.970662;/home/samuchair/ros2_ws/install/samuchair/lib/python3.12/site-packages/samuchair/jBNode.py;jb_callback;20;40;Comando Joystick Bluetooth: 12;JoystickBluetooth
1781781583.88675;1781781583.8866286;/home/samuchair/ros2_ws/install/samuchair/lib/python3.12/site-packages/samuchair/webcamNode.py;timer_callback;20;112;Frame: 123;webcam
1781781583.8876379;1781781583.8875313;/home/samuchair/ros2_ws/install/samuchair/lib/python3.12/site-packages/samuchair/webcamNode.py;timer_callback;20;121;Webcam : CONNECTED;webcam
1781781585.8873038;1781781585.8871963;/home/samuchair/ros2_ws/install/samuchair/lib/python3.12/site-packages/samuchair/webcamNode.py;timer_callback;20;112;Frame: 124;webcam
1781781585.887973;1781781585.8878925;/home/samuchair/ros2_ws/install/samuchair/lib/python3.12/site-packages/samuchair/webcamNode.py;timer_callback;20;121;Webcam : CONNECTED;webcam
1781781587.8866997;1781781587.8865807;/home/samuchair/ros2_ws/install/samuchair/lib/python3.12/site-packages/samuchair/webcamNode.py;timer_callback;20;112;Frame: 125;webcam
1781781587.8885016;1781781587.887463;/home/samuchair/ros2_ws/install/samuchair/lib/python3.12/site-packages/samuchair/webcamNode.py;timer_callback;20;121;Webcam : CONNECTED;webcam
1781781589.8879676;1781781589.8878582;/home/samuchair/ros2_ws/install/samuchair/lib/python3.12/site-packages/samuchair/webcamNode.py;timer_callback;20;112;Frame: 126;webcam
1781781589.888733;1781781589.888637;/home/samuchair/ros2_ws/install/samuchair/lib/python3.12/site-packages/samuchair/webcamNode.py;timer_callback;20;121;Webcam : CONNECTED;webcam
1781781590.7096493;1781781590.7085552;/home/samuchair/ros2_ws/install/samuchair/lib/python3.12/site-packages/samuchair/jBNode.py;jb_callback;20;40;Comando Joystick Bluetooth: 3;JoystickBluetooth
1781781590.7690296;1781781590.768465;/home/samuchair/ros2_ws/install/samuchair/lib/python3.12/site-packages/samuchair/jBNode.py;jb_callback;20;40;Comando Joystick Bluetooth: 0;JoystickBluetooth
1781781591.8867826;1781781591.8865707;/home/samuchair/ros2_ws/install/samuchair/lib/python3.12/site-packages/samuchair/webcamNode.py;timer_callback;20;112;Frame: 127;webcam
1781781591.8876882;1781781591.8875766;/home/samuchair/ros2_ws/install/samuchair/lib/python3.12/site-packages/samuchair/webcamNode.py;timer_callback;20;121;Webcam : CONNECTED;webcam
1781781592.514533;1781781592.5139215;/home/samuchair/ros2_ws/install/samuchair/lib/python3.12/site-packages/samuchair/movilNode.py;timer_callback;20;300;Dato publicado Fase Ejecucion: 50;Movil
1781781592.5145454;1781781592.5140564;/home/samuchair/ros2_ws/install/samuchair/lib/python3.12/site-packages/samuchair/mainNode.py;callback_subMovilEjecucion;20;324;Comando Movil Ejecucion: 50;mainNode
1781781593.8824458;1781781593.8819637;/home/samuchair/ros2_ws/install/samuchair/lib/python3.12/site-packages/samuchair/opasistidaNode.py;update_pot;20;147;Dato publicado potenciometro: 1;opasistidaNode
1781781593.8873956;1781781593.8872824;/home/samuchair/ros2_ws/install/samuchair/lib/python3.12/site-packages/samuchair/webcamNode.py;timer_callback;20;112;Frame: 128;webcam
1781781593.8881853;1781781593.8880854;/home/samuchair/ros2_ws/install/samuchair/lib/python3.12/site-packages/samuchair/webcamNode.py;timer_callback;20;121;Webcam : CONNECTED;webcam
1781781594.8811483;1781781594.881012;/home/samuchair/ros2_ws/install/samuchair/lib/python3.12/site-packages/samuchair/opasistidaNode.py;update_pot;20;147;Dato publicado potenciometro: 1;opasistidaNode
1781781595.886696;1781781595.8865762;/home/samuchair/ros2_ws/install/samuchair/lib/python3.12/site-packages/samuchair/webcamNode.py;timer_callback;20;112;Frame: 129;webcam
1781781595.8876996;1781781595.8875906;/home/samuchair/ros2_ws/install/samuchair/lib/python3.12/site-packages/samuchair/webcamNode.py;timer_callback;20;121;Webcam : CONNECTED;webcam
1781781597.51491;1781781597.5147026;/home/samuchair/ros2_ws/install/samuchair/lib/python3.12/site-packages/samuchair/mainNode.py;callback_subMovilEjecucion;20;324;Comando Movil Ejecucion: 5;mainNode
1781781597.5149536;1781781597.5147543;/home/samuchair/ros2_ws/install/samuchair/lib/python3.12/site-packages/samuchair/movilNode.py;timer_callback;20;300;Dato publicado Fase Ejecucion: 5;Movil
1781781597.886869;1781781597.8867593;/home/samuchair/ros2_ws/install/samuchair/lib/python3.12/site-packages/samuchair/webcamNode.py;timer_callback;20;112;Frame: 130;webcam
1781781597.887776;1781781597.8876727;/home/samuchair/ros2_ws/install/samuchair/lib/python3.12/site-packages/samuchair/webcamNode.py;timer_callback;20;121;Webcam : CONNECTED;webcam
1781781598.71469;1781781598.713766;/home/samuchair/ros2_ws/install/samuchair/lib/python3.12/site-packages/samuchair/jBNode.py;jb_callback;20;40;Comando Joystick Bluetooth: 5;JoystickBluetooth
1781781598.7509475;1781781598.7500525;/home/samuchair/ros2_ws/install/samuchair/lib/python3.12/site-packages/samuchair/jBNode.py;jb_callback;20;40;Comando Joystick Bluetooth: 17;JoystickBluetooth
1781781599.8877409;1781781599.8876143;/home/samuchair/ros2_ws/install/samuchair/lib/python3.12/site-packages/samuchair/webcamNode.py;timer_callback;20;112;Frame: 131;webcam
1781781599.8886695;1781781599.8885484;/home/samuchair/ros2_ws/install/samuchair/lib/python3.12/site-packages/samuchair/webcamNode.py;timer_callback;20;121;Webcam : CONNECTED;webcam
1781781601.8882082;1781781601.8881106;/home/samuchair/ros2_ws/install/samuchair/lib/python3.12/site-packages/samuchair/webcamNode.py;timer_callback;20;112;Frame: 132;webcam
1781781601.88897;1781781601.8888588;/home/samuchair/ros2_ws/install/samuchair/lib/python3.12/site-packages/samuchair/webcamNode.py;timer_callback;20;121;Webcam : CONNECTED;webcam
1781781603.8881602;1781781603.8880472;/home/samuchair/ros2_ws/install/samuchair/lib/python3.12/site-packages/samuchair/webcamNode.py;timer_callback;20;112;Frame: 133;webcam
1781781603.889037;1781781603.8889284;/home/samuchair/ros2_ws/install/samuchair/lib/python3.12/site-packages/samuchair/webcamNode.py;timer_callback;20;121;Webcam : CONNECTED;webcam
1781781605.8888986;1781781605.8882027;/home/samuchair/ros2_ws/install/samuchair/lib/python3.12/site-packages/samuchair/webcamNode.py;timer_callback;20;112;Frame: 134;webcam
1781781605.8889241;1781781605.8888185;/home/samuchair/ros2_ws/install/samuchair/lib/python3.12/site-packages/samuchair/webcamNode.py;timer_callback;20;121;Webcam : CONNECTED;webcam
1781781607.8868206;1781781607.8867111;/home/samuchair/ros2_ws/install/samuchair/lib/python3.12/site-packages/samuchair/webcamNode.py;timer_callback;20;112;Frame: 135;webcam
1781781607.8876877;1781781607.8875804;/home/samuchair/ros2_ws/install/samuchair/lib/python3.12/site-packages/samuchair/webcamNode.py;timer_callback;20;121;Webcam : CONNECTED;webcam
1781781608.0151954;1781781608.0141156;/home/samuchair/ros2_ws/install/samuchair/lib/python3.12/site-packages/samuchair/mainNode.py;callback_subMovilEjecucion;20;324;Comando Movil Ejecucion: 50;mainNode
1781781608.0152302;1781781608.0144532;/home/samuchair/ros2_ws/install/samuchair/lib/python3.12/site-packages/samuchair/movilNode.py;timer_callback;20;300;Dato publicado Fase Ejecucion: 50;Movil
1781781609.2747746;1781781609.2742333;/home/samuchair/ros2_ws/install/samuchair/lib/python3.12/site-packages/samuchair/jBNode.py;jb_callback;20;40;Comando Joystick Bluetooth: 5;JoystickBluetooth
1781781609.3694353;1781781609.3691278;/home/samuchair/ros2_ws/install/samuchair/lib/python3.12/site-packages/samuchair/jBNode.py;jb_callback;20;40;Comando Joystick Bluetooth: 0;JoystickBluetooth
1781781609.8870068;1781781609.886904;/home/samuchair/ros2_ws/install/samuchair/lib/python3.12/site-packages/samuchair/webcamNode.py;timer_callback;20;112;Frame: 136;webcam
1781781609.8877966;1781781609.8876786;/home/samuchair/ros2_ws/install/samuchair/lib/python3.12/site-packages/samuchair/webcamNode.py;timer_callback;20;121;Webcam : CONNECTED;webcam
1781781610.015432;1781781610.0140638;/home/samuchair/ros2_ws/install/samuchair/lib/python3.12/site-packages/samuchair/movilNode.py;timer_callback;20;300;Dato publicado Fase Ejecucion: 50;Movil
1781781610.0154662;1781781610.0145042;/home/samuchair/ros2_ws/install/samuchair/lib/python3.12/site-packages/samuchair/mainNode.py;callback_subMovilEjecucion;20;324;Comando Movil Ejecucion: 50;mainNode
1781781611.8868244;1781781611.8867166;/home/samuchair/ros2_ws/install/samuchair/lib/python3.12/site-packages/samuchair/webcamNode.py;timer_callback;20;112;Frame: 137;webcam
1781781611.8882895;1781781611.8875687;/home/samuchair/ros2_ws/install/samuchair/lib/python3.12/site-packages/samuchair/webcamNode.py;timer_callback;20;121;Webcam : CONNECTED;webcam
1781781613.887191;1781781613.8870673;/home/samuchair/ros2_ws/install/samuchair/lib/python3.12/site-packages/samuchair/webcamNode.py;timer_callback;20;112;Frame: 138;webcam
1781781613.8879673;1781781613.8878472;/home/samuchair/ros2_ws/install/samuchair/lib/python3.12/site-packages/samuchair/webcamNode.py;timer_callback;20;121;Webcam : CONNECTED;webcam
1781781615.8860176;1781781615.8858993;/home/samuchair/ros2_ws/install/samuchair/lib/python3.12/site-packages/samuchair/webcamNode.py;timer_callback;20;112;Frame: 139;webcam
1781781615.8869212;1781781615.8868067;/home/samuchair/ros2_ws/install/samuchair/lib/python3.12/site-packages/samuchair/webcamNode.py;timer_callback;20;121;Webcam : CONNECTED;webcam
1781781616.8953745;1781781616.894378;/home/samuchair/ros2_ws/install/samuchair/lib/python3.12/site-packages/samuchair/jBNode.py;jb_callback;20;40;Comando Joystick Bluetooth: 0;JoystickBluetooth
1781781616.989545;1781781616.9894366;/home/samuchair/ros2_ws/install/samuchair/lib/python3.12/site-packages/samuchair/jBNode.py;jb_callback;20;40;Comando Joystick Bluetooth: 0;JoystickBluetooth
1781781617.1359386;1781781617.1357467;/home/samuchair/ros2_ws/install/samuchair/lib/python3.12/site-packages/samuchair/jBNode.py;jb_callback;20;40;Comando Joystick Bluetooth: 0;JoystickBluetooth
1781781617.171601;1781781617.1707056;/home/samuchair/ros2_ws/install/samuchair/lib/python3.12/site-packages/samuchair/jBNode.py;jb_callback;20;40;Comando Joystick Bluetooth: 0;JoystickBluetooth
1781781617.1724992;1781781617.172411;/home/samuchair/ros2_ws/install/samuchair/lib/python3.12/site-packages/samuchair/jBNode.py;jb_callback;20;40;Comando Joystick Bluetooth: 0;JoystickBluetooth
1781781617.175663;1781781617.1755652;/home/samuchair/ros2_ws/install/samuchair/lib/python3.12/site-packages/samuchair/jBNode.py;jb_callback;20;40;Comando Joystick Bluetooth: 0;JoystickBluetooth
1781781617.2307782;1781781617.2306721;/home/samuchair/ros2_ws/install/samuchair/lib/python3.12/site-packages/samuchair/jBNode.py;jb_callback;20;40;Comando Joystick Bluetooth: 0;JoystickBluetooth
1781781617.2357497;1781781617.2354953;/home/samuchair/ros2_ws/install/samuchair/lib/python3.12/site-packages/samuchair/jBNode.py;jb_callback;20;40;Comando Joystick Bluetooth: 0;JoystickBluetooth
1781781617.2900596;1781781617.289506;/home/samuchair/ros2_ws/install/samuchair/lib/python3.12/site-packages/samuchair/jBNode.py;jb_callback;20;40;Comando Joystick Bluetooth: 0;JoystickBluetooth
1781781617.2921758;1781781617.292004;/home/samuchair/ros2_ws/install/samuchair/lib/python3.12/site-packages/samuchair/jBNode.py;jb_callback;20;40;Comando Joystick Bluetooth: 0;JoystickBluetooth
1781781617.2940836;1781781617.2939126;/home/samuchair/ros2_ws/install/samuchair/lib/python3.12/site-packages/samuchair/jBNode.py;jb_callback;20;40;Comando Joystick Bluetooth: 0;JoystickBluetooth
1781781617.3495255;1781781617.3494105;/home/samuchair/ros2_ws/install/samuchair/lib/python3.12/site-packages/samuchair/jBNode.py;jb_callback;20;40;Comando Joystick Bluetooth: 0;JoystickBluetooth
1781781617.3524134;1781781617.3522406;/home/samuchair/ros2_ws/install/samuchair/lib/python3.12/site-packages/samuchair/jBNode.py;jb_callback;20;40;Comando Joystick Bluetooth: 0;JoystickBluetooth
1781781617.3562295;1781781617.3554566;/home/samuchair/ros2_ws/install/samuchair/lib/python3.12/site-packages/samuchair/jBNode.py;jb_callback;20;40;Comando Joystick Bluetooth: 0;JoystickBluetooth
1781781617.3569076;1781781617.3563113;/home/samuchair/ros2_ws/install/samuchair/lib/python3.12/site-packages/samuchair/jBNode.py;jb_callback;20;40;Comando Joystick Bluetooth: 0;JoystickBluetooth
1781781617.4104311;1781781617.4093273;/home/samuchair/ros2_ws/install/samuchair/lib/python3.12/site-packages/samuchair/jBNode.py;jb_callback;20;40;Comando Joystick Bluetooth: 0;JoystickBluetooth
1781781617.411396;1781781617.4105346;/home/samuchair/ros2_ws/install/samuchair/lib/python3.12/site-packages/samuchair/jBNode.py;jb_callback;20;40;Comando Joystick Bluetooth: 0;JoystickBluetooth
1781781617.4119463;1781781617.4117908;/home/samuchair/ros2_ws/install/samuchair/lib/python3.12/site-packages/samuchair/jBNode.py;jb_callback;20;40;Comando Joystick Bluetooth: 0;JoystickBluetooth
1781781617.4135044;1781781617.4129384;/home/samuchair/ros2_ws/install/samuchair/lib/python3.12/site-packages/samuchair/jBNode.py;jb_callback;20;40;Comando Joystick Bluetooth: 0;JoystickBluetooth
1781781617.4143267;1781781617.4141078;/home/samuchair/ros2_ws/install/samuchair/lib/python3.12/site-packages/samuchair/jBNode.py;jb_callback;20;40;Comando Joystick Bluetooth: 0;JoystickBluetooth
1781781617.4158468;1781781617.4155595;/home/samuchair/ros2_ws/install/samuchair/lib/python3.12/site-packages/samuchair/jBNode.py;jb_callback;20;40;Comando Joystick Bluetooth: 0;JoystickBluetooth
1781781617.4174628;1781781617.416841;/home/samuchair/ros2_ws/install/samuchair/lib/python3.12/site-packages/samuchair/jBNode.py;jb_callback;20;40;Comando Joystick Bluetooth: 0;JoystickBluetooth
1781781617.4694424;1781781617.4693298;/home/samuchair/ros2_ws/install/samuchair/lib/python3.12/site-packages/samuchair/jBNode.py;jb_callback;20;40;Comando Joystick Bluetooth: 0;JoystickBluetooth
1781781617.4704096;1781781617.4702814;/home/samuchair/ros2_ws/install/samuchair/lib/python3.12/site-packages/samuchair/jBNode.py;jb_callback;20;40;Comando Joystick Bluetooth: 0;JoystickBluetooth
1781781617.4744756;1781781617.4733105;/home/samuchair/ros2_ws/install/samuchair/lib/python3.12/site-packages/samuchair/jBNode.py;jb_callback;20;40;Comando Joystick Bluetooth: 0;JoystickBluetooth
1781781617.4746642;1781781617.4745536;/home/samuchair/ros2_ws/install/samuchair/lib/python3.12/site-packages/samuchair/jBNode.py;jb_callback;20;40;Comando Joystick Bluetooth: 0;JoystickBluetooth
1781781617.4773355;1781781617.4772494;/home/samuchair/ros2_ws/install/samuchair/lib/python3.12/site-packages/samuchair/jBNode.py;jb_callback;20;40;Comando Joystick Bluetooth: 0;JoystickBluetooth
1781781617.478382;1781781617.4782324;/home/samuchair/ros2_ws/install/samuchair/lib/python3.12/site-packages/samuchair/jBNode.py;jb_callback;20;40;Comando Joystick Bluetooth: 0;JoystickBluetooth
1781781617.480996;1781781617.4800577;/home/samuchair/ros2_ws/install/samuchair/lib/python3.12/site-packages/samuchair/jBNode.py;jb_callback;20;40;Comando Joystick Bluetooth: 0;JoystickBluetooth
1781781617.482143;1781781617.482026;/home/samuchair/ros2_ws/install/samuchair/lib/python3.12/site-packages/samuchair/jBNode.py;jb_callback;20;40;Comando Joystick Bluetooth: 0;JoystickBluetooth
1781781617.5301402;1781781617.5295641;/home/samuchair/ros2_ws/install/samuchair/lib/python3.12/site-packages/samuchair/jBNode.py;jb_callback;20;40;Comando Joystick Bluetooth: 0;JoystickBluetooth
1781781617.5318446;1781781617.5305803;/home/samuchair/ros2_ws/install/samuchair/lib/python3.12/site-packages/samuchair/jBNode.py;jb_callback;20;40;Comando Joystick Bluetooth: 0;JoystickBluetooth
1781781617.53259;1781781617.531741;/home/samuchair/ros2_ws/install/samuchair/lib/python3.12/site-packages/samuchair/jBNode.py;jb_callback;20;40;Comando Joystick Bluetooth: 0;JoystickBluetooth
1781781617.5332778;1781781617.5329552;/home/samuchair/ros2_ws/install/samuchair/lib/python3.12/site-packages/samuchair/jBNode.py;jb_callback;20;40;Comando Joystick Bluetooth: 0;JoystickBluetooth
1781781617.5350938;1781781617.5341902;/home/samuchair/ros2_ws/install/samuchair/lib/python3.12/site-packages/samuchair/jBNode.py;jb_callback;20;40;Comando Joystick Bluetooth: 0;JoystickBluetooth
1781781617.5354948;1781781617.5353787;/home/samuchair/ros2_ws/install/samuchair/lib/python3.12/site-packages/samuchair/jBNode.py;jb_callback;20;40;Comando Joystick Bluetooth: 0;JoystickBluetooth
1781781617.5367987;1781781617.5366468;/home/samuchair/ros2_ws/install/samuchair/lib/python3.12/site-packages/samuchair/jBNode.py;jb_callback;20;40;Comando Joystick Bluetooth: 0;JoystickBluetooth
1781781617.5378969;1781781617.5376248;/home/samuchair/ros2_ws/install/samuchair/lib/python3.12/site-packages/samuchair/jBNode.py;jb_callback;20;40;Comando Joystick Bluetooth: 0;JoystickBluetooth
1781781617.539253;1781781617.538908;/home/samuchair/ros2_ws/install/samuchair/lib/python3.12/site-packages/samuchair/jBNode.py;jb_callback;20;40;Comando Joystick Bluetooth: 0;JoystickBluetooth
1781781617.5903344;1781781617.5895157;/home/samuchair/ros2_ws/install/samuchair/lib/python3.12/site-packages/samuchair/jBNode.py;jb_callback;20;40;Comando Joystick Bluetooth: 0;JoystickBluetooth
1781781617.5913262;1781781617.5911934;/home/samuchair/ros2_ws/install/samuchair/lib/python3.12/site-packages/samuchair/jBNode.py;jb_callback;20;40;Comando Joystick Bluetooth: 0;JoystickBluetooth
1781781617.5941267;1781781617.592347;/home/samuchair/ros2_ws/install/samuchair/lib/python3.12/site-packages/samuchair/jBNode.py;jb_callback;20;40;Comando Joystick Bluetooth: 0;JoystickBluetooth
1781781617.594198;1781781617.593333;/home/samuchair/ros2_ws/install/samuchair/lib/python3.12/site-packages/samuchair/jBNode.py;jb_callback;20;40;Comando Joystick Bluetooth: 0;JoystickBluetooth
1781781617.5952084;1781781617.5946357;/home/samuchair/ros2_ws/install/samuchair/lib/python3.12/site-packages/samuchair/jBNode.py;jb_callback;20;40;Comando Joystick Bluetooth: 0;JoystickBluetooth
1781781617.5964034;1781781617.5960608;/home/samuchair/ros2_ws/install/samuchair/lib/python3.12/site-packages/samuchair/jBNode.py;jb_callback;20;40;Comando Joystick Bluetooth: 0;JoystickBluetooth
1781781617.5975657;1781781617.5974603;/home/samuchair/ros2_ws/install/samuchair/lib/python3.12/site-packages/samuchair/jBNode.py;jb_callback;20;40;Comando Joystick Bluetooth: 0;JoystickBluetooth
1781781617.6495907;1781781617.6494086;/home/samuchair/ros2_ws/install/samuchair/lib/python3.12/site-packages/samuchair/jBNode.py;jb_callback;20;40;Comando Joystick Bluetooth: 0;JoystickBluetooth
1781781617.65096;1781781617.6505914;/home/samuchair/ros2_ws/install/samuchair/lib/python3.12/site-packages/samuchair/jBNode.py;jb_callback;20;40;Comando Joystick Bluetooth: 0;JoystickBluetooth
1781781617.6520226;1781781617.6516006;/home/samuchair/ros2_ws/install/samuchair/lib/python3.12/site-packages/samuchair/jBNode.py;jb_callback;20;40;Comando Joystick Bluetooth: 0;JoystickBluetooth
1781781617.6528926;1781781617.6527228;/home/samuchair/ros2_ws/install/samuchair/lib/python3.12/site-packages/samuchair/jBNode.py;jb_callback;20;40;Comando Joystick Bluetooth: 0;JoystickBluetooth
1781781617.653826;1781781617.653694;/home/samuchair/ros2_ws/install/samuchair/lib/python3.12/site-packages/samuchair/jBNode.py;jb_callback;20;40;Comando Joystick Bluetooth: 0;JoystickBluetooth
1781781617.6553416;1781781617.6548657;/home/samuchair/ros2_ws/install/samuchair/lib/python3.12/site-packages/samuchair/jBNode.py;jb_callback;20;40;Comando Joystick Bluetooth: 0;JoystickBluetooth
1781781617.6567473;1781781617.6559024;/home/samuchair/ros2_ws/install/samuchair/lib/python3.12/site-packages/samuchair/jBNode.py;jb_callback;20;40;Comando Joystick Bluetooth: 0;JoystickBluetooth
1781781617.657145;1781781617.6570435;/home/samuchair/ros2_ws/install/samuchair/lib/python3.12/site-packages/samuchair/jBNode.py;jb_callback;20;40;Comando Joystick Bluetooth: 0;JoystickBluetooth
1781781617.709423;1781781617.7093055;/home/samuchair/ros2_ws/install/samuchair/lib/python3.12/site-packages/samuchair/jBNode.py;jb_callback;20;40;Comando Joystick Bluetooth: 0;JoystickBluetooth
1781781617.8870397;1781781617.8869288;/home/samuchair/ros2_ws/install/samuchair/lib/python3.12/site-packages/samuchair/webcamNode.py;timer_callback;20;112;Frame: 140;webcam
1781781617.8877883;1781781617.8876872;/home/samuchair/ros2_ws/install/samuchair/lib/python3.12/site-packages/samuchair/webcamNode.py;timer_callback;20;121;Webcam : CONNECTED;webcam
1781781618.1533182;1781781618.1531758;/home/samuchair/ros2_ws/install/samuchair/lib/python3.12/site-packages/samuchair/opasistidaNode.py;update_tactil_der;20;90;Dato publicado tactil derecha: 1;opasistidaNode
1781781618.1557019;1781781618.155568;/home/samuchair/ros2_ws/install/samuchair/lib/python3.12/site-packages/samuchair/opasistidaNode.py;timer_callback;20;109;Dato publicado Navegación Táctil:6;opasistidaNode
1781781618.7035115;1781781618.7033715;/home/samuchair/ros2_ws/install/samuchair/lib/python3.12/site-packages/samuchair/opasistidaNode.py;update_tactil_der;20;90;Dato publicado tactil derecha: 0;opasistidaNode
1781781618.7059872;1781781618.7046094;/home/samuchair/ros2_ws/install/samuchair/lib/python3.12/site-packages/samuchair/opasistidaNode.py;timer_callback;20;109;Dato publicado Navegación Táctil:0;opasistidaNode
1781781618.8753855;1781781618.8745232;/home/samuchair/ros2_ws/install/samuchair/lib/python3.12/site-packages/samuchair/jBNode.py;jb_callback;20;40;Comando Joystick Bluetooth: 0;JoystickBluetooth
1781781618.9695113;1781781618.9693985;/home/samuchair/ros2_ws/install/samuchair/lib/python3.12/site-packages/samuchair/jBNode.py;jb_callback;20;40;Comando Joystick Bluetooth: 0;JoystickBluetooth
1781781619.0305848;1781781619.0294795;/home/samuchair/ros2_ws/install/samuchair/lib/python3.12/site-packages/samuchair/jBNode.py;jb_callback;20;40;Comando Joystick Bluetooth: 0;JoystickBluetooth
1781781619.090411;1781781619.0895154;/home/samuchair/ros2_ws/install/samuchair/lib/python3.12/site-packages/samuchair/jBNode.py;jb_callback;20;40;Comando Joystick Bluetooth: 0;JoystickBluetooth
1781781619.090541;1781781619.0904715;/home/samuchair/ros2_ws/install/samuchair/lib/python3.12/site-packages/samuchair/jBNode.py;jb_callback;20;40;Comando Joystick Bluetooth: 0;JoystickBluetooth
1781781619.0928943;1781781619.0926273;/home/samuchair/ros2_ws/install/samuchair/lib/python3.12/site-packages/samuchair/jBNode.py;jb_callback;20;40;Comando Joystick Bluetooth: 0;JoystickBluetooth
1781781619.0941248;1781781619.093976;/home/samuchair/ros2_ws/install/samuchair/lib/python3.12/site-packages/samuchair/jBNode.py;jb_callback;20;40;Comando Joystick Bluetooth: 0;JoystickBluetooth
1781781619.095311;1781781619.095075;/home/samuchair/ros2_ws/install/samuchair/lib/python3.12/site-packages/samuchair/jBNode.py;jb_callback;20;40;Comando Joystick Bluetooth: 0;JoystickBluetooth
1781781619.0984726;1781781619.096479;/home/samuchair/ros2_ws/install/samuchair/lib/python3.12/site-packages/samuchair/jBNode.py;jb_callback;20;40;Comando Joystick Bluetooth: 0;JoystickBluetooth
1781781619.0985548;1781781619.0974798;/home/samuchair/ros2_ws/install/samuchair/lib/python3.12/site-packages/samuchair/jBNode.py;jb_callback;20;40;Comando Joystick Bluetooth: 0;JoystickBluetooth
1781781619.1507897;1781781619.1506686;/home/samuchair/ros2_ws/install/samuchair/lib/python3.12/site-packages/samuchair/jBNode.py;jb_callback;20;40;Comando Joystick Bluetooth: 0;JoystickBluetooth
1781781619.1530244;1781781619.1528962;/home/samuchair/ros2_ws/install/samuchair/lib/python3.12/site-packages/samuchair/jBNode.py;jb_callback;20;40;Comando Joystick Bluetooth: 0;JoystickBluetooth
1781781619.155833;1781781619.1557043;/home/samuchair/ros2_ws/install/samuchair/lib/python3.12/site-packages/samuchair/jBNode.py;jb_callback;20;40;Comando Joystick Bluetooth: 0;JoystickBluetooth
1781781619.1566436;1781781619.1565764;/home/samuchair/ros2_ws/install/samuchair/lib/python3.12/site-packages/samuchair/jBNode.py;jb_callback;20;40;Comando Joystick Bluetooth: 0;JoystickBluetooth
1781781619.2101607;1781781619.2094429;/home/samuchair/ros2_ws/install/samuchair/lib/python3.12/site-packages/samuchair/jBNode.py;jb_callback;20;40;Comando Joystick Bluetooth: 0;JoystickBluetooth
1781781619.2104948;1781781619.2103934;/home/samuchair/ros2_ws/install/samuchair/lib/python3.12/site-packages/samuchair/jBNode.py;jb_callback;20;40;Comando Joystick Bluetooth: 0;JoystickBluetooth
1781781619.2116196;1781781619.2113311;/home/samuchair/ros2_ws/install/samuchair/lib/python3.12/site-packages/samuchair/jBNode.py;jb_callback;20;40;Comando Joystick Bluetooth: 0;JoystickBluetooth
1781781619.2133846;1781781619.2124405;/home/samuchair/ros2_ws/install/samuchair/lib/python3.12/site-packages/samuchair/jBNode.py;jb_callback;20;40;Comando Joystick Bluetooth: 0;JoystickBluetooth
1781781619.270145;1781781619.2693982;/home/samuchair/ros2_ws/install/samuchair/lib/python3.12/site-packages/samuchair/jBNode.py;jb_callback;20;40;Comando Joystick Bluetooth: 0;JoystickBluetooth
1781781619.2719877;1781781619.2714784;/home/samuchair/ros2_ws/install/samuchair/lib/python3.12/site-packages/samuchair/jBNode.py;jb_callback;20;40;Comando Joystick Bluetooth: 0;JoystickBluetooth
1781781619.2725334;1781781619.2724364;/home/samuchair/ros2_ws/install/samuchair/lib/python3.12/site-packages/samuchair/jBNode.py;jb_callback;20;40;Comando Joystick Bluetooth: 0;JoystickBluetooth
1781781619.2738929;1781781619.2734103;/home/samuchair/ros2_ws/install/samuchair/lib/python3.12/site-packages/samuchair/jBNode.py;jb_callback;20;40;Comando Joystick Bluetooth: 0;JoystickBluetooth
1781781619.274495;1781781619.2743208;/home/samuchair/ros2_ws/install/samuchair/lib/python3.12/site-packages/samuchair/jBNode.py;jb_callback;20;40;Comando Joystick Bluetooth: 0;JoystickBluetooth
1781781619.3316143;1781781619.3307357;/home/samuchair/ros2_ws/install/samuchair/lib/python3.12/site-packages/samuchair/jBNode.py;jb_callback;20;40;Comando Joystick Bluetooth: 0;JoystickBluetooth
1781781619.390893;1781781619.3907304;/home/samuchair/ros2_ws/install/samuchair/lib/python3.12/site-packages/samuchair/jBNode.py;jb_callback;20;40;Comando Joystick Bluetooth: 0;JoystickBluetooth
1781781619.3932998;1781781619.3930054;/home/samuchair/ros2_ws/install/samuchair/lib/python3.12/site-packages/samuchair/jBNode.py;jb_callback;20;40;Comando Joystick Bluetooth: 0;JoystickBluetooth
1781781619.3964312;1781781619.395812;/home/samuchair/ros2_ws/install/samuchair/lib/python3.12/site-packages/samuchair/jBNode.py;jb_callback;20;40;Comando Joystick Bluetooth: 0;JoystickBluetooth
1781781619.4509013;1781781619.4506717;/home/samuchair/ros2_ws/install/samuchair/lib/python3.12/site-packages/samuchair/jBNode.py;jb_callback;20;40;Comando Joystick Bluetooth: 0;JoystickBluetooth
1781781619.453661;1781781619.4535058;/home/samuchair/ros2_ws/install/samuchair/lib/python3.12/site-packages/samuchair/jBNode.py;jb_callback;20;40;Comando Joystick Bluetooth: 0;JoystickBluetooth
1781781619.4555573;1781781619.4553082;/home/samuchair/ros2_ws/install/samuchair/lib/python3.12/site-packages/samuchair/jBNode.py;jb_callback;20;40;Comando Joystick Bluetooth: 0;JoystickBluetooth
1781781619.4571505;1781781619.4568253;/home/samuchair/ros2_ws/install/samuchair/lib/python3.12/site-packages/samuchair/jBNode.py;jb_callback;20;40;Comando Joystick Bluetooth: 0;JoystickBluetooth
1781781619.4578357;1781781619.4577446;/home/samuchair/ros2_ws/install/samuchair/lib/python3.12/site-packages/samuchair/jBNode.py;jb_callback;20;40;Comando Joystick Bluetooth: 0;JoystickBluetooth
1781781619.4587402;1781781619.45864;/home/samuchair/ros2_ws/install/samuchair/lib/python3.12/site-packages/samuchair/jBNode.py;jb_callback;20;40;Comando Joystick Bluetooth: 0;JoystickBluetooth
1781781619.4596684;1781781619.459557;/home/samuchair/ros2_ws/install/samuchair/lib/python3.12/site-packages/samuchair/jBNode.py;jb_callback;20;40;Comando Joystick Bluetooth: 0;JoystickBluetooth
1781781619.5096345;1781781619.5094864;/home/samuchair/ros2_ws/install/samuchair/lib/python3.12/site-packages/samuchair/jBNode.py;jb_callback;20;40;Comando Joystick Bluetooth: 0;JoystickBluetooth
1781781619.512393;1781781619.5121524;/home/samuchair/ros2_ws/install/samuchair/lib/python3.12/site-packages/samuchair/jBNode.py;jb_callback;20;40;Comando Joystick Bluetooth: 0;JoystickBluetooth
1781781619.5141208;1781781619.5139785;/home/samuchair/ros2_ws/install/samuchair/lib/python3.12/site-packages/samuchair/jBNode.py;jb_callback;20;40;Comando Joystick Bluetooth: 0;JoystickBluetooth
1781781619.5186613;1781781619.5184493;/home/samuchair/ros2_ws/install/samuchair/lib/python3.12/site-packages/samuchair/jBNode.py;jb_callback;20;40;Comando Joystick Bluetooth: 0;JoystickBluetooth
1781781619.5695553;1781781619.569373;/home/samuchair/ros2_ws/install/samuchair/lib/python3.12/site-packages/samuchair/jBNode.py;jb_callback;20;40;Comando Joystick Bluetooth: 0;JoystickBluetooth
1781781619.7037039;1781781619.7035644;/home/samuchair/ros2_ws/install/samuchair/lib/python3.12/site-packages/samuchair/opasistidaNode.py;update_tactil_der;20;90;Dato publicado tactil derecha: 1;opasistidaNode
1781781619.7058191;1781781619.7054777;/home/samuchair/ros2_ws/install/samuchair/lib/python3.12/site-packages/samuchair/opasistidaNode.py;timer_callback;20;109;Dato publicado Navegación Táctil:6;opasistidaNode
1781781619.888201;1781781619.88808;/home/samuchair/ros2_ws/install/samuchair/lib/python3.12/site-packages/samuchair/webcamNode.py;timer_callback;20;112;Frame: 141;webcam
1781781619.889351;1781781619.8890395;/home/samuchair/ros2_ws/install/samuchair/lib/python3.12/site-packages/samuchair/webcamNode.py;timer_callback;20;121;Webcam : CONNECTED;webcam
1781781620.303455;1781781620.3033109;/home/samuchair/ros2_ws/install/samuchair/lib/python3.12/site-packages/samuchair/opasistidaNode.py;update_tactil_der;20;90;Dato publicado tactil derecha: 0;opasistidaNode
1781781620.3050768;1781781620.304851;/home/samuchair/ros2_ws/install/samuchair/lib/python3.12/site-packages/samuchair/opasistidaNode.py;timer_callback;20;109;Dato publicado Navegación Táctil:0;opasistidaNode
1781781621.888345;1781781621.8882396;/home/samuchair/ros2_ws/install/samuchair/lib/python3.12/site-packages/samuchair/webcamNode.py;timer_callback;20;112;Frame: 142;webcam
1781781621.8892064;1781781621.889087;/home/samuchair/ros2_ws/install/samuchair/lib/python3.12/site-packages/samuchair/webcamNode.py;timer_callback;20;121;Webcam : CONNECTED;webcam
1781781622.7510118;1781781622.749641;/home/samuchair/ros2_ws/install/samuchair/lib/python3.12/site-packages/samuchair/jBNode.py;jb_callback;20;40;Comando Joystick Bluetooth: 0;JoystickBluetooth
1781781622.811349;1781781622.8108017;/home/samuchair/ros2_ws/install/samuchair/lib/python3.12/site-packages/samuchair/jBNode.py;jb_callback;20;40;Comando Joystick Bluetooth: 0;JoystickBluetooth
1781781622.8718297;1781781622.8708625;/home/samuchair/ros2_ws/install/samuchair/lib/python3.12/site-packages/samuchair/jBNode.py;jb_callback;20;40;Comando Joystick Bluetooth: 0;JoystickBluetooth
1781781622.873281;1781781622.8731704;/home/samuchair/ros2_ws/install/samuchair/lib/python3.12/site-packages/samuchair/jBNode.py;jb_callback;20;40;Comando Joystick Bluetooth: 0;JoystickBluetooth
1781781622.9306073;1781781622.9295092;/home/samuchair/ros2_ws/install/samuchair/lib/python3.12/site-packages/samuchair/jBNode.py;jb_callback;20;40;Comando Joystick Bluetooth: 0;JoystickBluetooth
1781781622.9306965;1781781622.9305751;/home/samuchair/ros2_ws/install/samuchair/lib/python3.12/site-packages/samuchair/jBNode.py;jb_callback;20;40;Comando Joystick Bluetooth: 0;JoystickBluetooth
1781781622.9327927;1781781622.9326603;/home/samuchair/ros2_ws/install/samuchair/lib/python3.12/site-packages/samuchair/jBNode.py;jb_callback;20;40;Comando Joystick Bluetooth: 0;JoystickBluetooth
1781781622.934148;1781781622.9340234;/home/samuchair/ros2_ws/install/samuchair/lib/python3.12/site-packages/samuchair/jBNode.py;jb_callback;20;40;Comando Joystick Bluetooth: 0;JoystickBluetooth
1781781622.9362037;1781781622.9361072;/home/samuchair/ros2_ws/install/samuchair/lib/python3.12/site-packages/samuchair/jBNode.py;jb_callback;20;40;Comando Joystick Bluetooth: 0;JoystickBluetooth
1781781622.98989;1781781622.989746;/home/samuchair/ros2_ws/install/samuchair/lib/python3.12/site-packages/samuchair/jBNode.py;jb_callback;20;40;Comando Joystick Bluetooth: 0;JoystickBluetooth
1781781622.991031;1781781622.9909291;/home/samuchair/ros2_ws/install/samuchair/lib/python3.12/site-packages/samuchair/jBNode.py;jb_callback;20;40;Comando Joystick Bluetooth: 0;JoystickBluetooth
1781781622.9931526;1781781622.9930317;/home/samuchair/ros2_ws/install/samuchair/lib/python3.12/site-packages/samuchair/jBNode.py;jb_callback;20;40;Comando Joystick Bluetooth: 0;JoystickBluetooth
1781781623.0498714;1781781623.0497372;/home/samuchair/ros2_ws/install/samuchair/lib/python3.12/site-packages/samuchair/jBNode.py;jb_callback;20;40;Comando Joystick Bluetooth: 0;JoystickBluetooth
1781781623.1110368;1781781623.1109052;/home/samuchair/ros2_ws/install/samuchair/lib/python3.12/site-packages/samuchair/jBNode.py;jb_callback;20;40;Comando Joystick Bluetooth: 0;JoystickBluetooth
1781781623.1134255;1781781623.1120853;/home/samuchair/ros2_ws/install/samuchair/lib/python3.12/site-packages/samuchair/jBNode.py;jb_callback;20;40;Comando Joystick Bluetooth: 0;JoystickBluetooth
1781781623.1136482;1781781623.1135247;/home/samuchair/ros2_ws/install/samuchair/lib/python3.12/site-packages/samuchair/jBNode.py;jb_callback;20;40;Comando Joystick Bluetooth: 0;JoystickBluetooth
1781781623.1147697;1781781623.1146476;/home/samuchair/ros2_ws/install/samuchair/lib/python3.12/site-packages/samuchair/jBNode.py;jb_callback;20;40;Comando Joystick Bluetooth: 0;JoystickBluetooth
1781781623.115892;1781781623.115776;/home/samuchair/ros2_ws/install/samuchair/lib/python3.12/site-packages/samuchair/jBNode.py;jb_callback;20;40;Comando Joystick Bluetooth: 0;JoystickBluetooth
1781781623.1716092;1781781623.1707692;/home/samuchair/ros2_ws/install/samuchair/lib/python3.12/site-packages/samuchair/jBNode.py;jb_callback;20;40;Comando Joystick Bluetooth: 0;JoystickBluetooth
1781781623.1737509;1781781623.1727142;/home/samuchair/ros2_ws/install/samuchair/lib/python3.12/site-packages/samuchair/jBNode.py;jb_callback;20;40;Comando Joystick Bluetooth: 0;JoystickBluetooth
1781781623.1737769;1781781623.1735291;/home/samuchair/ros2_ws/install/samuchair/lib/python3.12/site-packages/samuchair/jBNode.py;jb_callback;20;40;Comando Joystick Bluetooth: 0;JoystickBluetooth
1781781623.1760566;1781781623.17572;/home/samuchair/ros2_ws/install/samuchair/lib/python3.12/site-packages/samuchair/jBNode.py;jb_callback;20;40;Comando Joystick Bluetooth: 0;JoystickBluetooth
1781781623.2317116;1781781623.2308223;/home/samuchair/ros2_ws/install/samuchair/lib/python3.12/site-packages/samuchair/jBNode.py;jb_callback;20;40;Comando Joystick Bluetooth: 0;JoystickBluetooth
1781781623.2320259;1781781623.2319453;/home/samuchair/ros2_ws/install/samuchair/lib/python3.12/site-packages/samuchair/jBNode.py;jb_callback;20;40;Comando Joystick Bluetooth: 0;JoystickBluetooth
1781781623.2331464;1781781623.2329297;/home/samuchair/ros2_ws/install/samuchair/lib/python3.12/site-packages/samuchair/jBNode.py;jb_callback;20;40;Comando Joystick Bluetooth: 0;JoystickBluetooth
1781781623.2351842;1781781623.2350743;/home/samuchair/ros2_ws/install/samuchair/lib/python3.12/site-packages/samuchair/jBNode.py;jb_callback;20;40;Comando Joystick Bluetooth: 0;JoystickBluetooth
1781781623.2362018;1781781623.2360833;/home/samuchair/ros2_ws/install/samuchair/lib/python3.12/site-packages/samuchair/jBNode.py;jb_callback;20;40;Comando Joystick Bluetooth: 0;JoystickBluetooth
1781781623.2373276;1781781623.2372012;/home/samuchair/ros2_ws/install/samuchair/lib/python3.12/site-packages/samuchair/jBNode.py;jb_callback;20;40;Comando Joystick Bluetooth: 0;JoystickBluetooth
1781781623.2384107;1781781623.238269;/home/samuchair/ros2_ws/install/samuchair/lib/python3.12/site-packages/samuchair/jBNode.py;jb_callback;20;40;Comando Joystick Bluetooth: 0;JoystickBluetooth
1781781623.240233;1781781623.240078;/home/samuchair/ros2_ws/install/samuchair/lib/python3.12/site-packages/samuchair/jBNode.py;jb_callback;20;40;Comando Joystick Bluetooth: 0;JoystickBluetooth
1781781623.2414837;1781781623.2413566;/home/samuchair/ros2_ws/install/samuchair/lib/python3.12/site-packages/samuchair/jBNode.py;jb_callback;20;40;Comando Joystick Bluetooth: 0;JoystickBluetooth
1781781623.289806;1781781623.2895808;/home/samuchair/ros2_ws/install/samuchair/lib/python3.12/site-packages/samuchair/jBNode.py;jb_callback;20;40;Comando Joystick Bluetooth: 0;JoystickBluetooth
1781781623.2915113;1781781623.2913485;/home/samuchair/ros2_ws/install/samuchair/lib/python3.12/site-packages/samuchair/jBNode.py;jb_callback;20;40;Comando Joystick Bluetooth: 0;JoystickBluetooth
1781781623.2931502;1781781623.292977;/home/samuchair/ros2_ws/install/samuchair/lib/python3.12/site-packages/samuchair/jBNode.py;jb_callback;20;40;Comando Joystick Bluetooth: 0;JoystickBluetooth
1781781623.2951698;1781781623.2949805;/home/samuchair/ros2_ws/install/samuchair/lib/python3.12/site-packages/samuchair/jBNode.py;jb_callback;20;40;Comando Joystick Bluetooth: 0;JoystickBluetooth
1781781623.2972405;1781781623.2965047;/home/samuchair/ros2_ws/install/samuchair/lib/python3.12/site-packages/samuchair/jBNode.py;jb_callback;20;40;Comando Joystick Bluetooth: 0;JoystickBluetooth
1781781623.2976956;1781781623.2975516;/home/samuchair/ros2_ws/install/samuchair/lib/python3.12/site-packages/samuchair/jBNode.py;jb_callback;20;40;Comando Joystick Bluetooth: 0;JoystickBluetooth
1781781623.2992563;1781781623.2989962;/home/samuchair/ros2_ws/install/samuchair/lib/python3.12/site-packages/samuchair/jBNode.py;jb_callback;20;40;Comando Joystick Bluetooth: 0;JoystickBluetooth
1781781623.8876371;1781781623.8875277;/home/samuchair/ros2_ws/install/samuchair/lib/python3.12/site-packages/samuchair/webcamNode.py;timer_callback;20;112;Frame: 143;webcam
1781781623.8890753;1781781623.888382;/home/samuchair/ros2_ws/install/samuchair/lib/python3.12/site-packages/samuchair/webcamNode.py;timer_callback;20;121;Webcam : CONNECTED;webcam
1781781625.886827;1781781625.8867147;/home/samuchair/ros2_ws/install/samuchair/lib/python3.12/site-packages/samuchair/webcamNode.py;timer_callback;20;112;Frame: 144;webcam
1781781625.8876245;1781781625.8875222;/home/samuchair/ros2_ws/install/samuchair/lib/python3.12/site-packages/samuchair/webcamNode.py;timer_callback;20;121;Webcam : CONNECTED;webcam
1781781626.0503855;1781781626.0496457;/home/samuchair/ros2_ws/install/samuchair/lib/python3.12/site-packages/samuchair/jBNode.py;jb_callback;20;40;Comando Joystick Bluetooth: 3;JoystickBluetooth
1781781626.1955698;1781781626.1947799;/home/samuchair/ros2_ws/install/samuchair/lib/python3.12/site-packages/samuchair/jBNode.py;jb_callback;20;40;Comando Joystick Bluetooth: 12;JoystickBluetooth
1781781626.3154933;1781781626.3147724;/home/samuchair/ros2_ws/install/samuchair/lib/python3.12/site-packages/samuchair/jBNode.py;jb_callback;20;40;Comando Joystick Bluetooth: 3;JoystickBluetooth
1781781627.014552;1781781627.0139625;/home/samuchair/ros2_ws/install/samuchair/lib/python3.12/site-packages/samuchair/movilNode.py;timer_callback;20;300;Dato publicado Fase Ejecucion: 6;Movil
1781781627.0145638;1781781627.014139;/home/samuchair/ros2_ws/install/samuchair/lib/python3.12/site-packages/samuchair/mainNode.py;callback_subMovilEjecucion;20;324;Comando Movil Ejecucion: 6;mainNode
1781781627.3957198;1781781627.3948572;/home/samuchair/ros2_ws/install/samuchair/lib/python3.12/site-packages/samuchair/jBNode.py;jb_callback;20;40;Comando Joystick Bluetooth: 12;JoystickBluetooth
1781781627.5155942;1781781627.514759;/home/samuchair/ros2_ws/install/samuchair/lib/python3.12/site-packages/samuchair/jBNode.py;jb_callback;20;40;Comando Joystick Bluetooth: 3;JoystickBluetooth
1781781627.6098547;1781781627.6097398;/home/samuchair/ros2_ws/install/samuchair/lib/python3.12/site-packages/samuchair/jBNode.py;jb_callback;20;40;Comando Joystick Bluetooth: 0;JoystickBluetooth
1781781627.669927;1781781627.6697936;/home/samuchair/ros2_ws/install/samuchair/lib/python3.12/site-packages/samuchair/jBNode.py;jb_callback;20;40;Comando Joystick Bluetooth: 9;JoystickBluetooth
1781781627.672126;1781781627.6711516;/home/samuchair/ros2_ws/install/samuchair/lib/python3.12/site-packages/samuchair/jBNode.py;jb_callback;20;40;Comando Joystick Bluetooth: 10;JoystickBluetooth
1781781627.8870132;1781781627.8868988;/home/samuchair/ros2_ws/install/samuchair/lib/python3.12/site-packages/samuchair/webcamNode.py;timer_callback;20;112;Frame: 145;webcam
1781781627.88794;1781781627.8878036;/home/samuchair/ros2_ws/install/samuchair/lib/python3.12/site-packages/samuchair/webcamNode.py;timer_callback;20;121;Webcam : CONNECTED;webcam
1781781627.9698691;1781781627.9697506;/home/samuchair/ros2_ws/install/samuchair/lib/python3.12/site-packages/samuchair/jBNode.py;jb_callback;20;40;Comando Joystick Bluetooth: 3;JoystickBluetooth
1781781628.2097902;1781781628.2096756;/home/samuchair/ros2_ws/install/samuchair/lib/python3.12/site-packages/samuchair/jBNode.py;jb_callback;20;40;Comando Joystick Bluetooth: 10;JoystickBluetooth
1781781628.356283;1781781628.3560786;/home/samuchair/ros2_ws/install/samuchair/lib/python3.12/site-packages/samuchair/jBNode.py;jb_callback;20;40;Comando Joystick Bluetooth: 9;JoystickBluetooth
1781781628.8117943;1781781628.8098435;/home/samuchair/ros2_ws/install/samuchair/lib/python3.12/site-packages/samuchair/jBNode.py;jb_callback;20;40;Comando Joystick Bluetooth: 10;JoystickBluetooth
1781781629.1718006;1781781629.1709578;/home/samuchair/ros2_ws/install/samuchair/lib/python3.12/site-packages/samuchair/jBNode.py;jb_callback;20;40;Comando Joystick Bluetooth: 3;JoystickBluetooth
1781781629.1737218;1781781629.1731997;/home/samuchair/ros2_ws/install/samuchair/lib/python3.12/site-packages/samuchair/jBNode.py;jb_callback;20;40;Comando Joystick Bluetooth: 3;JoystickBluetooth
1781781629.1742995;1781781629.1741986;/home/samuchair/ros2_ws/install/samuchair/lib/python3.12/site-packages/samuchair/jBNode.py;jb_callback;20;40;Comando Joystick Bluetooth: 3;JoystickBluetooth
1781781629.8875225;1781781629.8874233;/home/samuchair/ros2_ws/install/samuchair/lib/python3.12/site-packages/samuchair/webcamNode.py;timer_callback;20;112;Frame: 146;webcam
1781781629.8882961;1781781629.888191;/home/samuchair/ros2_ws/install/samuchair/lib/python3.12/site-packages/samuchair/webcamNode.py;timer_callback;20;121;Webcam : CONNECTED;webcam
1781781630.252671;1781781630.2523925;/home/samuchair/ros2_ws/install/samuchair/lib/python3.12/site-packages/samuchair/jBNode.py;jb_callback;20;40;Comando Joystick Bluetooth: 12;JoystickBluetooth
1781781631.5119386;1781781631.5110667;/home/samuchair/ros2_ws/install/samuchair/lib/python3.12/site-packages/samuchair/jBNode.py;jb_callback;20;40;Comando Joystick Bluetooth: 3;JoystickBluetooth
1781781631.6912868;1781781631.6910121;/home/samuchair/ros2_ws/install/samuchair/lib/python3.12/site-packages/samuchair/jBNode.py;jb_callback;20;40;Comando Joystick Bluetooth: 12;JoystickBluetooth
1781781631.8111243;1781781631.811015;/home/samuchair/ros2_ws/install/samuchair/lib/python3.12/site-packages/samuchair/jBNode.py;jb_callback;20;40;Comando Joystick Bluetooth: 3;JoystickBluetooth
1781781631.8885076;1781781631.8883893;/home/samuchair/ros2_ws/install/samuchair/lib/python3.12/site-packages/samuchair/webcamNode.py;timer_callback;20;112;Frame: 147;webcam
1781781631.8899198;1781781631.8892689;/home/samuchair/ros2_ws/install/samuchair/lib/python3.12/site-packages/samuchair/webcamNode.py;timer_callback;20;121;Webcam : CONNECTED;webcam
1781781633.31194;1781781633.3111331;/home/samuchair/ros2_ws/install/samuchair/lib/python3.12/site-packages/samuchair/jBNode.py;jb_callback;20;40;Comando Joystick Bluetooth: 12;JoystickBluetooth
1781781633.610046;1781781633.6099336;/home/samuchair/ros2_ws/install/samuchair/lib/python3.12/site-packages/samuchair/jBNode.py;jb_callback;20;40;Comando Joystick Bluetooth: 3;JoystickBluetooth
1781781633.7900534;1781781633.789928;/home/samuchair/ros2_ws/install/samuchair/lib/python3.12/site-packages/samuchair/jBNode.py;jb_callback;20;40;Comando Joystick Bluetooth: 12;JoystickBluetooth
1781781633.8882835;1781781633.888175;/home/samuchair/ros2_ws/install/samuchair/lib/python3.12/site-packages/samuchair/webcamNode.py;timer_callback;20;112;Frame: 148;webcam
1781781633.8890674;1781781633.888955;/home/samuchair/ros2_ws/install/samuchair/lib/python3.12/site-packages/samuchair/webcamNode.py;timer_callback;20;121;Webcam : CONNECTED;webcam
1781781634.092046;1781781634.091132;/home/samuchair/ros2_ws/install/samuchair/lib/python3.12/site-packages/samuchair/jBNode.py;jb_callback;20;40;Comando Joystick Bluetooth: 3;JoystickBluetooth
1781781635.8867655;1781781635.8866458;/home/samuchair/ros2_ws/install/samuchair/lib/python3.12/site-packages/samuchair/webcamNode.py;timer_callback;20;112;Frame: 149;webcam
1781781635.8877258;1781781635.8875995;/home/samuchair/ros2_ws/install/samuchair/lib/python3.12/site-packages/samuchair/webcamNode.py;timer_callback;20;121;Webcam : CONNECTED;webcam
1781781636.9972048;1781781636.9963577;/home/samuchair/ros2_ws/install/samuchair/lib/python3.12/site-packages/samuchair/jBNode.py;jb_callback;20;40;Comando Joystick Bluetooth: 12;JoystickBluetooth
1781781637.2113044;1781781637.211207;/home/samuchair/ros2_ws/install/samuchair/lib/python3.12/site-packages/samuchair/jBNode.py;jb_callback;20;40;Comando Joystick Bluetooth: 3;JoystickBluetooth
1781781637.392138;1781781637.3912466;/home/samuchair/ros2_ws/install/samuchair/lib/python3.12/site-packages/samuchair/jBNode.py;jb_callback;20;40;Comando Joystick Bluetooth: 12;JoystickBluetooth
1781781637.870955;1781781637.870069;/home/samuchair/ros2_ws/install/samuchair/lib/python3.12/site-packages/samuchair/jBNode.py;jb_callback;20;40;Comando Joystick Bluetooth: 3;JoystickBluetooth
1781781637.8723524;1781781637.8721828;/home/samuchair/ros2_ws/install/samuchair/lib/python3.12/site-packages/samuchair/jBNode.py;jb_callback;20;40;Comando Joystick Bluetooth: 12;JoystickBluetooth
1781781637.8859205;1781781637.8858054;/home/samuchair/ros2_ws/install/samuchair/lib/python3.12/site-packages/samuchair/webcamNode.py;timer_callback;20;112;Frame: 150;webcam
1781781637.8869123;1781781637.8868055;/home/samuchair/ros2_ws/install/samuchair/lib/python3.12/site-packages/samuchair/webcamNode.py;timer_callback;20;121;Webcam : CONNECTED;webcam
1781781637.9331355;1781781637.9325998;/home/samuchair/ros2_ws/install/samuchair/lib/python3.12/site-packages/samuchair/jBNode.py;jb_callback;20;40;Comando Joystick Bluetooth: 3;JoystickBluetooth
1781781639.8867807;1781781639.8866694;/home/samuchair/ros2_ws/install/samuchair/lib/python3.12/site-packages/samuchair/webcamNode.py;timer_callback;20;112;Frame: 151;webcam
1781781639.8877146;1781781639.8876119;/home/samuchair/ros2_ws/install/samuchair/lib/python3.12/site-packages/samuchair/webcamNode.py;timer_callback;20;121;Webcam : CONNECTED;webcam
1781781641.8872588;1781781641.8871346;/home/samuchair/ros2_ws/install/samuchair/lib/python3.12/site-packages/samuchair/webcamNode.py;timer_callback;20;112;Frame: 152;webcam
1781781641.888032;1781781641.8879263;/home/samuchair/ros2_ws/install/samuchair/lib/python3.12/site-packages/samuchair/webcamNode.py;timer_callback;20;121;Webcam : CONNECTED;webcam
1781781642.0606012;1781781642.0600734;/home/samuchair/ros2_ws/install/samuchair/lib/python3.12/site-packages/samuchair/jBNode.py;jb_callback;20;40;Comando Joystick Bluetooth: 0;JoystickBluetooth
1781781643.0149918;1781781643.0139692;/home/samuchair/ros2_ws/install/samuchair/lib/python3.12/site-packages/samuchair/movilNode.py;timer_callback;20;300;Dato publicado Fase Ejecucion: 50;Movil
1781781643.01503;1781781643.014758;/home/samuchair/ros2_ws/install/samuchair/lib/python3.12/site-packages/samuchair/mainNode.py;callback_subMovilEjecucion;20;324;Comando Movil Ejecucion: 50;mainNode
1781781643.8866327;1781781643.886519;/home/samuchair/ros2_ws/install/samuchair/lib/python3.12/site-packages/samuchair/webcamNode.py;timer_callback;20;112;Frame: 153;webcam
1781781643.8875422;1781781643.8874335;/home/samuchair/ros2_ws/install/samuchair/lib/python3.12/site-packages/samuchair/webcamNode.py;timer_callback;20;121;Webcam : CONNECTED;webcam
1781781645.887246;1781781645.887146;/home/samuchair/ros2_ws/install/samuchair/lib/python3.12/site-packages/samuchair/webcamNode.py;timer_callback;20;112;Frame: 154;webcam
1781781645.8880208;1781781645.8879232;/home/samuchair/ros2_ws/install/samuchair/lib/python3.12/site-packages/samuchair/webcamNode.py;timer_callback;20;121;Webcam : CONNECTED;webcam
1781781647.88663;1781781647.8865123;/home/samuchair/ros2_ws/install/samuchair/lib/python3.12/site-packages/samuchair/webcamNode.py;timer_callback;20;112;Frame: 155;webcam
1781781647.8876057;1781781647.8875017;/home/samuchair/ros2_ws/install/samuchair/lib/python3.12/site-packages/samuchair/webcamNode.py;timer_callback;20;121;Webcam : CONNECTED;webcam
1781781649.8871288;1781781649.887032;/home/samuchair/ros2_ws/install/samuchair/lib/python3.12/site-packages/samuchair/webcamNode.py;timer_callback;20;112;Frame: 156;webcam
1781781649.887902;1781781649.8878007;/home/samuchair/ros2_ws/install/samuchair/lib/python3.12/site-packages/samuchair/webcamNode.py;timer_callback;20;121;Webcam : CONNECTED;webcam
1781781651.8879955;1781781651.8878732;/home/samuchair/ros2_ws/install/samuchair/lib/python3.12/site-packages/samuchair/webcamNode.py;timer_callback;20;112;Frame: 157;webcam
1781781651.8889942;1781781651.8887758;/home/samuchair/ros2_ws/install/samuchair/lib/python3.12/site-packages/samuchair/webcamNode.py;timer_callback;20;121;Webcam : CONNECTED;webcam
1781781651.995633;1781781651.995512;/home/samuchair/ros2_ws/install/samuchair/lib/python3.12/site-packages/samuchair/jBNode.py;jb_callback;20;40;Comando Joystick Bluetooth: 3;JoystickBluetooth
1781781652.0140555;1781781652.0139098;/home/samuchair/ros2_ws/install/samuchair/lib/python3.12/site-packages/samuchair/movilNode.py;timer_callback;20;300;Dato publicado Fase Ejecucion: 7;Movil
1781781652.01409;1781781652.014006;/home/samuchair/ros2_ws/install/samuchair/lib/python3.12/site-packages/samuchair/mainNode.py;callback_subMovilEjecucion;20;324;Comando Movil Ejecucion: 7;mainNode
1781781653.7970617;1781781653.7968686;/home/samuchair/ros2_ws/install/samuchair/lib/python3.12/site-packages/samuchair/jBNode.py;jb_callback;20;40;Comando Joystick Bluetooth: 0;JoystickBluetooth
1781781653.8875186;1781781653.8874056;/home/samuchair/ros2_ws/install/samuchair/lib/python3.12/site-packages/samuchair/webcamNode.py;timer_callback;20;112;Frame: 158;webcam
1781781653.8882208;1781781653.8881152;/home/samuchair/ros2_ws/install/samuchair/lib/python3.12/site-packages/samuchair/webcamNode.py;timer_callback;20;121;Webcam : CONNECTED;webcam
1781781654.3378928;1781781654.3369617;/home/samuchair/ros2_ws/install/samuchair/lib/python3.12/site-packages/samuchair/jBNode.py;jb_callback;20;40;Comando Joystick Bluetooth: 5;JoystickBluetooth
1781781655.6313827;1781781655.6305895;/home/samuchair/ros2_ws/install/samuchair/lib/python3.12/site-packages/samuchair/jBNode.py;jb_callback;20;40;Comando Joystick Bluetooth: 0;JoystickBluetooth
1781781655.8708344;1781781655.8705974;/home/samuchair/ros2_ws/install/samuchair/lib/python3.12/site-packages/samuchair/jBNode.py;jb_callback;20;40;Comando Joystick Bluetooth: 9;JoystickBluetooth
1781781655.9286659;1781781655.9285657;/home/samuchair/ros2_ws/install/samuchair/lib/python3.12/site-packages/samuchair/webcamNode.py;timer_callback;20;112;Frame: 159;webcam
1781781655.9293904;1781781655.929276;/home/samuchair/ros2_ws/install/samuchair/lib/python3.12/site-packages/samuchair/webcamNode.py;timer_callback;20;121;Webcam : CONNECTED;webcam
1781781656.6518786;1781781656.6505868;/home/samuchair/ros2_ws/install/samuchair/lib/python3.12/site-packages/samuchair/jBNode.py;jb_callback;20;40;Comando Joystick Bluetooth: 0;JoystickBluetooth
1781781656.8308237;1781781656.8306425;/home/samuchair/ros2_ws/install/samuchair/lib/python3.12/site-packages/samuchair/jBNode.py;jb_callback;20;40;Comando Joystick Bluetooth: 6;JoystickBluetooth
1781781657.8872786;1781781657.8871682;/home/samuchair/ros2_ws/install/samuchair/lib/python3.12/site-packages/samuchair/webcamNode.py;timer_callback;20;112;Frame: 160;webcam
1781781657.8881567;1781781657.8880556;/home/samuchair/ros2_ws/install/samuchair/lib/python3.12/site-packages/samuchair/webcamNode.py;timer_callback;20;121;Webcam : CONNECTED;webcam
1781781658.0142682;1781781658.0140831;/home/samuchair/ros2_ws/install/samuchair/lib/python3.12/site-packages/samuchair/movilNode.py;timer_callback;20;300;Dato publicado Fase Ejecucion: 50;Movil
1781781658.0155876;1781781658.0154388;/home/samuchair/ros2_ws/install/samuchair/lib/python3.12/site-packages/samuchair/mainNode.py;callback_subMovilEjecucion;20;324;Comando Movil Ejecucion: 50;mainNode
1781781658.2392168;1781781658.2381556;/home/samuchair/ros2_ws/install/samuchair/lib/python3.12/site-packages/samuchair/jBNode.py;jb_callback;20;40;Comando Joystick Bluetooth: 0;JoystickBluetooth
1781781658.9908562;1781781658.9906557;/home/samuchair/ros2_ws/install/samuchair/lib/python3.12/site-packages/samuchair/jBNode.py;jb_callback;20;40;Comando Joystick Bluetooth: 9;JoystickBluetooth
1781781659.4725316;1781781659.4719887;/home/samuchair/ros2_ws/install/samuchair/lib/python3.12/site-packages/samuchair/jBNode.py;jb_callback;20;40;Comando Joystick Bluetooth: 0;JoystickBluetooth
1781781659.8880625;1781781659.887941;/home/samuchair/ros2_ws/install/samuchair/lib/python3.12/site-packages/samuchair/webcamNode.py;timer_callback;20;112;Frame: 161;webcam
1781781659.8890164;1781781659.888904;/home/samuchair/ros2_ws/install/samuchair/lib/python3.12/site-packages/samuchair/webcamNode.py;timer_callback;20;121;Webcam : CONNECTED;webcam
1781781660.5144083;1781781660.5139446;/home/samuchair/ros2_ws/install/samuchair/lib/python3.12/site-packages/samuchair/movilNode.py;timer_callback;20;300;Dato publicado Fase Ejecucion: 8;Movil
1781781660.5144203;1781781660.5142102;/home/samuchair/ros2_ws/install/samuchair/lib/python3.12/site-packages/samuchair/mainNode.py;callback_subMovilEjecucion;20;324;Comando Movil Ejecucion: 8;mainNode
1781781661.3922274;1781781661.3920124;/home/samuchair/ros2_ws/install/samuchair/lib/python3.12/site-packages/samuchair/jBNode.py;jb_callback;20;40;Comando Joystick Bluetooth: 5;JoystickBluetooth
1781781661.8861666;1781781661.886045;/home/samuchair/ros2_ws/install/samuchair/lib/python3.12/site-packages/samuchair/webcamNode.py;timer_callback;20;112;Frame: 162;webcam
1781781661.887052;1781781661.8869505;/home/samuchair/ros2_ws/install/samuchair/lib/python3.12/site-packages/samuchair/webcamNode.py;timer_callback;20;121;Webcam : CONNECTED;webcam
1781781663.0108483;1781781663.0107312;/home/samuchair/ros2_ws/install/samuchair/lib/python3.12/site-packages/samuchair/jBNode.py;jb_callback;20;40;Comando Joystick Bluetooth: 0;JoystickBluetooth
1781781663.159115;1781781663.158239;/home/samuchair/ros2_ws/install/samuchair/lib/python3.12/site-packages/samuchair/jBNode.py;jb_callback;20;40;Comando Joystick Bluetooth: 6;JoystickBluetooth
1781781663.8866534;1781781663.8865418;/home/samuchair/ros2_ws/install/samuchair/lib/python3.12/site-packages/samuchair/webcamNode.py;timer_callback;20;112;Frame: 163;webcam
1781781663.8875477;1781781663.8874178;/home/samuchair/ros2_ws/install/samuchair/lib/python3.12/site-packages/samuchair/webcamNode.py;timer_callback;20;121;Webcam : CONNECTED;webcam
1781781664.0570872;1781781664.055883;/home/samuchair/ros2_ws/install/samuchair/lib/python3.12/site-packages/samuchair/jBNode.py;jb_callback;20;40;Comando Joystick Bluetooth: 0;JoystickBluetooth
1781781664.2746627;1781781664.2745314;/home/samuchair/ros2_ws/install/samuchair/lib/python3.12/site-packages/samuchair/jBNode.py;jb_callback;20;40;Comando Joystick Bluetooth: 5;JoystickBluetooth
1781781664.4514573;1781781664.4507298;/home/samuchair/ros2_ws/install/samuchair/lib/python3.12/site-packages/samuchair/jBNode.py;jb_callback;20;40;Comando Joystick Bluetooth: 0;JoystickBluetooth
1781781664.7167883;1781781664.7158787;/home/samuchair/ros2_ws/install/samuchair/lib/python3.12/site-packages/samuchair/jBNode.py;jb_callback;20;40;Comando Joystick Bluetooth: 9;JoystickBluetooth
1781781665.1710546;1781781665.1708648;/home/samuchair/ros2_ws/install/samuchair/lib/python3.12/site-packages/samuchair/jBNode.py;jb_callback;20;40;Comando Joystick Bluetooth: 0;JoystickBluetooth
1781781665.4122455;1781781665.412065;/home/samuchair/ros2_ws/install/samuchair/lib/python3.12/site-packages/samuchair/jBNode.py;jb_callback;20;40;Comando Joystick Bluetooth: 9;JoystickBluetooth
1781781665.6760857;1781781665.6759663;/home/samuchair/ros2_ws/install/samuchair/lib/python3.12/site-packages/samuchair/jBNode.py;jb_callback;20;40;Comando Joystick Bluetooth: 0;JoystickBluetooth
1781781665.886392;1781781665.8862705;/home/samuchair/ros2_ws/install/samuchair/lib/python3.12/site-packages/samuchair/webcamNode.py;timer_callback;20;112;Frame: 164;webcam
1781781665.8871837;1781781665.8870761;/home/samuchair/ros2_ws/install/samuchair/lib/python3.12/site-packages/samuchair/webcamNode.py;timer_callback;20;121;Webcam : CONNECTED;webcam
1781781665.9769127;1781781665.9759598;/home/samuchair/ros2_ws/install/samuchair/lib/python3.12/site-packages/samuchair/jBNode.py;jb_callback;20;40;Comando Joystick Bluetooth: 9;JoystickBluetooth
1781781666.2518299;1781781666.2509263;/home/samuchair/ros2_ws/install/samuchair/lib/python3.12/site-packages/samuchair/jBNode.py;jb_callback;20;40;Comando Joystick Bluetooth: 0;JoystickBluetooth
1781781667.511048;1781781667.5109074;/home/samuchair/ros2_ws/install/samuchair/lib/python3.12/site-packages/samuchair/jBNode.py;jb_callback;20;40;Comando Joystick Bluetooth: 6;JoystickBluetooth
1781781667.7174306;1781781667.7171998;/home/samuchair/ros2_ws/install/samuchair/lib/python3.12/site-packages/samuchair/jBNode.py;jb_callback;20;40;Comando Joystick Bluetooth: 0;JoystickBluetooth
1781781667.8863258;1781781667.886238;/home/samuchair/ros2_ws/install/samuchair/lib/python3.12/site-packages/samuchair/webcamNode.py;timer_callback;20;112;Frame: 165;webcam
1781781667.887112;1781781667.8870106;/home/samuchair/ros2_ws/install/samuchair/lib/python3.12/site-packages/samuchair/webcamNode.py;timer_callback;20;121;Webcam : CONNECTED;webcam
1781781668.7369115;1781781668.7360063;/home/samuchair/ros2_ws/install/samuchair/lib/python3.12/site-packages/samuchair/jBNode.py;jb_callback;20;40;Comando Joystick Bluetooth: 6;JoystickBluetooth
1781781668.9764404;1781781668.9758933;/home/samuchair/ros2_ws/install/samuchair/lib/python3.12/site-packages/samuchair/jBNode.py;jb_callback;20;40;Comando Joystick Bluetooth: 0;JoystickBluetooth
1781781669.8877702;1781781669.8876355;/home/samuchair/ros2_ws/install/samuchair/lib/python3.12/site-packages/samuchair/webcamNode.py;timer_callback;20;112;Frame: 166;webcam
1781781669.8885946;1781781669.8884838;/home/samuchair/ros2_ws/install/samuchair/lib/python3.12/site-packages/samuchair/webcamNode.py;timer_callback;20;121;Webcam : CONNECTED;webcam
1781781669.9981296;1781781669.9972026;/home/samuchair/ros2_ws/install/samuchair/lib/python3.12/site-packages/samuchair/jBNode.py;jb_callback;20;40;Comando Joystick Bluetooth: 5;JoystickBluetooth
1781781671.8874676;1781781671.8873794;/home/samuchair/ros2_ws/install/samuchair/lib/python3.12/site-packages/samuchair/webcamNode.py;timer_callback;20;112;Frame: 167;webcam
1781781671.8884852;1781781671.8881326;/home/samuchair/ros2_ws/install/samuchair/lib/python3.12/site-packages/samuchair/webcamNode.py;timer_callback;20;121;Webcam : CONNECTED;webcam
1781781671.9518714;1781781671.950985;/home/samuchair/ros2_ws/install/samuchair/lib/python3.12/site-packages/samuchair/jBNode.py;jb_callback;20;40;Comando Joystick Bluetooth: 15;JoystickBluetooth
1781781673.88797;1781781673.88786;/home/samuchair/ros2_ws/install/samuchair/lib/python3.12/site-packages/samuchair/webcamNode.py;timer_callback;20;112;Frame: 168;webcam
1781781673.8888884;1781781673.8887672;/home/samuchair/ros2_ws/install/samuchair/lib/python3.12/site-packages/samuchair/webcamNode.py;timer_callback;20;121;Webcam : CONNECTED;webcam
1781781674.437747;1781781674.436186;/home/samuchair/ros2_ws/install/samuchair/lib/python3.12/site-packages/samuchair/jBNode.py;jb_callback;20;40;Comando Joystick Bluetooth: 5;JoystickBluetooth
1781781674.5312982;1781781674.5310762;/home/samuchair/ros2_ws/install/samuchair/lib/python3.12/site-packages/samuchair/jBNode.py;jb_callback;20;40;Comando Joystick Bluetooth: 15;JoystickBluetooth
1781781674.77126;1781781674.771067;/home/samuchair/ros2_ws/install/samuchair/lib/python3.12/site-packages/samuchair/jBNode.py;jb_callback;20;40;Comando Joystick Bluetooth: 5;JoystickBluetooth
1781781674.8562818;1781781674.8561594;/home/samuchair/ros2_ws/install/samuchair/lib/python3.12/site-packages/samuchair/jBNode.py;jb_callback;20;40;Comando Joystick Bluetooth: 17;JoystickBluetooth
1781781675.1595252;1781781675.158572;/home/samuchair/ros2_ws/install/samuchair/lib/python3.12/site-packages/samuchair/jBNode.py;jb_callback;20;40;Comando Joystick Bluetooth: 5;JoystickBluetooth
1781781675.197129;1781781675.1961102;/home/samuchair/ros2_ws/install/samuchair/lib/python3.12/site-packages/samuchair/jBNode.py;jb_callback;20;40;Comando Joystick Bluetooth: 15;JoystickBluetooth
1781781675.3981698;1781781675.3974884;/home/samuchair/ros2_ws/install/samuchair/lib/python3.12/site-packages/samuchair/jBNode.py;jb_callback;20;40;Comando Joystick Bluetooth: 5;JoystickBluetooth
1781781675.63756;1781781675.6362681;/home/samuchair/ros2_ws/install/samuchair/lib/python3.12/site-packages/samuchair/jBNode.py;jb_callback;20;40;Comando Joystick Bluetooth: 17;JoystickBluetooth
1781781675.8162997;1781781675.8161926;/home/samuchair/ros2_ws/install/samuchair/lib/python3.12/site-packages/samuchair/jBNode.py;jb_callback;20;40;Comando Joystick Bluetooth: 5;JoystickBluetooth
1781781675.887386;1781781675.88727;/home/samuchair/ros2_ws/install/samuchair/lib/python3.12/site-packages/samuchair/webcamNode.py;timer_callback;20;112;Frame: 169;webcam
1781781675.888704;1781781675.8880787;/home/samuchair/ros2_ws/install/samuchair/lib/python3.12/site-packages/samuchair/webcamNode.py;timer_callback;20;121;Webcam : CONNECTED;webcam
1781781676.2131727;1781781676.2123232;/home/samuchair/ros2_ws/install/samuchair/lib/python3.12/site-packages/samuchair/jBNode.py;jb_callback;20;40;Comando Joystick Bluetooth: 15;JoystickBluetooth
1781781677.5142689;1781781677.513997;/home/samuchair/ros2_ws/install/samuchair/lib/python3.12/site-packages/samuchair/movilNode.py;timer_callback;20;300;Dato publicado Fase Ejecucion: 50;Movil
1781781677.5142794;1781781677.514096;/home/samuchair/ros2_ws/install/samuchair/lib/python3.12/site-packages/samuchair/mainNode.py;callback_subMovilEjecucion;20;324;Comando Movil Ejecucion: 50;mainNode
1781781677.5924785;1781781677.5923243;/home/samuchair/ros2_ws/install/samuchair/lib/python3.12/site-packages/samuchair/jBNode.py;jb_callback;20;40;Comando Joystick Bluetooth: 5;JoystickBluetooth
1781781677.7714238;1781781677.771185;/home/samuchair/ros2_ws/install/samuchair/lib/python3.12/site-packages/samuchair/jBNode.py;jb_callback;20;40;Comando Joystick Bluetooth: 0;JoystickBluetooth
1781781677.8877592;1781781677.8876638;/home/samuchair/ros2_ws/install/samuchair/lib/python3.12/site-packages/samuchair/webcamNode.py;timer_callback;20;112;Frame: 170;webcam
1781781677.8884351;1781781677.8883321;/home/samuchair/ros2_ws/install/samuchair/lib/python3.12/site-packages/samuchair/webcamNode.py;timer_callback;20;121;Webcam : CONNECTED;webcam
1781781677.8911085;1781781677.8909988;/home/samuchair/ros2_ws/install/samuchair/lib/python3.12/site-packages/samuchair/jBNode.py;jb_callback;20;40;Comando Joystick Bluetooth: 5;JoystickBluetooth
1781781679.3571486;1781781679.3563013;/home/samuchair/ros2_ws/install/samuchair/lib/python3.12/site-packages/samuchair/jBNode.py;jb_callback;20;40;Comando Joystick Bluetooth: 0;JoystickBluetooth
1781781679.514599;1781781679.5140479;/home/samuchair/ros2_ws/install/samuchair/lib/python3.12/site-packages/samuchair/movilNode.py;timer_callback;20;300;Dato publicado Fase Ejecucion: 9;Movil
1781781679.5146103;1781781679.5142086;/home/samuchair/ros2_ws/install/samuchair/lib/python3.12/site-packages/samuchair/mainNode.py;callback_subMovilEjecucion;20;324;Comando Movil Ejecucion: 9;mainNode
1781781679.8865755;1781781679.8864734;/home/samuchair/ros2_ws/install/samuchair/lib/python3.12/site-packages/samuchair/webcamNode.py;timer_callback;20;112;Frame: 171;webcam
1781781679.8873193;1781781679.8872263;/home/samuchair/ros2_ws/install/samuchair/lib/python3.12/site-packages/samuchair/webcamNode.py;timer_callback;20;121;Webcam : CONNECTED;webcam
1781781681.886921;1781781681.886812;/home/samuchair/ros2_ws/install/samuchair/lib/python3.12/site-packages/samuchair/webcamNode.py;timer_callback;20;112;Frame: 172;webcam
1781781681.8876584;1781781681.8875391;/home/samuchair/ros2_ws/install/samuchair/lib/python3.12/site-packages/samuchair/webcamNode.py;timer_callback;20;121;Webcam : CONNECTED;webcam
1781781682.2717943;1781781682.27126;/home/samuchair/ros2_ws/install/samuchair/lib/python3.12/site-packages/samuchair/jBNode.py;jb_callback;20;40;Comando Joystick Bluetooth: 9;JoystickBluetooth
1781781683.8873901;1781781683.8872683;/home/samuchair/ros2_ws/install/samuchair/lib/python3.12/site-packages/samuchair/webcamNode.py;timer_callback;20;112;Frame: 173;webcam
1781781683.8888144;1781781683.888067;/home/samuchair/ros2_ws/install/samuchair/lib/python3.12/site-packages/samuchair/webcamNode.py;timer_callback;20;121;Webcam : CONNECTED;webcam
1781781685.8869894;1781781685.886881;/home/samuchair/ros2_ws/install/samuchair/lib/python3.12/site-packages/samuchair/webcamNode.py;timer_callback;20;112;Frame: 174;webcam
1781781685.8879123;1781781685.8878124;/home/samuchair/ros2_ws/install/samuchair/lib/python3.12/site-packages/samuchair/webcamNode.py;timer_callback;20;121;Webcam : CONNECTED;webcam
1781781686.88045;1781781686.8803248;/home/samuchair/ros2_ws/install/samuchair/lib/python3.12/site-packages/samuchair/opasistidaNode.py;update_pot;20;147;Dato publicado potenciometro: 1;opasistidaNode
1781781687.8825345;1781781687.8809457;/home/samuchair/ros2_ws/install/samuchair/lib/python3.12/site-packages/samuchair/opasistidaNode.py;update_pot;20;147;Dato publicado potenciometro: 1;opasistidaNode
1781781687.887677;1781781687.886909;/home/samuchair/ros2_ws/install/samuchair/lib/python3.12/site-packages/samuchair/webcamNode.py;timer_callback;20;112;Frame: 175;webcam
1781781687.8878045;1781781687.8877234;/home/samuchair/ros2_ws/install/samuchair/lib/python3.12/site-packages/samuchair/webcamNode.py;timer_callback;20;121;Webcam : CONNECTED;webcam
1781781687.939702;1781781687.9389725;/home/samuchair/ros2_ws/install/samuchair/lib/python3.12/site-packages/samuchair/jBNode.py;jb_callback;20;40;Comando Joystick Bluetooth: 0;JoystickBluetooth
1781781688.9317446;1781781688.931507;/home/samuchair/ros2_ws/install/samuchair/lib/python3.12/site-packages/samuchair/jBNode.py;jb_callback;20;40;Comando Joystick Bluetooth: 6;JoystickBluetooth
1781781689.014542;1781781689.0143886;/home/samuchair/ros2_ws/install/samuchair/lib/python3.12/site-packages/samuchair/movilNode.py;timer_callback;20;300;Dato publicado Fase Ejecucion: 50;Movil
1781781689.015206;1781781689.015073;/home/samuchair/ros2_ws/install/samuchair/lib/python3.12/site-packages/samuchair/mainNode.py;callback_subMovilEjecucion;20;324;Comando Movil Ejecucion: 50;mainNode
1781781689.353443;1781781689.3515408;/home/samuchair/ros2_ws/install/samuchair/lib/python3.12/site-packages/samuchair/jBNode.py;jb_callback;20;40;Comando Joystick Bluetooth: 0;JoystickBluetooth
1781781689.888173;1781781689.888067;/home/samuchair/ros2_ws/install/samuchair/lib/python3.12/site-packages/samuchair/webcamNode.py;timer_callback;20;112;Frame: 176;webcam
1781781689.8888938;1781781689.8887987;/home/samuchair/ros2_ws/install/samuchair/lib/python3.12/site-packages/samuchair/webcamNode.py;timer_callback;20;121;Webcam : CONNECTED;webcam
1781781690.5775406;1781781690.576635;/home/samuchair/ros2_ws/install/samuchair/lib/python3.12/site-packages/samuchair/jBNode.py;jb_callback;20;40;Comando Joystick Bluetooth: 6;JoystickBluetooth
1781781691.0961757;1781781691.0952954;/home/samuchair/ros2_ws/install/samuchair/lib/python3.12/site-packages/samuchair/jBNode.py;jb_callback;20;40;Comando Joystick Bluetooth: 0;JoystickBluetooth
1781781691.886494;1781781691.8856697;/home/samuchair/ros2_ws/install/samuchair/lib/python3.12/site-packages/samuchair/webcamNode.py;timer_callback;20;112;Frame: 177;webcam
1781781691.886666;1781781691.886572;/home/samuchair/ros2_ws/install/samuchair/lib/python3.12/site-packages/samuchair/webcamNode.py;timer_callback;20;121;Webcam : CONNECTED;webcam
1781781693.886819;1781781693.8867142;/home/samuchair/ros2_ws/install/samuchair/lib/python3.12/site-packages/samuchair/webcamNode.py;timer_callback;20;112;Frame: 178;webcam
1781781693.8875277;1781781693.887417;/home/samuchair/ros2_ws/install/samuchair/lib/python3.12/site-packages/samuchair/webcamNode.py;timer_callback;20;121;Webcam : CONNECTED;webcam
1781781694.0140426;1781781694.013746;/home/samuchair/ros2_ws/install/samuchair/lib/python3.12/site-packages/samuchair/movilNode.py;timer_callback;20;251;Dato publicado Nombre_Sujeto: F10;Movil
1781781694.0161254;1781781694.0150323;/home/samuchair/ros2_ws/install/samuchair/lib/python3.12/site-packages/samuchair/BagControlNode.py;nombre_callback;20;39;Nombre seleccionado: ./samuchair_bag/F10_0_1_2026_06_18-13_21_34;BagControlNode
1781781694.017197;1781781694.0170426;/home/samuchair/ros2_ws/install/samuchair/lib/python3.12/site-packages/samuchair/movilNode.py;timer_callback;20;257;Dato publicado Nombre_Sujeto_HASH: 23527592;Movil
1781781695.8860483;1781781695.8859007;/home/samuchair/ros2_ws/install/samuchair/lib/python3.12/site-packages/samuchair/webcamNode.py;timer_callback;20;112;Frame: 179;webcam
1781781695.8868694;1781781695.8867664;/home/samuchair/ros2_ws/install/samuchair/lib/python3.12/site-packages/samuchair/webcamNode.py;timer_callback;20;121;Webcam : CONNECTED;webcam
1781781697.8873863;1781781697.887286;/home/samuchair/ros2_ws/install/samuchair/lib/python3.12/site-packages/samuchair/webcamNode.py;timer_callback;20;112;Frame: 180;webcam
1781781697.8880656;1781781697.887985;/home/samuchair/ros2_ws/install/samuchair/lib/python3.12/site-packages/samuchair/webcamNode.py;timer_callback;20;121;Webcam : CONNECTED;webcam
1781781699.8871071;1781781699.8869977;/home/samuchair/ros2_ws/install/samuchair/lib/python3.12/site-packages/samuchair/webcamNode.py;timer_callback;20;112;Frame: 181;webcam
1781781699.8881645;1781781699.8878355;/home/samuchair/ros2_ws/install/samuchair/lib/python3.12/site-packages/samuchair/webcamNode.py;timer_callback;20;121;Webcam : CONNECTED;webcam
1781781701.8881657;1781781701.8880703;/home/samuchair/ros2_ws/install/samuchair/lib/python3.12/site-packages/samuchair/webcamNode.py;timer_callback;20;112;Frame: 182;webcam
1781781701.8889034;1781781701.8887792;/home/samuchair/ros2_ws/install/samuchair/lib/python3.12/site-packages/samuchair/webcamNode.py;timer_callback;20;121;Webcam : CONNECTED;webcam
1781781702.7924485;1781781702.7918866;/home/samuchair/ros2_ws/install/samuchair/lib/python3.12/site-packages/samuchair/jBNode.py;jb_callback;20;40;Comando Joystick Bluetooth: 5;JoystickBluetooth
1781781703.7777262;1781781703.7770026;/home/samuchair/ros2_ws/install/samuchair/lib/python3.12/site-packages/samuchair/jBNode.py;jb_callback;20;40;Comando Joystick Bluetooth: 0;JoystickBluetooth
1781781703.8879447;1781781703.8878438;/home/samuchair/ros2_ws/install/samuchair/lib/python3.12/site-packages/samuchair/webcamNode.py;timer_callback;20;112;Frame: 183;webcam
1781781703.889339;1781781703.8886743;/home/samuchair/ros2_ws/install/samuchair/lib/python3.12/site-packages/samuchair/webcamNode.py;timer_callback;20;121;Webcam : CONNECTED;webcam
1781781704.198975;1781781704.1981716;/home/samuchair/ros2_ws/install/samuchair/lib/python3.12/site-packages/samuchair/jBNode.py;jb_callback;20;40;Comando Joystick Bluetooth: 3;JoystickBluetooth
1781781704.5595505;1781781704.5593195;/home/samuchair/ros2_ws/install/samuchair/lib/python3.12/site-packages/samuchair/jBNode.py;jb_callback;20;40;Comando Joystick Bluetooth: 0;JoystickBluetooth
1781781704.6521301;1781781704.6518753;/home/samuchair/ros2_ws/install/samuchair/lib/python3.12/site-packages/samuchair/jBNode.py;jb_callback;20;40;Comando Joystick Bluetooth: 3;JoystickBluetooth
1781781704.7720988;1781781704.7718887;/home/samuchair/ros2_ws/install/samuchair/lib/python3.12/site-packages/samuchair/jBNode.py;jb_callback;20;40;Comando Joystick Bluetooth: 3;JoystickBluetooth
1781781704.7738857;1781781704.773193;/home/samuchair/ros2_ws/install/samuchair/lib/python3.12/site-packages/samuchair/jBNode.py;jb_callback;20;40;Comando Joystick Bluetooth: 3;JoystickBluetooth
1781781705.8882647;1781781705.8881624;/home/samuchair/ros2_ws/install/samuchair/lib/python3.12/site-packages/samuchair/webcamNode.py;timer_callback;20;112;Frame: 184;webcam
1781781705.888983;1781781705.8888867;/home/samuchair/ros2_ws/install/samuchair/lib/python3.12/site-packages/samuchair/webcamNode.py;timer_callback;20;121;Webcam : CONNECTED;webcam
1781781707.7370856;1781781707.7369804;/home/samuchair/ros2_ws/install/samuchair/lib/python3.12/site-packages/samuchair/jBNode.py;jb_callback;20;40;Comando Joystick Bluetooth: 10;JoystickBluetooth
1781781707.8878887;1781781707.8877845;/home/samuchair/ros2_ws/install/samuchair/lib/python3.12/site-packages/samuchair/webcamNode.py;timer_callback;20;112;Frame: 185;webcam
1781781707.8887339;1781781707.8886333;/home/samuchair/ros2_ws/install/samuchair/lib/python3.12/site-packages/samuchair/webcamNode.py;timer_callback;20;121;Webcam : CONNECTED;webcam
1781781708.8185842;1781781708.8182166;/home/samuchair/ros2_ws/install/samuchair/lib/python3.12/site-packages/samuchair/jBNode.py;jb_callback;20;40;Comando Joystick Bluetooth: 3;JoystickBluetooth
1781781708.8197064;1781781708.8195653;/home/samuchair/ros2_ws/install/samuchair/lib/python3.12/site-packages/samuchair/jBNode.py;jb_callback;20;40;Comando Joystick Bluetooth: 12;JoystickBluetooth
1781781708.9128842;1781781708.9120204;/home/samuchair/ros2_ws/install/samuchair/lib/python3.12/site-packages/samuchair/jBNode.py;jb_callback;20;40;Comando Joystick Bluetooth: 6;JoystickBluetooth
1781781709.8882694;1781781709.888169;/home/samuchair/ros2_ws/install/samuchair/lib/python3.12/site-packages/samuchair/webcamNode.py;timer_callback;20;112;Frame: 186;webcam
1781781709.8889961;1781781709.8889089;/home/samuchair/ros2_ws/install/samuchair/lib/python3.12/site-packages/samuchair/webcamNode.py;timer_callback;20;121;Webcam : CONNECTED;webcam
1781781710.3536522;1781781710.3520744;/home/samuchair/ros2_ws/install/samuchair/lib/python3.12/site-packages/samuchair/jBNode.py;jb_callback;20;40;Comando Joystick Bluetooth: 12;JoystickBluetooth
1781781710.49727;1781781710.49716;/home/samuchair/ros2_ws/install/samuchair/lib/python3.12/site-packages/samuchair/jBNode.py;jb_callback;20;40;Comando Joystick Bluetooth: 3;JoystickBluetooth
1781781710.8324351;1781781710.8320904;/home/samuchair/ros2_ws/install/samuchair/lib/python3.12/site-packages/samuchair/jBNode.py;jb_callback;20;40;Comando Joystick Bluetooth: 12;JoystickBluetooth
1781781711.793239;1781781711.7921278;/home/samuchair/ros2_ws/install/samuchair/lib/python3.12/site-packages/samuchair/jBNode.py;jb_callback;20;40;Comando Joystick Bluetooth: 3;JoystickBluetooth
1781781711.7965105;1781781711.7958527;/home/samuchair/ros2_ws/install/samuchair/lib/python3.12/site-packages/samuchair/jBNode.py;jb_callback;20;40;Comando Joystick Bluetooth: 10;JoystickBluetooth
1781781711.7968538;1781781711.7967515;/home/samuchair/ros2_ws/install/samuchair/lib/python3.12/site-packages/samuchair/jBNode.py;jb_callback;20;40;Comando Joystick Bluetooth: 9;JoystickBluetooth
1781781711.8541281;1781781711.8533123;/home/samuchair/ros2_ws/install/samuchair/lib/python3.12/site-packages/samuchair/jBNode.py;jb_callback;20;40;Comando Joystick Bluetooth: 9;JoystickBluetooth
1781781711.855795;1781781711.8554828;/home/samuchair/ros2_ws/install/samuchair/lib/python3.12/site-packages/samuchair/jBNode.py;jb_callback;20;40;Comando Joystick Bluetooth: 9;JoystickBluetooth
1781781711.8565788;1781781711.856471;/home/samuchair/ros2_ws/install/samuchair/lib/python3.12/site-packages/samuchair/jBNode.py;jb_callback;20;40;Comando Joystick Bluetooth: 9;JoystickBluetooth
1781781711.8598962;1781781711.859163;/home/samuchair/ros2_ws/install/samuchair/lib/python3.12/site-packages/samuchair/jBNode.py;jb_callback;20;40;Comando Joystick Bluetooth: 9;JoystickBluetooth
1781781711.886071;1781781711.8859727;/home/samuchair/ros2_ws/install/samuchair/lib/python3.12/site-packages/samuchair/webcamNode.py;timer_callback;20;112;Frame: 187;webcam
1781781711.8870745;1781781711.886865;/home/samuchair/ros2_ws/install/samuchair/lib/python3.12/site-packages/samuchair/webcamNode.py;timer_callback;20;121;Webcam : CONNECTED;webcam
1781781711.9121933;1781781711.912082;/home/samuchair/ros2_ws/install/samuchair/lib/python3.12/site-packages/samuchair/jBNode.py;jb_callback;20;40;Comando Joystick Bluetooth: 15;JoystickBluetooth
1781781711.9740887;1781781711.9733465;/home/samuchair/ros2_ws/install/samuchair/lib/python3.12/site-packages/samuchair/jBNode.py;jb_callback;20;40;Comando Joystick Bluetooth: 9;JoystickBluetooth
1781781713.5151603;1781781713.5139976;/home/samuchair/ros2_ws/install/samuchair/lib/python3.12/site-packages/samuchair/movilNode.py;timer_callback;20;300;Dato publicado Fase Ejecucion: 50;Movil
1781781713.5151935;1781781713.5142336;/home/samuchair/ros2_ws/install/samuchair/lib/python3.12/site-packages/samuchair/mainNode.py;callback_subMovilEjecucion;20;324;Comando Movil Ejecucion: 50;mainNode
1781781713.8876057;1781781713.8874962;/home/samuchair/ros2_ws/install/samuchair/lib/python3.12/site-packages/samuchair/webcamNode.py;timer_callback;20;112;Frame: 188;webcam
1781781713.8883417;1781781713.8882406;/home/samuchair/ros2_ws/install/samuchair/lib/python3.12/site-packages/samuchair/webcamNode.py;timer_callback;20;121;Webcam : CONNECTED;webcam
1781781714.4355128;1781781714.4346719;/home/samuchair/ros2_ws/install/samuchair/lib/python3.12/site-packages/samuchair/jBNode.py;jb_callback;20;40;Comando Joystick Bluetooth: 0;JoystickBluetooth
1781781714.6384501;1781781714.6372085;/home/samuchair/ros2_ws/install/samuchair/lib/python3.12/site-packages/samuchair/jBNode.py;jb_callback;20;40;Comando Joystick Bluetooth: 3;JoystickBluetooth
1781781715.8865745;1781781715.8864706;/home/samuchair/ros2_ws/install/samuchair/lib/python3.12/site-packages/samuchair/webcamNode.py;timer_callback;20;112;Frame: 189;webcam
1781781715.8874288;1781781715.8872256;/home/samuchair/ros2_ws/install/samuchair/lib/python3.12/site-packages/samuchair/webcamNode.py;timer_callback;20;121;Webcam : CONNECTED;webcam
1781781716.0145402;1781781716.0138412;/home/samuchair/ros2_ws/install/samuchair/lib/python3.12/site-packages/samuchair/movilNode.py;timer_callback;20;300;Dato publicado Fase Ejecucion: 30;Movil
1781781716.0145495;1781781716.0141356;/home/samuchair/ros2_ws/install/samuchair/lib/python3.12/site-packages/samuchair/mainNode.py;callback_subMovilEjecucion;20;324;Comando Movil Ejecucion: 30;mainNode
