1783416747.72914;right_wheel_steps;1
1783416748.729007;right_wheel_steps;1
1783416749.7289145;right_wheel_steps;-152
1783416750.728933;right_wheel_steps;-212
1783416751.728883;right_wheel_steps;-162
1783416752.7288256;right_wheel_steps;-184
1783416753.7287648;right_wheel_steps;46
1783416754.7288756;right_wheel_steps;0
1783416755.728882;right_wheel_steps;0
1783416756.728845;right_wheel_steps;0
1783416757.7288902;right_wheel_steps;0
1783416758.728975;right_wheel_steps;0
1783416759.728912;right_wheel_steps;0
1783416760.7290092;right_wheel_steps;0
1783416761.7289946;right_wheel_steps;0
1783416762.729;right_wheel_steps;0
1783416763.72901;right_wheel_steps;0
1783416764.7288585;right_wheel_steps;0
1783416765.7292058;right_wheel_steps;0
1783416766.7288406;right_wheel_steps;0
1783416767.728864;right_wheel_steps;0
1783416768.7288637;right_wheel_steps;0
1783416769.728824;right_wheel_steps;0
1783416770.7288406;right_wheel_steps;0
1783416771.728863;right_wheel_steps;0
1783416772.728828;right_wheel_steps;0
1783416773.7288506;right_wheel_steps;0
1783416774.72883;right_wheel_steps;0
1783416775.728869;right_wheel_steps;0
1783416776.72886;right_wheel_steps;0
1783416777.728634;right_wheel_steps;0
1783416778.7288532;right_wheel_steps;0
1783416779.7288494;right_wheel_steps;0
1783416780.729055;right_wheel_steps;0
1783416781.7288566;right_wheel_steps;0
1783416782.7288437;right_wheel_steps;0
1783416783.728527;right_wheel_steps;0
1783416784.7288568;right_wheel_steps;0
1783416785.7290697;right_wheel_steps;-41
1783416786.7289405;right_wheel_steps;-177
1783416787.728908;right_wheel_steps;-185
1783416788.7289264;right_wheel_steps;-190
1783416789.7288673;right_wheel_steps;-193
1783416790.7288687;right_wheel_steps;-192
1783416791.728878;right_wheel_steps;-195
1783416792.728981;right_wheel_steps;-190
1783416793.7288492;right_wheel_steps;-198
1783416794.7288566;right_wheel_steps;-103
1783416795.7291565;right_wheel_steps;0
1783416796.7291892;right_wheel_steps;0
1783416797.728773;right_wheel_steps;0
1783416798.7288826;right_wheel_steps;0
1783416799.7289248;right_wheel_steps;0
1783416800.7289236;right_wheel_steps;0
1783416801.7291064;right_wheel_steps;0
1783416802.728885;right_wheel_steps;28
1783416803.728896;right_wheel_steps;187
1783416804.728932;right_wheel_steps;256
1783416805.7288868;right_wheel_steps;258
1783416806.728912;right_wheel_steps;251
1783416807.7288222;right_wheel_steps;249
1783416808.7289045;right_wheel_steps;250
1783416809.7287767;right_wheel_steps;252
1783416810.7289064;right_wheel_steps;144
1783416811.7295065;right_wheel_steps;0
1783416812.728775;right_wheel_steps;0
1783416813.7289472;right_wheel_steps;0
1783416814.728898;right_wheel_steps;0
1783416815.7288544;right_wheel_steps;0
1783416816.728878;right_wheel_steps;0
1783416817.7289586;right_wheel_steps;0
1783416818.7289095;right_wheel_steps;0
1783416819.7287705;right_wheel_steps;10
1783416820.7290068;right_wheel_steps;146
1783416821.7289062;right_wheel_steps;192
1783416822.728959;right_wheel_steps;222
1783416823.728775;right_wheel_steps;248
1783416824.7288735;right_wheel_steps;112
1783416825.7289412;right_wheel_steps;0
1783416826.7289455;right_wheel_steps;0
1783416827.7288065;right_wheel_steps;0
1783416828.7289352;right_wheel_steps;0
1783416829.7290854;right_wheel_steps;0
1783416830.72893;right_wheel_steps;0
1783416831.7286353;right_wheel_steps;0
1783416832.7297685;right_wheel_steps;-11
1783416833.72885;right_wheel_steps;-159
1783416834.72886;right_wheel_steps;-223
1783416835.7290423;right_wheel_steps;-223
1783416836.7289362;right_wheel_steps;-219
1783416837.728724;right_wheel_steps;-207
1783416838.7289252;right_wheel_steps;-116
1783416839.7289326;right_wheel_steps;0
1783416840.728942;right_wheel_steps;0
1783416841.728837;right_wheel_steps;0
1783416842.7287388;right_wheel_steps;0
1783416843.7292185;right_wheel_steps;0
1783416844.729143;right_wheel_steps;0
1783416845.7288554;right_wheel_steps;0
1783416846.7287643;right_wheel_steps;143
1783416847.7289667;right_wheel_steps;297
1783416848.7289927;right_wheel_steps;301
1783416849.7289696;right_wheel_steps;288
1783416850.7289116;right_wheel_steps;275
1783416851.7288728;right_wheel_steps;286
1783416852.7290058;right_wheel_steps;157
1783416853.7289855;right_wheel_steps;0
1783416854.729196;right_wheel_steps;0
1783416855.7288263;right_wheel_steps;0
1783416856.728893;right_wheel_steps;-73
1783416857.729132;right_wheel_steps;-250
1783416858.7289245;right_wheel_steps;-268
1783416859.7288885;right_wheel_steps;-268
1783416860.7288723;right_wheel_steps;-270
1783416861.7289708;right_wheel_steps;-274
1783416862.728943;right_wheel_steps;-269
1783416863.7288904;right_wheel_steps;-219
1783416864.7289534;right_wheel_steps;1
1783416865.7289908;right_wheel_steps;0
1783416866.728913;right_wheel_steps;0
1783416867.7288108;right_wheel_steps;0
1783416868.7288938;right_wheel_steps;0
1783416869.7289782;right_wheel_steps;0
1783416870.7289562;right_wheel_steps;0
1783416871.728915;right_wheel_steps;0
1783416872.7289166;right_wheel_steps;0
1783416873.7288868;right_wheel_steps;0
1783416874.7289274;right_wheel_steps;0
1783416875.7288656;right_wheel_steps;0
1783416876.728994;right_wheel_steps;0
1783416877.728966;right_wheel_steps;0
1783416878.7289937;right_wheel_steps;0
1783416879.728972;right_wheel_steps;0
1783416880.729635;right_wheel_steps;0
1783416881.7288997;right_wheel_steps;0
1783416882.7289295;right_wheel_steps;0
1783416883.7288082;right_wheel_steps;0
1783416884.728889;right_wheel_steps;0
1783416885.7288744;right_wheel_steps;0
1783416886.729293;right_wheel_steps;0
1783416887.7288318;right_wheel_steps;0
1783416888.728859;right_wheel_steps;0
1783416889.728774;right_wheel_steps;0
1783416890.7288508;right_wheel_steps;0
1783416891.728857;right_wheel_steps;0
1783416892.7288525;right_wheel_steps;0
1783416893.7288673;right_wheel_steps;0
1783416894.7289038;right_wheel_steps;0
1783416895.728763;right_wheel_steps;0
1783416896.728862;right_wheel_steps;0
1783416897.7287326;right_wheel_steps;0
1783416898.728866;right_wheel_steps;0
1783416899.728841;right_wheel_steps;0
1783416900.7288327;right_wheel_steps;0
1783416901.7288587;right_wheel_steps;0
1783416902.728867;right_wheel_steps;0
1783416903.7287796;right_wheel_steps;0
1783416904.728852;right_wheel_steps;0
1783416905.7288706;right_wheel_steps;0
1783416906.728856;right_wheel_steps;0
1783416907.72883;right_wheel_steps;0
1783416908.7288752;right_wheel_steps;0
1783416909.7288814;right_wheel_steps;0
1783416910.728904;right_wheel_steps;0
1783416911.7288325;right_wheel_steps;0
1783416912.7289078;right_wheel_steps;0
1783416913.7288344;right_wheel_steps;0
1783416914.7290258;right_wheel_steps;0
1783416915.7288518;right_wheel_steps;0
1783416916.728866;right_wheel_steps;0
1783416917.72894;right_wheel_steps;0
1783416918.7289708;right_wheel_steps;0
1783416919.7288504;right_wheel_steps;0
1783416920.728776;right_wheel_steps;0
1783416921.7288637;right_wheel_steps;0
1783416922.7292154;right_wheel_steps;0
1783416923.7291389;right_wheel_steps;-52
1783416924.7288108;right_wheel_steps;-186
1783416925.728893;right_wheel_steps;-196
1783416926.7289145;right_wheel_steps;-199
1783416927.7288623;right_wheel_steps;-196
1783416928.7288992;right_wheel_steps;-191
1783416929.7289555;right_wheel_steps;-189
1783416930.7289298;right_wheel_steps;-183
1783416931.729194;right_wheel_steps;28
1783416932.7292535;right_wheel_steps;0
1783416933.7289646;right_wheel_steps;0
1783416934.7289124;right_wheel_steps;0
1783416935.7291918;right_wheel_steps;0
1783416936.7300885;right_wheel_steps;0
1783416937.7289405;right_wheel_steps;4
1783416938.7289133;right_wheel_steps;131
1783416939.7289064;right_wheel_steps;251
1783416940.729189;right_wheel_steps;257
1783416941.7291446;right_wheel_steps;261
1783416942.7292426;right_wheel_steps;253
1783416943.729017;right_wheel_steps;248
1783416944.7288954;right_wheel_steps;253
1783416945.728947;right_wheel_steps;76
1783416946.7285798;right_wheel_steps;0
1783416947.728918;right_wheel_steps;0
1783416948.72887;right_wheel_steps;0
1783416949.72909;right_wheel_steps;0
1783416950.7289095;right_wheel_steps;0
1783416951.7292943;right_wheel_steps;0
1783416952.7288945;right_wheel_steps;0
1783416953.7292526;right_wheel_steps;35
1783416954.7290738;right_wheel_steps;181
1783416955.7289252;right_wheel_steps;215
1783416956.7286315;right_wheel_steps;216
1783416957.7288644;right_wheel_steps;126
1783416958.729023;right_wheel_steps;62
1783416959.7289283;right_wheel_steps;166
1783416960.7289326;right_wheel_steps;18
1783416961.7289767;right_wheel_steps;0
1783416962.7289667;right_wheel_steps;0
1783416963.7288938;right_wheel_steps;0
1783416964.729077;right_wheel_steps;0
1783416965.729185;right_wheel_steps;-9
1783416966.728798;right_wheel_steps;-145
1783416967.7295344;right_wheel_steps;-223
1783416968.7288935;right_wheel_steps;-225
1783416969.7289023;right_wheel_steps;-224
1783416970.7289524;right_wheel_steps;-220
1783416971.7287614;right_wheel_steps;-198
1783416972.7289057;right_wheel_steps;-85
1783416973.7289608;right_wheel_steps;0
1783416974.728927;right_wheel_steps;0
1783416975.7289195;right_wheel_steps;0
1783416976.7291386;right_wheel_steps;0
1783416977.728959;right_wheel_steps;24
1783416978.728937;right_wheel_steps;215
1783416979.729595;right_wheel_steps;284
1783416980.728927;right_wheel_steps;284
1783416981.728826;right_wheel_steps;286
1783416982.7288888;right_wheel_steps;281
1783416983.7288778;right_wheel_steps;283
1783416984.728934;right_wheel_steps;243
1783416985.7287626;right_wheel_steps;3
1783416986.7289174;right_wheel_steps;0
1783416987.7290215;right_wheel_steps;0
1783416988.7289734;right_wheel_steps;0
1783416989.729067;right_wheel_steps;0
1783416990.7291558;right_wheel_steps;0
1783416991.7291749;right_wheel_steps;2
1783416992.7292285;right_wheel_steps;-164
1783416993.7290688;right_wheel_steps;-264
1783416994.7289584;right_wheel_steps;-263
1783416995.72901;right_wheel_steps;-264
1783416996.7289858;right_wheel_steps;-269
1783416997.7290888;right_wheel_steps;-274
1783416998.7290504;right_wheel_steps;-271
1783416999.728943;right_wheel_steps;-195
1783417000.7288852;right_wheel_steps;0
1783417001.7295518;right_wheel_steps;0
1783417002.72897;right_wheel_steps;0
1783417003.728845;right_wheel_steps;0
1783417004.7290778;right_wheel_steps;0
1783417005.7292497;right_wheel_steps;0
1783417006.729128;right_wheel_steps;0
1783417007.7288282;right_wheel_steps;6
1783417008.728934;right_wheel_steps;138
1783417009.7291555;right_wheel_steps;256
1783417010.7291546;right_wheel_steps;246
1783417011.7289803;right_wheel_steps;73
1783417012.7295337;right_wheel_steps;0
1783417013.7289026;right_wheel_steps;0
1783417014.7290905;right_wheel_steps;0
1783417015.7288668;right_wheel_steps;0
1783417016.7290716;right_wheel_steps;0
1783417017.728948;right_wheel_steps;44
1783417018.728922;right_wheel_steps;191
1783417019.7289612;right_wheel_steps;137
1783417020.728961;right_wheel_steps;0
1783417021.729046;right_wheel_steps;0
1783417022.7290647;right_wheel_steps;0
1783417023.7291331;right_wheel_steps;0
1783417024.729259;right_wheel_steps;0
1783417025.729223;right_wheel_steps;0
1783417026.7290566;right_wheel_steps;-5
1783417027.7289946;right_wheel_steps;-140
1783417028.7290308;right_wheel_steps;-208
1783417029.7290013;right_wheel_steps;-205
1783417030.729009;right_wheel_steps;-202
1783417031.7289684;right_wheel_steps;-199
1783417032.7290382;right_wheel_steps;-103
1783417033.7290032;right_wheel_steps;0
1783417034.7292526;right_wheel_steps;0
1783417035.7289884;right_wheel_steps;0
1783417036.7292235;right_wheel_steps;0
1783417037.728934;right_wheel_steps;0
1783417038.729217;right_wheel_steps;0
1783417039.7289596;right_wheel_steps;0
1783417040.7291024;right_wheel_steps;0
1783417041.7289882;right_wheel_steps;0
1783417042.7289193;right_wheel_steps;0
1783417043.7291763;right_wheel_steps;0
1783417044.7291946;right_wheel_steps;24
1783417045.728917;right_wheel_steps;113
1783417046.7288172;right_wheel_steps;117
1783417047.7288415;right_wheel_steps;116
1783417048.728923;right_wheel_steps;114
1783417049.7292109;right_wheel_steps;117
1783417050.729175;right_wheel_steps;122
1783417051.7288742;right_wheel_steps;122
1783417052.728896;right_wheel_steps;117
1783417053.728964;right_wheel_steps;121
1783417054.7290308;right_wheel_steps;116
1783417055.7288122;right_wheel_steps;120
1783417056.7289803;right_wheel_steps;118
1783417057.7289288;right_wheel_steps;114
1783417058.7289135;right_wheel_steps;109
1783417059.728902;right_wheel_steps;8
1783417060.7291832;right_wheel_steps;0
1783417061.7286632;right_wheel_steps;0
1783417062.7289526;right_wheel_steps;0
1783417063.7291572;right_wheel_steps;0
1783417064.72891;right_wheel_steps;0
1783417065.7296536;right_wheel_steps;0
1783417066.7289672;right_wheel_steps;-5
1783417067.7290764;right_wheel_steps;96
1783417068.7289765;right_wheel_steps;241
1783417069.7289774;right_wheel_steps;266
1783417070.7288525;right_wheel_steps;276
1783417071.7288604;right_wheel_steps;245
1783417072.728983;right_wheel_steps;56
1783417073.7289028;right_wheel_steps;0
1783417074.729041;right_wheel_steps;0
1783417075.7289348;right_wheel_steps;0
1783417076.728895;right_wheel_steps;0
1783417077.728757;right_wheel_steps;0
1783417078.7287445;right_wheel_steps;0
1783417079.7287347;right_wheel_steps;0
1783417080.7291195;right_wheel_steps;0
1783417081.7288315;right_wheel_steps;0
1783417082.7288334;right_wheel_steps;0
1783417083.7287526;right_wheel_steps;0
1783417084.7288866;right_wheel_steps;0
1783417085.7288463;right_wheel_steps;0
1783417086.72885;right_wheel_steps;0
1783417087.728824;right_wheel_steps;0
1783417088.728856;right_wheel_steps;0
1783417089.7304187;right_wheel_steps;0
1783417090.7288156;right_wheel_steps;0
1783417091.7288804;right_wheel_steps;0
1783417092.7288802;right_wheel_steps;0
1783417093.7288368;right_wheel_steps;0
1783417094.7288933;right_wheel_steps;0
1783417095.728689;right_wheel_steps;0
1783417096.7288587;right_wheel_steps;0
1783417097.7288318;right_wheel_steps;0
1783417098.7288623;right_wheel_steps;0
1783417099.7288537;right_wheel_steps;0
1783417100.728871;right_wheel_steps;0
1783417101.728887;right_wheel_steps;0
1783417102.728837;right_wheel_steps;0
1783417103.72886;right_wheel_steps;0
1783417104.7288747;right_wheel_steps;0
1783417105.7288406;right_wheel_steps;0
1783417106.7289774;right_wheel_steps;0
1783417107.728759;right_wheel_steps;0
1783417108.728865;right_wheel_steps;0
1783417109.7288682;right_wheel_steps;0
1783417110.728856;right_wheel_steps;0
1783417111.728852;right_wheel_steps;0
1783417112.7288525;right_wheel_steps;0
1783417113.7288074;right_wheel_steps;0
1783417114.728866;right_wheel_steps;0
1783417115.7288668;right_wheel_steps;0
1783417116.7289565;right_wheel_steps;0
1783417117.7288594;right_wheel_steps;0
1783417118.728865;right_wheel_steps;0
1783417119.7289035;right_wheel_steps;0
1783417120.7288632;right_wheel_steps;0
1783417121.7288933;right_wheel_steps;0
1783417122.7288797;right_wheel_steps;0
1783417123.7288272;right_wheel_steps;0
1783417124.7289023;right_wheel_steps;0
1783417125.7288165;right_wheel_steps;0
1783417126.7288594;right_wheel_steps;0
1783417127.7288766;right_wheel_steps;0
1783417128.7288704;right_wheel_steps;0
1783417129.728729;right_wheel_steps;0
1783417130.728823;right_wheel_steps;0
1783417131.728869;right_wheel_steps;0
1783417132.728842;right_wheel_steps;0
1783417133.7288833;right_wheel_steps;0
1783417134.7289152;right_wheel_steps;0
1783417135.728764;right_wheel_steps;0
1783417136.7288902;right_wheel_steps;0
1783417137.7288728;right_wheel_steps;0
1783417138.7289734;right_wheel_steps;0
1783417139.7288094;right_wheel_steps;0
1783417140.7288675;right_wheel_steps;0
1783417141.7288363;right_wheel_steps;0
1783417142.7289214;right_wheel_steps;0
1783417143.7288594;right_wheel_steps;0
1783417144.72885;right_wheel_steps;0
1783417145.7288563;right_wheel_steps;0
1783417146.728928;right_wheel_steps;0
1783417147.72882;right_wheel_steps;0
1783417148.7288852;right_wheel_steps;0
1783417149.7290409;right_wheel_steps;0
1783417150.7289145;right_wheel_steps;0
1783417151.728858;right_wheel_steps;0
1783417152.7289398;right_wheel_steps;0
1783417153.728925;right_wheel_steps;0
1783417154.7290435;right_wheel_steps;0
1783417155.7288308;right_wheel_steps;0
1783417156.7287614;right_wheel_steps;0
1783417157.729093;right_wheel_steps;0
1783417158.728907;right_wheel_steps;0
1783417159.7288327;right_wheel_steps;0
1783417160.728824;right_wheel_steps;0
1783417161.7289004;right_wheel_steps;0
1783417162.7288682;right_wheel_steps;0
1783417163.7288673;right_wheel_steps;0
1783417164.728863;right_wheel_steps;0
1783417165.728717;right_wheel_steps;0
1783417166.7288053;right_wheel_steps;0
1783417167.7286904;right_wheel_steps;0
1783417168.7288325;right_wheel_steps;0
1783417169.7288773;right_wheel_steps;0
1783417170.7289453;right_wheel_steps;0
1783417171.728904;right_wheel_steps;0
1783417172.7288775;right_wheel_steps;0
1783417173.728765;right_wheel_steps;0
1783417174.72892;right_wheel_steps;0
1783417175.7288492;right_wheel_steps;0
1783417176.7288694;right_wheel_steps;0
1783417177.7288413;right_wheel_steps;0
1783417178.728825;right_wheel_steps;0
1783417179.7288415;right_wheel_steps;0
1783417180.7288654;right_wheel_steps;0
1783417181.7288532;right_wheel_steps;0
1783417182.7289562;right_wheel_steps;0
1783417183.7289443;right_wheel_steps;0
1783417184.7289782;right_wheel_steps;0
1783417185.7288165;right_wheel_steps;0
1783417186.7288592;right_wheel_steps;0
1783417187.7288642;right_wheel_steps;0
1783417188.7295234;right_wheel_steps;0
1783417189.7287793;right_wheel_steps;0
1783417190.728869;right_wheel_steps;0
1783417191.7288744;right_wheel_steps;0
1783417192.72887;right_wheel_steps;0
1783417193.7287705;right_wheel_steps;0
1783417194.7288966;right_wheel_steps;0
1783417195.728888;right_wheel_steps;0
1783417196.7288744;right_wheel_steps;0
1783417197.7286718;right_wheel_steps;0
1783417198.7288375;right_wheel_steps;0
1783417199.728878;right_wheel_steps;0
1783417200.728847;right_wheel_steps;0
1783417201.7287664;right_wheel_steps;0
1783417202.7288673;right_wheel_steps;0
1783417203.7288728;right_wheel_steps;0
1783417204.728877;right_wheel_steps;0
1783417205.7288334;right_wheel_steps;0
1783417206.7288697;right_wheel_steps;0
1783417207.728859;right_wheel_steps;0
1783417208.7288585;right_wheel_steps;0
1783417209.7288032;right_wheel_steps;0
1783417210.728825;right_wheel_steps;0
1783417211.7288363;right_wheel_steps;0
1783417212.728917;right_wheel_steps;0
1783417213.7288282;right_wheel_steps;0
1783417214.7288706;right_wheel_steps;0
1783417215.728861;right_wheel_steps;0
1783417216.728875;right_wheel_steps;0
1783417217.7288468;right_wheel_steps;0
1783417218.7288237;right_wheel_steps;0
1783417219.7288315;right_wheel_steps;0
1783417220.728853;right_wheel_steps;0
1783417221.7288537;right_wheel_steps;0
1783417222.728826;right_wheel_steps;0
1783417223.728832;right_wheel_steps;0
1783417224.7290168;right_wheel_steps;0
1783417225.728811;right_wheel_steps;0
1783417226.7288315;right_wheel_steps;0
1783417227.7291243;right_wheel_steps;0
1783417228.728882;right_wheel_steps;0
1783417229.7289011;right_wheel_steps;0
1783417230.729014;right_wheel_steps;0
1783417231.7289157;right_wheel_steps;0
1783417232.7290242;right_wheel_steps;0
1783417233.7291274;right_wheel_steps;0
1783417234.7288444;right_wheel_steps;0
1783417235.729759;right_wheel_steps;0
1783417236.7289734;right_wheel_steps;0
1783417237.7288065;right_wheel_steps;0
1783417238.7288258;right_wheel_steps;0
1783417239.7289634;right_wheel_steps;0
1783417240.728838;right_wheel_steps;0
1783417241.728763;right_wheel_steps;0
1783417242.728976;right_wheel_steps;0
1783417243.7288818;right_wheel_steps;0
1783417244.728916;right_wheel_steps;0
1783417245.7289045;right_wheel_steps;0
1783417246.7288344;right_wheel_steps;0
1783417247.728889;right_wheel_steps;0
1783417248.7289507;right_wheel_steps;0
1783417249.7287683;right_wheel_steps;0
1783417250.7288349;right_wheel_steps;0
1783417251.7289531;right_wheel_steps;0
1783417252.72885;right_wheel_steps;0
1783417253.7289188;right_wheel_steps;0
1783417254.72901;right_wheel_steps;0
1783417255.7289152;right_wheel_steps;0
1783417256.7288988;right_wheel_steps;0
1783417257.7287445;right_wheel_steps;0
1783417258.7288454;right_wheel_steps;0
1783417259.7288728;right_wheel_steps;0
1783417260.7289164;right_wheel_steps;0
1783417261.7288673;right_wheel_steps;0
1783417262.7288587;right_wheel_steps;0
1783417263.7288916;right_wheel_steps;0
1783417264.7288916;right_wheel_steps;0
1783417265.7288527;right_wheel_steps;0
1783417266.7289026;right_wheel_steps;0
1783417267.7288675;right_wheel_steps;0
1783417268.7289145;right_wheel_steps;0
1783417269.7288992;right_wheel_steps;0
1783417270.7290528;right_wheel_steps;0
1783417271.728937;right_wheel_steps;0
1783417272.7289543;right_wheel_steps;0
1783417273.728928;right_wheel_steps;0
1783417274.7296743;right_wheel_steps;0
1783417275.728885;right_wheel_steps;0
1783417276.7288642;right_wheel_steps;0
1783417277.728934;right_wheel_steps;0
1783417278.7288532;right_wheel_steps;0
1783417279.728898;right_wheel_steps;0
1783417280.728916;right_wheel_steps;0
1783417281.728776;right_wheel_steps;0
1783417282.7288666;right_wheel_steps;0
1783417283.7288911;right_wheel_steps;0
1783417284.729009;right_wheel_steps;0
1783417285.72887;right_wheel_steps;0
1783417286.7288578;right_wheel_steps;0
1783417287.728858;right_wheel_steps;0
1783417288.7288785;right_wheel_steps;0
1783417289.7288878;right_wheel_steps;0
1783417290.728838;right_wheel_steps;0
1783417291.7288575;right_wheel_steps;0
1783417292.728862;right_wheel_steps;0
1783417293.7289326;right_wheel_steps;0
1783417294.7289493;right_wheel_steps;0
1783417295.728927;right_wheel_steps;0
1783417296.7289438;right_wheel_steps;0
1783417297.728953;right_wheel_steps;0
1783417298.7289937;right_wheel_steps;0
1783417299.7288194;right_wheel_steps;0
1783417300.728868;right_wheel_steps;0
1783417301.7288764;right_wheel_steps;0
1783417302.728968;right_wheel_steps;0
1783417303.7288592;right_wheel_steps;0
1783417304.728913;right_wheel_steps;0
1783417305.7289972;right_wheel_steps;0
1783417306.7289112;right_wheel_steps;0
1783417307.7289057;right_wheel_steps;0
1783417308.728917;right_wheel_steps;0
1783417309.7289028;right_wheel_steps;0
1783417310.728994;right_wheel_steps;0
1783417311.7287793;right_wheel_steps;0
1783417312.7291338;right_wheel_steps;0
1783417313.7288263;right_wheel_steps;0
1783417314.7288885;right_wheel_steps;0
1783417315.7288237;right_wheel_steps;0
1783417316.728867;right_wheel_steps;0
1783417317.7286866;right_wheel_steps;0
1783417318.7288978;right_wheel_steps;0
1783417319.728881;right_wheel_steps;0
1783417320.7288592;right_wheel_steps;0
1783417321.7288609;right_wheel_steps;0
1783417322.728892;right_wheel_steps;0
1783417323.7288215;right_wheel_steps;0
1783417324.7288988;right_wheel_steps;0
1783417325.7289152;right_wheel_steps;0
1783417326.7290237;right_wheel_steps;0
1783417327.7289293;right_wheel_steps;0
1783417328.7289236;right_wheel_steps;0
1783417329.7289402;right_wheel_steps;0
1783417330.7289212;right_wheel_steps;0
1783417331.729634;right_wheel_steps;0
1783417332.728886;right_wheel_steps;0
1783417333.7288918;right_wheel_steps;0
1783417334.7289314;right_wheel_steps;0
1783417335.7287788;right_wheel_steps;0
1783417336.7288718;right_wheel_steps;0
1783417337.7289214;right_wheel_steps;0
1783417338.7288983;right_wheel_steps;0
1783417339.7289104;right_wheel_steps;0
1783417340.728887;right_wheel_steps;0
1783417341.728868;right_wheel_steps;0
1783417342.7289052;right_wheel_steps;0
1783417343.7288764;right_wheel_steps;0
1783417344.7288556;right_wheel_steps;0
1783417345.728849;right_wheel_steps;0
1783417346.7289028;right_wheel_steps;0
1783417347.728849;right_wheel_steps;0
1783417348.7288637;right_wheel_steps;0
1783417349.7289152;right_wheel_steps;0
1783417350.728887;right_wheel_steps;0
1783417351.7288618;right_wheel_steps;0
1783417352.7300084;right_wheel_steps;0
1783417353.7289152;right_wheel_steps;0
1783417354.7289042;right_wheel_steps;0
1783417355.72886;right_wheel_steps;0
1783417356.728846;right_wheel_steps;0
1783417357.7288802;right_wheel_steps;0
1783417358.7288845;right_wheel_steps;0
1783417359.728897;right_wheel_steps;0
1783417360.7288342;right_wheel_steps;0
1783417361.7288623;right_wheel_steps;0
1783417362.7288673;right_wheel_steps;0
1783417363.7288172;right_wheel_steps;0
1783417364.7289188;right_wheel_steps;0
1783417365.7289205;right_wheel_steps;0
1783417366.7289176;right_wheel_steps;0
1783417367.728926;right_wheel_steps;0
1783417368.72887;right_wheel_steps;0
1783417369.7288766;right_wheel_steps;0
1783417370.728927;right_wheel_steps;0
1783417371.728893;right_wheel_steps;0
1783417372.728901;right_wheel_steps;0
1783417373.7289422;right_wheel_steps;0
1783417374.728953;right_wheel_steps;0
1783417375.72884;right_wheel_steps;0
1783417376.7295048;right_wheel_steps;0
1783417377.72876;right_wheel_steps;0
1783417378.7289045;right_wheel_steps;0
1783417379.728876;right_wheel_steps;0
1783417380.7288845;right_wheel_steps;0
1783417381.7289412;right_wheel_steps;0
1783417382.7289464;right_wheel_steps;0
1783417383.728968;right_wheel_steps;0
1783417384.7289429;right_wheel_steps;0
1783417385.7290256;right_wheel_steps;0
1783417386.728955;right_wheel_steps;0
1783417387.7288857;right_wheel_steps;0
1783417388.7289383;right_wheel_steps;0
1783417389.7288437;right_wheel_steps;0
1783417390.72913;right_wheel_steps;0
1783417391.728891;right_wheel_steps;0
1783417392.7288146;right_wheel_steps;0
1783417393.7288182;right_wheel_steps;0
1783417394.7288718;right_wheel_steps;0
1783417395.7288134;right_wheel_steps;0
1783417396.728814;right_wheel_steps;0
1783417397.7288587;right_wheel_steps;0
1783417398.7288618;right_wheel_steps;0
1783417399.7288785;right_wheel_steps;0
1783417400.72886;right_wheel_steps;0
1783417401.7288404;right_wheel_steps;0
1783417402.7288375;right_wheel_steps;0
1783417403.7288575;right_wheel_steps;0
1783417404.728831;right_wheel_steps;0
1783417405.7288282;right_wheel_steps;0
1783417406.7288637;right_wheel_steps;0
1783417407.7286403;right_wheel_steps;0
1783417408.7287705;right_wheel_steps;0
1783417409.7288508;right_wheel_steps;0
1783417410.7288003;right_wheel_steps;0
1783417411.7288103;right_wheel_steps;0
1783417412.7288306;right_wheel_steps;0
1783417413.7288623;right_wheel_steps;0
1783417414.728896;right_wheel_steps;0
1783417415.7288418;right_wheel_steps;0
1783417416.7288306;right_wheel_steps;0
1783417417.7288494;right_wheel_steps;0
1783417418.7288637;right_wheel_steps;0
1783417419.728778;right_wheel_steps;0
1783417420.728821;right_wheel_steps;0
1783417421.7288938;right_wheel_steps;0
1783417422.7288709;right_wheel_steps;0
1783417423.7288215;right_wheel_steps;0
1783417424.7288768;right_wheel_steps;0
1783417425.7288797;right_wheel_steps;0
1783417426.7288723;right_wheel_steps;0
1783417427.7287152;right_wheel_steps;0
1783417428.7288427;right_wheel_steps;0
1783417429.728887;right_wheel_steps;0
1783417430.7289271;right_wheel_steps;0
1783417431.728835;right_wheel_steps;0
1783417432.7289245;right_wheel_steps;0
1783417433.7289045;right_wheel_steps;0
1783417434.729073;right_wheel_steps;0
1783417435.7288568;right_wheel_steps;0
1783417436.7289562;right_wheel_steps;0
1783417437.728811;right_wheel_steps;0
1783417438.728947;right_wheel_steps;0
1783417439.72886;right_wheel_steps;0
1783417440.7289453;right_wheel_steps;0
1783417441.7288706;right_wheel_steps;0
1783417442.7288845;right_wheel_steps;0
1783417443.7288086;right_wheel_steps;0
1783417444.7288787;right_wheel_steps;0
1783417445.728838;right_wheel_steps;0
1783417446.728876;right_wheel_steps;0
1783417447.72877;right_wheel_steps;0
1783417448.7288527;right_wheel_steps;0
1783417449.728877;right_wheel_steps;0
1783417450.7289054;right_wheel_steps;0
1783417451.7288697;right_wheel_steps;0
1783417452.728835;right_wheel_steps;0
1783417453.7288752;right_wheel_steps;0
1783417454.728932;right_wheel_steps;0
1783417455.7288723;right_wheel_steps;0
1783417456.728895;right_wheel_steps;0
1783417457.7289193;right_wheel_steps;0
1783417458.728887;right_wheel_steps;0
1783417459.728902;right_wheel_steps;0
1783417460.7289958;right_wheel_steps;0
1783417461.728913;right_wheel_steps;0
1783417462.7289429;right_wheel_steps;0
1783417463.7288978;right_wheel_steps;0
1783417464.7289343;right_wheel_steps;0
1783417465.7289405;right_wheel_steps;0
1783417466.728904;right_wheel_steps;0
1783417467.7298448;right_wheel_steps;0
1783417468.7288525;right_wheel_steps;0
1783417469.7288673;right_wheel_steps;0
1783417470.7288563;right_wheel_steps;0
1783417471.7288675;right_wheel_steps;0
1783417472.7288055;right_wheel_steps;0
1783417473.7288542;right_wheel_steps;0
1783417474.7289107;right_wheel_steps;0
1783417475.728861;right_wheel_steps;0
1783417476.7288494;right_wheel_steps;0
1783417477.728884;right_wheel_steps;0
1783417478.7288926;right_wheel_steps;0
1783417479.728873;right_wheel_steps;0
1783417480.7288668;right_wheel_steps;0
1783417481.7288756;right_wheel_steps;0
1783417482.7289047;right_wheel_steps;0
1783417483.7288606;right_wheel_steps;0
1783417484.7288702;right_wheel_steps;0
1783417485.72886;right_wheel_steps;0
1783417486.728883;right_wheel_steps;0
1783417487.7288542;right_wheel_steps;0
1783417488.7288327;right_wheel_steps;0
1783417489.7288892;right_wheel_steps;0
1783417490.7288756;right_wheel_steps;0
1783417491.7288015;right_wheel_steps;0
1783417492.728852;right_wheel_steps;0
1783417493.7288833;right_wheel_steps;0
1783417494.7288885;right_wheel_steps;0
1783417495.7288976;right_wheel_steps;0
1783417496.7288492;right_wheel_steps;0
1783417497.728716;right_wheel_steps;0
1783417498.7288775;right_wheel_steps;0
1783417499.728897;right_wheel_steps;0
1783417500.7288735;right_wheel_steps;0
1783417501.7288542;right_wheel_steps;0
1783417502.728867;right_wheel_steps;0
1783417503.7288098;right_wheel_steps;0
1783417504.7288349;right_wheel_steps;0
1783417505.7288244;right_wheel_steps;0
1783417506.7288606;right_wheel_steps;0
1783417507.7287588;right_wheel_steps;0
1783417508.7288213;right_wheel_steps;0
1783417509.728836;right_wheel_steps;0
1783417510.7288845;right_wheel_steps;0
1783417511.7288277;right_wheel_steps;0
1783417512.7288558;right_wheel_steps;0
1783417513.7288508;right_wheel_steps;0
1783417514.7288632;right_wheel_steps;0
1783417515.728814;right_wheel_steps;0
1783417516.7289865;right_wheel_steps;0
1783417517.7288756;right_wheel_steps;0
1783417518.7288575;right_wheel_steps;0
1783417519.7288463;right_wheel_steps;0
1783417520.7288687;right_wheel_steps;0
1783417521.7288451;right_wheel_steps;0
1783417522.728873;right_wheel_steps;0
1783417523.7288556;right_wheel_steps;0
1783417524.7288444;right_wheel_steps;0
1783417525.728812;right_wheel_steps;0
1783417526.7288468;right_wheel_steps;0
1783417527.7286642;right_wheel_steps;0
1783417528.728839;right_wheel_steps;0
1783417529.7288291;right_wheel_steps;0
1783417530.7288532;right_wheel_steps;0
1783417531.7288525;right_wheel_steps;0
1783417532.728853;right_wheel_steps;0
1783417533.728868;right_wheel_steps;0
1783417534.7288256;right_wheel_steps;0
1783417535.7287798;right_wheel_steps;0
1783417536.7291107;right_wheel_steps;0
1783417537.7289133;right_wheel_steps;0
1783417538.7290392;right_wheel_steps;0
1783417539.7288532;right_wheel_steps;0
1783417540.7289274;right_wheel_steps;0
1783417541.7289286;right_wheel_steps;0
1783417542.7289205;right_wheel_steps;0
1783417543.7288415;right_wheel_steps;0
1783417544.7288764;right_wheel_steps;0
1783417545.7287536;right_wheel_steps;0
1783417546.7291708;right_wheel_steps;0
1783417547.7289336;right_wheel_steps;0
1783417548.7288451;right_wheel_steps;0
1783417549.728862;right_wheel_steps;0
1783417550.7288656;right_wheel_steps;0
1783417551.728767;right_wheel_steps;0
1783417552.728867;right_wheel_steps;0
1783417553.7288842;right_wheel_steps;0
1783417554.728891;right_wheel_steps;0
1783417555.7288375;right_wheel_steps;0
1783417556.728867;right_wheel_steps;0
1783417557.728778;right_wheel_steps;0
1783417558.7288575;right_wheel_steps;0
1783417559.7288218;right_wheel_steps;0
1783417560.7288396;right_wheel_steps;0
1783417561.7287655;right_wheel_steps;0
1783417562.7289944;right_wheel_steps;0
1783417563.728653;right_wheel_steps;0
1783417564.7286842;right_wheel_steps;0
1783417565.728752;right_wheel_steps;0
1783417566.735314;right_wheel_steps;0
1783417567.728795;right_wheel_steps;0
1783417568.7287326;right_wheel_steps;0
1783417569.731005;right_wheel_steps;0
1783417570.7287118;right_wheel_steps;0
1783417571.7286685;right_wheel_steps;0
1783417572.7286825;right_wheel_steps;0
1783417573.7287276;right_wheel_steps;0
1783417574.7286942;right_wheel_steps;0
1783417575.7287724;right_wheel_steps;0
1783417576.7286787;right_wheel_steps;0
1783417577.7287652;right_wheel_steps;0
1783417578.728709;right_wheel_steps;0
1783417579.728747;right_wheel_steps;0
1783417580.7287064;right_wheel_steps;0
1783417581.728757;right_wheel_steps;0
1783417582.7286923;right_wheel_steps;0
1783417583.7288003;right_wheel_steps;0
1783417584.7286994;right_wheel_steps;0
1783417585.7287328;right_wheel_steps;0
1783417586.728677;right_wheel_steps;0
1783417587.7287486;right_wheel_steps;0
1783417588.7285476;right_wheel_steps;0
1783417589.7288592;right_wheel_steps;0
1783417590.728876;right_wheel_steps;0
1783417591.7288575;right_wheel_steps;0
1783417592.7289145;right_wheel_steps;0
1783417593.7288425;right_wheel_steps;0
1783417594.728887;right_wheel_steps;0
1783417595.7288518;right_wheel_steps;0
1783417596.7288816;right_wheel_steps;0
1783417597.7288792;right_wheel_steps;0
1783417598.7295513;right_wheel_steps;0
1783417599.7288864;right_wheel_steps;0
1783417600.7289116;right_wheel_steps;0
1783417601.728859;right_wheel_steps;0
1783417602.728871;right_wheel_steps;0
1783417603.7288723;right_wheel_steps;0
1783417604.7289755;right_wheel_steps;0
1783417605.7287717;right_wheel_steps;0
1783417606.7288203;right_wheel_steps;0
1783417607.7288556;right_wheel_steps;0
1783417608.728859;right_wheel_steps;0
1783417609.7288764;right_wheel_steps;0
1783417610.7288342;right_wheel_steps;0
1783417611.7288518;right_wheel_steps;0
1783417612.728853;right_wheel_steps;0
1783417613.728764;right_wheel_steps;0
1783417614.7288563;right_wheel_steps;0
1783417615.728841;right_wheel_steps;0
1783417616.7288656;right_wheel_steps;0
1783417617.728722;right_wheel_steps;0
1783417618.7288415;right_wheel_steps;0
1783417619.7288294;right_wheel_steps;0
1783417620.728981;right_wheel_steps;0
1783417621.7287772;right_wheel_steps;0
1783417622.7288914;right_wheel_steps;0
1783417623.7288702;right_wheel_steps;0
1783417624.728918;right_wheel_steps;0
1783417625.728833;right_wheel_steps;0
1783417626.728808;right_wheel_steps;0
1783417627.728763;right_wheel_steps;0
1783417628.7291107;right_wheel_steps;0
1783417629.7287571;right_wheel_steps;0
1783417630.728852;right_wheel_steps;0
1783417631.728829;right_wheel_steps;0
1783417632.7288432;right_wheel_steps;0
1783417633.7288024;right_wheel_steps;0
1783417634.7288527;right_wheel_steps;0
1783417635.728883;right_wheel_steps;0
1783417636.7288816;right_wheel_steps;0
1783417637.7288632;right_wheel_steps;0
1783417638.728864;right_wheel_steps;0
1783417639.72886;right_wheel_steps;0
1783417640.728895;right_wheel_steps;0
1783417641.7288222;right_wheel_steps;0
1783417642.728877;right_wheel_steps;0
1783417643.7288775;right_wheel_steps;0
1783417644.7288923;right_wheel_steps;0
1783417645.7288451;right_wheel_steps;0
1783417646.728837;right_wheel_steps;0
1783417647.728753;right_wheel_steps;0
1783417648.7288742;right_wheel_steps;0
1783417649.7288885;right_wheel_steps;0
1783417650.7288785;right_wheel_steps;0
1783417651.7288876;right_wheel_steps;0
1783417652.7289617;right_wheel_steps;0
1783417653.7288735;right_wheel_steps;0
1783417654.7288747;right_wheel_steps;0
1783417655.7288527;right_wheel_steps;0
1783417656.7288902;right_wheel_steps;0
1783417657.7288766;right_wheel_steps;0
1783417658.7288494;right_wheel_steps;0
1783417659.7288723;right_wheel_steps;0
1783417660.7288852;right_wheel_steps;0
1783417661.7288623;right_wheel_steps;0
1783417662.7288728;right_wheel_steps;0
1783417663.7288563;right_wheel_steps;0
1783417664.728928;right_wheel_steps;0
1783417665.7287989;right_wheel_steps;0
1783417666.7288573;right_wheel_steps;0
1783417667.7288544;right_wheel_steps;0
1783417668.7289093;right_wheel_steps;0
1783417669.728876;right_wheel_steps;0
1783417670.7288692;right_wheel_steps;0
1783417671.7288773;right_wheel_steps;0
1783417672.728916;right_wheel_steps;0
1783417673.7288835;right_wheel_steps;0
1783417674.7288892;right_wheel_steps;0
1783417675.7288537;right_wheel_steps;0
1783417676.7288976;right_wheel_steps;0
1783417677.7286484;right_wheel_steps;0
1783417678.7288575;right_wheel_steps;0
1783417679.7288876;right_wheel_steps;0
1783417680.728991;right_wheel_steps;0
1783417681.7288778;right_wheel_steps;0
1783417682.7288628;right_wheel_steps;0
1783417683.7288816;right_wheel_steps;0
1783417684.7289186;right_wheel_steps;0
1783417685.728818;right_wheel_steps;0
1783417686.7288768;right_wheel_steps;0
1783417687.7288766;right_wheel_steps;0
1783417688.728856;right_wheel_steps;0
1783417689.7288263;right_wheel_steps;0
1783417690.728866;right_wheel_steps;0
1783417691.728863;right_wheel_steps;0
1783417692.7289166;right_wheel_steps;0
1783417693.7289643;right_wheel_steps;0
1783417694.728965;right_wheel_steps;0
1783417695.7289374;right_wheel_steps;0
1783417696.7289565;right_wheel_steps;0
1783417697.729086;right_wheel_steps;0
1783417698.7288969;right_wheel_steps;0
1783417699.7289202;right_wheel_steps;0
1783417700.7289274;right_wheel_steps;0
1783417701.7288516;right_wheel_steps;0
1783417702.728905;right_wheel_steps;0
1783417703.7288702;right_wheel_steps;0
1783417704.728829;right_wheel_steps;0
1783417705.7289653;right_wheel_steps;0
1783417706.72885;right_wheel_steps;0
1783417707.728743;right_wheel_steps;0
1783417708.7288811;right_wheel_steps;0
1783417709.7288618;right_wheel_steps;0
1783417710.7288945;right_wheel_steps;0
1783417711.7288425;right_wheel_steps;0
1783417712.7288454;right_wheel_steps;0
1783417713.728885;right_wheel_steps;0
1783417714.728873;right_wheel_steps;0
1783417715.7295792;right_wheel_steps;0
1783417716.72883;right_wheel_steps;0
1783417717.7288446;right_wheel_steps;0
1783417718.7288427;right_wheel_steps;0
1783417719.7288413;right_wheel_steps;0
1783417720.728835;right_wheel_steps;0
1783417721.7288704;right_wheel_steps;0
1783417722.72888;right_wheel_steps;0
1783417723.728861;right_wheel_steps;0
1783417724.728897;right_wheel_steps;0
1783417725.7287498;right_wheel_steps;0
1783417726.728887;right_wheel_steps;0
1783417727.7288773;right_wheel_steps;0
1783417728.7288225;right_wheel_steps;0
1783417729.72886;right_wheel_steps;0
1783417730.7288623;right_wheel_steps;0
1783417731.728847;right_wheel_steps;0
1783417732.7288592;right_wheel_steps;0
1783417733.7288191;right_wheel_steps;0
1783417734.7288644;right_wheel_steps;0
1783417735.72881;right_wheel_steps;0
1783417736.7288334;right_wheel_steps;0
1783417737.7287004;right_wheel_steps;0
1783417738.728839;right_wheel_steps;0
1783417739.72888;right_wheel_steps;0
1783417740.7288551;right_wheel_steps;0
1783417741.7288463;right_wheel_steps;0
1783417742.72886;right_wheel_steps;0
1783417743.7288604;right_wheel_steps;0
1783417744.72883;right_wheel_steps;0
1783417745.7288089;right_wheel_steps;0
1783417746.72885;right_wheel_steps;0
1783417747.728822;right_wheel_steps;0
1783417748.7288284;right_wheel_steps;0
1783417749.7288475;right_wheel_steps;0
1783417750.7288291;right_wheel_steps;0
1783417751.7288573;right_wheel_steps;0
1783417752.728858;right_wheel_steps;0
1783417753.728878;right_wheel_steps;0
1783417754.728929;right_wheel_steps;0
1783417755.7288623;right_wheel_steps;0
1783417756.728868;right_wheel_steps;0
1783417757.7289057;right_wheel_steps;0
1783417758.728883;right_wheel_steps;0
1783417759.728853;right_wheel_steps;0
1783417760.7288344;right_wheel_steps;0
1783417761.728839;right_wheel_steps;0
1783417762.7290187;right_wheel_steps;0
1783417763.7288811;right_wheel_steps;0
1783417764.7288404;right_wheel_steps;0
1783417765.7288785;right_wheel_steps;0
1783417766.728875;right_wheel_steps;0
1783417767.728715;right_wheel_steps;0
1783417768.7288282;right_wheel_steps;0
1783417769.7288504;right_wheel_steps;0
1783417770.7288678;right_wheel_steps;0
1783417771.7288053;right_wheel_steps;0
1783417772.7288575;right_wheel_steps;0
1783417773.728869;right_wheel_steps;0
1783417774.728809;right_wheel_steps;0
1783417775.7289293;right_wheel_steps;0
1783417776.7288847;right_wheel_steps;0
1783417777.7287686;right_wheel_steps;0
1783417778.7289076;right_wheel_steps;0
1783417779.7288692;right_wheel_steps;0
1783417780.7289026;right_wheel_steps;0
1783417781.7290142;right_wheel_steps;0
1783417782.7288888;right_wheel_steps;0
1783417783.7290502;right_wheel_steps;0
1783417784.7289145;right_wheel_steps;0
1783417785.7288675;right_wheel_steps;0
1783417786.7288742;right_wheel_steps;0
1783417787.7288332;right_wheel_steps;0
1783417788.7288587;right_wheel_steps;0
1783417789.7288177;right_wheel_steps;0
1783417790.7288425;right_wheel_steps;0
1783417791.7288492;right_wheel_steps;0
1783417792.7288291;right_wheel_steps;0
1783417793.7288458;right_wheel_steps;0
1783417794.728884;right_wheel_steps;0
1783417795.7287786;right_wheel_steps;0
1783417796.7289329;right_wheel_steps;0
1783417797.728722;right_wheel_steps;0
1783417798.7288425;right_wheel_steps;0
1783417799.7288768;right_wheel_steps;0
1783417800.7288678;right_wheel_steps;0
1783417801.7288494;right_wheel_steps;0
1783417802.7288952;right_wheel_steps;0
1783417803.7288604;right_wheel_steps;0
1783417804.7288468;right_wheel_steps;0
1783417805.728824;right_wheel_steps;0
1783417806.7288592;right_wheel_steps;0
1783417807.7288516;right_wheel_steps;0
1783417808.7288392;right_wheel_steps;0
1783417809.7288492;right_wheel_steps;0
1783417810.728861;right_wheel_steps;0
1783417811.7288811;right_wheel_steps;0
1783417812.7288232;right_wheel_steps;0
1783417813.7288375;right_wheel_steps;0
1783417814.7288666;right_wheel_steps;0
1783417815.7287512;right_wheel_steps;0
1783417816.72881;right_wheel_steps;0
1783417817.728825;right_wheel_steps;0
1783417818.7288184;right_wheel_steps;0
1783417819.728732;right_wheel_steps;0
1783417820.728841;right_wheel_steps;0
1783417821.7288444;right_wheel_steps;0
1783417822.7288637;right_wheel_steps;0
1783417823.7288542;right_wheel_steps;0
1783417824.728893;right_wheel_steps;0
1783417825.7288134;right_wheel_steps;0
1783417826.728825;right_wheel_steps;0
1783417827.7286353;right_wheel_steps;0
1783417828.7288296;right_wheel_steps;0
1783417829.7288797;right_wheel_steps;0
1783417830.7288525;right_wheel_steps;0
1783417831.7288077;right_wheel_steps;0
1783417832.7288308;right_wheel_steps;0
1783417833.7288463;right_wheel_steps;0
1783417834.7288463;right_wheel_steps;0
1783417835.7288382;right_wheel_steps;0
1783417836.7289424;right_wheel_steps;0
1783417837.72882;right_wheel_steps;0
1783417838.7288568;right_wheel_steps;0
1783417839.7287655;right_wheel_steps;0
1783417840.7387354;right_wheel_steps;0
1783417841.7288213;right_wheel_steps;0
1783417842.7288735;right_wheel_steps;0
1783417843.7287405;right_wheel_steps;0
1783417844.7289386;right_wheel_steps;0
1783417845.7288835;right_wheel_steps;0
1783417846.7288797;right_wheel_steps;0
1783417847.728766;right_wheel_steps;0
1783417848.7288437;right_wheel_steps;0
1783417849.7288194;right_wheel_steps;0
1783417850.728861;right_wheel_steps;0
1783417851.7287424;right_wheel_steps;0
1783417852.728801;right_wheel_steps;0
1783417853.728966;right_wheel_steps;0
1783417854.7289145;right_wheel_steps;0
1783417855.7288203;right_wheel_steps;0
1783417856.728877;right_wheel_steps;0
1783417857.72869;right_wheel_steps;0
1783417858.7289195;right_wheel_steps;0
1783417859.7288094;right_wheel_steps;0
1783417860.7287629;right_wheel_steps;0
1783417861.728989;right_wheel_steps;0
1783417862.7288835;right_wheel_steps;0
1783417863.7288268;right_wheel_steps;0
1783417864.728824;right_wheel_steps;0
1783417865.7288592;right_wheel_steps;0
1783417866.7288857;right_wheel_steps;0
1783417867.7289195;right_wheel_steps;0
1783417868.7288644;right_wheel_steps;0
1783417869.7288427;right_wheel_steps;0
1783417870.7288525;right_wheel_steps;0
1783417871.72883;right_wheel_steps;0
1783417872.7288246;right_wheel_steps;0
1783417873.7288325;right_wheel_steps;0
1783417874.7288918;right_wheel_steps;0
1783417875.7287655;right_wheel_steps;0
1783417876.7288156;right_wheel_steps;0
1783417877.7288983;right_wheel_steps;0
1783417878.7288628;right_wheel_steps;0
1783417879.7288473;right_wheel_steps;0
1783417880.728886;right_wheel_steps;0
1783417881.728773;right_wheel_steps;0
1783417882.7287755;right_wheel_steps;0
1783417883.7288363;right_wheel_steps;0
1783417884.7288592;right_wheel_steps;0
1783417885.7287295;right_wheel_steps;0
1783417886.728847;right_wheel_steps;0
1783417887.7287364;right_wheel_steps;0
1783417888.72887;right_wheel_steps;0
1783417889.728778;right_wheel_steps;0
1783417890.728843;right_wheel_steps;0
1783417891.7288492;right_wheel_steps;0
1783417892.7289238;right_wheel_steps;0
1783417893.728779;right_wheel_steps;0
1783417894.7288227;right_wheel_steps;0
1783417895.728818;right_wheel_steps;0
1783417896.728855;right_wheel_steps;0
1783417897.728778;right_wheel_steps;0
1783417898.7288206;right_wheel_steps;0
1783417899.7288382;right_wheel_steps;0
1783417900.728863;right_wheel_steps;0
1783417901.7287238;right_wheel_steps;0
1783417902.7288587;right_wheel_steps;0
1783417903.728869;right_wheel_steps;0
1783417904.7288716;right_wheel_steps;0
1783417905.728751;right_wheel_steps;0
1783417906.728778;right_wheel_steps;0
1783417907.7288184;right_wheel_steps;0
1783417908.72891;right_wheel_steps;0
1783417909.7287762;right_wheel_steps;0
1783417910.728835;right_wheel_steps;0
1783417911.7288878;right_wheel_steps;0
1783417912.7289214;right_wheel_steps;0
1783417913.7288764;right_wheel_steps;0
1783417914.7288914;right_wheel_steps;0
1783417915.7288835;right_wheel_steps;0
1783417916.7289546;right_wheel_steps;0
1783417917.7287078;right_wheel_steps;0
1783417918.7289076;right_wheel_steps;0
1783417919.728914;right_wheel_steps;0
1783417920.7288978;right_wheel_steps;0
1783417921.7287655;right_wheel_steps;0
1783417922.72886;right_wheel_steps;0
1783417923.7288785;right_wheel_steps;0
1783417924.7289865;right_wheel_steps;0
1783417925.7287626;right_wheel_steps;0
1783417926.7289684;right_wheel_steps;0
1783417927.728914;right_wheel_steps;0
1783417928.7288735;right_wheel_steps;0
1783417929.7288136;right_wheel_steps;0
1783417930.728825;right_wheel_steps;0
1783417931.7288482;right_wheel_steps;0
1783417932.7290068;right_wheel_steps;0
1783417933.7288485;right_wheel_steps;0
1783417934.7289062;right_wheel_steps;0
1783417935.7288184;right_wheel_steps;0
1783417936.7288752;right_wheel_steps;0
1783417937.728888;right_wheel_steps;0
1783417938.728921;right_wheel_steps;0
1783417939.728778;right_wheel_steps;0
1783417940.729136;right_wheel_steps;0
1783417941.728874;right_wheel_steps;0
1783417942.728875;right_wheel_steps;0
1783417943.728835;right_wheel_steps;0
1783417944.728865;right_wheel_steps;0
1783417945.7287738;right_wheel_steps;0
1783417946.728859;right_wheel_steps;0
1783417947.7286584;right_wheel_steps;0
1783417948.7288392;right_wheel_steps;0
1783417949.7288628;right_wheel_steps;0
1783417950.7289078;right_wheel_steps;0
1783417951.7288451;right_wheel_steps;0
1783417952.7288194;right_wheel_steps;0
1783417953.728882;right_wheel_steps;0
1783417954.7288857;right_wheel_steps;0
1783417955.7288237;right_wheel_steps;0
1783417956.7288427;right_wheel_steps;0
1783417957.728856;right_wheel_steps;0
1783417958.7288637;right_wheel_steps;0
1783417959.728814;right_wheel_steps;0
1783417960.7288623;right_wheel_steps;0
1783417961.7288642;right_wheel_steps;0
1783417962.7288804;right_wheel_steps;0
1783417963.728838;right_wheel_steps;0
1783417964.728857;right_wheel_steps;0
1783417965.7288842;right_wheel_steps;0
1783417966.7289095;right_wheel_steps;0
1783417967.7287564;right_wheel_steps;0
1783417968.7288532;right_wheel_steps;0
1783417969.728871;right_wheel_steps;0
1783417970.728859;right_wheel_steps;0
1783417971.72887;right_wheel_steps;0
1783417972.72886;right_wheel_steps;0
1783417973.7288563;right_wheel_steps;0
1783417974.72888;right_wheel_steps;0
1783417975.7288425;right_wheel_steps;0
1783417976.7288306;right_wheel_steps;0
1783417977.728805;right_wheel_steps;0
1783417978.7288914;right_wheel_steps;0
1783417979.7288094;right_wheel_steps;0
1783417980.7288709;right_wheel_steps;0
1783417981.7288458;right_wheel_steps;0
1783417982.7289011;right_wheel_steps;0
1783417983.7288358;right_wheel_steps;0
1783417984.7288558;right_wheel_steps;0
1783417985.7288504;right_wheel_steps;0
1783417986.7288778;right_wheel_steps;0
1783417987.7288225;right_wheel_steps;0
1783417988.7288525;right_wheel_steps;0
1783417989.7285616;right_wheel_steps;0
1783417990.7288475;right_wheel_steps;0
1783417991.7288473;right_wheel_steps;0
1783417992.7288835;right_wheel_steps;0
1783417993.7288644;right_wheel_steps;0
1783417994.7288756;right_wheel_steps;0
1783417995.7287536;right_wheel_steps;0
1783417996.7288294;right_wheel_steps;0
1783417997.728866;right_wheel_steps;0
1783417998.7288706;right_wheel_steps;0
1783417999.728835;right_wheel_steps;0
1783418000.7288086;right_wheel_steps;0
1783418001.728824;right_wheel_steps;0
1783418002.7288296;right_wheel_steps;0
1783418003.7288394;right_wheel_steps;0
1783418004.7288375;right_wheel_steps;0
1783418005.7288525;right_wheel_steps;0
1783418006.728861;right_wheel_steps;0
1783418007.7286272;right_wheel_steps;0
1783418008.7288966;right_wheel_steps;0
1783418009.7290025;right_wheel_steps;0
1783418010.7289157;right_wheel_steps;0
1783418011.728777;right_wheel_steps;0
1783418012.7288828;right_wheel_steps;0
1783418013.7288852;right_wheel_steps;0
1783418014.7289023;right_wheel_steps;0
1783418015.7288077;right_wheel_steps;0
1783418016.7287245;right_wheel_steps;0
1783418017.7291937;right_wheel_steps;0
1783418018.7288864;right_wheel_steps;0
1783418019.7288418;right_wheel_steps;0
1783418020.7288787;right_wheel_steps;0
1783418021.7288554;right_wheel_steps;0
1783418022.7288702;right_wheel_steps;0
1783418023.7287595;right_wheel_steps;0
1783418024.7288682;right_wheel_steps;0
1783418025.7288368;right_wheel_steps;0
1783418026.728854;right_wheel_steps;0
1783418027.7288551;right_wheel_steps;0
1783418028.7288475;right_wheel_steps;0
1783418029.7288244;right_wheel_steps;0
1783418030.7288764;right_wheel_steps;0
1783418031.7288375;right_wheel_steps;0
1783418032.728833;right_wheel_steps;0
1783418033.7288709;right_wheel_steps;0
1783418034.7288876;right_wheel_steps;0
1783418035.728732;right_wheel_steps;0
1783418036.72883;right_wheel_steps;0
1783418037.7287033;right_wheel_steps;0
1783418038.7288556;right_wheel_steps;0
1783418039.7288382;right_wheel_steps;0
1783418040.7288637;right_wheel_steps;0
1783418041.7288678;right_wheel_steps;0
1783418042.728836;right_wheel_steps;0
1783418043.72881;right_wheel_steps;0
1783418044.728863;right_wheel_steps;0
1783418045.7288513;right_wheel_steps;0
1783418046.7288756;right_wheel_steps;0
1783418047.7287698;right_wheel_steps;0
1783418048.7288284;right_wheel_steps;0
1783418049.7288609;right_wheel_steps;0
1783418050.7289891;right_wheel_steps;0
1783418051.7288752;right_wheel_steps;0
1783418052.7288632;right_wheel_steps;0
1783418053.7288551;right_wheel_steps;0
1783418054.7288876;right_wheel_steps;0
1783418055.7288103;right_wheel_steps;0
1783418056.728829;right_wheel_steps;0
1783418057.7288709;right_wheel_steps;0
1783418058.728863;right_wheel_steps;0
1783418059.728884;right_wheel_steps;0
1783418060.728835;right_wheel_steps;0
1783418061.7288537;right_wheel_steps;0
1783418062.7288516;right_wheel_steps;0
1783418063.728741;right_wheel_steps;0
1783418064.7288463;right_wheel_steps;0
1783418065.728752;right_wheel_steps;0
1783418066.728829;right_wheel_steps;0
1783418067.7286632;right_wheel_steps;0
1783418068.7288358;right_wheel_steps;0
1783418069.7287607;right_wheel_steps;0
1783418070.7288346;right_wheel_steps;0
1783418071.7288272;right_wheel_steps;0
1783418072.7288344;right_wheel_steps;0
1783418073.7287502;right_wheel_steps;0
1783418074.7288315;right_wheel_steps;0
1783418075.728846;right_wheel_steps;0
1783418076.7288787;right_wheel_steps;0
1783418077.7288673;right_wheel_steps;0
1783418078.72885;right_wheel_steps;0
1783418079.7288773;right_wheel_steps;0
1783418080.7288628;right_wheel_steps;0
1783418081.7288454;right_wheel_steps;0
1783418082.728899;right_wheel_steps;0
1783418083.7288747;right_wheel_steps;0
1783418084.7288888;right_wheel_steps;0
1783418085.72883;right_wheel_steps;0
1783418086.7288525;right_wheel_steps;0
1783418087.7289362;right_wheel_steps;0
1783418088.728885;right_wheel_steps;0
1783418089.7288237;right_wheel_steps;0
1783418090.7290196;right_wheel_steps;0
1783418091.728898;right_wheel_steps;0
1783418092.728979;right_wheel_steps;0
1783418093.728811;right_wheel_steps;0
1783418094.7290893;right_wheel_steps;0
1783418095.7288868;right_wheel_steps;0
1783418096.728919;right_wheel_steps;0
1783418097.7286663;right_wheel_steps;0
1783418098.7288458;right_wheel_steps;0
1783418099.7288673;right_wheel_steps;0
1783418100.728877;right_wheel_steps;0
1783418101.7287362;right_wheel_steps;0
1783418102.728864;right_wheel_steps;0
1783418103.728841;right_wheel_steps;0
1783418104.7289395;right_wheel_steps;0
1783418105.728896;right_wheel_steps;0
1783418106.7288654;right_wheel_steps;0
1783418107.7288473;right_wheel_steps;0
1783418108.728864;right_wheel_steps;0
1783418109.7288845;right_wheel_steps;0
1783418110.7288697;right_wheel_steps;0
1783418111.7287598;right_wheel_steps;0
1783418112.728921;right_wheel_steps;0
1783418113.728765;right_wheel_steps;0
1783418114.7289262;right_wheel_steps;0
1783418115.7287378;right_wheel_steps;0
1783418116.7288158;right_wheel_steps;0
1783418117.728835;right_wheel_steps;0
1783418118.7288623;right_wheel_steps;0
1783418119.7287536;right_wheel_steps;0
1783418120.7288263;right_wheel_steps;0
1783418121.7288437;right_wheel_steps;0
1783418122.7288525;right_wheel_steps;0
1783418123.7287426;right_wheel_steps;0
1783418124.728836;right_wheel_steps;0
1783418125.7288134;right_wheel_steps;0
1783418126.7288632;right_wheel_steps;0
1783418127.728609;right_wheel_steps;0
1783418128.728814;right_wheel_steps;0
1783418129.7288644;right_wheel_steps;0
1783418130.7288702;right_wheel_steps;0
1783418131.7288332;right_wheel_steps;0
1783418132.7288256;right_wheel_steps;0
1783418133.7289162;right_wheel_steps;0
1783418134.728912;right_wheel_steps;0
1783418135.7288628;right_wheel_steps;0
1783418136.728809;right_wheel_steps;0
1783418137.7288592;right_wheel_steps;0
1783418138.72853;right_wheel_steps;0
1783418139.728821;right_wheel_steps;0
1783418140.728826;right_wheel_steps;0
1783418141.7288451;right_wheel_steps;0
1783418142.7288558;right_wheel_steps;0
1783418143.7287328;right_wheel_steps;0
1783418144.7288458;right_wheel_steps;0
1783418145.7288451;right_wheel_steps;0
1783418146.7288604;right_wheel_steps;0
1783418147.7288256;right_wheel_steps;0
1783418148.7288094;right_wheel_steps;0
1783418149.728844;right_wheel_steps;0
1783418150.7288554;right_wheel_steps;0
1783418151.7288055;right_wheel_steps;0
1783418152.7288513;right_wheel_steps;0
1783418153.728832;right_wheel_steps;0
1783418154.728857;right_wheel_steps;0
1783418155.7287548;right_wheel_steps;0
1783418156.7288232;right_wheel_steps;0
1783418157.7286758;right_wheel_steps;0
1783418158.7288349;right_wheel_steps;0
1783418159.7288508;right_wheel_steps;0
1783418160.7287772;right_wheel_steps;0
1783418161.7288356;right_wheel_steps;0
1783418162.7288773;right_wheel_steps;0
1783418163.728748;right_wheel_steps;0
1783418164.7289376;right_wheel_steps;0
1783418165.728859;right_wheel_steps;0
1783418166.728881;right_wheel_steps;0
1783418167.728884;right_wheel_steps;0
1783418168.72886;right_wheel_steps;0
1783418169.728891;right_wheel_steps;0
1783418170.7289214;right_wheel_steps;0
1783418171.7287998;right_wheel_steps;0
1783418172.7292066;right_wheel_steps;0
1783418173.7288144;right_wheel_steps;0
1783418174.7288508;right_wheel_steps;0
1783418175.728749;right_wheel_steps;0
1783418176.72877;right_wheel_steps;0
1783418177.7288294;right_wheel_steps;0
1783418178.7288637;right_wheel_steps;0
1783418179.7288468;right_wheel_steps;0
1783418180.7288108;right_wheel_steps;0
1783418181.7288375;right_wheel_steps;0
1783418182.7288463;right_wheel_steps;0
1783418183.7288585;right_wheel_steps;0
1783418184.7288623;right_wheel_steps;0
1783418185.7288384;right_wheel_steps;0
1783418186.7288575;right_wheel_steps;0
1783418187.728666;right_wheel_steps;0
1783418188.7287583;right_wheel_steps;0
1783418189.7288342;right_wheel_steps;0
1783418190.728835;right_wheel_steps;0
1783418191.728741;right_wheel_steps;0
1783418192.7288392;right_wheel_steps;0
1783418193.7288911;right_wheel_steps;0
1783418194.728889;right_wheel_steps;0
1783418195.7288318;right_wheel_steps;0
1783418196.728896;right_wheel_steps;0
1783418197.728937;right_wheel_steps;0
1783418198.7289026;right_wheel_steps;0
1783418199.7288427;right_wheel_steps;0
1783418200.7288735;right_wheel_steps;0
1783418201.7289186;right_wheel_steps;0
1783418202.7289274;right_wheel_steps;0
1783418203.728832;right_wheel_steps;0
1783418204.7288978;right_wheel_steps;0
1783418205.7288978;right_wheel_steps;0
1783418206.7289157;right_wheel_steps;0
1783418207.7288527;right_wheel_steps;0
1783418208.7289224;right_wheel_steps;0
1783418209.7288835;right_wheel_steps;0
1783418210.728926;right_wheel_steps;0
1783418211.7288454;right_wheel_steps;0
1783418212.728886;right_wheel_steps;0
1783418213.7289064;right_wheel_steps;0
1783418214.7289338;right_wheel_steps;0
1783418215.7287288;right_wheel_steps;0
1783418216.7288084;right_wheel_steps;0
1783418217.728678;right_wheel_steps;0
1783418218.7290378;right_wheel_steps;0
1783418219.728767;right_wheel_steps;0
1783418220.7288165;right_wheel_steps;0
1783418221.728809;right_wheel_steps;0
1783418222.728829;right_wheel_steps;0
1783418223.7287772;right_wheel_steps;0
1783418224.7288506;right_wheel_steps;0
1783418225.72877;right_wheel_steps;0
1783418226.728866;right_wheel_steps;0
1783418227.7287538;right_wheel_steps;0
1783418228.7288165;right_wheel_steps;0
1783418229.72883;right_wheel_steps;0
1783418230.72886;right_wheel_steps;0
1783418231.7287483;right_wheel_steps;0
1783418232.7288337;right_wheel_steps;0
1783418233.7288208;right_wheel_steps;0
1783418234.7288878;right_wheel_steps;0
1783418235.7287495;right_wheel_steps;0
1783418236.72884;right_wheel_steps;0
1783418237.7288673;right_wheel_steps;0
1783418238.7288551;right_wheel_steps;0
1783418239.7287626;right_wheel_steps;0
1783418240.7288814;right_wheel_steps;0
1783418241.7288194;right_wheel_steps;0
1783418242.7289493;right_wheel_steps;0
1783418243.7288888;right_wheel_steps;0
1783418244.7289386;right_wheel_steps;0
1783418245.7289016;right_wheel_steps;0
1783418246.7289386;right_wheel_steps;0
1783418247.728704;right_wheel_steps;0
1783418248.7289157;right_wheel_steps;0
1783418249.728778;right_wheel_steps;0
1783418250.7290573;right_wheel_steps;0
1783418251.7288282;right_wheel_steps;0
1783418252.7288857;right_wheel_steps;0
1783418253.7288148;right_wheel_steps;0
1783418254.7289784;right_wheel_steps;0
1783418255.7288325;right_wheel_steps;0
1783418256.728859;right_wheel_steps;0
1783418257.7287352;right_wheel_steps;0
1783418258.7288232;right_wheel_steps;0
1783418259.7288125;right_wheel_steps;0
1783418260.7289667;right_wheel_steps;0
1783418261.728748;right_wheel_steps;0
1783418262.7288318;right_wheel_steps;0
1783418263.728817;right_wheel_steps;0
1783418264.728862;right_wheel_steps;0
1783418265.7287602;right_wheel_steps;0
1783418266.728777;right_wheel_steps;0
1783418267.7288375;right_wheel_steps;0
1783418268.7288554;right_wheel_steps;0
1783418269.7288432;right_wheel_steps;0
1783418270.7288404;right_wheel_steps;0
1783418271.7288623;right_wheel_steps;0
1783418272.7288623;right_wheel_steps;0
1783418273.7287593;right_wheel_steps;0
1783418274.728877;right_wheel_steps;0
1783418275.7287743;right_wheel_steps;0
1783418276.7288537;right_wheel_steps;0
1783418277.7286904;right_wheel_steps;0
1783418278.7288256;right_wheel_steps;0
1783418279.728887;right_wheel_steps;0
1783418280.7288666;right_wheel_steps;0
1783418281.7288013;right_wheel_steps;0
1783418282.7288456;right_wheel_steps;0
1783418283.7288623;right_wheel_steps;0
1783418284.7288425;right_wheel_steps;0
1783418285.7288516;right_wheel_steps;0
1783418286.7289064;right_wheel_steps;0
1783418287.7285588;right_wheel_steps;0
1783418288.7288473;right_wheel_steps;0
1783418289.7288609;right_wheel_steps;0
1783418290.7288983;right_wheel_steps;0
1783418291.7288456;right_wheel_steps;0
1783418292.7288678;right_wheel_steps;0
1783418293.7288313;right_wheel_steps;0
1783418294.7289023;right_wheel_steps;0
1783418295.7287705;right_wheel_steps;0
1783418296.7288556;right_wheel_steps;0
1783418297.7289014;right_wheel_steps;0
1783418298.728891;right_wheel_steps;0
1783418299.7288668;right_wheel_steps;0
1783418300.7288415;right_wheel_steps;0
1783418301.7288666;right_wheel_steps;0
1783418302.728993;right_wheel_steps;0
1783418303.7288618;right_wheel_steps;0
1783418304.7288828;right_wheel_steps;0
1783418305.7288134;right_wheel_steps;0
1783418306.7288573;right_wheel_steps;0
1783418307.7286563;right_wheel_steps;0
1783418308.728902;right_wheel_steps;0
1783418309.7295918;right_wheel_steps;0
1783418310.731549;right_wheel_steps;0
1783418311.728868;right_wheel_steps;0
1783418312.7288291;right_wheel_steps;0
1783418313.7288826;right_wheel_steps;0
1783418314.7288864;right_wheel_steps;0
1783418315.7288496;right_wheel_steps;0
1783418316.7288876;right_wheel_steps;0
1783418317.728869;right_wheel_steps;0
1783418318.7288892;right_wheel_steps;0
1783418319.7288516;right_wheel_steps;0
1783418320.7288787;right_wheel_steps;0
1783418321.7290096;right_wheel_steps;0
1783418322.7288752;right_wheel_steps;0
1783418323.7287304;right_wheel_steps;0
1783418324.728913;right_wheel_steps;0
1783418325.7288797;right_wheel_steps;0
1783418326.7289038;right_wheel_steps;0
1783418327.728832;right_wheel_steps;0
1783418328.728916;right_wheel_steps;0
1783418329.7290576;right_wheel_steps;0
1783418330.7288785;right_wheel_steps;0
1783418331.72875;right_wheel_steps;0
1783418332.7288778;right_wheel_steps;0
1783418333.7288668;right_wheel_steps;0
1783418334.7289548;right_wheel_steps;0
1783418335.728859;right_wheel_steps;0
1783418336.7289226;right_wheel_steps;0
1783418337.7286918;right_wheel_steps;0
1783418338.7288537;right_wheel_steps;0
1783418339.728852;right_wheel_steps;0
1783418340.7288132;right_wheel_steps;0
1783418341.7288437;right_wheel_steps;0
1783418342.728859;right_wheel_steps;0
1783418343.7287316;right_wheel_steps;0
1783418344.7287562;right_wheel_steps;0
1783418345.7288084;right_wheel_steps;0
1783418346.7288656;right_wheel_steps;0
1783418347.728845;right_wheel_steps;0
1783418348.72884;right_wheel_steps;0
1783418349.7288642;right_wheel_steps;0
1783418350.728831;right_wheel_steps;0
1783418351.7288246;right_wheel_steps;0
1783418352.7288537;right_wheel_steps;0
1783418353.728852;right_wheel_steps;0
1783418354.728861;right_wheel_steps;0
1783418355.7287648;right_wheel_steps;0
1783418356.7288215;right_wheel_steps;0
1783418357.7288256;right_wheel_steps;0
1783418358.7288718;right_wheel_steps;0
1783418359.7287655;right_wheel_steps;0
1783418360.7288458;right_wheel_steps;0
1783418361.7288542;right_wheel_steps;0
1783418362.728854;right_wheel_steps;0
1783418363.7287636;right_wheel_steps;0
1783418364.7288723;right_wheel_steps;0
1783418365.7288246;right_wheel_steps;0
1783418366.7288716;right_wheel_steps;0
1783418367.7286031;right_wheel_steps;0
1783418368.7288065;right_wheel_steps;0
1783418369.7288587;right_wheel_steps;0
1783418370.728903;right_wheel_steps;0
1783418371.728852;right_wheel_steps;0
1783418372.7288322;right_wheel_steps;0
1783418373.7288744;right_wheel_steps;0
1783418374.728869;right_wheel_steps;0
1783418375.7288563;right_wheel_steps;0
1783418376.728854;right_wheel_steps;0
1783418377.7288687;right_wheel_steps;0
1783418378.7288566;right_wheel_steps;0
1783418379.728848;right_wheel_steps;0
1783418380.728821;right_wheel_steps;0
1783418381.7288604;right_wheel_steps;0
1783418382.7288618;right_wheel_steps;0
1783418383.7288375;right_wheel_steps;0
1783418384.7288692;right_wheel_steps;0
1783418385.7288342;right_wheel_steps;0
1783418386.7289107;right_wheel_steps;0
1783418387.728865;right_wheel_steps;0
1783418388.7288427;right_wheel_steps;0
1783418389.72883;right_wheel_steps;0
1783418390.728842;right_wheel_steps;0
1783418391.7288525;right_wheel_steps;0
1783418392.7288496;right_wheel_steps;0
1783418393.728859;right_wheel_steps;0
1783418394.728937;right_wheel_steps;0
1783418395.7288077;right_wheel_steps;0
1783418396.7288718;right_wheel_steps;0
1783418397.7286904;right_wheel_steps;0
1783418398.7290058;right_wheel_steps;0
1783418399.7288857;right_wheel_steps;0
1783418400.7288785;right_wheel_steps;0
1783418401.728908;right_wheel_steps;0
1783418402.7289867;right_wheel_steps;0
1783418403.7288594;right_wheel_steps;0
1783418404.72883;right_wheel_steps;0
1783418405.7287183;right_wheel_steps;0
1783418406.7290354;right_wheel_steps;0
1783418407.728853;right_wheel_steps;0
1783418408.7288065;right_wheel_steps;0
1783418409.7288294;right_wheel_steps;0
1783418410.7288206;right_wheel_steps;0
1783418411.7287636;right_wheel_steps;0
1783418412.7288594;right_wheel_steps;0
1783418413.7288103;right_wheel_steps;0
1783418414.7288697;right_wheel_steps;0
1783418415.728742;right_wheel_steps;0
1783418416.7288346;right_wheel_steps;0
1783418417.7288842;right_wheel_steps;0
1783418418.728969;right_wheel_steps;0
1783418419.7288623;right_wheel_steps;0
1783418420.7288518;right_wheel_steps;0
1783418421.728871;right_wheel_steps;0
1783418422.7288532;right_wheel_steps;0
1783418423.7288508;right_wheel_steps;0
1783418424.7288692;right_wheel_steps;0
1783418425.7288227;right_wheel_steps;0
1783418426.7288485;right_wheel_steps;0
1783418427.7286897;right_wheel_steps;0
1783418428.7287617;right_wheel_steps;0
1783418429.7288585;right_wheel_steps;0
1783418430.728823;right_wheel_steps;0
1783418431.7288415;right_wheel_steps;0
1783418432.7288184;right_wheel_steps;0
1783418433.728867;right_wheel_steps;0
1783418434.7288525;right_wheel_steps;0
1783418435.728831;right_wheel_steps;0
1783418436.728847;right_wheel_steps;0
1783418437.728901;right_wheel_steps;0
1783418438.7289054;right_wheel_steps;0
1783418439.7287788;right_wheel_steps;0
1783418440.7288318;right_wheel_steps;0
1783418441.728875;right_wheel_steps;0
1783418442.7288575;right_wheel_steps;0
1783418443.7288194;right_wheel_steps;0
1783418444.72885;right_wheel_steps;0
1783418445.7288191;right_wheel_steps;0
1783418446.7288818;right_wheel_steps;0
1783418447.7288318;right_wheel_steps;0
1783418448.7288325;right_wheel_steps;0
1783418449.7288406;right_wheel_steps;0
1783418450.72885;right_wheel_steps;0
1783418451.7287612;right_wheel_steps;0
1783418452.7288404;right_wheel_steps;0
1783418453.7288537;right_wheel_steps;0
1783418454.7288706;right_wheel_steps;0
1783418455.7287495;right_wheel_steps;0
1783418456.7288427;right_wheel_steps;0
1783418457.728717;right_wheel_steps;0
1783418458.7288527;right_wheel_steps;0
1783418459.7288144;right_wheel_steps;0
1783418460.7288551;right_wheel_steps;0
1783418461.7288766;right_wheel_steps;0
1783418462.7288554;right_wheel_steps;0
1783418463.7287464;right_wheel_steps;0
1783418464.7288573;right_wheel_steps;0
1783418465.7288554;right_wheel_steps;0
1783418466.7288842;right_wheel_steps;0
1783418467.7288065;right_wheel_steps;0
1783418468.7288518;right_wheel_steps;0
1783418469.7288988;right_wheel_steps;0
1783418470.73951;right_wheel_steps;0
1783418471.7288756;right_wheel_steps;0
1783418472.728863;right_wheel_steps;0
1783418473.7288835;right_wheel_steps;0
1783418474.7289016;right_wheel_steps;0
1783418475.728891;right_wheel_steps;0
1783418476.7289808;right_wheel_steps;0
1783418477.7288938;right_wheel_steps;0
1783418478.728902;right_wheel_steps;0
1783418479.7288935;right_wheel_steps;0
1783418480.7288952;right_wheel_steps;0
1783418481.7289076;right_wheel_steps;0
1783418482.7289696;right_wheel_steps;0
1783418483.728889;right_wheel_steps;0
1783418484.7297509;right_wheel_steps;0
1783418485.7288425;right_wheel_steps;0
1783418486.728894;right_wheel_steps;0
1783418487.7286642;right_wheel_steps;0
1783418488.7288277;right_wheel_steps;0
1783418489.7288184;right_wheel_steps;0
1783418490.7288764;right_wheel_steps;0
1783418491.7287767;right_wheel_steps;0
1783418492.728871;right_wheel_steps;0
1783418493.7288558;right_wheel_steps;0
1783418494.7288904;right_wheel_steps;0
1783418495.728752;right_wheel_steps;0
1783418496.7296245;right_wheel_steps;0
1783418497.7289305;right_wheel_steps;0
1783418498.7289736;right_wheel_steps;0
1783418499.7288756;right_wheel_steps;0
1783418500.728967;right_wheel_steps;0
1783418501.7288494;right_wheel_steps;0
1783418502.728873;right_wheel_steps;0
1783418503.728736;right_wheel_steps;0
1783418504.7288544;right_wheel_steps;0
1783418505.7288325;right_wheel_steps;0
1783418506.7288446;right_wheel_steps;0
1783418507.7287664;right_wheel_steps;0
1783418508.7288334;right_wheel_steps;0
1783418509.7288485;right_wheel_steps;0
1783418510.72885;right_wheel_steps;0
1783418511.7287538;right_wheel_steps;0
1783418512.728776;right_wheel_steps;0
1783418513.7288735;right_wheel_steps;0
1783418514.7290163;right_wheel_steps;0
1783418515.7288506;right_wheel_steps;0
1783418516.728902;right_wheel_steps;0
1783418517.728737;right_wheel_steps;0
1783418518.7288673;right_wheel_steps;0
1783418519.7287717;right_wheel_steps;0
1783418520.72885;right_wheel_steps;0
1783418521.7288556;right_wheel_steps;0
1783418522.7288742;right_wheel_steps;0
1783418523.728777;right_wheel_steps;0
1783418524.728891;right_wheel_steps;0
1783418525.7288558;right_wheel_steps;0
1783418526.7288833;right_wheel_steps;0
1783418527.7288046;right_wheel_steps;0
1783418528.7288551;right_wheel_steps;0
1783418529.7288797;right_wheel_steps;0
1783418530.7288804;right_wheel_steps;0
1783418531.728856;right_wheel_steps;0
1783418532.72886;right_wheel_steps;0
1783418533.728845;right_wheel_steps;0
1783418534.7288911;right_wheel_steps;0
1783418535.7287588;right_wheel_steps;0
1783418536.7288413;right_wheel_steps;0
1783418537.7288628;right_wheel_steps;0
1783418538.7289116;right_wheel_steps;0
1783418539.728776;right_wheel_steps;0
1783418540.7288327;right_wheel_steps;0
1783418541.7288532;right_wheel_steps;0
1783418542.7288694;right_wheel_steps;0
1783418543.728763;right_wheel_steps;0
1783418544.7288785;right_wheel_steps;0
1783418545.7288604;right_wheel_steps;0
1783418546.7288818;right_wheel_steps;0
1783418547.7286494;right_wheel_steps;0
1783418548.728833;right_wheel_steps;0
1783418549.7288537;right_wheel_steps;0
1783418550.7289088;right_wheel_steps;0
1783418551.7288077;right_wheel_steps;0
1783418552.7288525;right_wheel_steps;0
1783418553.7288227;right_wheel_steps;0
1783418554.7290778;right_wheel_steps;0
1783418555.728835;right_wheel_steps;0
1783418556.7288706;right_wheel_steps;0
1783418557.7289388;right_wheel_steps;0
1783418558.7289338;right_wheel_steps;0
1783418559.7288797;right_wheel_steps;0
1783418560.7289014;right_wheel_steps;0
1783418561.72876;right_wheel_steps;0
1783418562.7290256;right_wheel_steps;0
1783418563.728763;right_wheel_steps;0
1783418564.72887;right_wheel_steps;0
1783418565.728885;right_wheel_steps;0
1783418566.728865;right_wheel_steps;0
1783418567.7288263;right_wheel_steps;0
1783418568.728824;right_wheel_steps;0
1783418569.7288375;right_wheel_steps;0
1783418570.7288506;right_wheel_steps;0
1783418571.7287388;right_wheel_steps;0
1783418572.7287595;right_wheel_steps;0
1783418573.7288432;right_wheel_steps;0
1783418574.7288828;right_wheel_steps;0
1783418575.7288008;right_wheel_steps;0
1783418576.7288525;right_wheel_steps;0
1783418577.7286856;right_wheel_steps;0
1783418578.7289088;right_wheel_steps;0
1783418579.7288015;right_wheel_steps;0
1783418580.7288623;right_wheel_steps;0
1783418581.728818;right_wheel_steps;0
1783418582.7290149;right_wheel_steps;0
1783418583.7287483;right_wheel_steps;0
1783418584.7288687;right_wheel_steps;0
1783418585.7288678;right_wheel_steps;0
1783418586.7288542;right_wheel_steps;0
1783418587.7288537;right_wheel_steps;0
1783418588.7288263;right_wheel_steps;0
1783418589.72887;right_wheel_steps;0
1783418590.728857;right_wheel_steps;0
1783418591.728871;right_wheel_steps;0
1783418592.7288704;right_wheel_steps;0
1783418593.7288392;right_wheel_steps;0
1783418594.7288728;right_wheel_steps;0
1783418595.7287562;right_wheel_steps;0
1783418596.7288492;right_wheel_steps;0
1783418597.7288244;right_wheel_steps;0
1783418598.728846;right_wheel_steps;0
1783418599.7287765;right_wheel_steps;0
1783418600.7288246;right_wheel_steps;0
1783418601.728861;right_wheel_steps;0
1783418602.7288554;right_wheel_steps;0
1783418603.728752;right_wheel_steps;0
1783418604.7288482;right_wheel_steps;0
1783418605.7288735;right_wheel_steps;0
1783418606.728903;right_wheel_steps;0
1783418607.7287097;right_wheel_steps;0
1783418608.7288277;right_wheel_steps;0
1783418609.7288845;right_wheel_steps;0
1783418610.728878;right_wheel_steps;0
1783418611.7287292;right_wheel_steps;0
1783418612.728818;right_wheel_steps;0
1783418613.7288444;right_wheel_steps;0
1783418614.7288764;right_wheel_steps;0
1783418615.7287369;right_wheel_steps;0
1783418616.7288222;right_wheel_steps;0
1783418617.7288468;right_wheel_steps;0
1783418618.728875;right_wheel_steps;0
1783418619.7286718;right_wheel_steps;0
1783418620.728812;right_wheel_steps;0
1783418621.72885;right_wheel_steps;0
1783418622.728893;right_wheel_steps;0
1783418623.7288425;right_wheel_steps;0
1783418624.7288551;right_wheel_steps;0
1783418625.728875;right_wheel_steps;0
1783418626.7288942;right_wheel_steps;0
1783418627.7288015;right_wheel_steps;0
1783418628.7288568;right_wheel_steps;0
1783418629.7288456;right_wheel_steps;0
1783418630.7288723;right_wheel_steps;0
1783418631.7287507;right_wheel_steps;0
1783418632.7289925;right_wheel_steps;0
1783418633.7289245;right_wheel_steps;0
1783418634.7289228;right_wheel_steps;0
1783418635.7288392;right_wheel_steps;0
1783418636.7289145;right_wheel_steps;0
1783418637.7287517;right_wheel_steps;0
1783418638.728981;right_wheel_steps;0
1783418639.7289884;right_wheel_steps;0
1783418640.729064;right_wheel_steps;0
1783418641.7288325;right_wheel_steps;0
1783418642.7288532;right_wheel_steps;0
1783418643.7288094;right_wheel_steps;0
1783418644.728855;right_wheel_steps;0
1783418645.7288587;right_wheel_steps;0
1783418646.7288857;right_wheel_steps;0
1783418647.7288573;right_wheel_steps;0
1783418648.72883;right_wheel_steps;0
1783418649.7288733;right_wheel_steps;0
1783418650.7288675;right_wheel_steps;0
1783418651.7288177;right_wheel_steps;0
1783418652.7288315;right_wheel_steps;0
1783418653.728778;right_wheel_steps;0
1783418654.728896;right_wheel_steps;0
1783418655.7287464;right_wheel_steps;0
1783418656.7287788;right_wheel_steps;0
1783418657.7288744;right_wheel_steps;0
1783418658.7288678;right_wheel_steps;0
1783418659.7289195;right_wheel_steps;0
1783418660.7288284;right_wheel_steps;0
1783418661.7288463;right_wheel_steps;0
1783418662.7288182;right_wheel_steps;0
1783418663.7288623;right_wheel_steps;0
1783418664.7299604;right_wheel_steps;0
1783418665.7288215;right_wheel_steps;0
1783418666.7288191;right_wheel_steps;0
1783418667.72868;right_wheel_steps;0
1783418668.7288048;right_wheel_steps;0
1783418669.7288609;right_wheel_steps;0
1783418670.72885;right_wheel_steps;0
1783418671.728812;right_wheel_steps;0
1783418672.7287767;right_wheel_steps;0
1783418673.7288334;right_wheel_steps;0
1783418674.728858;right_wheel_steps;0
1783418675.7287693;right_wheel_steps;0
1783418676.7288656;right_wheel_steps;0
1783418677.7288785;right_wheel_steps;0
1783418678.7288623;right_wheel_steps;0
1783418679.7288167;right_wheel_steps;0
1783418680.7288094;right_wheel_steps;0
1783418681.7288747;right_wheel_steps;0
1783418682.7288826;right_wheel_steps;0
1783418683.7288394;right_wheel_steps;0
1783418684.728871;right_wheel_steps;0
1783418685.7288845;right_wheel_steps;0
1783418686.7288678;right_wheel_steps;0
1783418687.728877;right_wheel_steps;0
1783418688.728844;right_wheel_steps;0
1783418689.7288709;right_wheel_steps;0
1783418690.7288787;right_wheel_steps;0
1783418691.7288244;right_wheel_steps;0
1783418692.7288446;right_wheel_steps;0
1783418693.7288687;right_wheel_steps;0
1783418694.7289083;right_wheel_steps;0
1783418695.72884;right_wheel_steps;0
1783418696.728846;right_wheel_steps;0
1783418697.728654;right_wheel_steps;0
1783418698.7288606;right_wheel_steps;0
1783418699.7287617;right_wheel_steps;0
1783418700.7288396;right_wheel_steps;0
1783418701.7287736;right_wheel_steps;0
1783418702.7288496;right_wheel_steps;0
1783418703.7287617;right_wheel_steps;0
1783418704.7288294;right_wheel_steps;0
1783418705.728804;right_wheel_steps;0
1783418706.7287276;right_wheel_steps;0
1783418707.728855;right_wheel_steps;0
1783418708.7288775;right_wheel_steps;0
1783418709.7288888;right_wheel_steps;0
1783418710.7290535;right_wheel_steps;0
1783418711.728936;right_wheel_steps;0
1783418712.7288885;right_wheel_steps;0
1783418713.7288687;right_wheel_steps;0
1783418714.7289202;right_wheel_steps;0
1783418715.7288456;right_wheel_steps;0
1783418716.728843;right_wheel_steps;0
1783418717.7288678;right_wheel_steps;0
1783418718.7289858;right_wheel_steps;0
1783418719.7288463;right_wheel_steps;0
1783418720.728837;right_wheel_steps;0
1783418721.7288387;right_wheel_steps;0
1783418722.7289205;right_wheel_steps;0
1783418723.7288246;right_wheel_steps;0
1783418724.7288468;right_wheel_steps;0
1783418725.7287729;right_wheel_steps;0
1783418726.7288358;right_wheel_steps;0
1783418727.7286642;right_wheel_steps;0
1783418728.728814;right_wheel_steps;0
1783418729.728867;right_wheel_steps;0
1783418730.728865;right_wheel_steps;0
1783418731.7288191;right_wheel_steps;0
1783418732.7288256;right_wheel_steps;0
1783418733.7288692;right_wheel_steps;0
1783418734.7288988;right_wheel_steps;0
1783418735.7288196;right_wheel_steps;0
1783418736.7288623;right_wheel_steps;0
1783418737.7288637;right_wheel_steps;0
1783418738.7288632;right_wheel_steps;0
1783418739.728837;right_wheel_steps;0
1783418740.7288308;right_wheel_steps;0
1783418741.728863;right_wheel_steps;0
1783418742.728896;right_wheel_steps;0
1783418743.728744;right_wheel_steps;0
1783418744.7288702;right_wheel_steps;0
1783418745.7288704;right_wheel_steps;0
1783418746.7289748;right_wheel_steps;0
1783418747.728883;right_wheel_steps;0
1783418748.7289045;right_wheel_steps;0
1783418749.7289407;right_wheel_steps;0
1783418750.7288835;right_wheel_steps;0
1783418751.728767;right_wheel_steps;0
1783418752.7288258;right_wheel_steps;0
1783418753.728883;right_wheel_steps;0
1783418754.7289069;right_wheel_steps;0
1783418755.7287483;right_wheel_steps;0
1783418756.728862;right_wheel_steps;0
1783418757.728766;right_wheel_steps;0
1783418758.7288573;right_wheel_steps;0
1783418759.7288604;right_wheel_steps;0
1783418760.7288742;right_wheel_steps;0
1783418761.728863;right_wheel_steps;0
1783418762.7288706;right_wheel_steps;0
1783418763.7287798;right_wheel_steps;0
1783418764.7288258;right_wheel_steps;0
1783418765.728885;right_wheel_steps;0
1783418766.7288935;right_wheel_steps;0
1783418767.7288568;right_wheel_steps;0
1783418768.7288628;right_wheel_steps;0
1783418769.7289114;right_wheel_steps;0
1783418770.7289202;right_wheel_steps;0
1783418771.7288663;right_wheel_steps;0
1783418772.7288609;right_wheel_steps;0
1783418773.728848;right_wheel_steps;0
1783418774.728901;right_wheel_steps;0
1783418775.7287562;right_wheel_steps;0
1783418776.7288585;right_wheel_steps;0
1783418777.728842;right_wheel_steps;0
1783418778.728861;right_wheel_steps;0
1783418779.7288084;right_wheel_steps;0
1783418780.7288697;right_wheel_steps;0
1783418781.7288733;right_wheel_steps;0
1783418782.728869;right_wheel_steps;0
1783418783.728836;right_wheel_steps;0
1783418784.7288857;right_wheel_steps;0
1783418785.728866;right_wheel_steps;0
1783418786.7288692;right_wheel_steps;0
1783418787.7288923;right_wheel_steps;0
1783418788.7289166;right_wheel_steps;0
1783418789.7289767;right_wheel_steps;0
1783418790.728943;right_wheel_steps;0
1783418791.7288678;right_wheel_steps;0
1783418792.7289417;right_wheel_steps;0
1783418793.7289758;right_wheel_steps;0
1783418794.7288954;right_wheel_steps;0
1783418795.729213;right_wheel_steps;0
1783418796.7289286;right_wheel_steps;0
1783418797.728898;right_wheel_steps;0
1783418798.7288454;right_wheel_steps;0
1783418799.7287767;right_wheel_steps;0
1783418800.7288396;right_wheel_steps;0
1783418801.728864;right_wheel_steps;0
1783418802.72886;right_wheel_steps;0
1783418803.7288218;right_wheel_steps;0
1783418804.728822;right_wheel_steps;0
1783418805.7288315;right_wheel_steps;0
1783418806.728803;right_wheel_steps;0
1783418807.7288127;right_wheel_steps;0
1783418808.7288656;right_wheel_steps;0
1783418809.7288694;right_wheel_steps;0
1783418810.7288902;right_wheel_steps;0
1783418811.7302904;right_wheel_steps;0
1783418812.72908;right_wheel_steps;0
1783418813.728832;right_wheel_steps;0
1783418814.7289;right_wheel_steps;0
1783418815.7288153;right_wheel_steps;0
1783418816.7288587;right_wheel_steps;0
1783418817.728664;right_wheel_steps;0
1783418818.7288556;right_wheel_steps;0
1783418819.728855;right_wheel_steps;0
1783418820.7288206;right_wheel_steps;0
1783418821.7288542;right_wheel_steps;0
1783418822.728932;right_wheel_steps;0
1783418823.7287607;right_wheel_steps;0
1783418824.7288568;right_wheel_steps;0
1783418825.728731;right_wheel_steps;0
1783418826.7288597;right_wheel_steps;0
1783418827.7287676;right_wheel_steps;0
1783418828.7289677;right_wheel_steps;0
1783418829.7288997;right_wheel_steps;0
1783418830.728891;right_wheel_steps;0
1783418831.7288957;right_wheel_steps;0
1783418832.7289808;right_wheel_steps;0
1783418833.7288518;right_wheel_steps;0
1783418834.7288976;right_wheel_steps;0
1783418835.7288573;right_wheel_steps;0
1783418836.7288382;right_wheel_steps;0
1783418837.7288768;right_wheel_steps;0
1783418838.7289774;right_wheel_steps;0
1783418839.7289264;right_wheel_steps;0
1783418840.7289157;right_wheel_steps;0
1783418841.728848;right_wheel_steps;0
1783418842.7288542;right_wheel_steps;0
1783418843.728853;right_wheel_steps;0
1783418844.7288802;right_wheel_steps;0
1783418845.7288291;right_wheel_steps;0
1783418846.72888;right_wheel_steps;0
1783418847.7287383;right_wheel_steps;0
1783418848.7287998;right_wheel_steps;0
1783418849.7288833;right_wheel_steps;0
1783418850.7288797;right_wheel_steps;0
1783418851.7288451;right_wheel_steps;0
1783418852.7288518;right_wheel_steps;0
1783418853.728914;right_wheel_steps;0
1783418854.7288778;right_wheel_steps;0
1783418855.7288537;right_wheel_steps;0
1783418856.7288704;right_wheel_steps;0
1783418857.7288396;right_wheel_steps;0
1783418858.7288637;right_wheel_steps;0
1783418859.7287755;right_wheel_steps;0
1783418860.7288394;right_wheel_steps;0
1783418861.728852;right_wheel_steps;0
1783418862.7288945;right_wheel_steps;0
1783418863.7288678;right_wheel_steps;0
1783418864.7289147;right_wheel_steps;0
1783418865.7289526;right_wheel_steps;0
1783418866.7289822;right_wheel_steps;0
1783418867.7288363;right_wheel_steps;0
1783418868.7288976;right_wheel_steps;0
1783418869.728897;right_wheel_steps;0
1783418870.728948;right_wheel_steps;0
1783418871.7288697;right_wheel_steps;0
1783418872.728751;right_wheel_steps;0
1783418873.7289674;right_wheel_steps;0
1783418874.728947;right_wheel_steps;0
1783418875.7288396;right_wheel_steps;0
1783418876.7288315;right_wheel_steps;0
1783418877.728769;right_wheel_steps;0
1783418878.7288592;right_wheel_steps;0
1783418879.7287576;right_wheel_steps;0
1783418880.728943;right_wheel_steps;0
1783418881.728928;right_wheel_steps;0
1783418882.728973;right_wheel_steps;0
1783418883.7288842;right_wheel_steps;0
1783418884.7289407;right_wheel_steps;0
1783418885.7289317;right_wheel_steps;0
1783418886.7289677;right_wheel_steps;0
1783418887.728876;right_wheel_steps;0
1783418888.7288327;right_wheel_steps;0
1783418889.728894;right_wheel_steps;0
1783418890.7289252;right_wheel_steps;0
1783418891.728842;right_wheel_steps;0
1783418892.7288697;right_wheel_steps;0
1783418893.728831;right_wheel_steps;0
1783418894.7288835;right_wheel_steps;0
1783418895.7288492;right_wheel_steps;0
1783418896.7288363;right_wheel_steps;0
1783418897.7288158;right_wheel_steps;0
1783418898.7288923;right_wheel_steps;0
1783418899.7288034;right_wheel_steps;0
1783418900.728831;right_wheel_steps;0
1783418901.728864;right_wheel_steps;0
1783418902.7288654;right_wheel_steps;0
1783418903.728849;right_wheel_steps;0
1783418904.7288623;right_wheel_steps;0
1783418905.7288225;right_wheel_steps;0
1783418906.7288983;right_wheel_steps;0
1783418907.7287247;right_wheel_steps;0
1783418908.7288392;right_wheel_steps;0
1783418909.7288775;right_wheel_steps;0
1783418910.7289696;right_wheel_steps;0
1783418911.7289245;right_wheel_steps;0
1783418912.728838;right_wheel_steps;0
1783418913.7288296;right_wheel_steps;0
1783418914.7288594;right_wheel_steps;0
1783418915.728836;right_wheel_steps;0
1783418916.7288578;right_wheel_steps;0
1783418917.72884;right_wheel_steps;0
1783418918.728853;right_wheel_steps;0
1783418919.7288196;right_wheel_steps;0
1783418920.7288463;right_wheel_steps;0
1783418921.7288537;right_wheel_steps;0
1783418922.728874;right_wheel_steps;0
1783418923.7288203;right_wheel_steps;0
1783418924.7289324;right_wheel_steps;0
1783418925.7288527;right_wheel_steps;0
1783418926.728856;right_wheel_steps;0
1783418927.728855;right_wheel_steps;0
1783418928.7288592;right_wheel_steps;0
1783418929.7288458;right_wheel_steps;0
1783418930.7288518;right_wheel_steps;0
1783418931.7288494;right_wheel_steps;0
1783418932.728816;right_wheel_steps;0
1783418933.7288575;right_wheel_steps;0
1783418934.7288997;right_wheel_steps;0
1783418935.7287586;right_wheel_steps;0
1783418936.7288747;right_wheel_steps;0
1783418937.7287583;right_wheel_steps;0
1783418938.7288775;right_wheel_steps;0
1783418939.7288673;right_wheel_steps;0
1783418940.728873;right_wheel_steps;0
1783418941.7288344;right_wheel_steps;0
1783418942.728856;right_wheel_steps;0
1783418943.7289882;right_wheel_steps;0
1783418944.728919;right_wheel_steps;0
1783418945.7289212;right_wheel_steps;0
1783418946.7289157;right_wheel_steps;0
1783418947.7288322;right_wheel_steps;0
1783418948.7289212;right_wheel_steps;0
1783418949.728894;right_wheel_steps;0
1783418950.7288113;right_wheel_steps;0
1783418951.7288952;right_wheel_steps;0
1783418952.728828;right_wheel_steps;0
1783418953.728914;right_wheel_steps;0
1783418954.7288806;right_wheel_steps;0
1783418955.728838;right_wheel_steps;0
1783418956.7288072;right_wheel_steps;0
1783418957.7288246;right_wheel_steps;0
1783418958.728869;right_wheel_steps;0
1783418959.7287498;right_wheel_steps;0
1783418960.728807;right_wheel_steps;0
1783418961.7288566;right_wheel_steps;0
1783418962.7288463;right_wheel_steps;0
1783418963.7288454;right_wheel_steps;0
1783418964.7288513;right_wheel_steps;0
1783418965.728854;right_wheel_steps;0
1783418966.728854;right_wheel_steps;0
1783418967.7286875;right_wheel_steps;0
1783418968.7288404;right_wheel_steps;0
1783418969.7288742;right_wheel_steps;0
1783418970.7288573;right_wheel_steps;0
1783418971.72876;right_wheel_steps;0
1783418972.72884;right_wheel_steps;0
1783418973.7288496;right_wheel_steps;0
1783418974.728986;right_wheel_steps;0
1783418975.7287598;right_wheel_steps;0
1783418976.728856;right_wheel_steps;0
1783418977.72886;right_wheel_steps;0
1783418978.7288527;right_wheel_steps;0
1783418979.7288756;right_wheel_steps;0
1783418980.728847;right_wheel_steps;0
1783418981.728866;right_wheel_steps;0
1783418982.7288888;right_wheel_steps;0
1783418983.7288356;right_wheel_steps;0
1783418984.7288487;right_wheel_steps;0
1783418985.728861;right_wheel_steps;0
1783418986.7288494;right_wheel_steps;0
1783418987.728856;right_wheel_steps;0
1783418988.728862;right_wheel_steps;0
1783418989.7288563;right_wheel_steps;0
1783418990.72885;right_wheel_steps;0
1783418991.72885;right_wheel_steps;0
1783418992.7289708;right_wheel_steps;0
1783418993.7288654;right_wheel_steps;0
1783418994.728866;right_wheel_steps;0
1783418995.7289462;right_wheel_steps;0
1783418996.7288666;right_wheel_steps;0
1783418997.7287266;right_wheel_steps;0
1783418998.7288637;right_wheel_steps;0
1783418999.7285545;right_wheel_steps;0
1783419000.7288742;right_wheel_steps;0
1783419001.7288384;right_wheel_steps;0
1783419002.728858;right_wheel_steps;0
1783419003.7288723;right_wheel_steps;0
1783419004.7288623;right_wheel_steps;0
1783419005.7288785;right_wheel_steps;0
1783419006.7288835;right_wheel_steps;0
1783419007.728844;right_wheel_steps;0
1783419008.7288125;right_wheel_steps;0
1783419009.7288566;right_wheel_steps;0
1783419010.7288604;right_wheel_steps;0
1783419011.7288654;right_wheel_steps;0
1783419012.728865;right_wheel_steps;0
1783419013.7288587;right_wheel_steps;0
1783419014.7288954;right_wheel_steps;0
1783419015.7288113;right_wheel_steps;0
1783419016.728775;right_wheel_steps;0
1783419017.7288654;right_wheel_steps;0
1783419018.7288592;right_wheel_steps;0
1783419019.7288923;right_wheel_steps;0
1783419020.7288826;right_wheel_steps;0
1783419021.7290018;right_wheel_steps;0
1783419022.728927;right_wheel_steps;0
1783419023.7288332;right_wheel_steps;0
1783419024.728888;right_wheel_steps;0
1783419025.7289152;right_wheel_steps;0
1783419026.728934;right_wheel_steps;0
1783419027.728928;right_wheel_steps;0
1783419028.7287536;right_wheel_steps;0
1783419029.7290328;right_wheel_steps;0
1783419030.7288945;right_wheel_steps;0
1783419031.7288878;right_wheel_steps;0
1783419032.7288735;right_wheel_steps;0
1783419033.728928;right_wheel_steps;0
1783419034.728913;right_wheel_steps;0
1783419035.7288992;right_wheel_steps;0
1783419036.7289357;right_wheel_steps;0
1783419037.7290587;right_wheel_steps;0
1783419038.7289574;right_wheel_steps;0
1783419039.728871;right_wheel_steps;0
1783419040.728926;right_wheel_steps;0
1783419041.7289398;right_wheel_steps;0
1783419042.729005;right_wheel_steps;0
1783419043.7289455;right_wheel_steps;0
1783419044.7289188;right_wheel_steps;0
1783419045.7288196;right_wheel_steps;0
1783419046.7288404;right_wheel_steps;0
1783419047.7288516;right_wheel_steps;0
1783419048.7289157;right_wheel_steps;0
1783419049.7288728;right_wheel_steps;0
1783419050.728865;right_wheel_steps;0
1783419051.7287712;right_wheel_steps;0
1783419052.7288203;right_wheel_steps;0
1783419053.7288787;right_wheel_steps;0
1783419054.7289166;right_wheel_steps;0
1783419055.7288108;right_wheel_steps;0
1783419056.72886;right_wheel_steps;0
1783419057.728731;right_wheel_steps;0
1783419058.7289248;right_wheel_steps;0
1783419059.7288113;right_wheel_steps;0
1783419060.728861;right_wheel_steps;0
1783419061.7288468;right_wheel_steps;0
1783419062.728881;right_wheel_steps;0
1783419063.728829;right_wheel_steps;0
1783419064.728859;right_wheel_steps;0
1783419065.7288709;right_wheel_steps;0
1783419066.7288804;right_wheel_steps;0
1783419067.72883;right_wheel_steps;0
1783419068.7288594;right_wheel_steps;0
1783419069.72886;right_wheel_steps;0
1783419070.728866;right_wheel_steps;0
1783419071.7288551;right_wheel_steps;0
1783419072.7288675;right_wheel_steps;0
1783419073.7288258;right_wheel_steps;0
1783419074.7289803;right_wheel_steps;0
1783419075.728831;right_wheel_steps;0
1783419076.7288294;right_wheel_steps;0
1783419077.728861;right_wheel_steps;0
1783419078.7288923;right_wheel_steps;0
1783419079.7288904;right_wheel_steps;0
1783419080.7288566;right_wheel_steps;0
1783419081.7288527;right_wheel_steps;0
1783419082.72888;right_wheel_steps;0
1783419083.7289212;right_wheel_steps;0
1783419084.728895;right_wheel_steps;0
1783419085.7288578;right_wheel_steps;0
1783419086.728896;right_wheel_steps;0
1783419087.7287147;right_wheel_steps;0
1783419088.7288375;right_wheel_steps;0
1783419089.7288773;right_wheel_steps;0
1783419090.7289193;right_wheel_steps;0
1783419091.7288256;right_wheel_steps;0
1783419092.728866;right_wheel_steps;0
1783419093.7289133;right_wheel_steps;0
1783419094.728902;right_wheel_steps;0
1783419095.7288542;right_wheel_steps;0
1783419096.7289388;right_wheel_steps;0
1783419097.728901;right_wheel_steps;0
1783419098.7289011;right_wheel_steps;0
1783419099.7289374;right_wheel_steps;0
1783419100.728907;right_wheel_steps;0
1783419101.7289948;right_wheel_steps;0
1783419102.72898;right_wheel_steps;0
1783419103.728939;right_wheel_steps;0
1783419104.7289822;right_wheel_steps;0
1783419105.7290182;right_wheel_steps;0
1783419106.728814;right_wheel_steps;0
1783419107.7291555;right_wheel_steps;0
1783419108.7288418;right_wheel_steps;0
1783419109.7288172;right_wheel_steps;0
1783419110.728866;right_wheel_steps;0
1783419111.7288065;right_wheel_steps;0
1783419112.7288394;right_wheel_steps;0
1783419113.728842;right_wheel_steps;0
1783419114.728843;right_wheel_steps;0
1783419115.7287743;right_wheel_steps;0
1783419116.7288506;right_wheel_steps;0
1783419117.7286506;right_wheel_steps;0
1783419118.728852;right_wheel_steps;0
1783419119.728857;right_wheel_steps;0
1783419120.7288485;right_wheel_steps;0
1783419121.728896;right_wheel_steps;0
1783419122.7288558;right_wheel_steps;0
1783419123.7287655;right_wheel_steps;0
1783419124.7288356;right_wheel_steps;0
1783419125.728835;right_wheel_steps;0
1783419126.7288878;right_wheel_steps;0
1783419127.7288718;right_wheel_steps;0
1783419128.728826;right_wheel_steps;0
1783419129.7288609;right_wheel_steps;0
1783419130.7288346;right_wheel_steps;0
1783419131.7288518;right_wheel_steps;0
1783419132.7288592;right_wheel_steps;0
1783419133.72885;right_wheel_steps;0
1783419134.7288835;right_wheel_steps;0
1783419135.7288876;right_wheel_steps;0
1783419136.7288227;right_wheel_steps;0
1783419137.728829;right_wheel_steps;0
1783419138.7288504;right_wheel_steps;0
1783419139.728814;right_wheel_steps;0
1783419140.7288332;right_wheel_steps;0
1783419141.7288158;right_wheel_steps;0
1783419142.7289424;right_wheel_steps;0
1783419143.7288284;right_wheel_steps;0
1783419144.7288425;right_wheel_steps;0
1783419145.7288053;right_wheel_steps;0
1783419146.7288618;right_wheel_steps;0
1783419147.7286243;right_wheel_steps;0
1783419148.7288206;right_wheel_steps;0
1783419149.7288542;right_wheel_steps;0
1783419150.7288735;right_wheel_steps;0
1783419151.728752;right_wheel_steps;0
1783419152.7288544;right_wheel_steps;0
1783419153.7288773;right_wheel_steps;0
1783419154.728855;right_wheel_steps;0
1783419155.7288308;right_wheel_steps;0
1783419156.7289755;right_wheel_steps;0
1783419157.7288802;right_wheel_steps;0
1783419158.7289288;right_wheel_steps;0
1783419159.7288668;right_wheel_steps;0
1783419160.7289236;right_wheel_steps;0
1783419161.728904;right_wheel_steps;0
1783419162.7288916;right_wheel_steps;0
1783419163.7289245;right_wheel_steps;0
1783419164.72887;right_wheel_steps;0
1783419165.728867;right_wheel_steps;0
1783419166.7289386;right_wheel_steps;0
1783419167.7289517;right_wheel_steps;0
1783419168.728937;right_wheel_steps;0
1783419169.728957;right_wheel_steps;0
1783419170.7289715;right_wheel_steps;0
1783419171.728885;right_wheel_steps;0
1783419172.7288537;right_wheel_steps;0
1783419173.728902;right_wheel_steps;0
1783419174.728896;right_wheel_steps;0
1783419175.7288508;right_wheel_steps;0
1783419176.7289078;right_wheel_steps;0
1783419177.7288978;right_wheel_steps;0
1783419178.7289317;right_wheel_steps;0
1783419179.7288818;right_wheel_steps;0
1783419180.7288816;right_wheel_steps;0
1783419181.7289336;right_wheel_steps;0
1783419182.728946;right_wheel_steps;0
1783419183.7288172;right_wheel_steps;0
1783419184.7287183;right_wheel_steps;0
1783419185.7290876;right_wheel_steps;0
1783419186.728892;right_wheel_steps;0
1783419187.728753;right_wheel_steps;0
1783419188.7288444;right_wheel_steps;0
1783419189.7288773;right_wheel_steps;0
1783419190.728824;right_wheel_steps;0
1783419191.728804;right_wheel_steps;0
1783419192.728871;right_wheel_steps;0
1783419193.72885;right_wheel_steps;0
1783419194.728898;right_wheel_steps;0
1783419195.7288597;right_wheel_steps;0
1783419196.7288;right_wheel_steps;0
1783419197.7288375;right_wheel_steps;0
1783419198.7288847;right_wheel_steps;0
1783419199.7288032;right_wheel_steps;0
1783419200.728816;right_wheel_steps;0
1783419201.7288337;right_wheel_steps;0
1783419202.728819;right_wheel_steps;0
1783419203.7288167;right_wheel_steps;0
1783419204.7288363;right_wheel_steps;0
1783419205.7287655;right_wheel_steps;0
1783419206.728852;right_wheel_steps;0
1783419207.7286084;right_wheel_steps;0
1783419208.7287686;right_wheel_steps;0
1783419209.7288516;right_wheel_steps;0
1783419210.7288957;right_wheel_steps;0
1783419211.7287424;right_wheel_steps;0
1783419212.7288277;right_wheel_steps;0
1783419213.7288668;right_wheel_steps;0
1783419214.728862;right_wheel_steps;0
1783419215.7287362;right_wheel_steps;0
1783419216.728858;right_wheel_steps;0
1783419217.728871;right_wheel_steps;0
1783419218.7288775;right_wheel_steps;0
1783419219.7288127;right_wheel_steps;0
1783419220.7288237;right_wheel_steps;0
1783419221.7288654;right_wheel_steps;0
1783419222.7288828;right_wheel_steps;0
1783419223.728816;right_wheel_steps;0
1783419224.7288842;right_wheel_steps;0
1783419225.728836;right_wheel_steps;0
1783419226.72882;right_wheel_steps;0
1783419227.7288358;right_wheel_steps;0
1783419228.728864;right_wheel_steps;0
1783419229.728891;right_wheel_steps;0
1783419230.728944;right_wheel_steps;0
1783419231.7288473;right_wheel_steps;0
1783419232.728893;right_wheel_steps;0
1783419233.7288892;right_wheel_steps;0
1783419234.7289083;right_wheel_steps;0
1783419235.7288792;right_wheel_steps;0
1783419236.7289128;right_wheel_steps;0
1783419237.7287464;right_wheel_steps;0
1783419238.728977;right_wheel_steps;0
1783419239.7288902;right_wheel_steps;0
1783419240.7289395;right_wheel_steps;0
1783419241.728913;right_wheel_steps;0
1783419242.7289815;right_wheel_steps;0
1783419243.7287717;right_wheel_steps;0
1783419244.728856;right_wheel_steps;0
1783419245.7288473;right_wheel_steps;0
1783419246.7288983;right_wheel_steps;0
1783419247.728828;right_wheel_steps;0
1783419248.7288578;right_wheel_steps;0
1783419249.7288587;right_wheel_steps;0
1783419250.7288766;right_wheel_steps;0
1783419251.7288132;right_wheel_steps;0
1783419252.728893;right_wheel_steps;0
1783419253.7288277;right_wheel_steps;0
1783419254.7288437;right_wheel_steps;0
1783419255.7289069;right_wheel_steps;0
1783419256.7288492;right_wheel_steps;0
1783419257.7288864;right_wheel_steps;0
1783419258.7288868;right_wheel_steps;0
1783419259.7288148;right_wheel_steps;0
1783419260.728904;right_wheel_steps;0
1783419261.728905;right_wheel_steps;0
1783419262.7287762;right_wheel_steps;0
1783419263.7290533;right_wheel_steps;0
1783419264.7285416;right_wheel_steps;0
1783419265.7288036;right_wheel_steps;0
1783419266.7288527;right_wheel_steps;0
1783419267.728658;right_wheel_steps;0
1783419268.7287726;right_wheel_steps;0
1783419269.7288482;right_wheel_steps;0
1783419270.728883;right_wheel_steps;0
1783419271.728822;right_wheel_steps;0
1783419272.7288282;right_wheel_steps;0
1783419273.728988;right_wheel_steps;0
1783419274.7288933;right_wheel_steps;0
1783419275.728763;right_wheel_steps;0
1783419276.7288911;right_wheel_steps;0
1783419277.7288666;right_wheel_steps;0
1783419278.728891;right_wheel_steps;0
1783419279.7288492;right_wheel_steps;0
1783419280.7288513;right_wheel_steps;0
1783419281.7288628;right_wheel_steps;0
1783419282.7289023;right_wheel_steps;0
1783419283.7287793;right_wheel_steps;0
1783419284.7288978;right_wheel_steps;0
1783419285.7288451;right_wheel_steps;0
1783419286.7288785;right_wheel_steps;0
1783419287.728876;right_wheel_steps;0
1783419288.7288597;right_wheel_steps;0
1783419289.7289064;right_wheel_steps;0
1783419290.728865;right_wheel_steps;0
1783419291.7287376;right_wheel_steps;0
1783419292.7288382;right_wheel_steps;0
1783419293.72887;right_wheel_steps;0
1783419294.728903;right_wheel_steps;0
1783419295.728775;right_wheel_steps;0
1783419296.7288609;right_wheel_steps;0
1783419297.728649;right_wheel_steps;0
1783419298.728881;right_wheel_steps;0
1783419299.728875;right_wheel_steps;0
1783419300.7288609;right_wheel_steps;0
1783419301.72886;right_wheel_steps;0
1783419302.7288723;right_wheel_steps;0
1783419303.728819;right_wheel_steps;0
1783419304.728898;right_wheel_steps;0
1783419305.728869;right_wheel_steps;0
1783419306.728861;right_wheel_steps;0
1783419307.7289135;right_wheel_steps;0
1783419308.728915;right_wheel_steps;0
1783419309.7289298;right_wheel_steps;0
1783419310.728832;right_wheel_steps;0
1783419311.728758;right_wheel_steps;0
1783419312.728874;right_wheel_steps;0
1783419313.7289152;right_wheel_steps;0
1783419314.7289438;right_wheel_steps;0
1783419315.7288196;right_wheel_steps;0
1783419316.7288103;right_wheel_steps;0
1783419317.7288177;right_wheel_steps;0
1783419318.7288504;right_wheel_steps;0
1783419319.7287376;right_wheel_steps;0
1783419320.7289307;right_wheel_steps;0
1783419321.7289336;right_wheel_steps;0
1783419322.7288673;right_wheel_steps;0
1783419323.728776;right_wheel_steps;0
1783419324.728864;right_wheel_steps;0
1783419325.7288084;right_wheel_steps;0
1783419326.7289236;right_wheel_steps;0
1783419327.728719;right_wheel_steps;0
1783419328.7288213;right_wheel_steps;0
1783419329.7288482;right_wheel_steps;0
1783419330.7288415;right_wheel_steps;0
1783419331.7289283;right_wheel_steps;0
1783419332.7288847;right_wheel_steps;0
1783419333.7289548;right_wheel_steps;0
1783419334.7289236;right_wheel_steps;0
1783419335.728896;right_wheel_steps;0
1783419336.7288952;right_wheel_steps;0
1783419337.728902;right_wheel_steps;0
1783419338.7289264;right_wheel_steps;0
1783419339.7288158;right_wheel_steps;0
1783419340.7288358;right_wheel_steps;0
1783419341.7290475;right_wheel_steps;0
1783419342.7288811;right_wheel_steps;0
1783419343.7287347;right_wheel_steps;0
1783419344.7288775;right_wheel_steps;0
1783419345.7288558;right_wheel_steps;0
1783419346.7288606;right_wheel_steps;0
1783419347.7287357;right_wheel_steps;0
1783419348.7288446;right_wheel_steps;0
1783419349.7288437;right_wheel_steps;0
1783419350.728864;right_wheel_steps;0
1783419351.7288246;right_wheel_steps;0
1783419352.728767;right_wheel_steps;0
1783419353.7288103;right_wheel_steps;0
1783419354.7288835;right_wheel_steps;0
1783419355.728774;right_wheel_steps;0
1783419356.728804;right_wheel_steps;0
1783419357.7287118;right_wheel_steps;0
1783419358.7288358;right_wheel_steps;0
1783419359.728758;right_wheel_steps;0
1783419360.7288277;right_wheel_steps;0
1783419361.7288177;right_wheel_steps;0
1783419362.728858;right_wheel_steps;0
1783419363.7287433;right_wheel_steps;0
1783419364.7288308;right_wheel_steps;0
1783419365.7288334;right_wheel_steps;0
1783419366.728886;right_wheel_steps;0
1783419367.7287393;right_wheel_steps;0
1783419368.7288508;right_wheel_steps;0
1783419369.7288537;right_wheel_steps;0
1783419370.7288218;right_wheel_steps;0
1783419371.728839;right_wheel_steps;0
1783419372.7288494;right_wheel_steps;0
1783419373.728868;right_wheel_steps;0
1783419374.7288797;right_wheel_steps;0
1783419375.7288516;right_wheel_steps;0
1783419376.7287998;right_wheel_steps;0
1783419377.728831;right_wheel_steps;0
1783419378.7288826;right_wheel_steps;0
1783419379.7286415;right_wheel_steps;0
1783419380.728829;right_wheel_steps;0
1783419381.728829;right_wheel_steps;0
1783419382.7288334;right_wheel_steps;0
1783419383.7288454;right_wheel_steps;0
1783419384.7288644;right_wheel_steps;0
1783419385.7288225;right_wheel_steps;0
1783419386.7288785;right_wheel_steps;0
1783419387.7287002;right_wheel_steps;0
1783419388.7288992;right_wheel_steps;0
1783419389.7289524;right_wheel_steps;0
1783419390.7288811;right_wheel_steps;0
1783419391.7287583;right_wheel_steps;0
1783419392.728853;right_wheel_steps;0
1783419393.7289052;right_wheel_steps;0
1783419394.7289915;right_wheel_steps;0
1783419395.728765;right_wheel_steps;0
1783419396.7288609;right_wheel_steps;0
1783419397.7288618;right_wheel_steps;0
1783419398.7288637;right_wheel_steps;0
1783419399.7288268;right_wheel_steps;0
1783419400.7288537;right_wheel_steps;0
1783419401.72886;right_wheel_steps;0
1783419402.729014;right_wheel_steps;0
1783419403.72888;right_wheel_steps;0
1783419404.7289238;right_wheel_steps;0
1783419405.728936;right_wheel_steps;0
1783419406.728959;right_wheel_steps;0
1783419407.728817;right_wheel_steps;0
1783419408.7288609;right_wheel_steps;0
1783419409.728839;right_wheel_steps;0
1783419410.7291224;right_wheel_steps;0
1783419411.7288003;right_wheel_steps;0
1783419412.7288718;right_wheel_steps;0
1783419413.7289057;right_wheel_steps;0
1783419414.7289546;right_wheel_steps;0
1783419415.7288327;right_wheel_steps;0
1783419416.728932;right_wheel_steps;0
1783419417.7288563;right_wheel_steps;0
1783419418.7289212;right_wheel_steps;0
1783419419.728866;right_wheel_steps;0
1783419420.7288554;right_wheel_steps;0
1783419421.7288282;right_wheel_steps;0
1783419422.7288587;right_wheel_steps;0
1783419423.7287977;right_wheel_steps;0
1783419424.7288363;right_wheel_steps;0
1783419425.728835;right_wheel_steps;0
1783419426.7288728;right_wheel_steps;0
1783419427.72883;right_wheel_steps;0
1783419428.7288468;right_wheel_steps;0
1783419429.7288594;right_wheel_steps;0
1783419430.7288609;right_wheel_steps;0
1783419431.7288637;right_wheel_steps;0
1783419432.7288513;right_wheel_steps;0
1783419433.728825;right_wheel_steps;0
1783419434.7288609;right_wheel_steps;0
1783419435.7287433;right_wheel_steps;0
1783419436.72875;right_wheel_steps;0
1783419437.7287996;right_wheel_steps;0
1783419438.7288496;right_wheel_steps;0
1783419439.7288246;right_wheel_steps;0
1783419440.7288065;right_wheel_steps;0
1783419441.7288628;right_wheel_steps;0
1783419442.7288342;right_wheel_steps;0
1783419443.7288322;right_wheel_steps;0
1783419444.728869;right_wheel_steps;0
1783419445.7288296;right_wheel_steps;0
1783419446.7288656;right_wheel_steps;0
1783419447.728648;right_wheel_steps;0
1783419448.7288225;right_wheel_steps;0
1783419449.728853;right_wheel_steps;0
1783419450.7288668;right_wheel_steps;0
1783419451.7288306;right_wheel_steps;0
1783419452.7288337;right_wheel_steps;0
1783419453.7288451;right_wheel_steps;0
1783419454.728842;right_wheel_steps;0
1783419455.7288225;right_wheel_steps;0
1783419456.728839;right_wheel_steps;0
1783419457.7288983;right_wheel_steps;0
1783419458.7288594;right_wheel_steps;0
1783419459.7288086;right_wheel_steps;0
1783419460.7287664;right_wheel_steps;0
1783419461.7288573;right_wheel_steps;0
1783419462.7288752;right_wheel_steps;0
1783419463.7288058;right_wheel_steps;0
1783419464.72883;right_wheel_steps;0
1783419465.72881;right_wheel_steps;0
1783419466.7288043;right_wheel_steps;0
1783419467.7288232;right_wheel_steps;0
1783419468.7288244;right_wheel_steps;0
1783419469.728808;right_wheel_steps;0
1783419470.7288249;right_wheel_steps;0
1783419471.7287562;right_wheel_steps;0
1783419472.7287612;right_wheel_steps;0
1783419473.7288516;right_wheel_steps;0
1783419474.7288806;right_wheel_steps;0
1783419475.7287729;right_wheel_steps;0
1783419476.7288167;right_wheel_steps;0
1783419477.7287295;right_wheel_steps;0
1783419478.7287445;right_wheel_steps;0
1783419479.7288084;right_wheel_steps;0
1783419480.7288344;right_wheel_steps;0
1783419481.7288256;right_wheel_steps;0
1783419482.7288716;right_wheel_steps;0
1783419483.7288597;right_wheel_steps;0
1783419484.728933;right_wheel_steps;0
1783419485.7288527;right_wheel_steps;0
1783419486.728901;right_wheel_steps;0
1783419487.728847;right_wheel_steps;0
1783419488.7290556;right_wheel_steps;0
1783419489.7289264;right_wheel_steps;0
1783419490.72898;right_wheel_steps;0
1783419491.7289517;right_wheel_steps;0
1783419492.7289526;right_wheel_steps;0
1783419493.7289236;right_wheel_steps;0
1783419494.729053;right_wheel_steps;0
1783419495.7288866;right_wheel_steps;0
1783419496.72921;right_wheel_steps;0
1783419497.7288542;right_wheel_steps;0
1783419498.7288496;right_wheel_steps;0
1783419499.728816;right_wheel_steps;0
1783419500.7287788;right_wheel_steps;0
1783419501.7288492;right_wheel_steps;0
1783419502.728839;right_wheel_steps;0
1783419503.728833;right_wheel_steps;0
1783419504.728869;right_wheel_steps;0
1783419505.7287776;right_wheel_steps;0
1783419506.7288463;right_wheel_steps;0
1783419507.728658;right_wheel_steps;0
1783419508.7288387;right_wheel_steps;0
1783419509.7288716;right_wheel_steps;0
1783419510.7288811;right_wheel_steps;0
1783419511.7288563;right_wheel_steps;0
1783419512.7288723;right_wheel_steps;0
1783419513.728874;right_wheel_steps;0
1783419514.728906;right_wheel_steps;0
1783419515.7288618;right_wheel_steps;0
1783419516.7288587;right_wheel_steps;0
1783419517.7288587;right_wheel_steps;0
1783419518.7288604;right_wheel_steps;0
1783419519.7288194;right_wheel_steps;0
1783419520.7288022;right_wheel_steps;0
1783419521.7288857;right_wheel_steps;0
1783419522.7288709;right_wheel_steps;0
1783419523.72882;right_wheel_steps;0
1783419524.7288425;right_wheel_steps;0
1783419525.728885;right_wheel_steps;0
1783419526.728847;right_wheel_steps;0
1783419527.728857;right_wheel_steps;0
1783419528.7285364;right_wheel_steps;0
1783419529.7288597;right_wheel_steps;0
1783419530.728863;right_wheel_steps;0
1783419531.7287676;right_wheel_steps;0
1783419532.7287734;right_wheel_steps;0
1783419533.7288108;right_wheel_steps;0
1783419534.7288744;right_wheel_steps;0
1783419535.728779;right_wheel_steps;0
1783419536.7288451;right_wheel_steps;0
1783419537.7286675;right_wheel_steps;0
1783419538.7288113;right_wheel_steps;0
1783419539.7288508;right_wheel_steps;0
1783419540.728825;right_wheel_steps;0
1783419541.7288463;right_wheel_steps;0
1783419542.7288475;right_wheel_steps;0
1783419543.728765;right_wheel_steps;0
1783419544.7288787;right_wheel_steps;0
1783419545.7287786;right_wheel_steps;0
1783419546.7288575;right_wheel_steps;0
1783419547.728743;right_wheel_steps;0
1783419548.7287788;right_wheel_steps;0
1783419549.728833;right_wheel_steps;0
1783419550.728828;right_wheel_steps;0
1783419551.7287333;right_wheel_steps;0
1783419552.728852;right_wheel_steps;0
1783419553.7288334;right_wheel_steps;0
1783419554.728889;right_wheel_steps;0
1783419555.728753;right_wheel_steps;0
1783419556.7288058;right_wheel_steps;0
1783419557.7288623;right_wheel_steps;0
1783419558.728846;right_wheel_steps;0
1783419559.7288067;right_wheel_steps;0
1783419560.7288485;right_wheel_steps;0
1783419561.7288923;right_wheel_steps;0
1783419562.7289755;right_wheel_steps;0
1783419563.7288048;right_wheel_steps;0
1783419564.7288978;right_wheel_steps;0
1783419565.7288814;right_wheel_steps;0
1783419566.7291317;right_wheel_steps;0
1783419567.728692;right_wheel_steps;0
1783419568.7288916;right_wheel_steps;0
1783419569.7289174;right_wheel_steps;0
1783419570.7288768;right_wheel_steps;0
1783419571.7288458;right_wheel_steps;0
1783419572.7288728;right_wheel_steps;0
1783419573.7287695;right_wheel_steps;0
1783419574.729065;right_wheel_steps;0
1783419575.728852;right_wheel_steps;0
1783419576.728866;right_wheel_steps;0
1783419577.729618;right_wheel_steps;0
1783419578.728896;right_wheel_steps;0
1783419579.7288592;right_wheel_steps;0
1783419580.7289052;right_wheel_steps;0
1783419581.7288916;right_wheel_steps;0
1783419582.7289352;right_wheel_steps;0
1783419583.7289536;right_wheel_steps;0
1783419584.7289307;right_wheel_steps;0
1783419585.7289042;right_wheel_steps;0
1783419586.7289288;right_wheel_steps;0
1783419587.7289224;right_wheel_steps;0
1783419588.7289782;right_wheel_steps;0
1783419589.7289217;right_wheel_steps;0
1783419590.728943;right_wheel_steps;0
1783419591.7288697;right_wheel_steps;0
1783419592.7289226;right_wheel_steps;0
1783419593.7289972;right_wheel_steps;0
1783419594.7289536;right_wheel_steps;0
1783419595.728821;right_wheel_steps;0
1783419596.728849;right_wheel_steps;0
1783419597.7286427;right_wheel_steps;0
1783419598.7288406;right_wheel_steps;0
1783419599.7288618;right_wheel_steps;0
1783419600.7288551;right_wheel_steps;0
1783419601.7288585;right_wheel_steps;0
1783419602.728871;right_wheel_steps;0
1783419603.7287705;right_wheel_steps;0
1783419604.728838;right_wheel_steps;0
1783419605.7288537;right_wheel_steps;0
1783419606.728864;right_wheel_steps;0
1783419607.7288334;right_wheel_steps;0
1783419608.7288237;right_wheel_steps;0
1783419609.7288764;right_wheel_steps;0
1783419610.7288544;right_wheel_steps;0
1783419611.7288558;right_wheel_steps;0
1783419612.7288694;right_wheel_steps;0
1783419613.72887;right_wheel_steps;0
1783419614.728892;right_wheel_steps;0
1783419615.7287538;right_wheel_steps;0
1783419616.7288322;right_wheel_steps;0
1783419617.7288263;right_wheel_steps;0
1783419618.7288566;right_wheel_steps;0
1783419619.7287557;right_wheel_steps;0
1783419620.728833;right_wheel_steps;0
1783419621.7288349;right_wheel_steps;0
1783419622.7288291;right_wheel_steps;0
1783419623.7288156;right_wheel_steps;0
1783419624.72885;right_wheel_steps;0
1783419625.7288687;right_wheel_steps;0
1783419626.7288678;right_wheel_steps;0
1783419627.7286596;right_wheel_steps;0
1783419628.7288072;right_wheel_steps;0
1783419629.7288594;right_wheel_steps;0
1783419630.7289069;right_wheel_steps;0
1783419631.72876;right_wheel_steps;0
1783419632.7288148;right_wheel_steps;0
1783419633.7288346;right_wheel_steps;0
1783419634.7288623;right_wheel_steps;0
1783419635.7287362;right_wheel_steps;0
1783419636.72884;right_wheel_steps;0
1783419637.7288487;right_wheel_steps;0
1783419638.7288606;right_wheel_steps;0
1783419639.7287977;right_wheel_steps;0
1783419640.7288158;right_wheel_steps;0
1783419641.728876;right_wheel_steps;0
1783419642.7288494;right_wheel_steps;0
1783419643.7288291;right_wheel_steps;0
1783419644.7289147;right_wheel_steps;0
1783419645.7288227;right_wheel_steps;0
1783419646.7289605;right_wheel_steps;0
1783419647.728841;right_wheel_steps;0
1783419648.7289774;right_wheel_steps;0
1783419649.7289493;right_wheel_steps;0
1783419650.7288313;right_wheel_steps;0
1783419651.7292216;right_wheel_steps;0
1783419652.7288532;right_wheel_steps;0
1783419653.7288573;right_wheel_steps;0
1783419654.728891;right_wheel_steps;0
1783419655.7287498;right_wheel_steps;0
1783419656.7288568;right_wheel_steps;0
1783419657.72871;right_wheel_steps;0
1783419658.7288592;right_wheel_steps;0
1783419659.7287765;right_wheel_steps;0
1783419660.7288628;right_wheel_steps;0
1783419661.7288418;right_wheel_steps;0
1783419662.7288666;right_wheel_steps;0
1783419663.7287338;right_wheel_steps;0
1783419664.7288392;right_wheel_steps;0
1783419665.7288787;right_wheel_steps;0
1783419666.7288485;right_wheel_steps;0
1783419667.7289093;right_wheel_steps;0
1783419668.728658;right_wheel_steps;0
1783419669.7288504;right_wheel_steps;0
1783419670.72885;right_wheel_steps;0
1783419671.7287524;right_wheel_steps;0
1783419672.728862;right_wheel_steps;0
1783419673.7288115;right_wheel_steps;0
1783419674.728883;right_wheel_steps;0
1783419675.7288032;right_wheel_steps;0
1783419676.728819;right_wheel_steps;0
1783419677.7288382;right_wheel_steps;0
1783419678.7288775;right_wheel_steps;0
1783419679.7287736;right_wheel_steps;0
1783419680.7288065;right_wheel_steps;0
1783419681.728833;right_wheel_steps;0
1783419682.728843;right_wheel_steps;0
1783419683.728775;right_wheel_steps;0
1783419684.728891;right_wheel_steps;0
1783419685.728868;right_wheel_steps;0
1783419686.7288606;right_wheel_steps;0
1783419687.7286327;right_wheel_steps;0
1783419688.728812;right_wheel_steps;0
1783419689.7288923;right_wheel_steps;0
1783419690.7288775;right_wheel_steps;0
1783419691.7288709;right_wheel_steps;0
1783419692.7288811;right_wheel_steps;0
1783419693.7288632;right_wheel_steps;0
1783419694.7289128;right_wheel_steps;0
1783419695.7287607;right_wheel_steps;0
1783419696.7288997;right_wheel_steps;0
1783419697.7288632;right_wheel_steps;0
1783419698.7288718;right_wheel_steps;0
1783419699.728845;right_wheel_steps;0
1783419700.7288463;right_wheel_steps;0
1783419701.7288592;right_wheel_steps;0
1783419702.7289093;right_wheel_steps;0
1783419703.728762;right_wheel_steps;0
1783419704.7288804;right_wheel_steps;0
1783419705.728871;right_wheel_steps;0
1783419706.7288835;right_wheel_steps;0
1783419707.728767;right_wheel_steps;0
1783419708.7288463;right_wheel_steps;0
1783419709.7287266;right_wheel_steps;0
1783419710.7288623;right_wheel_steps;0
1783419711.728759;right_wheel_steps;0
1783419712.728848;right_wheel_steps;0
1783419713.7288637;right_wheel_steps;0
1783419714.7288983;right_wheel_steps;0
1783419715.7287762;right_wheel_steps;0
1783419716.728861;right_wheel_steps;0
1783419717.7287202;right_wheel_steps;0
1783419718.7288854;right_wheel_steps;0
1783419719.7288516;right_wheel_steps;0
1783419720.7288835;right_wheel_steps;0
1783419721.72903;right_wheel_steps;0
1783419722.728928;right_wheel_steps;0
1783419723.7288072;right_wheel_steps;0
1783419724.7289214;right_wheel_steps;0
1783419725.7288933;right_wheel_steps;0
1783419726.728906;right_wheel_steps;0
1783419727.7289147;right_wheel_steps;0
1783419728.7288055;right_wheel_steps;0
1783419729.7290928;right_wheel_steps;0
1783419730.729085;right_wheel_steps;0
1783419731.7288554;right_wheel_steps;0
1783419732.7288694;right_wheel_steps;0
1783419733.7288697;right_wheel_steps;0
1783419734.7288723;right_wheel_steps;0
1783419735.728829;right_wheel_steps;0
1783419736.7288384;right_wheel_steps;0
1783419737.728868;right_wheel_steps;0
1783419738.728878;right_wheel_steps;0
1783419739.728826;right_wheel_steps;0
1783419740.7288349;right_wheel_steps;0
1783419741.7288716;right_wheel_steps;0
1783419742.728888;right_wheel_steps;0
1783419743.7288525;right_wheel_steps;0
1783419744.7288842;right_wheel_steps;0
1783419745.7288454;right_wheel_steps;0
1783419746.7289088;right_wheel_steps;0
1783419747.728686;right_wheel_steps;0
1783419748.7288375;right_wheel_steps;0
1783419749.7288888;right_wheel_steps;0
1783419750.7288833;right_wheel_steps;0
1783419751.7288046;right_wheel_steps;0
1783419752.7288945;right_wheel_steps;0
1783419753.728854;right_wheel_steps;0
1783419754.728876;right_wheel_steps;0
1783419755.728874;right_wheel_steps;0
1783419756.728882;right_wheel_steps;0
1783419757.7288716;right_wheel_steps;0
1783419758.7288816;right_wheel_steps;0
1783419759.728824;right_wheel_steps;0
1783419760.728829;right_wheel_steps;0
1783419761.728877;right_wheel_steps;0
1783419762.7288666;right_wheel_steps;0
1783419763.728832;right_wheel_steps;0
1783419764.7288618;right_wheel_steps;0
1783419765.7288294;right_wheel_steps;0
1783419766.728887;right_wheel_steps;0
1783419767.7288818;right_wheel_steps;0
1783419768.7288392;right_wheel_steps;0
1783419769.7288418;right_wheel_steps;0
1783419770.7288263;right_wheel_steps;0
1783419771.7287538;right_wheel_steps;0
1783419772.7288525;right_wheel_steps;0
1783419773.7288764;right_wheel_steps;0
1783419774.7289245;right_wheel_steps;0
1783419775.7287474;right_wheel_steps;0
1783419776.7288437;right_wheel_steps;0
1783419777.7287474;right_wheel_steps;0
1783419778.7288709;right_wheel_steps;0
1783419779.7288306;right_wheel_steps;0
1783419780.7288623;right_wheel_steps;0
1783419781.7288527;right_wheel_steps;0
1783419782.7288566;right_wheel_steps;0
1783419783.7287707;right_wheel_steps;0
1783419784.7288468;right_wheel_steps;0
1783419785.7288277;right_wheel_steps;0
1783419786.7288508;right_wheel_steps;0
1783419787.7287393;right_wheel_steps;0
1783419788.7288532;right_wheel_steps;0
1783419789.72885;right_wheel_steps;0
1783419790.7288325;right_wheel_steps;0
1783419791.7287562;right_wheel_steps;0
1783419792.7288888;right_wheel_steps;0
1783419793.728704;right_wheel_steps;0
1783419794.7288532;right_wheel_steps;0
1783419795.7287586;right_wheel_steps;0
1783419796.728829;right_wheel_steps;0
1783419797.7288694;right_wheel_steps;0
1783419798.72886;right_wheel_steps;0
1783419799.7288563;right_wheel_steps;0
1783419800.7288723;right_wheel_steps;0
1783419801.7288764;right_wheel_steps;0
1783419802.7289395;right_wheel_steps;0
1783419803.728853;right_wheel_steps;0
1783419804.7289271;right_wheel_steps;0
1783419805.7289283;right_wheel_steps;0
1783419806.7288892;right_wheel_steps;0
1783419807.7290647;right_wheel_steps;0
1783419808.7289042;right_wheel_steps;0
1783419809.7289555;right_wheel_steps;0
1783419810.7289426;right_wheel_steps;0
1783419811.728912;right_wheel_steps;0
1783419812.7289822;right_wheel_steps;0
1783419813.728853;right_wheel_steps;0
1783419814.728915;right_wheel_steps;0
1783419815.7288716;right_wheel_steps;0
1783419816.7289417;right_wheel_steps;0
1783419817.7289307;right_wheel_steps;0
1783419818.7289507;right_wheel_steps;0
1783419819.728902;right_wheel_steps;0
1783419820.7289474;right_wheel_steps;0
1783419821.728922;right_wheel_steps;0
1783419822.7289956;right_wheel_steps;0
1783419823.728753;right_wheel_steps;0
1783419824.728959;right_wheel_steps;0
1783419825.7289412;right_wheel_steps;0
1783419826.7289612;right_wheel_steps;0
1783419827.7289932;right_wheel_steps;0
1783419828.7288537;right_wheel_steps;0
1783419829.728862;right_wheel_steps;0
1783419830.728871;right_wheel_steps;0
1783419831.7287629;right_wheel_steps;0
1783419832.7288222;right_wheel_steps;0
1783419833.7288537;right_wheel_steps;0
1783419834.7288766;right_wheel_steps;0
1783419835.728929;right_wheel_steps;0
1783419836.7288458;right_wheel_steps;0
1783419837.7287374;right_wheel_steps;0
1783419838.728843;right_wheel_steps;0
1783419839.728772;right_wheel_steps;0
1783419840.7288742;right_wheel_steps;0
1783419841.7288344;right_wheel_steps;0
1783419842.7288835;right_wheel_steps;0
1783419843.728777;right_wheel_steps;0
1783419844.7288363;right_wheel_steps;0
1783419845.7288392;right_wheel_steps;0
1783419846.7288723;right_wheel_steps;0
1783419847.7288668;right_wheel_steps;0
1783419848.7288256;right_wheel_steps;0
1783419849.728829;right_wheel_steps;0
1783419850.728817;right_wheel_steps;0
1783419851.7288349;right_wheel_steps;0
1783419852.7288191;right_wheel_steps;0
1783419853.728778;right_wheel_steps;0
1783419854.7288568;right_wheel_steps;0
1783419855.72884;right_wheel_steps;0
1783419856.7287776;right_wheel_steps;0
1783419857.728863;right_wheel_steps;0
1783419858.7288911;right_wheel_steps;0
1783419859.7287674;right_wheel_steps;0
1783419860.7288237;right_wheel_steps;0
1783419861.7288966;right_wheel_steps;0
1783419862.7288663;right_wheel_steps;0
1783419863.7288578;right_wheel_steps;0
1783419864.7288802;right_wheel_steps;0
1783419865.7288177;right_wheel_steps;0
1783419866.72883;right_wheel_steps;0
1783419867.7286017;right_wheel_steps;0
1783419868.7288153;right_wheel_steps;0
1783419869.7288363;right_wheel_steps;0
1783419870.7288594;right_wheel_steps;0
1783419871.7288215;right_wheel_steps;0
1783419872.7288396;right_wheel_steps;0
1783419873.7288516;right_wheel_steps;0
1783419874.7288554;right_wheel_steps;0
1783419875.7288983;right_wheel_steps;0
1783419876.7288835;right_wheel_steps;0
1783419877.7289743;right_wheel_steps;0
1783419878.728927;right_wheel_steps;0
1783419879.7288358;right_wheel_steps;0
1783419880.7289035;right_wheel_steps;0
1783419881.7289412;right_wheel_steps;0
1783419882.7337222;right_wheel_steps;0
1783419883.7287607;right_wheel_steps;0
1783419884.7290049;right_wheel_steps;0
1783419885.7289772;right_wheel_steps;0
1783419886.7288537;right_wheel_steps;0
1783419887.728836;right_wheel_steps;0
1783419888.7288458;right_wheel_steps;0
1783419889.7288537;right_wheel_steps;0
1783419890.728856;right_wheel_steps;0
1783419891.728724;right_wheel_steps;0
1783419892.7287626;right_wheel_steps;0
1783419893.7288487;right_wheel_steps;0
1783419894.7289708;right_wheel_steps;0
1783419895.72885;right_wheel_steps;0
1783419896.7288396;right_wheel_steps;0
1783419897.7286932;right_wheel_steps;0
1783419898.728863;right_wheel_steps;0
1783419899.7288258;right_wheel_steps;0
1783419900.72886;right_wheel_steps;0
1783419901.7288773;right_wheel_steps;0
1783419902.728876;right_wheel_steps;0
1783419903.7288857;right_wheel_steps;0
1783419904.728865;right_wheel_steps;0
1783419905.728857;right_wheel_steps;0
1783419906.7288675;right_wheel_steps;0
1783419907.7288158;right_wheel_steps;0
1783419908.7288592;right_wheel_steps;0
1783419909.7288857;right_wheel_steps;0
1783419910.7288628;right_wheel_steps;0
1783419911.7288704;right_wheel_steps;0
1783419912.728866;right_wheel_steps;0
1783419913.72884;right_wheel_steps;0
1783419914.7288804;right_wheel_steps;0
1783419915.7287765;right_wheel_steps;0
1783419916.7288258;right_wheel_steps;0
1783419917.7288756;right_wheel_steps;0
1783419918.7288854;right_wheel_steps;0
1783419919.7288065;right_wheel_steps;0
1783419920.7288134;right_wheel_steps;0
1783419921.728848;right_wheel_steps;0
1783419922.7288723;right_wheel_steps;0
1783419923.72886;right_wheel_steps;0
1783419924.7289274;right_wheel_steps;0
1783419925.7288697;right_wheel_steps;0
1783419926.7289326;right_wheel_steps;0
1783419927.7286248;right_wheel_steps;0
1783419928.7288375;right_wheel_steps;0
1783419929.728878;right_wheel_steps;0
1783419930.7288852;right_wheel_steps;0
1783419931.7288425;right_wheel_steps;0
1783419932.7288692;right_wheel_steps;0
1783419933.7288513;right_wheel_steps;0
1783419934.7288806;right_wheel_steps;0
1783419935.7287529;right_wheel_steps;0
1783419936.728848;right_wheel_steps;0
1783419937.7288237;right_wheel_steps;0
1783419938.7288623;right_wheel_steps;0
1783419939.728802;right_wheel_steps;0
1783419940.7287698;right_wheel_steps;0
1783419941.7288516;right_wheel_steps;0
1783419942.7288637;right_wheel_steps;0
1783419943.7288246;right_wheel_steps;0
1783419944.728859;right_wheel_steps;0
1783419945.7288876;right_wheel_steps;0
1783419946.7288415;right_wheel_steps;0
1783419947.728766;right_wheel_steps;0
1783419948.728821;right_wheel_steps;0
1783419949.728831;right_wheel_steps;0
1783419950.7288992;right_wheel_steps;0
1783419951.7287717;right_wheel_steps;0
1783419952.728819;right_wheel_steps;0
1783419953.7288296;right_wheel_steps;0
1783419954.72885;right_wheel_steps;0
1783419955.7288454;right_wheel_steps;0
1783419956.7289653;right_wheel_steps;0
1783419957.728729;right_wheel_steps;0
1783419958.728892;right_wheel_steps;0
1783419959.7288482;right_wheel_steps;0
1783419960.72885;right_wheel_steps;0
1783419961.7288768;right_wheel_steps;0
1783419962.7288857;right_wheel_steps;0
1783419963.7291298;right_wheel_steps;0
1783419964.7288337;right_wheel_steps;0
1783419965.7288191;right_wheel_steps;0
1783419966.728885;right_wheel_steps;0
1783419967.7287674;right_wheel_steps;0
1783419968.7288146;right_wheel_steps;0
1783419969.728841;right_wheel_steps;0
1783419970.7288542;right_wheel_steps;0
1783419971.728809;right_wheel_steps;0
1783419972.7288473;right_wheel_steps;0
1783419973.728855;right_wheel_steps;0
1783419974.72887;right_wheel_steps;0
1783419975.7287734;right_wheel_steps;0
1783419976.7289166;right_wheel_steps;0
1783419977.728857;right_wheel_steps;0
1783419978.7288663;right_wheel_steps;0
1783419979.7288342;right_wheel_steps;0
1783419980.728845;right_wheel_steps;0
1783419981.7288473;right_wheel_steps;0
1783419982.728857;right_wheel_steps;0
1783419983.728843;right_wheel_steps;0
1783419984.7288644;right_wheel_steps;0
1783419985.7288704;right_wheel_steps;0
1783419986.7288606;right_wheel_steps;0
1783419987.7288158;right_wheel_steps;0
1783419988.7288566;right_wheel_steps;0
1783419989.728876;right_wheel_steps;0
1783419990.7288642;right_wheel_steps;0
1783419991.7287655;right_wheel_steps;0
1783419992.728878;right_wheel_steps;0
1783419993.7288628;right_wheel_steps;0
1783419994.728865;right_wheel_steps;0
1783419995.728828;right_wheel_steps;0
1783419996.7288325;right_wheel_steps;0
1783419997.728835;right_wheel_steps;0
1783419998.728861;right_wheel_steps;0
1783419999.7287655;right_wheel_steps;0
1783420000.7288203;right_wheel_steps;0
1783420001.7288485;right_wheel_steps;0
1783420002.7288666;right_wheel_steps;0
1783420003.728745;right_wheel_steps;0
1783420004.7288578;right_wheel_steps;0
1783420005.7288463;right_wheel_steps;0
1783420006.7288585;right_wheel_steps;0
1783420007.7288458;right_wheel_steps;0
1783420008.728841;right_wheel_steps;0
1783420009.7288463;right_wheel_steps;0
1783420010.7288427;right_wheel_steps;0
1783420011.728771;right_wheel_steps;0
1783420012.7288115;right_wheel_steps;0
1783420013.7288504;right_wheel_steps;0
1783420014.7288897;right_wheel_steps;0
1783420015.7287583;right_wheel_steps;0
1783420016.7288532;right_wheel_steps;0
1783420017.7287726;right_wheel_steps;0
1783420018.7288852;right_wheel_steps;0
1783420019.7288282;right_wheel_steps;0
1783420020.728864;right_wheel_steps;0
1783420021.7288387;right_wheel_steps;0
1783420022.7288718;right_wheel_steps;0
1783420023.72883;right_wheel_steps;0
1783420024.7389684;right_wheel_steps;0
1783420025.728839;right_wheel_steps;0
1783420026.7288852;right_wheel_steps;0
1783420027.7287698;right_wheel_steps;0
1783420028.7288485;right_wheel_steps;0
1783420029.7289004;right_wheel_steps;0
1783420030.7288728;right_wheel_steps;0
1783420031.728758;right_wheel_steps;0
1783420032.7288668;right_wheel_steps;0
1783420033.7290578;right_wheel_steps;0
1783420034.728985;right_wheel_steps;0
1783420035.7288468;right_wheel_steps;0
1783420036.7288983;right_wheel_steps;0
1783420037.7289078;right_wheel_steps;0
1783420038.7289002;right_wheel_steps;0
1783420039.728845;right_wheel_steps;0
1783420040.7287788;right_wheel_steps;0
1783420041.7290916;right_wheel_steps;0
1783420042.728836;right_wheel_steps;0
1783420043.7288218;right_wheel_steps;0
1783420044.7288644;right_wheel_steps;0
1783420045.7288284;right_wheel_steps;0
1783420046.7288544;right_wheel_steps;0
1783420047.7287023;right_wheel_steps;0
1783420048.728774;right_wheel_steps;0
1783420049.7287266;right_wheel_steps;0
1783420050.728908;right_wheel_steps;0
1783420051.7287688;right_wheel_steps;0
1783420052.7288196;right_wheel_steps;0
1783420053.7288463;right_wheel_steps;0
1783420054.7288723;right_wheel_steps;0
1783420055.7287495;right_wheel_steps;0
1783420056.7288902;right_wheel_steps;0
1783420057.7288918;right_wheel_steps;0
1783420058.728958;right_wheel_steps;0
1783420059.7288933;right_wheel_steps;0
1783420060.7288885;right_wheel_steps;0
1783420061.7289157;right_wheel_steps;0
1783420062.728953;right_wheel_steps;0
1783420063.7288349;right_wheel_steps;0
1783420064.7289398;right_wheel_steps;0
1783420065.7289238;right_wheel_steps;0
1783420066.7290428;right_wheel_steps;0
1783420067.728949;right_wheel_steps;0
1783420068.728929;right_wheel_steps;0
1783420069.7289205;right_wheel_steps;0
1783420070.728943;right_wheel_steps;0
1783420071.728896;right_wheel_steps;0
1783420072.7289188;right_wheel_steps;0
1783420073.7289598;right_wheel_steps;0
1783420074.7289274;right_wheel_steps;0
1783420075.7288177;right_wheel_steps;0
1783420076.7289257;right_wheel_steps;0
1783420077.728757;right_wheel_steps;0
1783420078.728901;right_wheel_steps;0
1783420079.728849;right_wheel_steps;0
1783420080.72892;right_wheel_steps;0
1783420081.728895;right_wheel_steps;0
1783420082.7289417;right_wheel_steps;0
1783420083.728762;right_wheel_steps;0
1783420084.7288811;right_wheel_steps;0
1783420085.728918;right_wheel_steps;0
1783420086.728959;right_wheel_steps;0
1783420087.728775;right_wheel_steps;0
1783420088.7288334;right_wheel_steps;0
1783420089.72888;right_wheel_steps;0
1783420090.728882;right_wheel_steps;0
1783420091.728686;right_wheel_steps;0
1783420092.728893;right_wheel_steps;0
1783420093.7288752;right_wheel_steps;0
1783420094.7289076;right_wheel_steps;0
1783420095.7287629;right_wheel_steps;0
1783420096.7288008;right_wheel_steps;0
1783420097.7288315;right_wheel_steps;0
1783420098.7288902;right_wheel_steps;0
1783420099.7287576;right_wheel_steps;0
1783420100.728841;right_wheel_steps;0
1783420101.728873;right_wheel_steps;0
1783420102.7288842;right_wheel_steps;0
1783420103.7288167;right_wheel_steps;0
1783420104.728861;right_wheel_steps;0
1783420105.7287796;right_wheel_steps;0
1783420106.728888;right_wheel_steps;0
1783420107.7286766;right_wheel_steps;0
1783420108.728776;right_wheel_steps;0
1783420109.728897;right_wheel_steps;0
1783420110.7289057;right_wheel_steps;0
1783420111.728861;right_wheel_steps;0
1783420112.7289462;right_wheel_steps;0
1783420113.7288702;right_wheel_steps;0
1783420114.728982;right_wheel_steps;0
1783420115.7288704;right_wheel_steps;0
1783420116.7288575;right_wheel_steps;0
1783420117.728932;right_wheel_steps;0
1783420118.7288413;right_wheel_steps;0
1783420119.7297304;right_wheel_steps;0
1783420120.7288294;right_wheel_steps;0
1783420121.7288656;right_wheel_steps;0
1783420122.7288733;right_wheel_steps;0
1783420123.7288249;right_wheel_steps;0
1783420124.7288537;right_wheel_steps;0
1783420125.728849;right_wheel_steps;0
1783420126.7288718;right_wheel_steps;0
1783420127.7288182;right_wheel_steps;0
1783420128.7288787;right_wheel_steps;0
1783420129.7288268;right_wheel_steps;0
1783420130.728883;right_wheel_steps;0
1783420131.7288218;right_wheel_steps;0
1783420132.7288637;right_wheel_steps;0
1783420133.72886;right_wheel_steps;0
1783420134.7289195;right_wheel_steps;0
1783420135.728773;right_wheel_steps;0
1783420136.7288446;right_wheel_steps;0
1783420137.7287426;right_wheel_steps;0
1783420138.7288935;right_wheel_steps;0
1783420139.728818;right_wheel_steps;0
1783420140.729025;right_wheel_steps;0
1783420141.7288504;right_wheel_steps;0
1783420142.7288563;right_wheel_steps;0
1783420143.7287683;right_wheel_steps;0
1783420144.7288356;right_wheel_steps;0
1783420145.7288237;right_wheel_steps;0
1783420146.728853;right_wheel_steps;0
1783420147.7288177;right_wheel_steps;0
1783420148.728833;right_wheel_steps;0
1783420149.7288406;right_wheel_steps;0
1783420150.728857;right_wheel_steps;0
1783420151.7287989;right_wheel_steps;0
1783420152.7288432;right_wheel_steps;0
1783420153.72877;right_wheel_steps;0
1783420154.7288525;right_wheel_steps;0
1783420155.728819;right_wheel_steps;0
1783420156.7288592;right_wheel_steps;0
1783420157.728882;right_wheel_steps;0
1783420158.7288756;right_wheel_steps;0
1783420159.7288194;right_wheel_steps;0
1783420160.7288609;right_wheel_steps;0
1783420161.7288473;right_wheel_steps;0
1783420162.72888;right_wheel_steps;0
1783420163.728767;right_wheel_steps;0
1783420164.7288656;right_wheel_steps;0
1783420165.7288702;right_wheel_steps;0
1783420166.728862;right_wheel_steps;0
1783420167.7286165;right_wheel_steps;0
1783420168.7288003;right_wheel_steps;0
1783420169.728853;right_wheel_steps;0
1783420170.728846;right_wheel_steps;0
1783420171.7292254;right_wheel_steps;0
1783420172.7288604;right_wheel_steps;0
1783420173.7288587;right_wheel_steps;0
1783420174.7288866;right_wheel_steps;0
1783420175.7288444;right_wheel_steps;0
1783420176.7288816;right_wheel_steps;0
1783420177.7288585;right_wheel_steps;0
1783420178.7288787;right_wheel_steps;0
1783420179.7287786;right_wheel_steps;0
1783420180.7288508;right_wheel_steps;0
1783420181.7288835;right_wheel_steps;0
1783420182.7288563;right_wheel_steps;0
1783420183.7286334;right_wheel_steps;0
1783420184.7288644;right_wheel_steps;0
1783420185.728855;right_wheel_steps;0
1783420186.7288673;right_wheel_steps;0
1783420187.728857;right_wheel_steps;0
1783420188.7288551;right_wheel_steps;0
1783420189.728999;right_wheel_steps;0
1783420190.7289295;right_wheel_steps;0
1783420191.728824;right_wheel_steps;0
1783420192.728824;right_wheel_steps;0
1783420193.7289038;right_wheel_steps;0
1783420194.728963;right_wheel_steps;0
1783420195.7288468;right_wheel_steps;0
1783420196.7289429;right_wheel_steps;0
1783420197.7290516;right_wheel_steps;0
1783420198.729625;right_wheel_steps;0
1783420199.728839;right_wheel_steps;0
1783420200.7288816;right_wheel_steps;0
1783420201.728848;right_wheel_steps;0
1783420202.7288888;right_wheel_steps;0
1783420203.7288804;right_wheel_steps;0
1783420204.7288733;right_wheel_steps;0
1783420205.7288735;right_wheel_steps;0
1783420206.7288709;right_wheel_steps;0
1783420207.728846;right_wheel_steps;0
1783420208.728885;right_wheel_steps;0
1783420209.7289028;right_wheel_steps;0
1783420210.7288764;right_wheel_steps;0
1783420211.7288678;right_wheel_steps;0
1783420212.7288663;right_wheel_steps;0
1783420213.728867;right_wheel_steps;0
1783420214.7289436;right_wheel_steps;0
1783420215.72884;right_wheel_steps;0
1783420216.7288606;right_wheel_steps;0
1783420217.7288806;right_wheel_steps;0
1783420218.7290263;right_wheel_steps;0
1783420219.728864;right_wheel_steps;0
1783420220.7289214;right_wheel_steps;0
1783420221.728935;right_wheel_steps;0
1783420222.728958;right_wheel_steps;0
1783420223.7288313;right_wheel_steps;0
1783420224.7289357;right_wheel_steps;0
1783420225.7288778;right_wheel_steps;0
1783420226.7289543;right_wheel_steps;0
1783420227.728696;right_wheel_steps;0
1783420228.7288263;right_wheel_steps;0
1783420229.728867;right_wheel_steps;0
1783420230.7288673;right_wheel_steps;0
1783420231.7288206;right_wheel_steps;0
1783420232.7288404;right_wheel_steps;0
1783420233.7288363;right_wheel_steps;0
1783420234.7289217;right_wheel_steps;0
1783420235.7288015;right_wheel_steps;0
1783420236.7288346;right_wheel_steps;0
1783420237.7288756;right_wheel_steps;0
1783420238.728865;right_wheel_steps;0
1783420239.7288277;right_wheel_steps;0
1783420240.7288313;right_wheel_steps;0
1783420241.728828;right_wheel_steps;0
1783420242.728891;right_wheel_steps;0
1783420243.7287474;right_wheel_steps;0
1783420244.7288542;right_wheel_steps;0
1783420245.7288675;right_wheel_steps;0
1783420246.728874;right_wheel_steps;0
1783420247.7288723;right_wheel_steps;0
1783420248.7288256;right_wheel_steps;0
1783420249.7288454;right_wheel_steps;0
1783420250.728892;right_wheel_steps;0
1783420251.7287705;right_wheel_steps;0
1783420252.728817;right_wheel_steps;0
1783420253.728819;right_wheel_steps;0
1783420254.7289004;right_wheel_steps;0
1783420255.7287755;right_wheel_steps;0
1783420256.7288322;right_wheel_steps;0
1783420257.7287223;right_wheel_steps;0
1783420258.7288282;right_wheel_steps;0
1783420259.7287512;right_wheel_steps;0
1783420260.7288418;right_wheel_steps;0
1783420261.7288094;right_wheel_steps;0
1783420262.728855;right_wheel_steps;0
1783420263.7287695;right_wheel_steps;0
1783420264.7288232;right_wheel_steps;0
1783420265.7288392;right_wheel_steps;0
1783420266.7289965;right_wheel_steps;0
1783420267.7288227;right_wheel_steps;0
1783420268.728903;right_wheel_steps;0
1783420269.7288594;right_wheel_steps;0
1783420270.7289157;right_wheel_steps;0
1783420271.7288811;right_wheel_steps;0
1783420272.72886;right_wheel_steps;0
1783420273.7287672;right_wheel_steps;0
1783420274.7291074;right_wheel_steps;0
1783420275.7287564;right_wheel_steps;0
1783420276.7287724;right_wheel_steps;0
1783420277.7288249;right_wheel_steps;0
1783420278.728814;right_wheel_steps;0
1783420279.728772;right_wheel_steps;0
1783420280.728803;right_wheel_steps;0
1783420281.72884;right_wheel_steps;0
1783420282.728767;right_wheel_steps;0
1783420283.728704;right_wheel_steps;0
1783420284.7288587;right_wheel_steps;0
1783420285.7287767;right_wheel_steps;0
1783420286.7288773;right_wheel_steps;0
1783420287.7287197;right_wheel_steps;0
1783420288.7288342;right_wheel_steps;0
1783420289.728857;right_wheel_steps;0
1783420290.7288785;right_wheel_steps;0
1783420291.728762;right_wheel_steps;0
1783420292.7288897;right_wheel_steps;0
1783420293.72886;right_wheel_steps;0
1783420294.7288704;right_wheel_steps;0
1783420295.728853;right_wheel_steps;0
1783420296.7288504;right_wheel_steps;0
1783420297.7288706;right_wheel_steps;0
1783420298.7288525;right_wheel_steps;0
1783420299.728801;right_wheel_steps;0
1783420300.7287743;right_wheel_steps;0
1783420301.7288594;right_wheel_steps;0
1783420302.728902;right_wheel_steps;0
1783420303.7288203;right_wheel_steps;0
1783420304.7289786;right_wheel_steps;0
1783420305.728871;right_wheel_steps;0
1783420306.7288592;right_wheel_steps;0
1783420307.728762;right_wheel_steps;0
1783420308.728825;right_wheel_steps;0
1783420309.7288244;right_wheel_steps;0
1783420310.72883;right_wheel_steps;0
1783420311.7287672;right_wheel_steps;0
1783420312.7287688;right_wheel_steps;0
1783420313.728841;right_wheel_steps;0
1783420314.7289011;right_wheel_steps;0
1783420315.7287376;right_wheel_steps;0
1783420316.7288692;right_wheel_steps;0
1783420317.728776;right_wheel_steps;0
1783420318.7289813;right_wheel_steps;0
1783420319.7288294;right_wheel_steps;0
1783420320.728848;right_wheel_steps;0
1783420321.7288575;right_wheel_steps;0
1783420322.7288396;right_wheel_steps;0
1783420323.7288723;right_wheel_steps;0
1783420324.7288518;right_wheel_steps;0
1783420325.7288766;right_wheel_steps;0
1783420326.7289004;right_wheel_steps;0
1783420327.7287564;right_wheel_steps;0
1783420328.728832;right_wheel_steps;0
1783420329.7289045;right_wheel_steps;0
1783420330.7288527;right_wheel_steps;0
1783420331.7286627;right_wheel_steps;0
1783420332.7288363;right_wheel_steps;0
1783420333.728809;right_wheel_steps;0
1783420334.728871;right_wheel_steps;0
1783420335.7288194;right_wheel_steps;0
1783420336.7288594;right_wheel_steps;0
1783420337.7288728;right_wheel_steps;0
1783420338.7288878;right_wheel_steps;0
1783420339.7287607;right_wheel_steps;0
1783420340.728845;right_wheel_steps;0
1783420341.7288637;right_wheel_steps;0
1783420342.728885;right_wheel_steps;0
1783420343.7289495;right_wheel_steps;0
1783420344.728917;right_wheel_steps;0
1783420345.7289228;right_wheel_steps;0
1783420346.7289784;right_wheel_steps;0
1783420347.7287476;right_wheel_steps;0
1783420348.7288857;right_wheel_steps;0
1783420349.728981;right_wheel_steps;0
1783420350.72882;right_wheel_steps;0
1783420351.7290385;right_wheel_steps;0
1783420352.7288392;right_wheel_steps;0
1783420353.728958;right_wheel_steps;0
1783420354.7289288;right_wheel_steps;0
1783420355.728929;right_wheel_steps;0
1783420356.728891;right_wheel_steps;0
1783420357.7288098;right_wheel_steps;0
1783420358.7288697;right_wheel_steps;0
1783420359.7288787;right_wheel_steps;0
1783420360.7288666;right_wheel_steps;0
1783420361.728911;right_wheel_steps;0
1783420362.7289398;right_wheel_steps;0
1783420363.728909;right_wheel_steps;0
1783420364.7289462;right_wheel_steps;0
1783420365.7290125;right_wheel_steps;0
1783420366.728938;right_wheel_steps;0
1783420367.7289464;right_wheel_steps;0
1783420368.7289042;right_wheel_steps;0
1783420369.7289178;right_wheel_steps;0
1783420370.7288306;right_wheel_steps;0
1783420371.72876;right_wheel_steps;0
1783420372.7288244;right_wheel_steps;0
1783420373.7288396;right_wheel_steps;0
1783420374.728866;right_wheel_steps;0
1783420375.7287154;right_wheel_steps;0
1783420376.7288277;right_wheel_steps;0
1783420377.7288172;right_wheel_steps;0
1783420378.7288554;right_wheel_steps;0
1783420379.7287607;right_wheel_steps;0
1783420380.728833;right_wheel_steps;0
1783420381.7288144;right_wheel_steps;0
1783420382.7288709;right_wheel_steps;0
1783420383.728805;right_wheel_steps;0
1783420384.7288485;right_wheel_steps;0
1783420385.7288103;right_wheel_steps;0
1783420386.7310095;right_wheel_steps;0
1783420387.7287543;right_wheel_steps;0
1783420388.7287762;right_wheel_steps;0
1783420389.7288048;right_wheel_steps;0
1783420390.7288668;right_wheel_steps;0
1783420391.7288222;right_wheel_steps;0
1783420392.7288475;right_wheel_steps;0
1783420393.7288384;right_wheel_steps;0
1783420394.7288897;right_wheel_steps;0
1783420395.7287788;right_wheel_steps;0
1783420396.7288332;right_wheel_steps;0
1783420397.7288833;right_wheel_steps;0
1783420398.7288735;right_wheel_steps;0
1783420399.728831;right_wheel_steps;0
1783420400.7288103;right_wheel_steps;0
1783420401.728858;right_wheel_steps;0
1783420402.7288709;right_wheel_steps;0
1783420403.7287602;right_wheel_steps;0
1783420404.7288246;right_wheel_steps;0
1783420405.7287686;right_wheel_steps;0
1783420406.7288306;right_wheel_steps;0
1783420407.7287796;right_wheel_steps;0
1783420408.728828;right_wheel_steps;0
1783420409.72886;right_wheel_steps;0
1783420410.7288516;right_wheel_steps;0
1783420411.7288318;right_wheel_steps;0
1783420412.7288463;right_wheel_steps;0
1783420413.7288752;right_wheel_steps;0
1783420414.7288988;right_wheel_steps;0
1783420415.7288227;right_wheel_steps;0
1783420416.7288494;right_wheel_steps;0
1783420417.7288637;right_wheel_steps;0
1783420418.7288902;right_wheel_steps;0
1783420419.7288425;right_wheel_steps;0
1783420420.7288637;right_wheel_steps;0
1783420421.7290294;right_wheel_steps;0
1783420422.728936;right_wheel_steps;0
1783420423.7289357;right_wheel_steps;0
1783420424.7289188;right_wheel_steps;0
1783420425.7287762;right_wheel_steps;0
1783420426.7289329;right_wheel_steps;0
1783420427.7289114;right_wheel_steps;0
1783420428.728846;right_wheel_steps;0
1783420429.7290566;right_wheel_steps;0
1783420430.7288926;right_wheel_steps;0
1783420431.7288086;right_wheel_steps;0
1783420432.7288623;right_wheel_steps;0
1783420433.7289076;right_wheel_steps;0
1783420434.728902;right_wheel_steps;0
1783420435.7288566;right_wheel_steps;0
1783420436.7288556;right_wheel_steps;0
1783420437.72886;right_wheel_steps;0
1783420438.7286527;right_wheel_steps;0
1783420439.728808;right_wheel_steps;0
1783420440.7288866;right_wheel_steps;0
1783420441.72885;right_wheel_steps;0
1783420442.728861;right_wheel_steps;0
1783420443.7287788;right_wheel_steps;0
1783420444.728854;right_wheel_steps;0
1783420445.7288842;right_wheel_steps;0
1783420446.7289202;right_wheel_steps;0
1783420447.7288728;right_wheel_steps;0
1783420448.7288673;right_wheel_steps;0
1783420449.7289186;right_wheel_steps;0
1783420450.7289107;right_wheel_steps;0
1783420451.7288337;right_wheel_steps;0
1783420452.7289317;right_wheel_steps;0
1783420453.7289;right_wheel_steps;0
1783420454.7289257;right_wheel_steps;0
1783420455.7288256;right_wheel_steps;0
1783420456.7288537;right_wheel_steps;0
1783420457.7289166;right_wheel_steps;0
1783420458.7289224;right_wheel_steps;0
1783420459.7288463;right_wheel_steps;0
1783420460.7288904;right_wheel_steps;0
1783420461.7289228;right_wheel_steps;0
1783420462.7289577;right_wheel_steps;0
1783420463.728866;right_wheel_steps;0
1783420464.7290032;right_wheel_steps;0
1783420465.7289226;right_wheel_steps;0
1783420466.728947;right_wheel_steps;0
1783420467.728858;right_wheel_steps;0
1783420468.729046;right_wheel_steps;0
1783420469.7289453;right_wheel_steps;0
1783420470.7289689;right_wheel_steps;0
1783420471.728709;right_wheel_steps;0
1783420472.7289298;right_wheel_steps;0
1783420473.7289643;right_wheel_steps;0
1783420474.7289476;right_wheel_steps;0
1783420475.7288606;right_wheel_steps;0
1783420476.7289398;right_wheel_steps;0
1783420477.7289543;right_wheel_steps;0
1783420478.7289305;right_wheel_steps;0
1783420479.728903;right_wheel_steps;0
1783420480.7288947;right_wheel_steps;0
1783420481.7289064;right_wheel_steps;0
1783420482.728902;right_wheel_steps;0
1783420483.728896;right_wheel_steps;0
1783420484.7289598;right_wheel_steps;0
1783420485.7289212;right_wheel_steps;0
1783420486.7290254;right_wheel_steps;0
1783420487.728934;right_wheel_steps;0
1783420488.728935;right_wheel_steps;0
1783420489.7289174;right_wheel_steps;0
1783420490.728959;right_wheel_steps;0
1783420491.7288775;right_wheel_steps;0
1783420492.728905;right_wheel_steps;0
1783420493.7289646;right_wheel_steps;0
1783420494.7289245;right_wheel_steps;0
1783420495.7289057;right_wheel_steps;0
1783420496.728947;right_wheel_steps;0
1783420497.729498;right_wheel_steps;0
1783420498.7291212;right_wheel_steps;0
1783420499.7288978;right_wheel_steps;0
1783420500.7296505;right_wheel_steps;0
1783420501.7296605;right_wheel_steps;0
1783420502.7289493;right_wheel_steps;0
1783420503.7288485;right_wheel_steps;0
1783420504.7288945;right_wheel_steps;0
1783420505.7288506;right_wheel_steps;0
1783420506.7290368;right_wheel_steps;0
1783420507.7289548;right_wheel_steps;0
1783420508.7288692;right_wheel_steps;0
1783420509.728873;right_wheel_steps;0
1783420510.728866;right_wheel_steps;0
1783420511.728826;right_wheel_steps;0
1783420512.728907;right_wheel_steps;0
1783420513.7288656;right_wheel_steps;0
1783420514.7288952;right_wheel_steps;0
1783420515.7288313;right_wheel_steps;0
1783420516.7289054;right_wheel_steps;0
1783420517.7288618;right_wheel_steps;0
1783420518.728915;right_wheel_steps;0
1783420519.7288527;right_wheel_steps;0
1783420520.7288623;right_wheel_steps;0
1783420521.7288942;right_wheel_steps;0
1783420522.728894;right_wheel_steps;0
1783420523.7288425;right_wheel_steps;0
1783420524.728905;right_wheel_steps;0
1783420525.7289317;right_wheel_steps;0
1783420526.728891;right_wheel_steps;0
1783420527.728774;right_wheel_steps;0
1783420528.728769;right_wheel_steps;0
1783420529.728887;right_wheel_steps;0
1783420530.72891;right_wheel_steps;0
1783420531.7287557;right_wheel_steps;0
1783420532.7288606;right_wheel_steps;0
1783420533.7288678;right_wheel_steps;0
1783420534.728888;right_wheel_steps;0
1783420535.7288332;right_wheel_steps;0
1783420536.7288642;right_wheel_steps;0
1783420537.7288573;right_wheel_steps;0
1783420538.7288673;right_wheel_steps;0
1783420539.7288067;right_wheel_steps;0
1783420540.7288642;right_wheel_steps;0
1783420541.7288606;right_wheel_steps;0
1783420542.7289212;right_wheel_steps;0
1783420543.728763;right_wheel_steps;0
1783420544.7289205;right_wheel_steps;0
1783420545.728855;right_wheel_steps;0
1783420546.7288892;right_wheel_steps;0
1783420547.7288203;right_wheel_steps;0
1783420548.7288575;right_wheel_steps;0
1783420549.7288203;right_wheel_steps;0
1783420550.7290237;right_wheel_steps;0
1783420551.7287712;right_wheel_steps;0
1783420552.7288554;right_wheel_steps;0
1783420553.7288637;right_wheel_steps;0
1783420554.7289195;right_wheel_steps;0
1783420555.7287636;right_wheel_steps;0
1783420556.7288787;right_wheel_steps;0
1783420557.728833;right_wheel_steps;0
1783420558.7289145;right_wheel_steps;0
1783420559.7288191;right_wheel_steps;0
1783420560.728857;right_wheel_steps;0
1783420561.7288597;right_wheel_steps;0
1783420562.7288756;right_wheel_steps;0
1783420563.7288194;right_wheel_steps;0
1783420564.7288818;right_wheel_steps;0
1783420565.728918;right_wheel_steps;0
1783420566.7288878;right_wheel_steps;0
1783420567.7287605;right_wheel_steps;0
1783420568.7288277;right_wheel_steps;0
1783420569.728891;right_wheel_steps;0
1783420570.728881;right_wheel_steps;0
1783420571.7288356;right_wheel_steps;0
1783420572.7289002;right_wheel_steps;0
1783420573.7289157;right_wheel_steps;0
1783420574.728912;right_wheel_steps;0
1783420575.7288342;right_wheel_steps;0
1783420576.7290125;right_wheel_steps;0
1783420577.7289045;right_wheel_steps;0
1783420578.728922;right_wheel_steps;0
1783420579.7288585;right_wheel_steps;0
1783420580.7289047;right_wheel_steps;0
1783420581.728902;right_wheel_steps;0
1783420582.7289846;right_wheel_steps;0
1783420583.7287664;right_wheel_steps;0
1783420584.729103;right_wheel_steps;0
1783420585.728843;right_wheel_steps;0
1783420586.7288227;right_wheel_steps;0
1783420587.7287416;right_wheel_steps;0
1783420588.7288363;right_wheel_steps;0
1783420589.7288654;right_wheel_steps;0
1783420590.7288597;right_wheel_steps;0
1783420591.7288938;right_wheel_steps;0
1783420592.7288558;right_wheel_steps;0
1783420593.728846;right_wheel_steps;0
1783420594.728852;right_wheel_steps;0
1783420595.7287478;right_wheel_steps;0
1783420596.7288852;right_wheel_steps;0
1783420597.728858;right_wheel_steps;0
1783420598.728908;right_wheel_steps;0
1783420599.7288013;right_wheel_steps;0
1783420600.728871;right_wheel_steps;0
1783420601.7288675;right_wheel_steps;0
1783420602.728875;right_wheel_steps;0
1783420603.728846;right_wheel_steps;0
1783420604.7288888;right_wheel_steps;0
1783420605.7288444;right_wheel_steps;0
1783420606.7288556;right_wheel_steps;0
1783420607.7288244;right_wheel_steps;0
1783420608.7288628;right_wheel_steps;0
1783420609.7288623;right_wheel_steps;0
1783420610.7288876;right_wheel_steps;0
1783420611.728826;right_wheel_steps;0
1783420612.7287693;right_wheel_steps;0
1783420613.7288723;right_wheel_steps;0
1783420614.728911;right_wheel_steps;0
1783420615.7287383;right_wheel_steps;0
1783420616.72886;right_wheel_steps;0
1783420617.7288349;right_wheel_steps;0
1783420618.728888;right_wheel_steps;0
1783420619.7288425;right_wheel_steps;0
1783420620.7288544;right_wheel_steps;0
1783420621.7288606;right_wheel_steps;0
1783420622.7288585;right_wheel_steps;0
1783420623.7288115;right_wheel_steps;0
1783420624.7288623;right_wheel_steps;0
1783420625.7288418;right_wheel_steps;0
1783420626.7289135;right_wheel_steps;0
1783420627.7288508;right_wheel_steps;0
1783420628.7288723;right_wheel_steps;0
1783420629.7288892;right_wheel_steps;0
1783420630.7288654;right_wheel_steps;0
1783420631.7287662;right_wheel_steps;0
1783420632.7289824;right_wheel_steps;0
1783420633.7288191;right_wheel_steps;0
1783420634.728897;right_wheel_steps;0
1783420635.7287765;right_wheel_steps;0
1783420636.7288246;right_wheel_steps;0
1783420637.7288623;right_wheel_steps;0
1783420638.728896;right_wheel_steps;0
1783420639.7287743;right_wheel_steps;0
1783420640.7288415;right_wheel_steps;0
1783420641.7288554;right_wheel_steps;0
1783420642.7288413;right_wheel_steps;0
1783420643.7287548;right_wheel_steps;0
1783420644.7288709;right_wheel_steps;0
1783420645.7287793;right_wheel_steps;0
1783420646.7288268;right_wheel_steps;0
1783420647.728715;right_wheel_steps;0
1783420648.7288506;right_wheel_steps;0
1783420649.7288811;right_wheel_steps;0
1783420650.7288656;right_wheel_steps;0
1783420651.7287552;right_wheel_steps;0
1783420652.728877;right_wheel_steps;0
1783420653.7288918;right_wheel_steps;0
1783420654.7291973;right_wheel_steps;0
1783420655.7295082;right_wheel_steps;0
1783420656.7296371;right_wheel_steps;0
1783420657.7289;right_wheel_steps;0
1783420658.7289095;right_wheel_steps;0
1783420659.7289202;right_wheel_steps;0
1783420660.728869;right_wheel_steps;0
1783420661.7288637;right_wheel_steps;0
1783420662.7291007;right_wheel_steps;0
1783420663.7288468;right_wheel_steps;0
1783420664.728877;right_wheel_steps;0
1783420665.7288768;right_wheel_steps;0
1783420666.7288983;right_wheel_steps;0
1783420667.728882;right_wheel_steps;0
1783420668.7288594;right_wheel_steps;0
1783420669.728902;right_wheel_steps;0
1783420670.728871;right_wheel_steps;0
1783420671.7288237;right_wheel_steps;0
1783420672.72895;right_wheel_steps;0
1783420673.7289886;right_wheel_steps;0
1783420674.728966;right_wheel_steps;0
1783420675.7287648;right_wheel_steps;0
1783420676.7288723;right_wheel_steps;0
1783420677.7288642;right_wheel_steps;0
1783420678.728866;right_wheel_steps;0
1783420679.7287755;right_wheel_steps;0
1783420680.7289348;right_wheel_steps;0
1783420681.7288673;right_wheel_steps;0
1783420682.728946;right_wheel_steps;0
1783420683.72885;right_wheel_steps;0
1783420684.7288764;right_wheel_steps;0
1783420685.728867;right_wheel_steps;0
1783420686.728933;right_wheel_steps;0
1783420687.7288272;right_wheel_steps;0
1783420688.7288666;right_wheel_steps;0
1783420689.728934;right_wheel_steps;0
1783420690.7289052;right_wheel_steps;0
1783420691.7287762;right_wheel_steps;0
1783420692.7288568;right_wheel_steps;0
1783420693.7288249;right_wheel_steps;0
1783420694.728917;right_wheel_steps;0
1783420695.7288246;right_wheel_steps;0
1783420696.7288115;right_wheel_steps;0
1783420697.7288525;right_wheel_steps;0
1783420698.7289047;right_wheel_steps;0
1783420699.728742;right_wheel_steps;0
1783420700.7288077;right_wheel_steps;0
1783420701.72889;right_wheel_steps;0
1783420702.7288778;right_wheel_steps;0
1783420703.7288167;right_wheel_steps;0
1783420704.7288384;right_wheel_steps;0
1783420705.7288404;right_wheel_steps;0
1783420706.728894;right_wheel_steps;0
1783420707.728854;right_wheel_steps;0
1783420708.728836;right_wheel_steps;0
1783420709.7288496;right_wheel_steps;0
1783420710.7288775;right_wheel_steps;0
1783420711.7287507;right_wheel_steps;0
1783420712.7288218;right_wheel_steps;0
1783420713.7288704;right_wheel_steps;0
1783420714.7289836;right_wheel_steps;0
1783420715.7288196;right_wheel_steps;0
1783420716.7287688;right_wheel_steps;0
1783420717.728772;right_wheel_steps;0
1783420718.7288868;right_wheel_steps;0
1783420719.728842;right_wheel_steps;16
1783420720.7288463;right_wheel_steps;303
1783420721.728873;right_wheel_steps;329
1783420722.7289057;right_wheel_steps;207
1783420723.7287562;right_wheel_steps;-32
1783420724.7288885;right_wheel_steps;2
1783420725.728856;right_wheel_steps;0
1783420726.7288852;right_wheel_steps;0
1783420727.728825;right_wheel_steps;0
1783420728.729951;right_wheel_steps;0
1783420729.729025;right_wheel_steps;-48
1783420730.7289338;right_wheel_steps;-87
1783420731.7288709;right_wheel_steps;-158
1783420732.729026;right_wheel_steps;-204
1783420733.7289853;right_wheel_steps;-185
1783420734.7289937;right_wheel_steps;-177
1783420735.7289274;right_wheel_steps;-111
1783420736.7288554;right_wheel_steps;0
1783420737.7289417;right_wheel_steps;0
1783420738.7290192;right_wheel_steps;0
1783420739.728922;right_wheel_steps;0
1783420740.729146;right_wheel_steps;0
1783420741.7289364;right_wheel_steps;122
1783420742.7289407;right_wheel_steps;190
1783420743.7289193;right_wheel_steps;229
1783420744.7287655;right_wheel_steps;251
1783420745.7289548;right_wheel_steps;258
1783420746.728968;right_wheel_steps;246
1783420747.7289093;right_wheel_steps;239
1783420748.7288916;right_wheel_steps;139
1783420749.7289872;right_wheel_steps;8
1783420750.7289438;right_wheel_steps;0
1783420751.72888;right_wheel_steps;0
1783420752.7289524;right_wheel_steps;0
1783420753.7289617;right_wheel_steps;0
1783420754.7289157;right_wheel_steps;0
1783420755.7288015;right_wheel_steps;0
1783420756.7289014;right_wheel_steps;0
1783420757.7289329;right_wheel_steps;58
1783420758.728948;right_wheel_steps;196
1783420759.7288628;right_wheel_steps;212
1783420760.7289426;right_wheel_steps;228
1783420761.7289205;right_wheel_steps;217
1783420762.7289624;right_wheel_steps;175
1783420763.728811;right_wheel_steps;19
1783420764.7288842;right_wheel_steps;0
1783420765.7288704;right_wheel_steps;0
1783420766.7289283;right_wheel_steps;0
1783420767.7287788;right_wheel_steps;0
1783420768.7288947;right_wheel_steps;-26
1783420769.729762;right_wheel_steps;-143
1783420770.7289567;right_wheel_steps;-182
1783420771.728877;right_wheel_steps;-209
1783420772.7289028;right_wheel_steps;-198
1783420773.7289305;right_wheel_steps;-182
1783420774.7288773;right_wheel_steps;-140
1783420775.728778;right_wheel_steps;-58
1783420776.728953;right_wheel_steps;0
1783420777.7289166;right_wheel_steps;0
1783420778.7289505;right_wheel_steps;0
1783420779.7289047;right_wheel_steps;0
1783420780.7288735;right_wheel_steps;0
1783420781.728882;right_wheel_steps;108
1783420782.7289715;right_wheel_steps;309
1783420783.728867;right_wheel_steps;353
1783420784.7288997;right_wheel_steps;325
1783420785.7288842;right_wheel_steps;318
1783420786.7289035;right_wheel_steps;246
1783420787.7288747;right_wheel_steps;48
1783420788.7289045;right_wheel_steps;0
1783420789.7289655;right_wheel_steps;0
1783420790.7288742;right_wheel_steps;0
1783420791.728941;right_wheel_steps;-67
1783420792.7289045;right_wheel_steps;-230
1783420793.7289524;right_wheel_steps;-293
1783420794.7288363;right_wheel_steps;-271
1783420795.7288766;right_wheel_steps;-278
1783420796.729164;right_wheel_steps;-259
1783420797.728892;right_wheel_steps;-237
1783420798.728777;right_wheel_steps;-189
1783420799.7288513;right_wheel_steps;-54
1783420800.7289076;right_wheel_steps;1
1783420801.729066;right_wheel_steps;0
1783420802.728859;right_wheel_steps;0
1783420803.72889;right_wheel_steps;0
1783420804.728881;right_wheel_steps;0
1783420805.728873;right_wheel_steps;1
1783420806.7289305;right_wheel_steps;128
1783420807.728901;right_wheel_steps;151
1783420808.7289083;right_wheel_steps;159
1783420809.7289724;right_wheel_steps;162
1783420810.7290332;right_wheel_steps;130
1783420811.7289643;right_wheel_steps;14
1783420812.7289665;right_wheel_steps;0
1783420813.7290218;right_wheel_steps;0
1783420814.7290242;right_wheel_steps;0
1783420815.729399;right_wheel_steps;0
1783420816.7289913;right_wheel_steps;62
1783420817.7289407;right_wheel_steps;248
1783420818.7290127;right_wheel_steps;202
1783420819.7288723;right_wheel_steps;27
1783420820.728911;right_wheel_steps;0
1783420821.728901;right_wheel_steps;0
1783420822.7290137;right_wheel_steps;0
1783420823.7288885;right_wheel_steps;0
1783420824.7288702;right_wheel_steps;-25
1783420825.7287529;right_wheel_steps;-172
1783420826.7289383;right_wheel_steps;-234
1783420827.7295015;right_wheel_steps;-232
1783420828.7289014;right_wheel_steps;-241
1783420829.7288194;right_wheel_steps;-220
1783420830.728966;right_wheel_steps;-92
1783420831.728855;right_wheel_steps;0
1783420832.7288997;right_wheel_steps;0
1783420833.7288098;right_wheel_steps;0
1783420834.7288773;right_wheel_steps;0
1783420835.7288828;right_wheel_steps;-25
1783420836.728865;right_wheel_steps;-65
1783420837.7289176;right_wheel_steps;-72
1783420838.7288997;right_wheel_steps;-73
1783420839.7289195;right_wheel_steps;-80
1783420840.7288997;right_wheel_steps;-81
1783420841.7288792;right_wheel_steps;-78
1783420842.728967;right_wheel_steps;53
1783420843.7290285;right_wheel_steps;0
1783420844.72877;right_wheel_steps;0
1783420845.728901;right_wheel_steps;0
1783420846.7289202;right_wheel_steps;0
1783420847.7289095;right_wheel_steps;42
1783420848.7288425;right_wheel_steps;222
1783420849.728913;right_wheel_steps;278
1783420850.7289078;right_wheel_steps;292
1783420851.7289095;right_wheel_steps;276
1783420852.7289078;right_wheel_steps;150
1783420853.7288952;right_wheel_steps;3
1783420854.728959;right_wheel_steps;0
1783420855.7289057;right_wheel_steps;0
1783420856.7288516;right_wheel_steps;0
1783420857.7288413;right_wheel_steps;0
1783420858.728835;right_wheel_steps;0
1783420859.7288487;right_wheel_steps;0
1783420860.728894;right_wheel_steps;0
1783420861.7287388;right_wheel_steps;0
1783420862.7288227;right_wheel_steps;0
1783420863.7288566;right_wheel_steps;0
1783420864.728855;right_wheel_steps;0
1783420865.7287662;right_wheel_steps;0
1783420866.728809;right_wheel_steps;0
1783420867.7288609;right_wheel_steps;0
1783420868.728865;right_wheel_steps;0
1783420869.72883;right_wheel_steps;0
1783420870.7288332;right_wheel_steps;0
1783420871.728852;right_wheel_steps;0
1783420872.7288897;right_wheel_steps;0
1783420873.7288249;right_wheel_steps;0
1783420874.7288735;right_wheel_steps;0
1783420875.7288327;right_wheel_steps;0
1783420876.7288609;right_wheel_steps;0
1783420877.7288055;right_wheel_steps;0
1783420878.7289145;right_wheel_steps;0
1783420879.728901;right_wheel_steps;0
1783420880.7288957;right_wheel_steps;0
1783420881.7287729;right_wheel_steps;0
1783420882.7288356;right_wheel_steps;0
1783420883.7288623;right_wheel_steps;0
1783420884.7289228;right_wheel_steps;0
1783420885.7289824;right_wheel_steps;0
1783420886.7288392;right_wheel_steps;0
1783420887.7293675;right_wheel_steps;0
1783420888.7288415;right_wheel_steps;0
1783420889.72904;right_wheel_steps;0
1783420890.7288888;right_wheel_steps;0
1783420891.7289245;right_wheel_steps;0
1783420892.729019;right_wheel_steps;0
1783420893.728935;right_wheel_steps;0
1783420894.72901;right_wheel_steps;0
1783420895.7289307;right_wheel_steps;0
1783420896.728919;right_wheel_steps;0
1783420897.729119;right_wheel_steps;0
1783420898.7288623;right_wheel_steps;0
1783420899.7288182;right_wheel_steps;0
1783420900.7288454;right_wheel_steps;0
1783420901.728823;right_wheel_steps;0
1783420902.728823;right_wheel_steps;0
1783420903.728709;right_wheel_steps;0
1783420904.72886;right_wheel_steps;0
1783420905.7287796;right_wheel_steps;0
1783420906.7288885;right_wheel_steps;0
1783420907.7287498;right_wheel_steps;0
1783420908.7287698;right_wheel_steps;0
1783420909.7288177;right_wheel_steps;0
1783420910.7288532;right_wheel_steps;0
1783420911.7288332;right_wheel_steps;0
1783420912.7287788;right_wheel_steps;0
1783420913.7288415;right_wheel_steps;0
