1783416208.7293344;left_wheel_steps;0
1783416209.7286308;left_wheel_steps;0
1783416210.7285645;left_wheel_steps;0
1783416211.7287252;left_wheel_steps;0
1783416212.728713;left_wheel_steps;0
1783416213.7285798;left_wheel_steps;0
1783416214.728691;left_wheel_steps;0
1783416215.728659;left_wheel_steps;0
1783416216.7286954;left_wheel_steps;0
1783416217.7287316;left_wheel_steps;0
1783416218.7285924;left_wheel_steps;0
1783416219.72886;left_wheel_steps;0
1783416220.7286403;left_wheel_steps;0
1783416221.7285569;left_wheel_steps;0
1783416222.728579;left_wheel_steps;0
1783416223.7286508;left_wheel_steps;0
1783416224.728645;left_wheel_steps;0
1783416225.7285876;left_wheel_steps;0
1783416226.7285686;left_wheel_steps;0
1783416227.7286031;left_wheel_steps;0
1783416228.72859;left_wheel_steps;0
1783416229.7286046;left_wheel_steps;0
1783416230.7285929;left_wheel_steps;0
1783416231.7286024;left_wheel_steps;0
1783416232.7286277;left_wheel_steps;0
1783416233.7285936;left_wheel_steps;0
1783416234.7285988;left_wheel_steps;0
1783416235.7285943;left_wheel_steps;0
1783416236.7287142;left_wheel_steps;0
1783416237.728537;left_wheel_steps;0
1783416238.7286694;left_wheel_steps;0
1783416239.7286415;left_wheel_steps;0
1783416240.728619;left_wheel_steps;0
1783416241.7285922;left_wheel_steps;0
1783416242.7286177;left_wheel_steps;0
1783416243.728621;left_wheel_steps;0
1783416244.7285514;left_wheel_steps;0
1783416245.7285824;left_wheel_steps;0
1783416246.7285888;left_wheel_steps;0
1783416247.7286143;left_wheel_steps;0
1783416248.728645;left_wheel_steps;0
1783416249.7286425;left_wheel_steps;0
1783416250.7286098;left_wheel_steps;0
1783416251.728603;left_wheel_steps;0
1783416252.7286267;left_wheel_steps;0
1783416253.728578;left_wheel_steps;0
1783416254.7285917;left_wheel_steps;0
1783416255.728662;left_wheel_steps;0
1783416256.7285476;left_wheel_steps;0
1783416257.7289429;left_wheel_steps;30
1783416258.728548;left_wheel_steps;157
1783416259.729004;left_wheel_steps;11
1783416260.728722;left_wheel_steps;-8
1783416261.7286792;left_wheel_steps;-131
1783416262.728676;left_wheel_steps;-189
1783416263.7286887;left_wheel_steps;-192
1783416264.7286863;left_wheel_steps;-187
1783416265.7286456;left_wheel_steps;-190
1783416266.7285178;left_wheel_steps;-186
1783416267.7285678;left_wheel_steps;-108
1783416268.728658;left_wheel_steps;0
1783416269.7286096;left_wheel_steps;0
1783416270.7285798;left_wheel_steps;0
1783416271.7285635;left_wheel_steps;0
1783416272.7290244;left_wheel_steps;0
1783416273.7290554;left_wheel_steps;0
1783416274.728653;left_wheel_steps;0
1783416275.7287235;left_wheel_steps;0
1783416276.72885;left_wheel_steps;0
1783416277.7288043;left_wheel_steps;0
1783416278.7286944;left_wheel_steps;14
1783416279.7286515;left_wheel_steps;162
1783416280.7286415;left_wheel_steps;239
1783416281.7286654;left_wheel_steps;236
1783416282.7286582;left_wheel_steps;148
1783416283.7286932;left_wheel_steps;209
1783416284.7287483;left_wheel_steps;244
1783416285.7286282;left_wheel_steps;250
1783416286.728659;left_wheel_steps;247
1783416287.7287543;left_wheel_steps;248
1783416288.72867;left_wheel_steps;238
1783416289.728763;left_wheel_steps;236
1783416290.7287598;left_wheel_steps;237
1783416291.7286766;left_wheel_steps;201
1783416292.728698;left_wheel_steps;7
1783416293.7286365;left_wheel_steps;0
1783416294.7287374;left_wheel_steps;0
1783416295.728722;left_wheel_steps;0
1783416296.728705;left_wheel_steps;0
1783416297.7287304;left_wheel_steps;0
1783416298.7287753;left_wheel_steps;0
1783416299.7287354;left_wheel_steps;0
1783416300.7288089;left_wheel_steps;0
1783416301.728647;left_wheel_steps;0
1783416302.7286963;left_wheel_steps;0
1783416303.728717;left_wheel_steps;0
1783416304.7287698;left_wheel_steps;0
1783416305.7285671;left_wheel_steps;0
1783416306.728654;left_wheel_steps;0
1783416307.728692;left_wheel_steps;0
1783416308.728669;left_wheel_steps;0
1783416309.7286031;left_wheel_steps;0
1783416310.72864;left_wheel_steps;0
1783416311.7286608;left_wheel_steps;0
1783416312.72868;left_wheel_steps;0
1783416313.7286155;left_wheel_steps;0
1783416314.728631;left_wheel_steps;0
1783416315.7286434;left_wheel_steps;0
1783416316.728672;left_wheel_steps;0
1783416317.7286234;left_wheel_steps;0
1783416318.728652;left_wheel_steps;0
1783416319.72866;left_wheel_steps;0
1783416320.7286456;left_wheel_steps;0
1783416321.7285993;left_wheel_steps;0
1783416322.7286422;left_wheel_steps;0
1783416323.728641;left_wheel_steps;0
1783416324.7293715;left_wheel_steps;0
1783416325.7286031;left_wheel_steps;-5
1783416326.7286303;left_wheel_steps;-85
1783416327.7286234;left_wheel_steps;-197
1783416328.7286584;left_wheel_steps;-197
1783416329.728616;left_wheel_steps;-205
1783416330.7286425;left_wheel_steps;-204
1783416331.728667;left_wheel_steps;-202
1783416332.72868;left_wheel_steps;-199
1783416333.7286248;left_wheel_steps;-199
1783416334.728668;left_wheel_steps;-203
1783416335.7287488;left_wheel_steps;-198
1783416336.7286825;left_wheel_steps;41
1783416337.7287145;left_wheel_steps;0
1783416338.728633;left_wheel_steps;0
1783416339.729002;left_wheel_steps;0
1783416340.7290037;left_wheel_steps;0
1783416341.7287405;left_wheel_steps;31
1783416342.735868;left_wheel_steps;192
1783416343.7298164;left_wheel_steps;130
1783416344.7287462;left_wheel_steps;27
1783416345.7286425;left_wheel_steps;196
1783416346.728449;left_wheel_steps;243
1783416347.72865;left_wheel_steps;135
1783416348.7286496;left_wheel_steps;0
1783416349.7286549;left_wheel_steps;0
1783416350.7286398;left_wheel_steps;0
1783416351.7286663;left_wheel_steps;0
1783416352.7285602;left_wheel_steps;0
1783416353.7286406;left_wheel_steps;52
1783416354.7286296;left_wheel_steps;246
1783416355.7286386;left_wheel_steps;287
1783416356.728549;left_wheel_steps;288
1783416357.7284946;left_wheel_steps;277
1783416358.72863;left_wheel_steps;78
1783416359.728626;left_wheel_steps;0
1783416360.7285953;left_wheel_steps;0
1783416361.7286162;left_wheel_steps;0
1783416362.7286646;left_wheel_steps;0
1783416363.7285848;left_wheel_steps;0
1783416364.7287638;left_wheel_steps;0
1783416365.728579;left_wheel_steps;125
1783416366.728962;left_wheel_steps;-23
1783416367.7286232;left_wheel_steps;1
1783416368.7286549;left_wheel_steps;-152
1783416369.7288492;left_wheel_steps;-253
1783416370.7288632;left_wheel_steps;-261
1783416371.728684;left_wheel_steps;-270
1783416372.7287052;left_wheel_steps;-288
1783416373.7287078;left_wheel_steps;-261
1783416374.7287502;left_wheel_steps;55
1783416375.728769;left_wheel_steps;0
1783416376.728817;left_wheel_steps;0
1783416377.728696;left_wheel_steps;0
1783416378.7287116;left_wheel_steps;0
1783416379.729009;left_wheel_steps;0
1783416380.728653;left_wheel_steps;0
1783416381.728651;left_wheel_steps;0
1783416382.728691;left_wheel_steps;0
1783416383.728623;left_wheel_steps;0
1783416384.7287626;left_wheel_steps;19
1783416385.728724;left_wheel_steps;168
1783416386.7288067;left_wheel_steps;199
1783416387.72865;left_wheel_steps;205
1783416388.7286396;left_wheel_steps;203
1783416389.728672;left_wheel_steps;210
1783416390.7286189;left_wheel_steps;164
1783416391.728573;left_wheel_steps;0
1783416392.7286274;left_wheel_steps;0
1783416393.7286294;left_wheel_steps;0
1783416394.729033;left_wheel_steps;0
1783416395.7286649;left_wheel_steps;0
1783416396.7286468;left_wheel_steps;0
1783416397.729361;left_wheel_steps;-106
1783416398.728713;left_wheel_steps;-205
1783416399.728641;left_wheel_steps;-206
1783416400.7286153;left_wheel_steps;-206
1783416401.7286308;left_wheel_steps;-207
1783416402.7287607;left_wheel_steps;-202
1783416403.7285686;left_wheel_steps;-205
1783416404.728591;left_wheel_steps;60
1783416405.728659;left_wheel_steps;0
1783416406.72871;left_wheel_steps;0
1783416407.7286053;left_wheel_steps;0
1783416408.7286737;left_wheel_steps;0
1783416409.7286718;left_wheel_steps;0
1783416410.728994;left_wheel_steps;0
1783416411.7286427;left_wheel_steps;2
1783416412.728686;left_wheel_steps;107
1783416413.7288222;left_wheel_steps;240
1783416414.728671;left_wheel_steps;231
1783416415.728593;left_wheel_steps;147
1783416416.7286315;left_wheel_steps;0
1783416417.7285695;left_wheel_steps;0
1783416418.728689;left_wheel_steps;0
1783416419.7286026;left_wheel_steps;0
1783416420.7286365;left_wheel_steps;0
1783416421.7286584;left_wheel_steps;0
1783416422.7286787;left_wheel_steps;54
1783416423.7285662;left_wheel_steps;219
1783416424.728617;left_wheel_steps;97
1783416425.7286646;left_wheel_steps;0
1783416426.7286818;left_wheel_steps;0
1783416427.7285662;left_wheel_steps;0
1783416428.72863;left_wheel_steps;0
1783416429.7286649;left_wheel_steps;0
1783416430.7287426;left_wheel_steps;0
1783416431.7295516;left_wheel_steps;0
1783416432.7289329;left_wheel_steps;0
1783416433.7287068;left_wheel_steps;-17
1783416434.7287507;left_wheel_steps;-167
1783416435.7286854;left_wheel_steps;-198
1783416436.728714;left_wheel_steps;-199
1783416437.7286875;left_wheel_steps;-187
1783416438.728686;left_wheel_steps;32
1783416439.728659;left_wheel_steps;0
1783416440.7286289;left_wheel_steps;0
1783416441.7286804;left_wheel_steps;0
1783416442.7289486;left_wheel_steps;0
1783416443.7289417;left_wheel_steps;0
1783416444.7286727;left_wheel_steps;0
1783416445.7289443;left_wheel_steps;0
1783416446.728665;left_wheel_steps;0
1783416447.728844;left_wheel_steps;8
1783416448.7286496;left_wheel_steps;110
1783416449.728653;left_wheel_steps;116
1783416450.7286954;left_wheel_steps;116
1783416451.7288067;left_wheel_steps;114
1783416452.728934;left_wheel_steps;48
1783416453.728809;left_wheel_steps;0
1783416454.7286892;left_wheel_steps;0
1783416455.7308772;left_wheel_steps;0
1783416456.7289884;left_wheel_steps;0
1783416457.72869;left_wheel_steps;0
1783416458.728907;left_wheel_steps;0
1783416459.7286174;left_wheel_steps;2
1783416460.728644;left_wheel_steps;128
1783416461.728634;left_wheel_steps;256
1783416462.7286875;left_wheel_steps;246
1783416463.7286494;left_wheel_steps;261
1783416464.7286444;left_wheel_steps;238
1783416465.7287362;left_wheel_steps;6
1783416466.728758;left_wheel_steps;0
1783416467.7290254;left_wheel_steps;0
1783416468.728726;left_wheel_steps;0
1783416469.7286618;left_wheel_steps;0
1783416470.7286763;left_wheel_steps;0
1783416471.7287016;left_wheel_steps;0
1783416472.7287114;left_wheel_steps;0
1783416473.7286627;left_wheel_steps;0
1783416474.7286866;left_wheel_steps;0
1783416475.728654;left_wheel_steps;0
1783416476.7286906;left_wheel_steps;0
1783416477.728562;left_wheel_steps;0
1783416478.7286286;left_wheel_steps;0
1783416479.7286773;left_wheel_steps;0
1783416480.7286797;left_wheel_steps;0
1783416481.7286215;left_wheel_steps;0
1783416482.7286897;left_wheel_steps;0
1783416483.728686;left_wheel_steps;0
1783416484.728721;left_wheel_steps;0
1783416485.728669;left_wheel_steps;0
1783416486.728678;left_wheel_steps;0
1783416487.728614;left_wheel_steps;0
1783416488.7286124;left_wheel_steps;0
1783416489.7285686;left_wheel_steps;0
1783416490.7285633;left_wheel_steps;0
1783416491.7286713;left_wheel_steps;0
1783416492.72869;left_wheel_steps;0
1783416493.7286086;left_wheel_steps;0
1783416494.728617;left_wheel_steps;0
1783416495.7286043;left_wheel_steps;0
1783416496.7286265;left_wheel_steps;0
1783416497.728633;left_wheel_steps;0
1783416498.728686;left_wheel_steps;0
1783416499.7286415;left_wheel_steps;0
1783416500.7286143;left_wheel_steps;0
1783416501.7285764;left_wheel_steps;0
1783416502.7285929;left_wheel_steps;0
1783416503.728599;left_wheel_steps;0
1783416504.7286208;left_wheel_steps;0
1783416505.728587;left_wheel_steps;0
1783416506.7285864;left_wheel_steps;0
1783416507.7286167;left_wheel_steps;0
1783416508.7286224;left_wheel_steps;0
1783416509.7285676;left_wheel_steps;0
1783416510.7285955;left_wheel_steps;0
1783416511.728566;left_wheel_steps;0
1783416512.7286265;left_wheel_steps;0
1783416513.7285888;left_wheel_steps;0
1783416514.7286105;left_wheel_steps;0
1783416515.728598;left_wheel_steps;0
1783416516.7286987;left_wheel_steps;0
1783416517.7286832;left_wheel_steps;0
1783416518.7286918;left_wheel_steps;0
1783416519.728696;left_wheel_steps;0
1783416520.7287104;left_wheel_steps;0
1783416521.7286508;left_wheel_steps;0
1783416522.7286987;left_wheel_steps;0
1783416523.7286832;left_wheel_steps;0
1783416524.7288218;left_wheel_steps;0
1783416525.7285788;left_wheel_steps;0
1783416526.7286708;left_wheel_steps;0
1783416527.7286816;left_wheel_steps;0
1783416528.7286336;left_wheel_steps;0
1783416529.7286422;left_wheel_steps;0
1783416530.7286592;left_wheel_steps;0
1783416531.7285376;left_wheel_steps;0
1783416532.72876;left_wheel_steps;0
1783416533.7285724;left_wheel_steps;0
1783416534.728958;left_wheel_steps;0
1783416535.728567;left_wheel_steps;0
1783416536.7285793;left_wheel_steps;0
1783416537.728578;left_wheel_steps;0
1783416538.7286246;left_wheel_steps;0
1783416539.7286146;left_wheel_steps;0
1783416540.7285955;left_wheel_steps;0
1783416541.728573;left_wheel_steps;0
1783416542.7286131;left_wheel_steps;0
1783416543.7285848;left_wheel_steps;0
1783416544.728595;left_wheel_steps;0
1783416545.728593;left_wheel_steps;0
1783416546.728593;left_wheel_steps;0
1783416547.7285824;left_wheel_steps;0
1783416548.7285876;left_wheel_steps;0
1783416549.728727;left_wheel_steps;0
1783416550.728641;left_wheel_steps;0
1783416551.7285752;left_wheel_steps;0
1783416552.7286627;left_wheel_steps;0
1783416553.728698;left_wheel_steps;0
1783416554.728755;left_wheel_steps;0
1783416555.7286212;left_wheel_steps;0
1783416556.7285764;left_wheel_steps;0
1783416557.7286284;left_wheel_steps;0
1783416558.7285974;left_wheel_steps;0
1783416559.7286005;left_wheel_steps;0
1783416560.728596;left_wheel_steps;0
1783416561.7285757;left_wheel_steps;0
1783416562.7285948;left_wheel_steps;0
1783416563.7285895;left_wheel_steps;0
1783416564.7285984;left_wheel_steps;0
1783416565.728613;left_wheel_steps;0
1783416566.728489;left_wheel_steps;0
1783416567.7284057;left_wheel_steps;0
1783416568.7285776;left_wheel_steps;0
1783416569.7285967;left_wheel_steps;0
1783416570.7287722;left_wheel_steps;0
1783416571.7286575;left_wheel_steps;0
1783416572.728669;left_wheel_steps;0
1783416573.728679;left_wheel_steps;0
1783416574.72869;left_wheel_steps;0
1783416575.7286756;left_wheel_steps;0
1783416576.7286615;left_wheel_steps;0
1783416577.728623;left_wheel_steps;0
1783416578.7286143;left_wheel_steps;0
1783416579.7285442;left_wheel_steps;0
1783416580.7285812;left_wheel_steps;0
1783416581.728619;left_wheel_steps;0
1783416582.7286108;left_wheel_steps;0
1783416583.7285955;left_wheel_steps;0
1783416584.728619;left_wheel_steps;0
1783416585.728608;left_wheel_steps;0
1783416586.7286415;left_wheel_steps;0
1783416587.7285984;left_wheel_steps;0
1783416588.7286053;left_wheel_steps;0
1783416589.7286036;left_wheel_steps;0
1783416590.7286143;left_wheel_steps;0
1783416591.728686;left_wheel_steps;0
1783416592.7285922;left_wheel_steps;0
1783416593.728579;left_wheel_steps;0
1783416594.7285843;left_wheel_steps;0
1783416595.7285745;left_wheel_steps;0
1783416596.7286282;left_wheel_steps;0
1783416597.7284062;left_wheel_steps;0
1783416598.7285876;left_wheel_steps;0
1783416599.7286112;left_wheel_steps;0
1783416600.728597;left_wheel_steps;0
1783416601.7286456;left_wheel_steps;0
1783416602.7286465;left_wheel_steps;0
1783416603.7286212;left_wheel_steps;0
1783416604.728638;left_wheel_steps;0
1783416605.7285917;left_wheel_steps;0
1783416606.7286446;left_wheel_steps;0
1783416607.7286644;left_wheel_steps;0
1783416608.728607;left_wheel_steps;0
1783416609.7288768;left_wheel_steps;0
1783416610.728572;left_wheel_steps;0
1783416611.7286174;left_wheel_steps;0
1783416612.7286415;left_wheel_steps;0
1783416613.7285488;left_wheel_steps;0
1783416614.7285988;left_wheel_steps;0
1783416615.7285626;left_wheel_steps;0
1783416616.7286956;left_wheel_steps;0
1783416617.7285976;left_wheel_steps;0
1783416618.7285724;left_wheel_steps;0
1783416619.728666;left_wheel_steps;0
1783416620.7286804;left_wheel_steps;0
1783416621.728602;left_wheel_steps;0
1783416622.7285814;left_wheel_steps;0
1783416623.7285905;left_wheel_steps;0
1783416624.728592;left_wheel_steps;0
1783416625.7285748;left_wheel_steps;0
1783416626.7285712;left_wheel_steps;0
1783416627.728463;left_wheel_steps;0
1783416628.728599;left_wheel_steps;0
1783416629.7286077;left_wheel_steps;0
1783416630.7285628;left_wheel_steps;0
1783416631.7285886;left_wheel_steps;0
1783416632.7286096;left_wheel_steps;0
1783416633.7285433;left_wheel_steps;0
1783416634.7285724;left_wheel_steps;0
1783416635.7285705;left_wheel_steps;0
1783416636.7286005;left_wheel_steps;0
1783416637.7285728;left_wheel_steps;0
1783416638.728588;left_wheel_steps;0
1783416639.728609;left_wheel_steps;0
1783416640.7285936;left_wheel_steps;0
1783416641.7285943;left_wheel_steps;0
1783416642.7285972;left_wheel_steps;0
1783416643.728592;left_wheel_steps;0
1783416644.7286334;left_wheel_steps;0
1783416645.7285752;left_wheel_steps;0
1783416646.728575;left_wheel_steps;0
1783416647.728589;left_wheel_steps;0
1783416648.7285829;left_wheel_steps;0
1783416649.728607;left_wheel_steps;0
1783416650.7285855;left_wheel_steps;0
1783416651.728578;left_wheel_steps;0
1783416652.7285955;left_wheel_steps;0
1783416653.7285912;left_wheel_steps;0
1783416654.7285948;left_wheel_steps;0
1783416655.7285798;left_wheel_steps;0
1783416656.728609;left_wheel_steps;0
1783416657.728432;left_wheel_steps;0
1783416658.7285955;left_wheel_steps;0
1783416659.7286465;left_wheel_steps;0
1783416660.7286136;left_wheel_steps;0
1783416661.7285802;left_wheel_steps;0
1783416662.7286046;left_wheel_steps;0
1783416663.728591;left_wheel_steps;0
1783416664.728625;left_wheel_steps;0
1783416665.7285614;left_wheel_steps;0
1783416666.7285657;left_wheel_steps;0
1783416667.728598;left_wheel_steps;0
1783416668.7286212;left_wheel_steps;0
1783416669.728548;left_wheel_steps;0
1783416670.728575;left_wheel_steps;0
1783416671.7286084;left_wheel_steps;0
1783416672.7286017;left_wheel_steps;0
1783416673.7285483;left_wheel_steps;0
1783416674.7286203;left_wheel_steps;0
1783416675.7286997;left_wheel_steps;0
1783416676.7286294;left_wheel_steps;0
1783416677.728562;left_wheel_steps;0
1783416678.7286184;left_wheel_steps;0
1783416679.7288098;left_wheel_steps;0
1783416680.7286584;left_wheel_steps;0
1783416681.7286415;left_wheel_steps;0
1783416682.7284086;left_wheel_steps;0
1783416683.7286315;left_wheel_steps;0
1783416684.728655;left_wheel_steps;0
1783416685.7285428;left_wheel_steps;0
1783416686.7285717;left_wheel_steps;0
1783416687.7288368;left_wheel_steps;0
1783416688.7285988;left_wheel_steps;0
1783416689.7286284;left_wheel_steps;0
1783416690.7285783;left_wheel_steps;0
1783416691.7285995;left_wheel_steps;0
1783416692.7286236;left_wheel_steps;0
1783416693.7285397;left_wheel_steps;0
1783416694.728672;left_wheel_steps;0
1783416695.7286692;left_wheel_steps;0
1783416696.728773;left_wheel_steps;0
1783416697.728537;left_wheel_steps;0
1783416698.7286873;left_wheel_steps;0
1783416699.7286077;left_wheel_steps;0
1783416700.7285964;left_wheel_steps;0
1783416701.7285936;left_wheel_steps;0
1783416702.7285588;left_wheel_steps;0
1783416703.7285788;left_wheel_steps;0
1783416704.7286184;left_wheel_steps;0
1783416705.7285638;left_wheel_steps;0
1783416706.7285683;left_wheel_steps;0
1783416707.7285905;left_wheel_steps;0
1783416708.728593;left_wheel_steps;0
1783416709.728592;left_wheel_steps;0
1783416710.728583;left_wheel_steps;0
1783416711.7285938;left_wheel_steps;0
1783416712.7286;left_wheel_steps;0
1783416713.7285738;left_wheel_steps;0
1783416714.7285745;left_wheel_steps;0
1783416715.728499;left_wheel_steps;0
1783416716.728593;left_wheel_steps;0
1783416717.7285771;left_wheel_steps;0
1783416718.72858;left_wheel_steps;0
1783416719.7285988;left_wheel_steps;0
1783416720.7286007;left_wheel_steps;0
1783416721.728612;left_wheel_steps;0
1783416722.7286067;left_wheel_steps;0
1783416723.7286038;left_wheel_steps;0
1783416724.728589;left_wheel_steps;0
1783416725.7286122;left_wheel_steps;29
1783416726.7285936;left_wheel_steps;208
1783416727.7285962;left_wheel_steps;202
1783416728.728582;left_wheel_steps;217
1783416729.7285724;left_wheel_steps;175
1783416730.7285514;left_wheel_steps;0
1783416731.7285604;left_wheel_steps;0
1783416732.7286198;left_wheel_steps;80
1783416733.7286158;left_wheel_steps;199
1783416734.728654;left_wheel_steps;207
1783416735.7286177;left_wheel_steps;205
1783416736.7286258;left_wheel_steps;208
1783416737.7285888;left_wheel_steps;209
1783416738.728592;left_wheel_steps;67
1783416739.728973;left_wheel_steps;6
1783416740.7286358;left_wheel_steps;-85
1783416741.7285469;left_wheel_steps;-166
1783416742.7289898;left_wheel_steps;-215
1783416743.7286177;left_wheel_steps;120
1783416744.7286212;left_wheel_steps;212
1783416745.7285745;left_wheel_steps;294
1783416746.7286606;left_wheel_steps;247
1783416747.728979;left_wheel_steps;3
1783416748.728732;left_wheel_steps;0
1783416749.7286825;left_wheel_steps;-120
1783416750.7286787;left_wheel_steps;-186
1783416751.7286513;left_wheel_steps;-196
1783416752.7286017;left_wheel_steps;-177
1783416753.728546;left_wheel_steps;-46
1783416754.7286198;left_wheel_steps;0
1783416755.7286158;left_wheel_steps;0
1783416756.728582;left_wheel_steps;0
1783416757.7286384;left_wheel_steps;0
1783416758.7287335;left_wheel_steps;0
1783416759.728678;left_wheel_steps;0
1783416760.7287526;left_wheel_steps;0
1783416761.728742;left_wheel_steps;0
1783416762.728731;left_wheel_steps;0
1783416763.728755;left_wheel_steps;0
1783416764.7285464;left_wheel_steps;0
1783416765.728964;left_wheel_steps;0
1783416766.7286017;left_wheel_steps;0
1783416767.728619;left_wheel_steps;0
1783416768.7285936;left_wheel_steps;0
1783416769.728583;left_wheel_steps;0
1783416770.7285764;left_wheel_steps;0
1783416771.7286074;left_wheel_steps;0
1783416772.7285886;left_wheel_steps;0
1783416773.7286005;left_wheel_steps;0
1783416774.7285762;left_wheel_steps;0
1783416775.7286162;left_wheel_steps;0
1783416776.7286105;left_wheel_steps;0
1783416777.7284336;left_wheel_steps;0
1783416778.7286007;left_wheel_steps;0
1783416779.728591;left_wheel_steps;0
1783416780.7288172;left_wheel_steps;0
1783416781.7285976;left_wheel_steps;0
1783416782.7285771;left_wheel_steps;0
1783416783.72836;left_wheel_steps;0
1783416784.7286158;left_wheel_steps;0
1783416785.728804;left_wheel_steps;-30
1783416786.728673;left_wheel_steps;-175
1783416787.7286625;left_wheel_steps;-192
1783416788.7286844;left_wheel_steps;-195
1783416789.7286348;left_wheel_steps;-193
1783416790.7286053;left_wheel_steps;-192
1783416791.728638;left_wheel_steps;-191
1783416792.7287252;left_wheel_steps;-190
1783416793.728627;left_wheel_steps;-190
1783416794.7286108;left_wheel_steps;-97
1783416795.728933;left_wheel_steps;0
1783416796.7289867;left_wheel_steps;0
1783416797.7285745;left_wheel_steps;0
1783416798.7286315;left_wheel_steps;0
1783416799.7286718;left_wheel_steps;0
1783416800.7286627;left_wheel_steps;0
1783416801.7289734;left_wheel_steps;0
1783416802.7286465;left_wheel_steps;30
1783416803.728658;left_wheel_steps;192
1783416804.728702;left_wheel_steps;251
1783416805.7286294;left_wheel_steps;257
1783416806.7286377;left_wheel_steps;248
1783416807.7285647;left_wheel_steps;245
1783416808.7286644;left_wheel_steps;258
1783416809.7285645;left_wheel_steps;251
1783416810.728644;left_wheel_steps;129
1783416811.7292693;left_wheel_steps;0
1783416812.7285848;left_wheel_steps;0
1783416813.7286866;left_wheel_steps;0
1783416814.7286556;left_wheel_steps;0
1783416815.7286246;left_wheel_steps;0
1783416816.7286353;left_wheel_steps;0
1783416817.728707;left_wheel_steps;0
1783416818.7286675;left_wheel_steps;0
1783416819.728547;left_wheel_steps;23
1783416820.728722;left_wheel_steps;217
1783416821.7286694;left_wheel_steps;301
1783416822.728727;left_wheel_steps;288
1783416823.7285817;left_wheel_steps;260
1783416824.7286358;left_wheel_steps;99
1783416825.728715;left_wheel_steps;0
1783416826.7286985;left_wheel_steps;0
1783416827.7285738;left_wheel_steps;0
1783416828.7286725;left_wheel_steps;0
1783416829.728905;left_wheel_steps;0
1783416830.7286692;left_wheel_steps;0
1783416831.7284577;left_wheel_steps;0
1783416832.7287269;left_wheel_steps;-17
1783416833.7286308;left_wheel_steps;-180
1783416834.7286203;left_wheel_steps;-242
1783416835.728804;left_wheel_steps;-251
1783416836.7286737;left_wheel_steps;-264
1783416837.728533;left_wheel_steps;-264
1783416838.7286386;left_wheel_steps;-122
1783416839.7286806;left_wheel_steps;0
1783416840.7287033;left_wheel_steps;0
1783416841.7286096;left_wheel_steps;0
1783416842.7285657;left_wheel_steps;0
1783416843.7289562;left_wheel_steps;0
1783416844.728999;left_wheel_steps;0
1783416845.728601;left_wheel_steps;0
1783416846.728551;left_wheel_steps;68
1783416847.7287354;left_wheel_steps;199
1783416848.7286942;left_wheel_steps;211
1783416849.7287242;left_wheel_steps;215
1783416850.728691;left_wheel_steps;235
1783416851.7286522;left_wheel_steps;212
1783416852.7287357;left_wheel_steps;115
1783416853.728717;left_wheel_steps;0
1783416854.7290342;left_wheel_steps;0
1783416855.728583;left_wheel_steps;0
1783416856.7286284;left_wheel_steps;-55
1783416857.7289407;left_wheel_steps;-194
1783416858.7286594;left_wheel_steps;-206
1783416859.7286344;left_wheel_steps;-204
1783416860.7286196;left_wheel_steps;-206
1783416861.7287235;left_wheel_steps;-203
1783416862.7286675;left_wheel_steps;-193
1783416863.728644;left_wheel_steps;-173
1783416864.7287302;left_wheel_steps;3
1783416865.7287295;left_wheel_steps;0
1783416866.7286634;left_wheel_steps;0
1783416867.728571;left_wheel_steps;0
1783416868.7286484;left_wheel_steps;0
1783416869.7286484;left_wheel_steps;0
1783416870.7286923;left_wheel_steps;0
1783416871.728656;left_wheel_steps;0
1783416872.7286675;left_wheel_steps;0
1783416873.728645;left_wheel_steps;0
1783416874.7286923;left_wheel_steps;0
1783416875.7286253;left_wheel_steps;0
1783416876.728731;left_wheel_steps;0
1783416877.7286942;left_wheel_steps;0
1783416878.7287278;left_wheel_steps;0
1783416879.7287056;left_wheel_steps;0
1783416880.729398;left_wheel_steps;0
1783416881.7286556;left_wheel_steps;0
1783416882.7286882;left_wheel_steps;0
1783416883.72859;left_wheel_steps;0
1783416884.7286527;left_wheel_steps;0
1783416885.7286632;left_wheel_steps;0
1783416886.7290735;left_wheel_steps;0
1783416887.7286005;left_wheel_steps;0
1783416888.728618;left_wheel_steps;0
1783416889.728569;left_wheel_steps;0
1783416890.7285843;left_wheel_steps;0
1783416891.7286038;left_wheel_steps;0
1783416892.7285905;left_wheel_steps;0
1783416893.7286131;left_wheel_steps;0
1783416894.7286365;left_wheel_steps;0
1783416895.7285411;left_wheel_steps;0
1783416896.7286158;left_wheel_steps;0
1783416897.7285266;left_wheel_steps;0
1783416898.7286203;left_wheel_steps;0
1783416899.7285748;left_wheel_steps;0
1783416900.7285807;left_wheel_steps;0
1783416901.7286232;left_wheel_steps;0
1783416902.7286258;left_wheel_steps;0
1783416903.728568;left_wheel_steps;0
1783416904.7286105;left_wheel_steps;0
1783416905.7286062;left_wheel_steps;0
1783416906.728614;left_wheel_steps;0
1783416907.7285905;left_wheel_steps;0
1783416908.7286017;left_wheel_steps;0
1783416909.728623;left_wheel_steps;0
1783416910.7286396;left_wheel_steps;0
1783416911.728566;left_wheel_steps;0
1783416912.7286332;left_wheel_steps;0
1783416913.7285893;left_wheel_steps;0
1783416914.728764;left_wheel_steps;0
1783416915.7286108;left_wheel_steps;0
1783416916.7286134;left_wheel_steps;0
1783416917.7286654;left_wheel_steps;0
1783416918.728704;left_wheel_steps;0
1783416919.7285984;left_wheel_steps;0
1783416920.7285798;left_wheel_steps;0
1783416921.7286398;left_wheel_steps;0
1783416922.7289846;left_wheel_steps;0
1783416923.7289336;left_wheel_steps;-39
1783416924.7285824;left_wheel_steps;-181
1783416925.7286525;left_wheel_steps;-200
1783416926.7286663;left_wheel_steps;-194
1783416927.728656;left_wheel_steps;-194
1783416928.728654;left_wheel_steps;-192
1783416929.7287312;left_wheel_steps;-186
1783416930.7286904;left_wheel_steps;-178
1783416931.728994;left_wheel_steps;22
1783416932.729009;left_wheel_steps;0
1783416933.7287197;left_wheel_steps;0
1783416934.7286756;left_wheel_steps;0
1783416935.728981;left_wheel_steps;0
1783416936.7289677;left_wheel_steps;0
1783416937.728693;left_wheel_steps;13
1783416938.728672;left_wheel_steps;121
1783416939.728684;left_wheel_steps;245
1783416940.728959;left_wheel_steps;255
1783416941.728944;left_wheel_steps;259
1783416942.729035;left_wheel_steps;252
1783416943.7288246;left_wheel_steps;250
1783416944.7286365;left_wheel_steps;259
1783416945.728673;left_wheel_steps;64
1783416946.7284255;left_wheel_steps;0
1783416947.728649;left_wheel_steps;0
1783416948.7286465;left_wheel_steps;0
1783416949.7288802;left_wheel_steps;0
1783416950.728677;left_wheel_steps;0
1783416951.729065;left_wheel_steps;0
1783416952.7286563;left_wheel_steps;0
1783416953.7290258;left_wheel_steps;58
1783416954.7288644;left_wheel_steps;254
1783416955.728677;left_wheel_steps;293
1783416956.7284489;left_wheel_steps;287
1783416957.7286067;left_wheel_steps;140
1783416958.7287655;left_wheel_steps;48
1783416959.7286491;left_wheel_steps;151
1783416960.728647;left_wheel_steps;11
1783416961.728722;left_wheel_steps;0
1783416962.7287047;left_wheel_steps;0
1783416963.7286377;left_wheel_steps;0
1783416964.7289362;left_wheel_steps;0
1783416965.7289655;left_wheel_steps;-12
1783416966.7285852;left_wheel_steps;-170
1783416967.7293184;left_wheel_steps;-245
1783416968.7286313;left_wheel_steps;-249
1783416969.7286687;left_wheel_steps;-254
1783416970.7286787;left_wheel_steps;-258
1783416971.728565;left_wheel_steps;-257
1783416972.7286644;left_wheel_steps;-93
1783416973.7287085;left_wheel_steps;0
1783416974.7286646;left_wheel_steps;0
1783416975.7286873;left_wheel_steps;0
1783416976.728993;left_wheel_steps;0
1783416977.728715;left_wheel_steps;8
1783416978.7286942;left_wheel_steps;165
1783416979.7292893;left_wheel_steps;216
1783416980.7286768;left_wheel_steps;216
1783416981.7285955;left_wheel_steps;221
1783416982.7286494;left_wheel_steps;223
1783416983.728645;left_wheel_steps;220
1783416984.728691;left_wheel_steps;182
1783416985.728566;left_wheel_steps;2
1783416986.728675;left_wheel_steps;0
1783416987.7288773;left_wheel_steps;0
1783416988.7287078;left_wheel_steps;0
1783416989.7288742;left_wheel_steps;0
1783416990.7289126;left_wheel_steps;0
1783416991.7289782;left_wheel_steps;1
1783416992.7290068;left_wheel_steps;-124
1783416993.7288444;left_wheel_steps;-205
1783416994.7287133;left_wheel_steps;-210
1783416995.728747;left_wheel_steps;-210
1783416996.7287323;left_wheel_steps;-209
1783416997.72884;left_wheel_steps;-202
1783416998.7288103;left_wheel_steps;-193
1783416999.728708;left_wheel_steps;-167
1783417000.7286575;left_wheel_steps;0
1783417001.7293086;left_wheel_steps;0
1783417002.7286906;left_wheel_steps;0
1783417003.7285883;left_wheel_steps;0
1783417004.7288663;left_wheel_steps;0
1783417005.729091;left_wheel_steps;0
1783417006.728971;left_wheel_steps;0
1783417007.7285972;left_wheel_steps;3
1783417008.7286675;left_wheel_steps;133
1783417009.7289536;left_wheel_steps;255
1783417010.728949;left_wheel_steps;244
1783417011.7287478;left_wheel_steps;56
1783417012.72934;left_wheel_steps;0
1783417013.72866;left_wheel_steps;0
1783417014.7288733;left_wheel_steps;0
1783417015.7286403;left_wheel_steps;0
1783417016.728816;left_wheel_steps;0
1783417017.7287068;left_wheel_steps;50
1783417018.728693;left_wheel_steps;199
1783417019.7287352;left_wheel_steps;124
1783417020.7287176;left_wheel_steps;1
1783417021.7288225;left_wheel_steps;0
1783417022.7288272;left_wheel_steps;0
1783417023.7289193;left_wheel_steps;0
1783417024.729117;left_wheel_steps;0
1783417025.7290914;left_wheel_steps;0
1783417026.7288036;left_wheel_steps;-2
1783417027.72872;left_wheel_steps;-131
1783417028.7287796;left_wheel_steps;-197
1783417029.7287543;left_wheel_steps;-204
1783417030.7287364;left_wheel_steps;-200
1783417031.7287023;left_wheel_steps;-194
1783417032.7287736;left_wheel_steps;-84
1783417033.7287288;left_wheel_steps;0
1783417034.7290504;left_wheel_steps;0
1783417035.7287383;left_wheel_steps;0
1783417036.7289522;left_wheel_steps;0
1783417037.7286687;left_wheel_steps;0
1783417038.7290034;left_wheel_steps;0
1783417039.728717;left_wheel_steps;0
1783417040.728963;left_wheel_steps;0
1783417041.7287362;left_wheel_steps;0
1783417042.7286556;left_wheel_steps;0
1783417043.7290292;left_wheel_steps;0
1783417044.7290504;left_wheel_steps;-18
1783417045.728675;left_wheel_steps;-94
1783417046.728594;left_wheel_steps;-95
1783417047.728594;left_wheel_steps;-96
1783417048.7286804;left_wheel_steps;-98
1783417049.7289815;left_wheel_steps;-97
1783417050.728994;left_wheel_steps;-95
1783417051.728634;left_wheel_steps;-96
1783417052.728648;left_wheel_steps;-94
1783417053.7287338;left_wheel_steps;-93
1783417054.7287536;left_wheel_steps;-96
1783417055.728575;left_wheel_steps;-97
1783417056.728745;left_wheel_steps;-98
1783417057.72866;left_wheel_steps;-95
1783417058.7286484;left_wheel_steps;-94
1783417059.7286446;left_wheel_steps;2
1783417060.7289555;left_wheel_steps;0
1783417061.7284777;left_wheel_steps;0
1783417062.728706;left_wheel_steps;0
1783417063.7289364;left_wheel_steps;0
1783417064.7286713;left_wheel_steps;0
1783417065.729529;left_wheel_steps;0
1783417066.7287283;left_wheel_steps;7
1783417067.728875;left_wheel_steps;109
1783417068.7287142;left_wheel_steps;254
1783417069.7286963;left_wheel_steps;269
1783417070.728608;left_wheel_steps;273
1783417071.7286286;left_wheel_steps;246
1783417072.728749;left_wheel_steps;48
1783417073.7286625;left_wheel_steps;0
1783417074.728818;left_wheel_steps;0
1783417075.7286963;left_wheel_steps;0
1783417076.728653;left_wheel_steps;0
1783417077.7285535;left_wheel_steps;0
1783417078.7285557;left_wheel_steps;0
1783417079.7285533;left_wheel_steps;0
1783417080.728774;left_wheel_steps;0
1783417081.7285864;left_wheel_steps;0
1783417082.7285948;left_wheel_steps;0
1783417083.728557;left_wheel_steps;0
1783417084.7286382;left_wheel_steps;0
1783417085.728602;left_wheel_steps;0
1783417086.728608;left_wheel_steps;0
1783417087.7285771;left_wheel_steps;0
1783417088.728624;left_wheel_steps;0
1783417089.7285905;left_wheel_steps;0
1783417090.728573;left_wheel_steps;0
1783417091.728649;left_wheel_steps;0
1783417092.7286212;left_wheel_steps;0
1783417093.72858;left_wheel_steps;0
1783417094.72861;left_wheel_steps;0
1783417095.7285094;left_wheel_steps;0
1783417096.728608;left_wheel_steps;0
1783417097.728592;left_wheel_steps;0
1783417098.728603;left_wheel_steps;0
1783417099.7285917;left_wheel_steps;0
1783417100.7286036;left_wheel_steps;0
1783417101.7286248;left_wheel_steps;0
1783417102.7285793;left_wheel_steps;0
1783417103.7285953;left_wheel_steps;0
1783417104.7286377;left_wheel_steps;0
1783417105.728575;left_wheel_steps;0
1783417106.7287183;left_wheel_steps;0
1783417107.7285342;left_wheel_steps;0
1783417108.728601;left_wheel_steps;0
1783417109.7286084;left_wheel_steps;0
1783417110.728601;left_wheel_steps;0
1783417111.7285948;left_wheel_steps;0
1783417112.7286062;left_wheel_steps;0
1783417113.728572;left_wheel_steps;0
1783417114.7285995;left_wheel_steps;0
1783417115.7285898;left_wheel_steps;0
1783417116.7286966;left_wheel_steps;0
1783417117.7285998;left_wheel_steps;0
1783417118.7285984;left_wheel_steps;0
1783417119.728648;left_wheel_steps;0
1783417120.7285998;left_wheel_steps;0
1783417121.7286284;left_wheel_steps;0
1783417122.7285972;left_wheel_steps;0
1783417123.7285788;left_wheel_steps;0
1783417124.7286496;left_wheel_steps;0
1783417125.7285826;left_wheel_steps;0
1783417126.7285893;left_wheel_steps;0
1783417127.7286172;left_wheel_steps;0
1783417128.728611;left_wheel_steps;0
1783417129.728509;left_wheel_steps;0
1783417130.7285728;left_wheel_steps;0
1783417131.72862;left_wheel_steps;0
1783417132.728583;left_wheel_steps;0
1783417133.7286303;left_wheel_steps;0
1783417134.7286406;left_wheel_steps;0
1783417135.728575;left_wheel_steps;0
1783417136.7286525;left_wheel_steps;0
1783417137.7286437;left_wheel_steps;0
1783417138.7287335;left_wheel_steps;0
1783417139.7285886;left_wheel_steps;0
1783417140.72862;left_wheel_steps;0
1783417141.7285926;left_wheel_steps;0
1783417142.72862;left_wheel_steps;0
1783417143.7286022;left_wheel_steps;0
1783417144.7286031;left_wheel_steps;0
1783417145.728613;left_wheel_steps;0
1783417146.728659;left_wheel_steps;0
1783417147.7285652;left_wheel_steps;0
1783417148.7286265;left_wheel_steps;0
1783417149.728778;left_wheel_steps;0
1783417150.7286634;left_wheel_steps;0
1783417151.7286143;left_wheel_steps;0
1783417152.7286837;left_wheel_steps;0
1783417153.7286513;left_wheel_steps;0
1783417154.7287147;left_wheel_steps;0
1783417155.7285995;left_wheel_steps;0
1783417156.7285583;left_wheel_steps;0
1783417157.7288506;left_wheel_steps;0
1783417158.72867;left_wheel_steps;0
1783417159.728588;left_wheel_steps;0
1783417160.7285814;left_wheel_steps;0
1783417161.7286336;left_wheel_steps;0
1783417162.7286005;left_wheel_steps;0
1783417163.7285829;left_wheel_steps;0
1783417164.728606;left_wheel_steps;0
1783417165.7285342;left_wheel_steps;0
1783417166.7285674;left_wheel_steps;0
1783417167.728468;left_wheel_steps;0
1783417168.728593;left_wheel_steps;0
1783417169.7286336;left_wheel_steps;0
1783417170.728715;left_wheel_steps;0
1783417171.7286663;left_wheel_steps;0
1783417172.7286355;left_wheel_steps;0
1783417173.7285748;left_wheel_steps;0
1783417174.7286353;left_wheel_steps;0
1783417175.7286184;left_wheel_steps;0
1783417176.7286277;left_wheel_steps;0
1783417177.7286017;left_wheel_steps;0
1783417178.7286017;left_wheel_steps;0
1783417179.7286165;left_wheel_steps;0
1783417180.7286017;left_wheel_steps;0
1783417181.72859;left_wheel_steps;0
1783417182.72869;left_wheel_steps;0
1783417183.728682;left_wheel_steps;0
1783417184.7286365;left_wheel_steps;0
1783417185.7285752;left_wheel_steps;0
1783417186.7285936;left_wheel_steps;0
1783417187.7285986;left_wheel_steps;0
1783417188.7293298;left_wheel_steps;0
1783417189.728558;left_wheel_steps;0
1783417190.7286088;left_wheel_steps;0
1783417191.728624;left_wheel_steps;0
1783417192.728607;left_wheel_steps;0
1783417193.728562;left_wheel_steps;0
1783417194.7286294;left_wheel_steps;0
1783417195.7286208;left_wheel_steps;0
1783417196.7286243;left_wheel_steps;0
1783417197.7284606;left_wheel_steps;0
1783417198.728588;left_wheel_steps;0
1783417199.728619;left_wheel_steps;0
1783417200.7286284;left_wheel_steps;0
1783417201.7285447;left_wheel_steps;0
1783417202.728593;left_wheel_steps;0
1783417203.7286108;left_wheel_steps;0
1783417204.728619;left_wheel_steps;0
1783417205.7285552;left_wheel_steps;0
1783417206.7286105;left_wheel_steps;0
1783417207.72859;left_wheel_steps;0
1783417208.728602;left_wheel_steps;0
1783417209.728567;left_wheel_steps;0
1783417210.7285645;left_wheel_steps;0
1783417211.728583;left_wheel_steps;0
1783417212.728646;left_wheel_steps;0
1783417213.7285748;left_wheel_steps;0
1783417214.7286131;left_wheel_steps;0
1783417215.7286043;left_wheel_steps;0
1783417216.728613;left_wheel_steps;0
1783417217.728599;left_wheel_steps;0
1783417218.7285826;left_wheel_steps;0
1783417219.7286017;left_wheel_steps;0
1783417220.7286134;left_wheel_steps;0
1783417221.7286224;left_wheel_steps;0
1783417222.7285855;left_wheel_steps;0
1783417223.728596;left_wheel_steps;0
1783417224.728774;left_wheel_steps;0
1783417225.7285893;left_wheel_steps;0
1783417226.7285895;left_wheel_steps;0
1783417227.7289133;left_wheel_steps;0
1783417228.7286198;left_wheel_steps;0
1783417229.7286496;left_wheel_steps;0
1783417230.7287552;left_wheel_steps;0
1783417231.728658;left_wheel_steps;0
1783417232.7287583;left_wheel_steps;0
1783417233.728885;left_wheel_steps;0
1783417234.7286258;left_wheel_steps;0
1783417235.7288146;left_wheel_steps;0
1783417236.7287357;left_wheel_steps;0
1783417237.7285726;left_wheel_steps;0
1783417238.7285898;left_wheel_steps;0
1783417239.7287023;left_wheel_steps;0
1783417240.7285855;left_wheel_steps;0
1783417241.7285528;left_wheel_steps;0
1783417242.7287345;left_wheel_steps;0
1783417243.7286146;left_wheel_steps;0
1783417244.728649;left_wheel_steps;0
1783417245.7286663;left_wheel_steps;0
1783417246.728594;left_wheel_steps;0
1783417247.728606;left_wheel_steps;0
1783417248.7287145;left_wheel_steps;0
1783417249.7285624;left_wheel_steps;0
1783417250.7285893;left_wheel_steps;0
1783417251.7287085;left_wheel_steps;0
1783417252.728608;left_wheel_steps;0
1783417253.72867;left_wheel_steps;0
1783417254.7287683;left_wheel_steps;0
1783417255.7286713;left_wheel_steps;0
1783417256.7286448;left_wheel_steps;0
1783417257.7285285;left_wheel_steps;0
1783417258.728578;left_wheel_steps;0
1783417259.7286203;left_wheel_steps;0
1783417260.7286644;left_wheel_steps;0
1783417261.7286158;left_wheel_steps;0
1783417262.7285995;left_wheel_steps;0
1783417263.7286477;left_wheel_steps;0
1783417264.728628;left_wheel_steps;0
1783417265.7285905;left_wheel_steps;0
1783417266.7286367;left_wheel_steps;0
1783417267.7286036;left_wheel_steps;0
1783417268.728634;left_wheel_steps;0
1783417269.728649;left_wheel_steps;0
1783417270.7288277;left_wheel_steps;0
1783417271.7286825;left_wheel_steps;0
1783417272.7287004;left_wheel_steps;0
1783417273.7286682;left_wheel_steps;0
1783417274.7286787;left_wheel_steps;0
1783417275.7286165;left_wheel_steps;0
1783417276.728597;left_wheel_steps;0
1783417277.7286713;left_wheel_steps;0
1783417278.728592;left_wheel_steps;0
1783417279.7286355;left_wheel_steps;0
1783417280.7286537;left_wheel_steps;0
1783417281.7285671;left_wheel_steps;0
1783417282.7286017;left_wheel_steps;0
1783417283.7286289;left_wheel_steps;0
1783417284.7287445;left_wheel_steps;0
1783417285.7286131;left_wheel_steps;0
1783417286.728598;left_wheel_steps;0
1783417287.7285657;left_wheel_steps;0
1783417288.7286189;left_wheel_steps;0
1783417289.7286184;left_wheel_steps;0
1783417290.7285926;left_wheel_steps;0
1783417291.7285964;left_wheel_steps;0
1783417292.7286096;left_wheel_steps;0
1783417293.728687;left_wheel_steps;0
1783417294.7286887;left_wheel_steps;0
1783417295.728686;left_wheel_steps;0
1783417296.7286804;left_wheel_steps;0
1783417297.7286923;left_wheel_steps;0
1783417298.728731;left_wheel_steps;0
1783417299.728578;left_wheel_steps;0
1783417300.728616;left_wheel_steps;0
1783417301.7286265;left_wheel_steps;0
1783417302.7286973;left_wheel_steps;0
1783417303.7286053;left_wheel_steps;0
1783417304.7286632;left_wheel_steps;0
1783417305.7287354;left_wheel_steps;0
1783417306.728645;left_wheel_steps;0
1783417307.7286627;left_wheel_steps;0
1783417308.7286527;left_wheel_steps;0
1783417309.728649;left_wheel_steps;0
1783417310.7287147;left_wheel_steps;0
1783417311.728595;left_wheel_steps;0
1783417312.7288446;left_wheel_steps;0
1783417313.728593;left_wheel_steps;0
1783417314.7286494;left_wheel_steps;0
1783417315.728574;left_wheel_steps;0
1783417316.7285976;left_wheel_steps;0
1783417317.7284634;left_wheel_steps;0
1783417318.7286289;left_wheel_steps;0
1783417319.728616;left_wheel_steps;0
1783417320.728601;left_wheel_steps;0
1783417321.7285943;left_wheel_steps;0
1783417322.728634;left_wheel_steps;0
1783417323.7285922;left_wheel_steps;0
1783417324.728659;left_wheel_steps;0
1783417325.7286716;left_wheel_steps;0
1783417326.7287998;left_wheel_steps;0
1783417327.7286687;left_wheel_steps;0
1783417328.728671;left_wheel_steps;0
1783417329.7286818;left_wheel_steps;0
1783417330.7286525;left_wheel_steps;0
1783417331.7286153;left_wheel_steps;0
1783417332.728613;left_wheel_steps;0
1783417333.7286298;left_wheel_steps;0
1783417334.728659;left_wheel_steps;0
1783417335.7285647;left_wheel_steps;0
1783417336.7286053;left_wheel_steps;0
1783417337.728651;left_wheel_steps;0
1783417338.7286272;left_wheel_steps;0
1783417339.728639;left_wheel_steps;0
1783417340.7286284;left_wheel_steps;0
1783417341.728613;left_wheel_steps;0
1783417342.7286296;left_wheel_steps;0
1783417343.728619;left_wheel_steps;0
1783417344.7286215;left_wheel_steps;0
1783417345.7285883;left_wheel_steps;0
1783417346.728647;left_wheel_steps;0
1783417347.7286117;left_wheel_steps;0
1783417348.728599;left_wheel_steps;0
1783417349.7286484;left_wheel_steps;0
1783417350.728631;left_wheel_steps;0
1783417351.728609;left_wheel_steps;0
1783417352.7287571;left_wheel_steps;0
1783417353.7286456;left_wheel_steps;0
1783417354.7286303;left_wheel_steps;0
1783417355.7286043;left_wheel_steps;0
1783417356.7285855;left_wheel_steps;0
1783417357.7286134;left_wheel_steps;0
1783417358.7286177;left_wheel_steps;0
1783417359.7286344;left_wheel_steps;0
1783417360.7285855;left_wheel_steps;0
1783417361.728624;left_wheel_steps;0
1783417362.728631;left_wheel_steps;0
1783417363.728572;left_wheel_steps;0
1783417364.7286632;left_wheel_steps;0
1783417365.7286909;left_wheel_steps;0
1783417366.728675;left_wheel_steps;0
1783417367.728691;left_wheel_steps;0
1783417368.7286527;left_wheel_steps;0
1783417369.7286386;left_wheel_steps;0
1783417370.7286935;left_wheel_steps;0
1783417371.7286658;left_wheel_steps;0
1783417372.7286558;left_wheel_steps;0
1783417373.7286875;left_wheel_steps;0
1783417374.7287157;left_wheel_steps;0
1783417375.7286131;left_wheel_steps;0
1783417376.7285812;left_wheel_steps;0
1783417377.7285426;left_wheel_steps;0
1783417378.7286406;left_wheel_steps;0
1783417379.7286222;left_wheel_steps;0
1783417380.7286196;left_wheel_steps;0
1783417381.7286758;left_wheel_steps;0
1783417382.7286885;left_wheel_steps;0
1783417383.7286909;left_wheel_steps;0
1783417384.7286737;left_wheel_steps;0
1783417385.7287197;left_wheel_steps;0
1783417386.7286818;left_wheel_steps;0
1783417387.7286322;left_wheel_steps;0
1783417388.7286725;left_wheel_steps;0
1783417389.7286189;left_wheel_steps;0
1783417390.7288888;left_wheel_steps;0
1783417391.7285938;left_wheel_steps;0
1783417392.7285826;left_wheel_steps;0
1783417393.72858;left_wheel_steps;0
1783417394.728628;left_wheel_steps;0
1783417395.7285717;left_wheel_steps;0
1783417396.7285624;left_wheel_steps;0
1783417397.728598;left_wheel_steps;0
1783417398.728609;left_wheel_steps;0
1783417399.728614;left_wheel_steps;0
1783417400.7285955;left_wheel_steps;0
1783417401.7286084;left_wheel_steps;0
1783417402.7285955;left_wheel_steps;0
1783417403.728621;left_wheel_steps;0
1783417404.7285898;left_wheel_steps;0
1783417405.728588;left_wheel_steps;0
1783417406.7286198;left_wheel_steps;0
1783417407.728443;left_wheel_steps;0
1783417408.7285635;left_wheel_steps;0
1783417409.7286086;left_wheel_steps;0
1783417410.7285872;left_wheel_steps;0
1783417411.728562;left_wheel_steps;0
1783417412.728575;left_wheel_steps;0
1783417413.7286065;left_wheel_steps;0
1783417414.7286282;left_wheel_steps;0
1783417415.728558;left_wheel_steps;0
1783417416.7285817;left_wheel_steps;0
1783417417.7285938;left_wheel_steps;0
1783417418.7286077;left_wheel_steps;0
1783417419.7285547;left_wheel_steps;0
1783417420.7285604;left_wheel_steps;0
1783417421.7286289;left_wheel_steps;0
1783417422.7286043;left_wheel_steps;0
1783417423.7285812;left_wheel_steps;0
1783417424.728621;left_wheel_steps;0
1783417425.728611;left_wheel_steps;0
1783417426.7286043;left_wheel_steps;0
1783417427.7285056;left_wheel_steps;0
1783417428.7285812;left_wheel_steps;0
1783417429.7286265;left_wheel_steps;0
1783417430.7286658;left_wheel_steps;0
1783417431.728609;left_wheel_steps;0
1783417432.7286544;left_wheel_steps;0
1783417433.7286534;left_wheel_steps;0
1783417434.728847;left_wheel_steps;0
1783417435.728611;left_wheel_steps;0
1783417436.7286758;left_wheel_steps;0
1783417437.7285683;left_wheel_steps;0
1783417438.7286854;left_wheel_steps;0
1783417439.728624;left_wheel_steps;0
1783417440.7286768;left_wheel_steps;0
1783417441.7286067;left_wheel_steps;0
1783417442.7286246;left_wheel_steps;0
1783417443.7285511;left_wheel_steps;0
1783417444.7286243;left_wheel_steps;0
1783417445.7285905;left_wheel_steps;0
1783417446.7286322;left_wheel_steps;0
1783417447.7285614;left_wheel_steps;0
1783417448.7286072;left_wheel_steps;0
1783417449.7286143;left_wheel_steps;0
1783417450.7286398;left_wheel_steps;0
1783417451.72861;left_wheel_steps;0
1783417452.728595;left_wheel_steps;0
1783417453.7286308;left_wheel_steps;0
1783417454.7286766;left_wheel_steps;0
1783417455.7286122;left_wheel_steps;0
1783417456.7286398;left_wheel_steps;0
1783417457.7286296;left_wheel_steps;0
1783417458.7286327;left_wheel_steps;0
1783417459.7286377;left_wheel_steps;0
1783417460.7287452;left_wheel_steps;0
1783417461.7286522;left_wheel_steps;0
1783417462.728675;left_wheel_steps;0
1783417463.7286456;left_wheel_steps;0
1783417464.7286682;left_wheel_steps;0
1783417465.7286868;left_wheel_steps;0
1783417466.7286534;left_wheel_steps;0
1783417467.7296336;left_wheel_steps;0
1783417468.7286112;left_wheel_steps;0
1783417469.7286067;left_wheel_steps;0
1783417470.728598;left_wheel_steps;0
1783417471.7285876;left_wheel_steps;0
1783417472.7285652;left_wheel_steps;0
1783417473.7286031;left_wheel_steps;0
1783417474.7286618;left_wheel_steps;0
1783417475.7286055;left_wheel_steps;0
1783417476.7285852;left_wheel_steps;0
1783417477.7286155;left_wheel_steps;0
1783417478.728612;left_wheel_steps;0
1783417479.7286062;left_wheel_steps;0
1783417480.728604;left_wheel_steps;0
1783417481.728623;left_wheel_steps;0
1783417482.728632;left_wheel_steps;0
1783417483.7285976;left_wheel_steps;0
1783417484.728611;left_wheel_steps;0
1783417485.728603;left_wheel_steps;0
1783417486.7286203;left_wheel_steps;0
1783417487.7286038;left_wheel_steps;0
1783417488.7285793;left_wheel_steps;0
1783417489.7286189;left_wheel_steps;0
1783417490.7286215;left_wheel_steps;0
1783417491.728554;left_wheel_steps;0
1783417492.7285826;left_wheel_steps;0
1783417493.7286315;left_wheel_steps;0
1783417494.7286415;left_wheel_steps;0
1783417495.7285855;left_wheel_steps;0
1783417496.7285864;left_wheel_steps;0
1783417497.7284944;left_wheel_steps;0
1783417498.7286246;left_wheel_steps;0
1783417499.7286203;left_wheel_steps;0
1783417500.7286222;left_wheel_steps;0
1783417501.7285922;left_wheel_steps;0
1783417502.7286055;left_wheel_steps;0
1783417503.7285893;left_wheel_steps;0
1783417504.7285964;left_wheel_steps;0
1783417505.7285948;left_wheel_steps;0
1783417506.728632;left_wheel_steps;0
1783417507.7285554;left_wheel_steps;0
1783417508.7285862;left_wheel_steps;0
1783417509.7285993;left_wheel_steps;0
1783417510.7286456;left_wheel_steps;0
1783417511.7285967;left_wheel_steps;0
1783417512.7286077;left_wheel_steps;0
1783417513.7286155;left_wheel_steps;0
1783417514.7286286;left_wheel_steps;0
1783417515.728601;left_wheel_steps;0
1783417516.7287202;left_wheel_steps;0
1783417517.7286289;left_wheel_steps;0
1783417518.7286148;left_wheel_steps;0
1783417519.7286;left_wheel_steps;0
1783417520.728609;left_wheel_steps;0
1783417521.7286208;left_wheel_steps;0
1783417522.7286253;left_wheel_steps;0
1783417523.7286134;left_wheel_steps;0
1783417524.7286031;left_wheel_steps;0
1783417525.728575;left_wheel_steps;0
1783417526.7286098;left_wheel_steps;0
1783417527.7284665;left_wheel_steps;0
1783417528.7285967;left_wheel_steps;0
1783417529.7286005;left_wheel_steps;0
1783417530.7286134;left_wheel_steps;0
1783417531.7286198;left_wheel_steps;0
1783417532.7286122;left_wheel_steps;0
1783417533.7286236;left_wheel_steps;0
1783417534.7285829;left_wheel_steps;0
1783417535.7285724;left_wheel_steps;0
1783417536.7286017;left_wheel_steps;0
1783417537.7286415;left_wheel_steps;0
1783417538.7287776;left_wheel_steps;0
1783417539.7286077;left_wheel_steps;0
1783417540.7286575;left_wheel_steps;0
1783417541.7286625;left_wheel_steps;0
1783417542.7286632;left_wheel_steps;0
1783417543.728604;left_wheel_steps;0
1783417544.728647;left_wheel_steps;0
1783417545.728571;left_wheel_steps;0
1783417546.728815;left_wheel_steps;0
1783417547.728632;left_wheel_steps;0
1783417548.7285814;left_wheel_steps;0
1783417549.728601;left_wheel_steps;0
1783417550.7286143;left_wheel_steps;0
1783417551.728546;left_wheel_steps;0
1783417552.7286017;left_wheel_steps;0
1783417553.7286215;left_wheel_steps;0
1783417554.7286198;left_wheel_steps;0
1783417555.7285793;left_wheel_steps;0
1783417556.7286024;left_wheel_steps;0
1783417557.7285752;left_wheel_steps;0
1783417558.728601;left_wheel_steps;0
1783417559.7285724;left_wheel_steps;0
1783417560.7285998;left_wheel_steps;0
1783417561.728578;left_wheel_steps;0
1783417562.7286909;left_wheel_steps;0
1783417563.728486;left_wheel_steps;0
1783417564.7285054;left_wheel_steps;0
1783417565.728562;left_wheel_steps;0
1783417566.7349515;left_wheel_steps;0
1783417567.7285974;left_wheel_steps;0
1783417568.7285476;left_wheel_steps;0
1783417569.7307742;left_wheel_steps;0
1783417570.728536;left_wheel_steps;0
1783417571.7284882;left_wheel_steps;0
1783417572.7284918;left_wheel_steps;0
1783417573.7285368;left_wheel_steps;0
1783417574.728508;left_wheel_steps;0
1783417575.7285776;left_wheel_steps;0
1783417576.728496;left_wheel_steps;0
1783417577.728572;left_wheel_steps;0
1783417578.7285235;left_wheel_steps;0
1783417579.72856;left_wheel_steps;0
1783417580.7285235;left_wheel_steps;0
1783417581.728566;left_wheel_steps;0
1783417582.7285073;left_wheel_steps;0
1783417583.7285712;left_wheel_steps;0
1783417584.7285137;left_wheel_steps;0
1783417585.7285464;left_wheel_steps;0
1783417586.7284975;left_wheel_steps;0
1783417587.7285516;left_wheel_steps;0
1783417588.728388;left_wheel_steps;0
1783417589.728614;left_wheel_steps;0
1783417590.728613;left_wheel_steps;0
1783417591.7285883;left_wheel_steps;0
1783417592.72864;left_wheel_steps;0
1783417593.7285826;left_wheel_steps;0
1783417594.7286153;left_wheel_steps;0
1783417595.7285948;left_wheel_steps;0
1783417596.7285974;left_wheel_steps;0
1783417597.7286258;left_wheel_steps;0
1783417598.7293465;left_wheel_steps;0
1783417599.7286203;left_wheel_steps;0
1783417600.7286525;left_wheel_steps;0
1783417601.7286096;left_wheel_steps;0
1783417602.7286062;left_wheel_steps;0
1783417603.7286174;left_wheel_steps;0
1783417604.7287111;left_wheel_steps;0
1783417605.7285502;left_wheel_steps;0
1783417606.7285726;left_wheel_steps;0
1783417607.7286098;left_wheel_steps;0
1783417608.7286246;left_wheel_steps;0
1783417609.7286167;left_wheel_steps;0
1783417610.7286017;left_wheel_steps;0
1783417611.728611;left_wheel_steps;0
1783417612.728612;left_wheel_steps;0
1783417613.7285666;left_wheel_steps;0
1783417614.728613;left_wheel_steps;0
1783417615.728595;left_wheel_steps;0
1783417616.7286277;left_wheel_steps;0
1783417617.7285256;left_wheel_steps;0
1783417618.7286065;left_wheel_steps;0
1783417619.7285948;left_wheel_steps;0
1783417620.728746;left_wheel_steps;0
1783417621.728582;left_wheel_steps;0
1783417622.7286398;left_wheel_steps;0
1783417623.7286303;left_wheel_steps;0
1783417624.728656;left_wheel_steps;0
1783417625.728592;left_wheel_steps;0
1783417626.7285814;left_wheel_steps;0
1783417627.728559;left_wheel_steps;0
1783417628.7288604;left_wheel_steps;0
1783417629.7285576;left_wheel_steps;0
1783417630.7285864;left_wheel_steps;0
1783417631.7285964;left_wheel_steps;0
1783417632.7286074;left_wheel_steps;0
1783417633.7285645;left_wheel_steps;0
1783417634.72861;left_wheel_steps;0
1783417635.728612;left_wheel_steps;0
1783417636.728609;left_wheel_steps;0
1783417637.7285893;left_wheel_steps;0
1783417638.7286024;left_wheel_steps;0
1783417639.7285876;left_wheel_steps;0
1783417640.728634;left_wheel_steps;0
1783417641.7285757;left_wheel_steps;0
1783417642.7286055;left_wheel_steps;0
1783417643.728624;left_wheel_steps;0
1783417644.7286267;left_wheel_steps;0
1783417645.728581;left_wheel_steps;0
1783417646.728594;left_wheel_steps;0
1783417647.7285273;left_wheel_steps;0
1783417648.7286155;left_wheel_steps;0
1783417649.7286155;left_wheel_steps;0
1783417650.7286077;left_wheel_steps;0
1783417651.728595;left_wheel_steps;0
1783417652.7286477;left_wheel_steps;0
1783417653.728599;left_wheel_steps;0
1783417654.728611;left_wheel_steps;0
1783417655.7285953;left_wheel_steps;0
1783417656.7286248;left_wheel_steps;0
1783417657.7286153;left_wheel_steps;0
1783417658.728583;left_wheel_steps;0
1783417659.7286074;left_wheel_steps;0
1783417660.7286265;left_wheel_steps;0
1783417661.7285976;left_wheel_steps;0
1783417662.728603;left_wheel_steps;0
1783417663.7285905;left_wheel_steps;0
1783417664.728658;left_wheel_steps;0
1783417665.728564;left_wheel_steps;0
1783417666.7285883;left_wheel_steps;0
1783417667.728613;left_wheel_steps;0
1783417668.728654;left_wheel_steps;0
1783417669.728609;left_wheel_steps;0
1783417670.7285998;left_wheel_steps;0
1783417671.7286017;left_wheel_steps;0
1783417672.7286222;left_wheel_steps;0
1783417673.728606;left_wheel_steps;0
1783417674.7286196;left_wheel_steps;0
1783417675.7285852;left_wheel_steps;0
1783417676.728639;left_wheel_steps;0
1783417677.7284358;left_wheel_steps;0
1783417678.7285888;left_wheel_steps;0
1783417679.7286212;left_wheel_steps;0
1783417680.7287383;left_wheel_steps;0
1783417681.7286272;left_wheel_steps;0
1783417682.728601;left_wheel_steps;0
1783417683.7286294;left_wheel_steps;0
1783417684.7286549;left_wheel_steps;0
1783417685.7285712;left_wheel_steps;0
1783417686.7286162;left_wheel_steps;0
1783417687.728601;left_wheel_steps;0
1783417688.7286296;left_wheel_steps;0
1783417689.728572;left_wheel_steps;0
1783417690.7285964;left_wheel_steps;0
1783417691.728608;left_wheel_steps;0
1783417692.7286477;left_wheel_steps;0
1783417693.728667;left_wheel_steps;0
1783417694.7286935;left_wheel_steps;0
1783417695.7286613;left_wheel_steps;0
1783417696.728601;left_wheel_steps;0
1783417697.7287388;left_wheel_steps;0
1783417698.728633;left_wheel_steps;0
1783417699.728694;left_wheel_steps;0
1783417700.7286842;left_wheel_steps;0
1783417701.7286234;left_wheel_steps;0
1783417702.728658;left_wheel_steps;0
1783417703.7286472;left_wheel_steps;0
1783417704.728567;left_wheel_steps;0
1783417705.7286785;left_wheel_steps;0
1783417706.728593;left_wheel_steps;0
1783417707.728534;left_wheel_steps;0
1783417708.728617;left_wheel_steps;0
1783417709.7286243;left_wheel_steps;0
1783417710.7286158;left_wheel_steps;0
1783417711.728592;left_wheel_steps;0
1783417712.7285888;left_wheel_steps;0
1783417713.7286232;left_wheel_steps;0
1783417714.728609;left_wheel_steps;0
1783417715.7285724;left_wheel_steps;0
1783417716.728582;left_wheel_steps;0
1783417717.7286055;left_wheel_steps;0
1783417718.7286026;left_wheel_steps;0
1783417719.7285984;left_wheel_steps;0
1783417720.7285738;left_wheel_steps;0
1783417721.7285829;left_wheel_steps;0
1783417722.7286105;left_wheel_steps;0
1783417723.7285993;left_wheel_steps;0
1783417724.7286432;left_wheel_steps;0
1783417725.728522;left_wheel_steps;0
1783417726.7286172;left_wheel_steps;0
1783417727.7286017;left_wheel_steps;0
1783417728.7285926;left_wheel_steps;0
1783417729.7286265;left_wheel_steps;0
1783417730.7286246;left_wheel_steps;0
1783417731.7286031;left_wheel_steps;0
1783417732.7285872;left_wheel_steps;0
1783417733.7285793;left_wheel_steps;0
1783417734.7286265;left_wheel_steps;0
1783417735.728593;left_wheel_steps;0
1783417736.7285986;left_wheel_steps;0
1783417737.728492;left_wheel_steps;0
1783417738.7285953;left_wheel_steps;0
1783417739.7286377;left_wheel_steps;0
1783417740.7286086;left_wheel_steps;0
1783417741.728601;left_wheel_steps;0
1783417742.7286184;left_wheel_steps;0
1783417743.7286007;left_wheel_steps;0
1783417744.7285895;left_wheel_steps;0
1783417745.7285783;left_wheel_steps;0
1783417746.7286086;left_wheel_steps;0
1783417747.728578;left_wheel_steps;0
1783417748.7285895;left_wheel_steps;0
1783417749.7285955;left_wheel_steps;0
1783417750.728583;left_wheel_steps;0
1783417751.728611;left_wheel_steps;0
1783417752.7286038;left_wheel_steps;0
1783417753.7286067;left_wheel_steps;0
1783417754.7286403;left_wheel_steps;0
1783417755.7285986;left_wheel_steps;0
1783417756.7286055;left_wheel_steps;0
1783417757.7286446;left_wheel_steps;0
1783417758.7286222;left_wheel_steps;0
1783417759.728609;left_wheel_steps;0
1783417760.7285924;left_wheel_steps;0
1783417761.728596;left_wheel_steps;0
1783417762.7287576;left_wheel_steps;0
1783417763.7286158;left_wheel_steps;0
1783417764.7286098;left_wheel_steps;0
1783417765.7285974;left_wheel_steps;0
1783417766.7286236;left_wheel_steps;0
1783417767.728511;left_wheel_steps;0
1783417768.7285964;left_wheel_steps;0
1783417769.7286165;left_wheel_steps;0
1783417770.7286315;left_wheel_steps;0
1783417771.728575;left_wheel_steps;0
1783417772.7286222;left_wheel_steps;0
1783417773.7286298;left_wheel_steps;0
1783417774.7285693;left_wheel_steps;0
1783417775.728703;left_wheel_steps;0
1783417776.728624;left_wheel_steps;0
1783417777.728589;left_wheel_steps;0
1783417778.7286654;left_wheel_steps;0
1783417779.7286146;left_wheel_steps;0
1783417780.7286427;left_wheel_steps;0
1783417781.7287114;left_wheel_steps;0
1783417782.7286494;left_wheel_steps;0
1783417783.7288177;left_wheel_steps;0
1783417784.7286496;left_wheel_steps;0
1783417785.7285993;left_wheel_steps;0
1783417786.72861;left_wheel_steps;0
1783417787.728585;left_wheel_steps;0
1783417788.728623;left_wheel_steps;0
1783417789.7285788;left_wheel_steps;0
1783417790.7286072;left_wheel_steps;0
1783417791.7286189;left_wheel_steps;0
1783417792.7285693;left_wheel_steps;0
1783417793.7286084;left_wheel_steps;0
1783417794.728649;left_wheel_steps;0
1783417795.7285714;left_wheel_steps;0
1783417796.7286766;left_wheel_steps;0
1783417797.728483;left_wheel_steps;0
1783417798.728608;left_wheel_steps;0
1783417799.728623;left_wheel_steps;0
1783417800.7286072;left_wheel_steps;0
1783417801.7285826;left_wheel_steps;0
1783417802.7286215;left_wheel_steps;0
1783417803.7286055;left_wheel_steps;0
1783417804.728605;left_wheel_steps;0
1783417805.7285888;left_wheel_steps;0
1783417806.728618;left_wheel_steps;0
1783417807.7286088;left_wheel_steps;0
1783417808.728596;left_wheel_steps;0
1783417809.7286096;left_wheel_steps;0
1783417810.728612;left_wheel_steps;0
1783417811.7286477;left_wheel_steps;0
1783417812.7285912;left_wheel_steps;0
1783417813.7286005;left_wheel_steps;0
1783417814.7286358;left_wheel_steps;0
1783417815.7285469;left_wheel_steps;0
1783417816.7285726;left_wheel_steps;0
1783417817.7285948;left_wheel_steps;0
1783417818.7285943;left_wheel_steps;0
1783417819.7285576;left_wheel_steps;0
1783417820.7285986;left_wheel_steps;0
1783417821.7286024;left_wheel_steps;0
1783417822.7286148;left_wheel_steps;0
1783417823.728611;left_wheel_steps;0
1783417824.7286098;left_wheel_steps;0
1783417825.728569;left_wheel_steps;0
1783417826.7286022;left_wheel_steps;0
1783417827.7284489;left_wheel_steps;0
1783417828.728579;left_wheel_steps;0
1783417829.7286344;left_wheel_steps;0
1783417830.728607;left_wheel_steps;0
1783417831.728571;left_wheel_steps;0
1783417832.7285855;left_wheel_steps;0
1783417833.7286065;left_wheel_steps;0
1783417834.728607;left_wheel_steps;0
1783417835.7285876;left_wheel_steps;0
1783417836.72861;left_wheel_steps;0
1783417837.728583;left_wheel_steps;0
1783417838.7286022;left_wheel_steps;0
1783417839.7285607;left_wheel_steps;0
1783417840.7284667;left_wheel_steps;0
1783417841.728588;left_wheel_steps;0
1783417842.7286298;left_wheel_steps;0
1783417843.7285335;left_wheel_steps;0
1783417844.7287004;left_wheel_steps;0
1783417845.7286055;left_wheel_steps;0
1783417846.7286222;left_wheel_steps;0
1783417847.7285602;left_wheel_steps;0
1783417848.7286022;left_wheel_steps;0
1783417849.7285824;left_wheel_steps;0
1783417850.7286224;left_wheel_steps;0
1783417851.7285376;left_wheel_steps;0
1783417852.728562;left_wheel_steps;0
1783417853.728731;left_wheel_steps;0
1783417854.7286658;left_wheel_steps;0
1783417855.7285964;left_wheel_steps;0
1783417856.72864;left_wheel_steps;0
1783417857.7284791;left_wheel_steps;0
1783417858.7286751;left_wheel_steps;0
1783417859.7285943;left_wheel_steps;0
1783417860.7285807;left_wheel_steps;0
1783417861.7287414;left_wheel_steps;0
1783417862.728638;left_wheel_steps;0
1783417863.728599;left_wheel_steps;0
1783417864.7285855;left_wheel_steps;0
1783417865.7286088;left_wheel_steps;0
1783417866.7286282;left_wheel_steps;0
1783417867.72867;left_wheel_steps;0
1783417868.7286236;left_wheel_steps;0
1783417869.7286026;left_wheel_steps;0
1783417870.72861;left_wheel_steps;0
1783417871.7285993;left_wheel_steps;0
1783417872.7285695;left_wheel_steps;0
1783417873.7285728;left_wheel_steps;0
1783417874.7286184;left_wheel_steps;0
1783417875.728541;left_wheel_steps;0
1783417876.7285705;left_wheel_steps;0
1783417877.728644;left_wheel_steps;0
1783417878.7285976;left_wheel_steps;0
1783417879.7285817;left_wheel_steps;0
1783417880.7286136;left_wheel_steps;0
1783417881.7285674;left_wheel_steps;0
1783417882.7285774;left_wheel_steps;0
1783417883.7285924;left_wheel_steps;0
1783417884.7286005;left_wheel_steps;0
1783417885.7285094;left_wheel_steps;0
1783417886.7285812;left_wheel_steps;0
1783417887.728486;left_wheel_steps;0
1783417888.7286043;left_wheel_steps;0
1783417889.7285588;left_wheel_steps;0
1783417890.7285967;left_wheel_steps;0
1783417891.7286084;left_wheel_steps;0
1783417892.7286294;left_wheel_steps;0
1783417893.7285776;left_wheel_steps;0
1783417894.728577;left_wheel_steps;0
1783417895.7285738;left_wheel_steps;0
1783417896.728613;left_wheel_steps;0
1783417897.7285483;left_wheel_steps;0
1783417898.7285836;left_wheel_steps;0
1783417899.7285962;left_wheel_steps;0
1783417900.728601;left_wheel_steps;0
1783417901.7285235;left_wheel_steps;0
1783417902.7286074;left_wheel_steps;0
1783417903.7286353;left_wheel_steps;0
1783417904.7286224;left_wheel_steps;0
1783417905.728547;left_wheel_steps;0
1783417906.728562;left_wheel_steps;0
1783417907.7285872;left_wheel_steps;0
1783417908.728623;left_wheel_steps;0
1783417909.7285705;left_wheel_steps;0
1783417910.7285888;left_wheel_steps;0
1783417911.7286522;left_wheel_steps;0
1783417912.7286696;left_wheel_steps;0
1783417913.7286477;left_wheel_steps;0
1783417914.728654;left_wheel_steps;0
1783417915.7286484;left_wheel_steps;0
1783417916.7286923;left_wheel_steps;0
1783417917.7284307;left_wheel_steps;0
1783417918.7285864;left_wheel_steps;0
1783417919.72861;left_wheel_steps;0
1783417920.728631;left_wheel_steps;0
1783417921.7285454;left_wheel_steps;0
1783417922.7285943;left_wheel_steps;0
1783417923.728607;left_wheel_steps;0
1783417924.728717;left_wheel_steps;0
1783417925.7285538;left_wheel_steps;0
1783417926.7287133;left_wheel_steps;0
1783417927.7286549;left_wheel_steps;0
1783417928.7286403;left_wheel_steps;0
1783417929.7285717;left_wheel_steps;0
1783417930.7285964;left_wheel_steps;0
1783417931.728612;left_wheel_steps;0
1783417932.7287652;left_wheel_steps;0
1783417933.7286096;left_wheel_steps;0
1783417934.72867;left_wheel_steps;0
1783417935.728585;left_wheel_steps;0
1783417936.7286294;left_wheel_steps;0
1783417937.728656;left_wheel_steps;0
1783417938.728684;left_wheel_steps;0
1783417939.7286046;left_wheel_steps;0
1783417940.7288263;left_wheel_steps;0
1783417941.7285912;left_wheel_steps;0
1783417942.728616;left_wheel_steps;0
1783417943.728583;left_wheel_steps;0
1783417944.728609;left_wheel_steps;0
1783417945.7285702;left_wheel_steps;0
1783417946.7286108;left_wheel_steps;0
1783417947.7284398;left_wheel_steps;0
1783417948.7285798;left_wheel_steps;0
1783417949.7286046;left_wheel_steps;0
1783417950.7286332;left_wheel_steps;0
1783417951.728588;left_wheel_steps;0
1783417952.7285748;left_wheel_steps;0
1783417953.728627;left_wheel_steps;0
1783417954.7286203;left_wheel_steps;0
1783417955.7285848;left_wheel_steps;0
1783417956.728588;left_wheel_steps;0
1783417957.7286;left_wheel_steps;0
1783417958.7286;left_wheel_steps;0
1783417959.728568;left_wheel_steps;0
1783417960.7286055;left_wheel_steps;0
1783417961.7285912;left_wheel_steps;0
1783417962.7286232;left_wheel_steps;0
1783417963.728583;left_wheel_steps;0
1783417964.7286105;left_wheel_steps;0
1783417965.728595;left_wheel_steps;0
1783417966.7286544;left_wheel_steps;0
1783417967.728536;left_wheel_steps;0
1783417968.7285943;left_wheel_steps;0
1783417969.7285988;left_wheel_steps;0
1783417970.7286088;left_wheel_steps;0
1783417971.728587;left_wheel_steps;0
1783417972.728594;left_wheel_steps;0
1783417973.7286031;left_wheel_steps;0
1783417974.7286174;left_wheel_steps;0
1783417975.728588;left_wheel_steps;0
1783417976.728574;left_wheel_steps;0
1783417977.7285206;left_wheel_steps;0
1783417978.728631;left_wheel_steps;0
1783417979.7285702;left_wheel_steps;0
1783417980.7286234;left_wheel_steps;0
1783417981.728586;left_wheel_steps;0
1783417982.7286348;left_wheel_steps;0
1783417983.728588;left_wheel_steps;0
1783417984.7285936;left_wheel_steps;0
1783417985.728603;left_wheel_steps;0
1783417986.728619;left_wheel_steps;0
1783417987.728583;left_wheel_steps;0
1783417988.7285974;left_wheel_steps;0
1783417989.728404;left_wheel_steps;0
1783417990.728591;left_wheel_steps;0
1783417991.7285905;left_wheel_steps;0
1783417992.728605;left_wheel_steps;0
1783417993.7286105;left_wheel_steps;0
1783417994.7286203;left_wheel_steps;0
1783417995.728535;left_wheel_steps;0
1783417996.728572;left_wheel_steps;0
1783417997.7286024;left_wheel_steps;0
1783417998.72863;left_wheel_steps;0
1783417999.7285926;left_wheel_steps;0
1783418000.7285826;left_wheel_steps;0
1783418001.7285922;left_wheel_steps;0
1783418002.7286017;left_wheel_steps;0
1783418003.728599;left_wheel_steps;0
1783418004.728597;left_wheel_steps;0
1783418005.7286234;left_wheel_steps;0
1783418006.7286253;left_wheel_steps;0
1783418007.7284262;left_wheel_steps;0
1783418008.7286928;left_wheel_steps;0
1783418009.7287695;left_wheel_steps;0
1783418010.7286522;left_wheel_steps;0
1783418011.7285793;left_wheel_steps;0
1783418012.7286372;left_wheel_steps;0
1783418013.728628;left_wheel_steps;0
1783418014.728663;left_wheel_steps;0
1783418015.7285953;left_wheel_steps;0
1783418016.728548;left_wheel_steps;0
1783418017.7288775;left_wheel_steps;0
1783418018.7286267;left_wheel_steps;0
1783418019.7285886;left_wheel_steps;0
1783418020.7286117;left_wheel_steps;0
1783418021.72858;left_wheel_steps;0
1783418022.7286055;left_wheel_steps;0
1783418023.728546;left_wheel_steps;0
1783418024.728603;left_wheel_steps;0
1783418025.7285848;left_wheel_steps;0
1783418026.7285888;left_wheel_steps;0
1783418027.728595;left_wheel_steps;0
1783418028.728588;left_wheel_steps;0
1783418029.7285943;left_wheel_steps;0
1783418030.728618;left_wheel_steps;0
1783418031.7285852;left_wheel_steps;0
1783418032.7285798;left_wheel_steps;0
1783418033.7286072;left_wheel_steps;0
1783418034.7286005;left_wheel_steps;0
1783418035.7285218;left_wheel_steps;0
1783418036.7285836;left_wheel_steps;0
1783418037.728477;left_wheel_steps;0
1783418038.7285993;left_wheel_steps;0
1783418039.7285917;left_wheel_steps;0
1783418040.728598;left_wheel_steps;0
1783418041.7286038;left_wheel_steps;0
1783418042.728583;left_wheel_steps;0
1783418043.7285497;left_wheel_steps;0
1783418044.7286096;left_wheel_steps;0
1783418045.7285886;left_wheel_steps;0
1783418046.7286108;left_wheel_steps;0
1783418047.7285447;left_wheel_steps;0
1783418048.7285843;left_wheel_steps;0
1783418049.7285938;left_wheel_steps;0
1783418050.7287233;left_wheel_steps;0
1783418051.728618;left_wheel_steps;0
1783418052.7285929;left_wheel_steps;0
1783418053.7285988;left_wheel_steps;0
1783418054.728635;left_wheel_steps;0
1783418055.728543;left_wheel_steps;0
1783418056.7285848;left_wheel_steps;0
1783418057.7286108;left_wheel_steps;0
1783418058.7286134;left_wheel_steps;0
1783418059.728613;left_wheel_steps;0
1783418060.728581;left_wheel_steps;0
1783418061.7286055;left_wheel_steps;0
1783418062.7286055;left_wheel_steps;0
1783418063.7285397;left_wheel_steps;0
1783418064.7286062;left_wheel_steps;0
1783418065.7285502;left_wheel_steps;0
1783418066.728587;left_wheel_steps;0
1783418067.7284565;left_wheel_steps;0
1783418068.7286043;left_wheel_steps;0
1783418069.7285576;left_wheel_steps;0
1783418070.728589;left_wheel_steps;0
1783418071.7286074;left_wheel_steps;0
1783418072.7286026;left_wheel_steps;0
1783418073.7285504;left_wheel_steps;0
1783418074.7285922;left_wheel_steps;0
1783418075.7285802;left_wheel_steps;0
1783418076.728609;left_wheel_steps;0
1783418077.728603;left_wheel_steps;0
1783418078.728593;left_wheel_steps;0
1783418079.728621;left_wheel_steps;0
1783418080.7286031;left_wheel_steps;0
1783418081.7285738;left_wheel_steps;0
1783418082.7286355;left_wheel_steps;0
1783418083.7286088;left_wheel_steps;0
1783418084.7286315;left_wheel_steps;0
1783418085.7285876;left_wheel_steps;0
1783418086.728609;left_wheel_steps;0
1783418087.72869;left_wheel_steps;0
1783418088.728647;left_wheel_steps;0
1783418089.7285953;left_wheel_steps;0
1783418090.7287636;left_wheel_steps;0
1783418091.728641;left_wheel_steps;0
1783418092.728709;left_wheel_steps;0
1783418093.728595;left_wheel_steps;0
1783418094.7288318;left_wheel_steps;0
1783418095.7286267;left_wheel_steps;0
1783418096.7286663;left_wheel_steps;0
1783418097.7284255;left_wheel_steps;0
1783418098.7285883;left_wheel_steps;0
1783418099.728604;left_wheel_steps;0
1783418100.7286148;left_wheel_steps;0
1783418101.7285192;left_wheel_steps;0
1783418102.728592;left_wheel_steps;0
1783418103.7285843;left_wheel_steps;0
1783418104.7286956;left_wheel_steps;0
1783418105.7286592;left_wheel_steps;0
1783418106.728606;left_wheel_steps;0
1783418107.7285802;left_wheel_steps;0
1783418108.7286031;left_wheel_steps;0
1783418109.7286155;left_wheel_steps;0
1783418110.7286105;left_wheel_steps;0
1783418111.7285466;left_wheel_steps;0
1783418112.7285943;left_wheel_steps;0
1783418113.7285812;left_wheel_steps;0
1783418114.728628;left_wheel_steps;0
1783418115.7285314;left_wheel_steps;0
1783418116.7285762;left_wheel_steps;0
1783418117.7286005;left_wheel_steps;0
1783418118.7286084;left_wheel_steps;0
1783418119.7285483;left_wheel_steps;0
1783418120.728585;left_wheel_steps;0
1783418121.728583;left_wheel_steps;0
1783418122.7286074;left_wheel_steps;0
1783418123.7285402;left_wheel_steps;0
1783418124.728594;left_wheel_steps;0
1783418125.7285662;left_wheel_steps;0
1783418126.7286308;left_wheel_steps;0
1783418127.7284143;left_wheel_steps;0
1783418128.728567;left_wheel_steps;0
1783418129.7286005;left_wheel_steps;0
1783418130.728608;left_wheel_steps;0
1783418131.728567;left_wheel_steps;0
1783418132.7285657;left_wheel_steps;0
1783418133.728631;left_wheel_steps;0
1783418134.728657;left_wheel_steps;0
1783418135.7285995;left_wheel_steps;0
1783418136.7285657;left_wheel_steps;0
1783418137.7285855;left_wheel_steps;0
1783418138.7283587;left_wheel_steps;0
1783418139.72855;left_wheel_steps;0
1783418140.728578;left_wheel_steps;0
1783418141.7285988;left_wheel_steps;0
1783418142.728614;left_wheel_steps;0
1783418143.7285345;left_wheel_steps;0
1783418144.7285998;left_wheel_steps;0
1783418145.7286053;left_wheel_steps;0
1783418146.7286208;left_wheel_steps;0
1783418147.7285953;left_wheel_steps;0
1783418148.7285817;left_wheel_steps;0
1783418149.728591;left_wheel_steps;0
1783418150.7286153;left_wheel_steps;0
1783418151.7285705;left_wheel_steps;0
1783418152.7286215;left_wheel_steps;0
1783418153.7286038;left_wheel_steps;0
1783418154.728619;left_wheel_steps;0
1783418155.7285638;left_wheel_steps;0
1783418156.728578;left_wheel_steps;0
1783418157.72847;left_wheel_steps;0
1783418158.7285917;left_wheel_steps;0
1783418159.7286096;left_wheel_steps;0
1783418160.7285497;left_wheel_steps;0
1783418161.7285905;left_wheel_steps;0
1783418162.7286365;left_wheel_steps;0
1783418163.728535;left_wheel_steps;0
1783418164.728703;left_wheel_steps;0
1783418165.728624;left_wheel_steps;0
1783418166.7286403;left_wheel_steps;0
1783418167.7286327;left_wheel_steps;0
1783418168.72863;left_wheel_steps;0
1783418169.728654;left_wheel_steps;0
1783418170.7286856;left_wheel_steps;0
1783418171.7285993;left_wheel_steps;0
1783418172.7289782;left_wheel_steps;0
1783418173.7285852;left_wheel_steps;0
1783418174.7286105;left_wheel_steps;0
1783418175.7285414;left_wheel_steps;0
1783418176.728581;left_wheel_steps;0
1783418177.7286017;left_wheel_steps;0
1783418178.7286203;left_wheel_steps;0
1783418179.7285943;left_wheel_steps;0
1783418180.7285817;left_wheel_steps;0
1783418181.7285826;left_wheel_steps;0
1783418182.7285864;left_wheel_steps;0
1783418183.7285855;left_wheel_steps;0
1783418184.7285984;left_wheel_steps;0
1783418185.728569;left_wheel_steps;0
1783418186.7285986;left_wheel_steps;0
1783418187.7284703;left_wheel_steps;0
1783418188.7285466;left_wheel_steps;0
1783418189.7285972;left_wheel_steps;0
1783418190.728601;left_wheel_steps;0
1783418191.7285366;left_wheel_steps;0
1783418192.7285893;left_wheel_steps;0
1783418193.728646;left_wheel_steps;0
1783418194.728655;left_wheel_steps;0
1783418195.728613;left_wheel_steps;0
1783418196.7286685;left_wheel_steps;0
1783418197.728711;left_wheel_steps;0
1783418198.7286751;left_wheel_steps;0
1783418199.7286122;left_wheel_steps;0
1783418200.728633;left_wheel_steps;0
1783418201.7286758;left_wheel_steps;0
1783418202.7286658;left_wheel_steps;0
1783418203.7286038;left_wheel_steps;0
1783418204.7286594;left_wheel_steps;0
1783418205.7286549;left_wheel_steps;0
1783418206.7286909;left_wheel_steps;0
1783418207.7286267;left_wheel_steps;0
1783418208.7286797;left_wheel_steps;0
1783418209.7285762;left_wheel_steps;0
1783418210.7286122;left_wheel_steps;0
1783418211.7285428;left_wheel_steps;0
1783418212.7285695;left_wheel_steps;0
1783418213.7285888;left_wheel_steps;0
1783418214.7286355;left_wheel_steps;0
1783418215.7285254;left_wheel_steps;0
1783418216.7285714;left_wheel_steps;0
1783418217.7284791;left_wheel_steps;0
1783418218.7287176;left_wheel_steps;0
1783418219.728562;left_wheel_steps;0
1783418220.7285764;left_wheel_steps;0
1783418221.7285662;left_wheel_steps;0
1783418222.728598;left_wheel_steps;0
1783418223.728541;left_wheel_steps;0
1783418224.728609;left_wheel_steps;0
1783418225.728557;left_wheel_steps;0
1783418226.728639;left_wheel_steps;0
1783418227.7285483;left_wheel_steps;0
1783418228.728582;left_wheel_steps;0
1783418229.728589;left_wheel_steps;0
1783418230.7286148;left_wheel_steps;0
1783418231.7285454;left_wheel_steps;0
1783418232.7285917;left_wheel_steps;0
1783418233.7285745;left_wheel_steps;0
1783418234.7286332;left_wheel_steps;0
1783418235.728542;left_wheel_steps;0
1783418236.7285962;left_wheel_steps;0
1783418237.7286131;left_wheel_steps;0
1783418238.7286222;left_wheel_steps;0
1783418239.7285762;left_wheel_steps;0
1783418240.728649;left_wheel_steps;0
1783418241.7285912;left_wheel_steps;0
1783418242.7287085;left_wheel_steps;0
1783418243.728654;left_wheel_steps;0
1783418244.7286792;left_wheel_steps;0
1783418245.7286572;left_wheel_steps;0
1783418246.7287042;left_wheel_steps;0
1783418247.7284985;left_wheel_steps;0
1783418248.7286794;left_wheel_steps;0
1783418249.7285955;left_wheel_steps;0
1783418250.7287736;left_wheel_steps;0
1783418251.7285695;left_wheel_steps;0
1783418252.728617;left_wheel_steps;0
1783418253.7285602;left_wheel_steps;0
1783418254.7287242;left_wheel_steps;0
1783418255.728583;left_wheel_steps;0
1783418256.7286208;left_wheel_steps;0
1783418257.7285342;left_wheel_steps;0
1783418258.7285943;left_wheel_steps;0
1783418259.7285771;left_wheel_steps;0
1783418260.7287166;left_wheel_steps;0
1783418261.728543;left_wheel_steps;0
1783418262.7285922;left_wheel_steps;0
1783418263.7285826;left_wheel_steps;0
1783418264.7286294;left_wheel_steps;0
1783418265.7285442;left_wheel_steps;0
1783418266.728553;left_wheel_steps;0
1783418267.7285948;left_wheel_steps;0
1783418268.7286124;left_wheel_steps;0
1783418269.7286046;left_wheel_steps;0
1783418270.72859;left_wheel_steps;0
1783418271.7285926;left_wheel_steps;0
1783418272.7285924;left_wheel_steps;0
1783418273.7285511;left_wheel_steps;0
1783418274.728614;left_wheel_steps;0
1783418275.7285564;left_wheel_steps;0
1783418276.728609;left_wheel_steps;0
1783418277.7284827;left_wheel_steps;0
1783418278.7285748;left_wheel_steps;0
1783418279.7286248;left_wheel_steps;0
1783418280.728608;left_wheel_steps;0
1783418281.72858;left_wheel_steps;0
1783418282.7285929;left_wheel_steps;0
1783418283.728599;left_wheel_steps;0
1783418284.7285917;left_wheel_steps;0
1783418285.7285924;left_wheel_steps;0
1783418286.7286203;left_wheel_steps;0
1783418287.7283683;left_wheel_steps;0
1783418288.728588;left_wheel_steps;0
1783418289.7286065;left_wheel_steps;0
1783418290.7286167;left_wheel_steps;0
1783418291.7285848;left_wheel_steps;0
1783418292.7286143;left_wheel_steps;0
1783418293.728571;left_wheel_steps;0
1783418294.7286437;left_wheel_steps;0
1783418295.728565;left_wheel_steps;0
1783418296.7286024;left_wheel_steps;0
1783418297.7286415;left_wheel_steps;0
1783418298.7286289;left_wheel_steps;0
1783418299.728609;left_wheel_steps;0
1783418300.7285829;left_wheel_steps;0
1783418301.728595;left_wheel_steps;0
1783418302.7287328;left_wheel_steps;0
1783418303.728594;left_wheel_steps;0
1783418304.7286074;left_wheel_steps;0
1783418305.7285674;left_wheel_steps;0
1783418306.7285974;left_wheel_steps;0
1783418307.7284124;left_wheel_steps;0
1783418308.728638;left_wheel_steps;0
1783418309.729287;left_wheel_steps;0
1783418310.7311628;left_wheel_steps;0
1783418311.7286284;left_wheel_steps;0
1783418312.7285802;left_wheel_steps;0
1783418313.72865;left_wheel_steps;0
1783418314.7286358;left_wheel_steps;0
1783418315.7286031;left_wheel_steps;0
1783418316.7286158;left_wheel_steps;0
1783418317.7286148;left_wheel_steps;0
1783418318.7286482;left_wheel_steps;0
1783418319.728613;left_wheel_steps;0
1783418320.728645;left_wheel_steps;0
1783418321.728763;left_wheel_steps;0
1783418322.7286272;left_wheel_steps;0
1783418323.728546;left_wheel_steps;0
1783418324.7286696;left_wheel_steps;0
1783418325.7286437;left_wheel_steps;0
1783418326.72867;left_wheel_steps;0
1783418327.7285984;left_wheel_steps;0
1783418328.728624;left_wheel_steps;0
1783418329.7287405;left_wheel_steps;0
1783418330.7286296;left_wheel_steps;0
1783418331.7285438;left_wheel_steps;0
1783418332.728559;left_wheel_steps;0
1783418333.7286167;left_wheel_steps;0
1783418334.7286923;left_wheel_steps;0
1783418335.7286174;left_wheel_steps;0
1783418336.728686;left_wheel_steps;0
1783418337.7284567;left_wheel_steps;0
1783418338.7286117;left_wheel_steps;0
1783418339.7286088;left_wheel_steps;0
1783418340.7285705;left_wheel_steps;0
1783418341.7285922;left_wheel_steps;0
1783418342.728587;left_wheel_steps;0
1783418343.728524;left_wheel_steps;0
1783418344.7285604;left_wheel_steps;0
1783418345.7285688;left_wheel_steps;0
1783418346.7286026;left_wheel_steps;0
1783418347.728581;left_wheel_steps;0
1783418348.7285745;left_wheel_steps;0
1783418349.728602;left_wheel_steps;0
1783418350.7285757;left_wheel_steps;0
1783418351.728579;left_wheel_steps;0
1783418352.7285938;left_wheel_steps;0
1783418353.7285724;left_wheel_steps;0
1783418354.7286105;left_wheel_steps;0
1783418355.728543;left_wheel_steps;0
1783418356.7285604;left_wheel_steps;0
1783418357.7285812;left_wheel_steps;0
1783418358.7286332;left_wheel_steps;0
1783418359.7285626;left_wheel_steps;0
1783418360.7285988;left_wheel_steps;0
1783418361.7286065;left_wheel_steps;0
1783418362.728614;left_wheel_steps;0
1783418363.7285566;left_wheel_steps;0
1783418364.7286077;left_wheel_steps;0
1783418365.728609;left_wheel_steps;0
1783418366.7286196;left_wheel_steps;0
1783418367.7284038;left_wheel_steps;0
1783418368.728581;left_wheel_steps;0
1783418369.7286134;left_wheel_steps;0
1783418370.7286267;left_wheel_steps;0
1783418371.7285993;left_wheel_steps;0
1783418372.728582;left_wheel_steps;0
1783418373.7286098;left_wheel_steps;0
1783418374.728609;left_wheel_steps;0
1783418375.728582;left_wheel_steps;0
1783418376.7285917;left_wheel_steps;0
1783418377.7286007;left_wheel_steps;0
1783418378.7285964;left_wheel_steps;0
1783418379.728593;left_wheel_steps;0
1783418380.728573;left_wheel_steps;0
1783418381.7285943;left_wheel_steps;0
1783418382.7286053;left_wheel_steps;0
1783418383.7285726;left_wheel_steps;0
1783418384.7285936;left_wheel_steps;0
1783418385.728578;left_wheel_steps;0
1783418386.728657;left_wheel_steps;0
1783418387.7286177;left_wheel_steps;0
1783418388.7285783;left_wheel_steps;0
1783418389.7285712;left_wheel_steps;0
1783418390.7285955;left_wheel_steps;0
1783418391.7285788;left_wheel_steps;0
1783418392.7285798;left_wheel_steps;0
1783418393.7286112;left_wheel_steps;0
1783418394.7286403;left_wheel_steps;0
1783418395.728572;left_wheel_steps;0
1783418396.728618;left_wheel_steps;0
1783418397.728462;left_wheel_steps;0
1783418398.728747;left_wheel_steps;0
1783418399.7286289;left_wheel_steps;0
1783418400.7286174;left_wheel_steps;0
1783418401.7286563;left_wheel_steps;0
1783418402.7287166;left_wheel_steps;0
1783418403.7286208;left_wheel_steps;0
1783418404.7285955;left_wheel_steps;0
1783418405.7285314;left_wheel_steps;0
1783418406.7288036;left_wheel_steps;0
1783418407.7286234;left_wheel_steps;0
1783418408.7285812;left_wheel_steps;0
1783418409.728592;left_wheel_steps;0
1783418410.7285876;left_wheel_steps;0
1783418411.728542;left_wheel_steps;0
1783418412.7286086;left_wheel_steps;0
1783418413.7285788;left_wheel_steps;0
1783418414.7286391;left_wheel_steps;0
1783418415.7285402;left_wheel_steps;0
1783418416.7285912;left_wheel_steps;0
1783418417.7286365;left_wheel_steps;0
1783418418.728731;left_wheel_steps;0
1783418419.7286177;left_wheel_steps;0
1783418420.728588;left_wheel_steps;0
1783418421.728605;left_wheel_steps;0
1783418422.7285883;left_wheel_steps;0
1783418423.7285914;left_wheel_steps;0
1783418424.7286036;left_wheel_steps;0
1783418425.7285776;left_wheel_steps;0
1783418426.7286105;left_wheel_steps;0
1783418427.728481;left_wheel_steps;0
1783418428.7285745;left_wheel_steps;0
1783418429.7286155;left_wheel_steps;0
1783418430.7285955;left_wheel_steps;0
1783418431.728598;left_wheel_steps;0
1783418432.7285843;left_wheel_steps;0
1783418433.728618;left_wheel_steps;0
1783418434.7286131;left_wheel_steps;0
1783418435.728597;left_wheel_steps;0
1783418436.728595;left_wheel_steps;0
1783418437.7286265;left_wheel_steps;0
1783418438.728638;left_wheel_steps;0
1783418439.7285748;left_wheel_steps;0
1783418440.7285967;left_wheel_steps;0
1783418441.7286315;left_wheel_steps;0
1783418442.7286112;left_wheel_steps;0
1783418443.7285826;left_wheel_steps;0
1783418444.7286162;left_wheel_steps;0
1783418445.728593;left_wheel_steps;0
1783418446.7286026;left_wheel_steps;0
1783418447.7285888;left_wheel_steps;0
1783418448.72859;left_wheel_steps;0
1783418449.7286174;left_wheel_steps;0
1783418450.728618;left_wheel_steps;0
1783418451.72856;left_wheel_steps;0
1783418452.728597;left_wheel_steps;0
1783418453.7286246;left_wheel_steps;0
1783418454.7286165;left_wheel_steps;0
1783418455.7285469;left_wheel_steps;0
1783418456.7286017;left_wheel_steps;0
1783418457.7285037;left_wheel_steps;0
1783418458.7286189;left_wheel_steps;0
1783418459.7285852;left_wheel_steps;0
1783418460.7286098;left_wheel_steps;0
1783418461.7286315;left_wheel_steps;0
1783418462.7286162;left_wheel_steps;0
1783418463.7285464;left_wheel_steps;0
1783418464.728614;left_wheel_steps;0
1783418465.728609;left_wheel_steps;0
1783418466.728638;left_wheel_steps;0
1783418467.7285748;left_wheel_steps;0
1783418468.728608;left_wheel_steps;0
1783418469.7286322;left_wheel_steps;0
1783418470.7284932;left_wheel_steps;0
1783418471.7286108;left_wheel_steps;0
1783418472.728602;left_wheel_steps;0
1783418473.72862;left_wheel_steps;0
1783418474.7286365;left_wheel_steps;0
1783418475.728604;left_wheel_steps;0
1783418476.7287197;left_wheel_steps;0
1783418477.7286336;left_wheel_steps;0
1783418478.7286408;left_wheel_steps;0
1783418479.7286367;left_wheel_steps;0
1783418480.7286372;left_wheel_steps;0
1783418481.7286384;left_wheel_steps;0
1783418482.7287056;left_wheel_steps;0
1783418483.7286491;left_wheel_steps;0
1783418484.729487;left_wheel_steps;0
1783418485.728583;left_wheel_steps;0
1783418486.7286315;left_wheel_steps;0
1783418487.728435;left_wheel_steps;0
1783418488.7285638;left_wheel_steps;0
1783418489.728579;left_wheel_steps;0
1783418490.7286243;left_wheel_steps;0
1783418491.728578;left_wheel_steps;0
1783418492.728611;left_wheel_steps;0
1783418493.7285936;left_wheel_steps;0
1783418494.7286422;left_wheel_steps;0
1783418495.7285442;left_wheel_steps;0
1783418496.728593;left_wheel_steps;0
1783418497.7286718;left_wheel_steps;0
1783418498.728682;left_wheel_steps;0
1783418499.728613;left_wheel_steps;0
1783418500.728731;left_wheel_steps;0
1783418501.728613;left_wheel_steps;0
1783418502.7286322;left_wheel_steps;0
1783418503.72854;left_wheel_steps;0
1783418504.72862;left_wheel_steps;0
1783418505.728604;left_wheel_steps;0
1783418506.7286098;left_wheel_steps;0
1783418507.7285595;left_wheel_steps;0
1783418508.728587;left_wheel_steps;0
1783418509.7286062;left_wheel_steps;0
1783418510.7286172;left_wheel_steps;0
1783418511.7285497;left_wheel_steps;0
1783418512.728582;left_wheel_steps;0
1783418513.7286377;left_wheel_steps;0
1783418514.728808;left_wheel_steps;0
1783418515.7286248;left_wheel_steps;0
1783418516.728667;left_wheel_steps;0
1783418517.7285028;left_wheel_steps;0
1783418518.7286274;left_wheel_steps;0
1783418519.7285652;left_wheel_steps;0
1783418520.7286036;left_wheel_steps;0
1783418521.7286062;left_wheel_steps;0
1783418522.7286034;left_wheel_steps;0
1783418523.7285523;left_wheel_steps;0
1783418524.7286208;left_wheel_steps;0
1783418525.728596;left_wheel_steps;0
1783418526.728613;left_wheel_steps;0
1783418527.7285612;left_wheel_steps;0
1783418528.7286098;left_wheel_steps;0
1783418529.7286277;left_wheel_steps;0
1783418530.7286088;left_wheel_steps;0
1783418531.7285895;left_wheel_steps;0
1783418532.7286036;left_wheel_steps;0
1783418533.7285984;left_wheel_steps;0
1783418534.7286386;left_wheel_steps;0
1783418535.7285428;left_wheel_steps;0
1783418536.7285776;left_wheel_steps;0
1783418537.7286055;left_wheel_steps;0
1783418538.7286334;left_wheel_steps;0
1783418539.7285583;left_wheel_steps;0
1783418540.7285905;left_wheel_steps;0
1783418541.7286105;left_wheel_steps;0
1783418542.7286174;left_wheel_steps;0
1783418543.72856;left_wheel_steps;0
1783418544.7286177;left_wheel_steps;0
1783418545.728604;left_wheel_steps;0
1783418546.728618;left_wheel_steps;0
1783418547.728436;left_wheel_steps;0
1783418548.7285955;left_wheel_steps;0
1783418549.728609;left_wheel_steps;0
1783418550.728637;left_wheel_steps;0
1783418551.7285635;left_wheel_steps;0
1783418552.728623;left_wheel_steps;0
1783418553.7285852;left_wheel_steps;0
1783418554.7288628;left_wheel_steps;0
1783418555.728609;left_wheel_steps;0
1783418556.7286174;left_wheel_steps;0
1783418557.7286785;left_wheel_steps;0
1783418558.7286737;left_wheel_steps;0
1783418559.7286158;left_wheel_steps;0
1783418560.7286515;left_wheel_steps;0
1783418561.7285695;left_wheel_steps;0
1783418562.7287376;left_wheel_steps;0
1783418563.728542;left_wheel_steps;0
1783418564.7286155;left_wheel_steps;0
1783418565.728619;left_wheel_steps;0
1783418566.728604;left_wheel_steps;0
1783418567.7285824;left_wheel_steps;0
1783418568.7285872;left_wheel_steps;0
1783418569.7285905;left_wheel_steps;0
1783418570.7286196;left_wheel_steps;0
1783418571.728538;left_wheel_steps;0
1783418572.7285466;left_wheel_steps;0
1783418573.7285943;left_wheel_steps;0
1783418574.7286184;left_wheel_steps;0
1783418575.7285738;left_wheel_steps;0
1783418576.7285943;left_wheel_steps;0
1783418577.72846;left_wheel_steps;0
1783418578.7286468;left_wheel_steps;0
1783418579.7285776;left_wheel_steps;0
1783418580.728583;left_wheel_steps;0
1783418581.7285745;left_wheel_steps;0
1783418582.7287512;left_wheel_steps;0
1783418583.7285411;left_wheel_steps;0
1783418584.7286105;left_wheel_steps;0
1783418585.7285852;left_wheel_steps;0
1783418586.7286158;left_wheel_steps;0
1783418587.7286017;left_wheel_steps;0
1783418588.728587;left_wheel_steps;0
1783418589.728594;left_wheel_steps;0
1783418590.7285929;left_wheel_steps;0
1783418591.728601;left_wheel_steps;0
1783418592.728596;left_wheel_steps;0
1783418593.7285748;left_wheel_steps;0
1783418594.728616;left_wheel_steps;0
1783418595.728542;left_wheel_steps;0
1783418596.7286174;left_wheel_steps;0
1783418597.7285836;left_wheel_steps;0
1783418598.7286026;left_wheel_steps;0
1783418599.7285702;left_wheel_steps;0
1783418600.7285771;left_wheel_steps;0
1783418601.728616;left_wheel_steps;0
1783418602.7286065;left_wheel_steps;0
1783418603.728552;left_wheel_steps;0
1783418604.728613;left_wheel_steps;0
1783418605.7286062;left_wheel_steps;0
1783418606.7286086;left_wheel_steps;0
1783418607.7284958;left_wheel_steps;0
1783418608.728566;left_wheel_steps;0
1783418609.72863;left_wheel_steps;0
1783418610.7286105;left_wheel_steps;0
1783418611.728532;left_wheel_steps;0
1783418612.7285788;left_wheel_steps;0
1783418613.7286024;left_wheel_steps;0
1783418614.7286286;left_wheel_steps;0
1783418615.728541;left_wheel_steps;0
1783418616.7285876;left_wheel_steps;0
1783418617.7286232;left_wheel_steps;0
1783418618.728634;left_wheel_steps;0
1783418619.728474;left_wheel_steps;0
1783418620.728571;left_wheel_steps;0
1783418621.7286143;left_wheel_steps;0
1783418622.7286222;left_wheel_steps;0
1783418623.7285943;left_wheel_steps;0
1783418624.7286174;left_wheel_steps;0
1783418625.7286105;left_wheel_steps;0
1783418626.7286172;left_wheel_steps;0
1783418627.7285614;left_wheel_steps;0
1783418628.7285976;left_wheel_steps;0
1783418629.7285864;left_wheel_steps;0
1783418630.728609;left_wheel_steps;0
1783418631.7285397;left_wheel_steps;0
1783418632.728723;left_wheel_steps;0
1783418633.7286649;left_wheel_steps;0
1783418634.728646;left_wheel_steps;0
1783418635.728586;left_wheel_steps;0
1783418636.7286496;left_wheel_steps;0
1783418637.7285209;left_wheel_steps;0
1783418638.7287066;left_wheel_steps;0
1783418639.7287495;left_wheel_steps;0
1783418640.7287686;left_wheel_steps;0
1783418641.728592;left_wheel_steps;0
1783418642.7286022;left_wheel_steps;0
1783418643.728547;left_wheel_steps;0
1783418644.728593;left_wheel_steps;0
1783418645.7285955;left_wheel_steps;0
1783418646.7286267;left_wheel_steps;0
1783418647.7285876;left_wheel_steps;0
1783418648.7285795;left_wheel_steps;0
1783418649.7286198;left_wheel_steps;0
1783418650.728604;left_wheel_steps;0
1783418651.728589;left_wheel_steps;0
1783418652.7285955;left_wheel_steps;0
1783418653.7285757;left_wheel_steps;0
1783418654.7286437;left_wheel_steps;0
1783418655.7285483;left_wheel_steps;0
1783418656.728565;left_wheel_steps;0
1783418657.7286105;left_wheel_steps;0
1783418658.7286286;left_wheel_steps;0
1783418659.7286797;left_wheel_steps;0
1783418660.7285855;left_wheel_steps;0
1783418661.7285986;left_wheel_steps;0
1783418662.7285738;left_wheel_steps;0
1783418663.7285998;left_wheel_steps;0
1783418664.7291129;left_wheel_steps;0
1783418665.728573;left_wheel_steps;0
1783418666.7285938;left_wheel_steps;0
1783418667.7284458;left_wheel_steps;0
1783418668.728571;left_wheel_steps;0
1783418669.728603;left_wheel_steps;0
1783418670.7286165;left_wheel_steps;0
1783418671.728574;left_wheel_steps;0
1783418672.7285652;left_wheel_steps;0
1783418673.7285967;left_wheel_steps;0
1783418674.728613;left_wheel_steps;0
1783418675.7285628;left_wheel_steps;0
1783418676.7285976;left_wheel_steps;0
1783418677.728598;left_wheel_steps;0
1783418678.7285995;left_wheel_steps;0
1783418679.7285662;left_wheel_steps;0
1783418680.728592;left_wheel_steps;0
1783418681.728618;left_wheel_steps;0
1783418682.7286165;left_wheel_steps;0
1783418683.7285762;left_wheel_steps;0
1783418684.7286031;left_wheel_steps;0
1783418685.7285955;left_wheel_steps;0
1783418686.7285976;left_wheel_steps;0
1783418687.7286031;left_wheel_steps;0
1783418688.728582;left_wheel_steps;0
1783418689.7286007;left_wheel_steps;0
1783418690.7286162;left_wheel_steps;0
1783418691.7285745;left_wheel_steps;0
1783418692.7285745;left_wheel_steps;0
1783418693.7286067;left_wheel_steps;0
1783418694.7286398;left_wheel_steps;0
1783418695.7285714;left_wheel_steps;0
1783418696.728603;left_wheel_steps;0
1783418697.7284472;left_wheel_steps;0
1783418698.7286098;left_wheel_steps;0
1783418699.7285652;left_wheel_steps;0
1783418700.728592;left_wheel_steps;0
1783418701.7285872;left_wheel_steps;0
1783418702.7286072;left_wheel_steps;0
1783418703.7285542;left_wheel_steps;0
1783418704.7285993;left_wheel_steps;0
1783418705.7285712;left_wheel_steps;0
1783418706.7285256;left_wheel_steps;0
1783418707.7286158;left_wheel_steps;0
1783418708.7286444;left_wheel_steps;0
1783418709.728649;left_wheel_steps;0
1783418710.7288165;left_wheel_steps;0
1783418711.7286732;left_wheel_steps;0
1783418712.7286222;left_wheel_steps;0
1783418713.7286122;left_wheel_steps;0
1783418714.7286518;left_wheel_steps;0
1783418715.7285929;left_wheel_steps;0
1783418716.7286046;left_wheel_steps;0
1783418717.7286248;left_wheel_steps;0
1783418718.728702;left_wheel_steps;0
1783418719.7285872;left_wheel_steps;0
1783418720.7285798;left_wheel_steps;0
1783418721.7285793;left_wheel_steps;0
1783418722.7286646;left_wheel_steps;0
1783418723.7285726;left_wheel_steps;0
1783418724.728593;left_wheel_steps;0
1783418725.7285469;left_wheel_steps;0
1783418726.728596;left_wheel_steps;0
1783418727.7284243;left_wheel_steps;0
1783418728.7285683;left_wheel_steps;0
1783418729.7286077;left_wheel_steps;0
1783418730.7286053;left_wheel_steps;0
1783418731.7285695;left_wheel_steps;0
1783418732.728571;left_wheel_steps;0
1783418733.7286136;left_wheel_steps;0
1783418734.728634;left_wheel_steps;0
1783418735.7285771;left_wheel_steps;0
1783418736.7286062;left_wheel_steps;0
1783418737.7285998;left_wheel_steps;0
1783418738.728609;left_wheel_steps;0
1783418739.7285852;left_wheel_steps;0
1783418740.728567;left_wheel_steps;0
1783418741.728613;left_wheel_steps;0
1783418742.7286232;left_wheel_steps;0
1783418743.728541;left_wheel_steps;0
1783418744.7286065;left_wheel_steps;0
1783418745.7286074;left_wheel_steps;0
1783418746.7287312;left_wheel_steps;0
1783418747.7286348;left_wheel_steps;0
1783418748.7286265;left_wheel_steps;0
1783418749.7286797;left_wheel_steps;0
1783418750.7286215;left_wheel_steps;0
1783418751.728543;left_wheel_steps;0
1783418752.7285671;left_wheel_steps;0
1783418753.7286131;left_wheel_steps;0
1783418754.728634;left_wheel_steps;0
1783418755.7285228;left_wheel_steps;0
1783418756.7285967;left_wheel_steps;0
1783418757.7285397;left_wheel_steps;0
1783418758.7285943;left_wheel_steps;0
1783418759.7286005;left_wheel_steps;0
1783418760.7285995;left_wheel_steps;0
1783418761.728604;left_wheel_steps;0
1783418762.7286034;left_wheel_steps;0
1783418763.7285595;left_wheel_steps;0
1783418764.7285936;left_wheel_steps;0
1783418765.7286174;left_wheel_steps;0
1783418766.7286222;left_wheel_steps;0
1783418767.7285943;left_wheel_steps;0
1783418768.728597;left_wheel_steps;0
1783418769.7286315;left_wheel_steps;0
1783418770.728656;left_wheel_steps;0
1783418771.7286108;left_wheel_steps;0
1783418772.7286065;left_wheel_steps;0
1783418773.728585;left_wheel_steps;0
1783418774.728633;left_wheel_steps;0
1783418775.7285311;left_wheel_steps;0
1783418776.728602;left_wheel_steps;0
1783418777.7285905;left_wheel_steps;0
1783418778.7286036;left_wheel_steps;0
1783418779.7285707;left_wheel_steps;0
1783418780.728623;left_wheel_steps;0
1783418781.7286117;left_wheel_steps;0
1783418782.7286072;left_wheel_steps;0
1783418783.7285886;left_wheel_steps;0
1783418784.7286074;left_wheel_steps;0
1783418785.7286332;left_wheel_steps;0
1783418786.728619;left_wheel_steps;0
1783418787.7286355;left_wheel_steps;0
1783418788.728668;left_wheel_steps;0
1783418789.728716;left_wheel_steps;0
1783418790.7286642;left_wheel_steps;0
1783418791.728611;left_wheel_steps;0
1783418792.7286537;left_wheel_steps;0
1783418793.7287395;left_wheel_steps;0
1783418794.7286892;left_wheel_steps;0
1783418795.7289436;left_wheel_steps;0
1783418796.7286134;left_wheel_steps;0
1783418797.728586;left_wheel_steps;0
1783418798.7286046;left_wheel_steps;0
1783418799.7285688;left_wheel_steps;0
1783418800.7285812;left_wheel_steps;0
1783418801.728595;left_wheel_steps;0
1783418802.7286155;left_wheel_steps;0
1783418803.7285826;left_wheel_steps;0
1783418804.728582;left_wheel_steps;0
1783418805.7285876;left_wheel_steps;0
1783418806.728593;left_wheel_steps;0
1783418807.7285883;left_wheel_steps;0
1783418808.7286086;left_wheel_steps;0
1783418809.728609;left_wheel_steps;0
1783418810.7286303;left_wheel_steps;0
1783418811.7289083;left_wheel_steps;0
1783418812.7289286;left_wheel_steps;0
1783418813.7285995;left_wheel_steps;0
1783418814.7286525;left_wheel_steps;0
1783418815.7285752;left_wheel_steps;0
1783418816.728593;left_wheel_steps;0
1783418817.7284622;left_wheel_steps;0
1783418818.7286055;left_wheel_steps;0
1783418819.7286148;left_wheel_steps;0
1783418820.7285922;left_wheel_steps;0
1783418821.7286131;left_wheel_steps;0
1783418822.7286212;left_wheel_steps;0
1783418823.7285445;left_wheel_steps;0
1783418824.728588;left_wheel_steps;0
1783418825.7285438;left_wheel_steps;0
1783418826.7286258;left_wheel_steps;0
1783418827.7285726;left_wheel_steps;0
1783418828.7287116;left_wheel_steps;0
1783418829.7286303;left_wheel_steps;0
1783418830.728627;left_wheel_steps;0
1783418831.7286272;left_wheel_steps;0
1783418832.7286918;left_wheel_steps;0
1783418833.728589;left_wheel_steps;0
1783418834.7286398;left_wheel_steps;0
1783418835.7285972;left_wheel_steps;0
1783418836.7285905;left_wheel_steps;0
1783418837.7286336;left_wheel_steps;0
1783418838.7286446;left_wheel_steps;0
1783418839.7286031;left_wheel_steps;0
1783418840.7285972;left_wheel_steps;0
1783418841.728607;left_wheel_steps;0
1783418842.7286055;left_wheel_steps;0
1783418843.7286143;left_wheel_steps;0
1783418844.728618;left_wheel_steps;0
1783418845.728571;left_wheel_steps;0
1783418846.728619;left_wheel_steps;0
1783418847.7285182;left_wheel_steps;0
1783418848.7285829;left_wheel_steps;0
1783418849.728627;left_wheel_steps;0
1783418850.728618;left_wheel_steps;0
1783418851.7285814;left_wheel_steps;0
1783418852.728584;left_wheel_steps;0
1783418853.7285852;left_wheel_steps;0
1783418854.7286286;left_wheel_steps;0
1783418855.728597;left_wheel_steps;0
1783418856.728601;left_wheel_steps;0
1783418857.7285788;left_wheel_steps;0
1783418858.7285976;left_wheel_steps;0
1783418859.7285695;left_wheel_steps;0
1783418860.728598;left_wheel_steps;0
1783418861.728608;left_wheel_steps;0
1783418862.7286146;left_wheel_steps;0
1783418863.7286098;left_wheel_steps;0
1783418864.7286544;left_wheel_steps;0
1783418865.7286897;left_wheel_steps;0
1783418866.7287214;left_wheel_steps;0
1783418867.7285974;left_wheel_steps;0
1783418868.7286284;left_wheel_steps;0
1783418869.7286422;left_wheel_steps;0
1783418870.72869;left_wheel_steps;0
1783418871.728626;left_wheel_steps;0
1783418872.728552;left_wheel_steps;0
1783418873.7287135;left_wheel_steps;0
1783418874.7286274;left_wheel_steps;0
1783418875.728581;left_wheel_steps;0
1783418876.7285695;left_wheel_steps;0
1783418877.7285497;left_wheel_steps;0
1783418878.7286167;left_wheel_steps;0
1783418879.7285566;left_wheel_steps;0
1783418880.7286816;left_wheel_steps;0
1783418881.728675;left_wheel_steps;0
1783418882.728703;left_wheel_steps;0
1783418883.7285593;left_wheel_steps;0
1783418884.7285964;left_wheel_steps;0
1783418885.7285852;left_wheel_steps;0
1783418886.7286253;left_wheel_steps;0
1783418887.728604;left_wheel_steps;0
1783418888.728592;left_wheel_steps;0
1783418889.728628;left_wheel_steps;0
1783418890.728686;left_wheel_steps;0
1783418891.7285829;left_wheel_steps;0
1783418892.728613;left_wheel_steps;0
1783418893.7285628;left_wheel_steps;0
1783418894.7286332;left_wheel_steps;0
1783418895.728573;left_wheel_steps;0
1783418896.7285788;left_wheel_steps;0
1783418897.728562;left_wheel_steps;0
1783418898.7286286;left_wheel_steps;0
1783418899.7285593;left_wheel_steps;0
1783418900.728581;left_wheel_steps;0
1783418901.728596;left_wheel_steps;0
1783418902.7285995;left_wheel_steps;0
1783418903.728582;left_wheel_steps;0
1783418904.7285984;left_wheel_steps;0
1783418905.7285662;left_wheel_steps;0
1783418906.728639;left_wheel_steps;0
1783418907.728501;left_wheel_steps;0
1783418908.7285788;left_wheel_steps;0
1783418909.728623;left_wheel_steps;0
1783418910.7287345;left_wheel_steps;0
1783418911.7286842;left_wheel_steps;0
1783418912.7285905;left_wheel_steps;0
1783418913.728593;left_wheel_steps;0
1783418914.7286158;left_wheel_steps;0
1783418915.7285905;left_wheel_steps;0
1783418916.7285976;left_wheel_steps;0
1783418917.7285972;left_wheel_steps;0
1783418918.728614;left_wheel_steps;0
1783418919.7285793;left_wheel_steps;0
1783418920.7286005;left_wheel_steps;0
1783418921.7286046;left_wheel_steps;0
1783418922.7286355;left_wheel_steps;0
1783418923.7285776;left_wheel_steps;0
1783418924.7286563;left_wheel_steps;0
1783418925.728604;left_wheel_steps;0
1783418926.7286203;left_wheel_steps;0
1783418927.728618;left_wheel_steps;0
1783418928.7286055;left_wheel_steps;0
1783418929.728611;left_wheel_steps;0
1783418930.7286136;left_wheel_steps;0
1783418931.7286053;left_wheel_steps;0
1783418932.7285852;left_wheel_steps;0
1783418933.7286172;left_wheel_steps;0
1783418934.7286544;left_wheel_steps;0
1783418935.7285392;left_wheel_steps;0
1783418936.7286167;left_wheel_steps;0
1783418937.7285094;left_wheel_steps;0
1783418938.7286146;left_wheel_steps;0
1783418939.7286215;left_wheel_steps;0
1783418940.7286196;left_wheel_steps;0
1783418941.728582;left_wheel_steps;0
1783418942.7286134;left_wheel_steps;0
1783418943.7287388;left_wheel_steps;0
1783418944.728654;left_wheel_steps;0
1783418945.728659;left_wheel_steps;0
1783418946.728649;left_wheel_steps;0
1783418947.7285864;left_wheel_steps;0
1783418948.7286582;left_wheel_steps;0
1783418949.728671;left_wheel_steps;0
1783418950.7285976;left_wheel_steps;0
1783418951.7286408;left_wheel_steps;0
1783418952.728587;left_wheel_steps;0
1783418953.7286708;left_wheel_steps;0
1783418954.728634;left_wheel_steps;0
1783418955.7285912;left_wheel_steps;0
1783418956.7285705;left_wheel_steps;0
1783418957.7285895;left_wheel_steps;0
1783418958.7286122;left_wheel_steps;0
1783418959.7285542;left_wheel_steps;0
1783418960.7285795;left_wheel_steps;0
1783418961.7285876;left_wheel_steps;0
1783418962.7285929;left_wheel_steps;0
1783418963.7285976;left_wheel_steps;0
1783418964.7286098;left_wheel_steps;0
1783418965.7285836;left_wheel_steps;0
1783418966.7285893;left_wheel_steps;0
1783418967.7284613;left_wheel_steps;0
1783418968.728577;left_wheel_steps;0
1783418969.728614;left_wheel_steps;0
1783418970.7285998;left_wheel_steps;0
1783418971.728539;left_wheel_steps;0
1783418972.7285888;left_wheel_steps;0
1783418973.7285929;left_wheel_steps;0
1783418974.728722;left_wheel_steps;0
1783418975.728547;left_wheel_steps;0
1783418976.728587;left_wheel_steps;0
1783418977.7285929;left_wheel_steps;0
1783418978.7286124;left_wheel_steps;0
1783418979.7285974;left_wheel_steps;0
1783418980.728596;left_wheel_steps;0
1783418981.7286024;left_wheel_steps;0
1783418982.7286346;left_wheel_steps;0
1783418983.728576;left_wheel_steps;0
1783418984.7286;left_wheel_steps;0
1783418985.7285924;left_wheel_steps;0
1783418986.7285843;left_wheel_steps;0
1783418987.7286005;left_wheel_steps;0
1783418988.7285905;left_wheel_steps;0
1783418989.7285984;left_wheel_steps;0
1783418990.7286084;left_wheel_steps;0
1783418991.7285893;left_wheel_steps;0
1783418992.7287169;left_wheel_steps;0
1783418993.728612;left_wheel_steps;0
1783418994.728608;left_wheel_steps;0
1783418995.7286863;left_wheel_steps;0
1783418996.7285948;left_wheel_steps;0
1783418997.7285025;left_wheel_steps;0
1783418998.7286096;left_wheel_steps;0
1783418999.7283802;left_wheel_steps;0
1783419000.7285876;left_wheel_steps;0
1783419001.7285807;left_wheel_steps;0
1783419002.7285995;left_wheel_steps;0
1783419003.72861;left_wheel_steps;0
1783419004.7286017;left_wheel_steps;0
1783419005.728614;left_wheel_steps;0
1783419006.728623;left_wheel_steps;0
1783419007.728578;left_wheel_steps;0
1783419008.7285688;left_wheel_steps;0
1783419009.728592;left_wheel_steps;0
1783419010.7285938;left_wheel_steps;0
1783419011.7286074;left_wheel_steps;0
1783419012.7285948;left_wheel_steps;0
1783419013.7285924;left_wheel_steps;0
1783419014.7286303;left_wheel_steps;0
1783419015.7285624;left_wheel_steps;0
1783419016.7285652;left_wheel_steps;0
1783419017.728606;left_wheel_steps;0
1783419018.7286072;left_wheel_steps;0
1783419019.7286282;left_wheel_steps;0
1783419020.728618;left_wheel_steps;0
1783419021.7287235;left_wheel_steps;0
1783419022.7286642;left_wheel_steps;0
1783419023.7285905;left_wheel_steps;0
1783419024.7286274;left_wheel_steps;0
1783419025.7286477;left_wheel_steps;0
1783419026.7286842;left_wheel_steps;0
1783419027.7286725;left_wheel_steps;0
1783419028.7285628;left_wheel_steps;0
1783419029.728763;left_wheel_steps;0
1783419030.728638;left_wheel_steps;0
1783419031.7285886;left_wheel_steps;0
1783419032.7286024;left_wheel_steps;0
1783419033.7286656;left_wheel_steps;0
1783419034.7286468;left_wheel_steps;0
1783419035.7286546;left_wheel_steps;0
1783419036.72868;left_wheel_steps;0
1783419037.728815;left_wheel_steps;0
1783419038.7287023;left_wheel_steps;0
1783419039.7286272;left_wheel_steps;0
1783419040.7286582;left_wheel_steps;0
1783419041.7286825;left_wheel_steps;0
1783419042.7286289;left_wheel_steps;0
1783419043.7285955;left_wheel_steps;0
1783419044.7285998;left_wheel_steps;0
1783419045.7285626;left_wheel_steps;0
1783419046.728584;left_wheel_steps;0
1783419047.728587;left_wheel_steps;0
1783419048.7286344;left_wheel_steps;0
1783419049.7286053;left_wheel_steps;0
1783419050.728603;left_wheel_steps;0
1783419051.7285502;left_wheel_steps;0
1783419052.7285635;left_wheel_steps;0
1783419053.728614;left_wheel_steps;0
1783419054.7286556;left_wheel_steps;0
1783419055.728557;left_wheel_steps;0
1783419056.7285898;left_wheel_steps;0
1783419057.7285037;left_wheel_steps;0
1783419058.728675;left_wheel_steps;0
1783419059.72856;left_wheel_steps;0
1783419060.7286034;left_wheel_steps;0
1783419061.7285752;left_wheel_steps;0
1783419062.7286124;left_wheel_steps;0
1783419063.7285502;left_wheel_steps;0
1783419064.728589;left_wheel_steps;0
1783419065.728599;left_wheel_steps;0
1783419066.7286203;left_wheel_steps;0
1783419067.7285633;left_wheel_steps;0
1783419068.7285955;left_wheel_steps;0
1783419069.7285984;left_wheel_steps;0
1783419070.7286065;left_wheel_steps;0
1783419071.7285926;left_wheel_steps;0
1783419072.728599;left_wheel_steps;0
1783419073.7285712;left_wheel_steps;0
1783419074.728747;left_wheel_steps;0
1783419075.7285671;left_wheel_steps;0
1783419076.7285683;left_wheel_steps;0
1783419077.7286;left_wheel_steps;0
1783419078.7286313;left_wheel_steps;0
1783419079.7286403;left_wheel_steps;0
1783419080.7285929;left_wheel_steps;0
1783419081.728594;left_wheel_steps;0
1783419082.7286098;left_wheel_steps;0
1783419083.7286313;left_wheel_steps;0
1783419084.7286174;left_wheel_steps;0
1783419085.7285936;left_wheel_steps;0
1783419086.728638;left_wheel_steps;0
1783419087.7284973;left_wheel_steps;0
1783419088.7285807;left_wheel_steps;0
1783419089.7286162;left_wheel_steps;0
1783419090.7286563;left_wheel_steps;0
1783419091.7285745;left_wheel_steps;0
1783419092.7286034;left_wheel_steps;0
1783419093.7286575;left_wheel_steps;0
1783419094.728651;left_wheel_steps;0
1783419095.7286034;left_wheel_steps;0
1783419096.728681;left_wheel_steps;0
1783419097.728677;left_wheel_steps;0
1783419098.7286696;left_wheel_steps;0
1783419099.7287183;left_wheel_steps;0
1783419100.7286756;left_wheel_steps;0
1783419101.7287393;left_wheel_steps;0
1783419102.7287235;left_wheel_steps;0
1783419103.7285914;left_wheel_steps;0
1783419104.728654;left_wheel_steps;0
1783419105.728649;left_wheel_steps;0
1783419106.7286072;left_wheel_steps;0
1783419107.7288158;left_wheel_steps;0
1783419108.7285955;left_wheel_steps;0
1783419109.7285893;left_wheel_steps;0
1783419110.7286203;left_wheel_steps;0
1783419111.728556;left_wheel_steps;0
1783419112.7285774;left_wheel_steps;0
1783419113.7285995;left_wheel_steps;0
1783419114.72861;left_wheel_steps;0
1783419115.7285566;left_wheel_steps;0
1783419116.7286024;left_wheel_steps;0
1783419117.7284424;left_wheel_steps;0
1783419118.7286062;left_wheel_steps;0
1783419119.728614;left_wheel_steps;0
1783419120.7286034;left_wheel_steps;0
1783419121.7286549;left_wheel_steps;0
1783419122.72861;left_wheel_steps;0
1783419123.7285583;left_wheel_steps;0
1783419124.7285872;left_wheel_steps;0
1783419125.7285912;left_wheel_steps;0
1783419126.728609;left_wheel_steps;0
1783419127.7286055;left_wheel_steps;0
1783419128.728573;left_wheel_steps;0
1783419129.7286024;left_wheel_steps;0
1783419130.7285814;left_wheel_steps;0
1783419131.7285967;left_wheel_steps;0
1783419132.7285993;left_wheel_steps;0
1783419133.7285955;left_wheel_steps;0
1783419134.7286105;left_wheel_steps;0
1783419135.728591;left_wheel_steps;0
1783419136.7285814;left_wheel_steps;0
1783419137.728594;left_wheel_steps;0
1783419138.728609;left_wheel_steps;0
1783419139.728578;left_wheel_steps;0
1783419140.728588;left_wheel_steps;0
1783419141.7285864;left_wheel_steps;0
1783419142.7286987;left_wheel_steps;0
1783419143.7285862;left_wheel_steps;0
1783419144.7286005;left_wheel_steps;0
1783419145.7285683;left_wheel_steps;0
1783419146.728614;left_wheel_steps;0
1783419147.7284143;left_wheel_steps;0
1783419148.7285802;left_wheel_steps;0
1783419149.7286155;left_wheel_steps;0
1783419150.7286336;left_wheel_steps;0
1783419151.7285454;left_wheel_steps;0
1783419152.7285528;left_wheel_steps;0
1783419153.7286131;left_wheel_steps;0
1783419154.7286177;left_wheel_steps;0
1783419155.728592;left_wheel_steps;0
1783419156.7287214;left_wheel_steps;0
1783419157.7286017;left_wheel_steps;0
1783419158.7286687;left_wheel_steps;0
1783419159.7286131;left_wheel_steps;0
1783419160.7286563;left_wheel_steps;0
1783419161.728669;left_wheel_steps;0
1783419162.7286303;left_wheel_steps;0
1783419163.728665;left_wheel_steps;0
1783419164.7286112;left_wheel_steps;0
1783419165.7286046;left_wheel_steps;0
1783419166.7286725;left_wheel_steps;0
1783419167.7286816;left_wheel_steps;0
1783419168.728591;left_wheel_steps;0
1783419169.7286248;left_wheel_steps;0
1783419170.7286158;left_wheel_steps;0
1783419171.7285607;left_wheel_steps;0
1783419172.728586;left_wheel_steps;0
1783419173.7286096;left_wheel_steps;0
1783419174.7286296;left_wheel_steps;0
1783419175.728604;left_wheel_steps;0
1783419176.728639;left_wheel_steps;0
1783419177.7286377;left_wheel_steps;0
1783419178.7286642;left_wheel_steps;0
1783419179.7286234;left_wheel_steps;0
1783419180.728618;left_wheel_steps;0
1783419181.7286794;left_wheel_steps;0
1783419182.7286885;left_wheel_steps;0
1783419183.7285998;left_wheel_steps;0
1783419184.7285392;left_wheel_steps;0
1783419185.7288508;left_wheel_steps;0
1783419186.7286494;left_wheel_steps;0
1783419187.7285476;left_wheel_steps;0
1783419188.728591;left_wheel_steps;0
1783419189.7286036;left_wheel_steps;0
1783419190.7285829;left_wheel_steps;0
1783419191.7285602;left_wheel_steps;0
1783419192.7286088;left_wheel_steps;0
1783419193.7285926;left_wheel_steps;0
1783419194.7286294;left_wheel_steps;0
1783419195.728593;left_wheel_steps;0
1783419196.7285671;left_wheel_steps;0
1783419197.728578;left_wheel_steps;0
1783419198.7286355;left_wheel_steps;0
1783419199.7285607;left_wheel_steps;0
1783419200.7285542;left_wheel_steps;0
1783419201.7285955;left_wheel_steps;0
1783419202.7285864;left_wheel_steps;0
1783419203.7285898;left_wheel_steps;0
1783419204.7285984;left_wheel_steps;0
1783419205.7285824;left_wheel_steps;0
1783419206.728609;left_wheel_steps;0
1783419207.7284186;left_wheel_steps;0
1783419208.7285645;left_wheel_steps;0
1783419209.7286055;left_wheel_steps;0
1783419210.7286296;left_wheel_steps;0
1783419211.7285433;left_wheel_steps;0
1783419212.7285802;left_wheel_steps;0
1783419213.7286167;left_wheel_steps;0
1783419214.728626;left_wheel_steps;0
1783419215.728544;left_wheel_steps;0
1783419216.728608;left_wheel_steps;0
1783419217.7286124;left_wheel_steps;0
1783419218.7286236;left_wheel_steps;0
1783419219.728571;left_wheel_steps;0
1783419220.7285707;left_wheel_steps;0
1783419221.7286212;left_wheel_steps;0
1783419222.7286391;left_wheel_steps;0
1783419223.7285707;left_wheel_steps;0
1783419224.7286355;left_wheel_steps;0
1783419225.7285905;left_wheel_steps;0
1783419226.7286053;left_wheel_steps;0
1783419227.7285953;left_wheel_steps;0
1783419228.7286334;left_wheel_steps;0
1783419229.7286468;left_wheel_steps;0
1783419230.72869;left_wheel_steps;0
1783419231.728616;left_wheel_steps;0
1783419232.728654;left_wheel_steps;0
1783419233.7286627;left_wheel_steps;0
1783419234.728675;left_wheel_steps;0
1783419235.7286427;left_wheel_steps;0
1783419236.7286725;left_wheel_steps;0
1783419237.7284544;left_wheel_steps;0
1783419238.728725;left_wheel_steps;0
1783419239.7285774;left_wheel_steps;0
1783419240.7285998;left_wheel_steps;0
1783419241.728577;left_wheel_steps;0
1783419242.7286234;left_wheel_steps;0
1783419243.72855;left_wheel_steps;0
1783419244.728594;left_wheel_steps;0
1783419245.7285843;left_wheel_steps;0
1783419246.7286415;left_wheel_steps;0
1783419247.7285974;left_wheel_steps;0
1783419248.7286189;left_wheel_steps;0
1783419249.7286243;left_wheel_steps;0
1783419250.7286458;left_wheel_steps;0
1783419251.7285843;left_wheel_steps;0
1783419252.7286236;left_wheel_steps;0
1783419253.7285836;left_wheel_steps;0
1783419254.728608;left_wheel_steps;0
1783419255.728672;left_wheel_steps;0
1783419256.7286105;left_wheel_steps;0
1783419257.728639;left_wheel_steps;0
1783419258.7286415;left_wheel_steps;0
1783419259.7285948;left_wheel_steps;0
1783419260.72866;left_wheel_steps;0
1783419261.7286644;left_wheel_steps;0
1783419262.7286;left_wheel_steps;0
1783419263.7288394;left_wheel_steps;0
1783419264.7283847;left_wheel_steps;0
1783419265.7285638;left_wheel_steps;0
1783419266.7286143;left_wheel_steps;0
1783419267.7284377;left_wheel_steps;0
1783419268.7285862;left_wheel_steps;0
1783419269.7286096;left_wheel_steps;0
1783419270.7286208;left_wheel_steps;0
1783419271.728566;left_wheel_steps;0
1783419272.7285647;left_wheel_steps;0
1783419273.7286377;left_wheel_steps;0
1783419274.7286303;left_wheel_steps;0
1783419275.7285442;left_wheel_steps;0
1783419276.728631;left_wheel_steps;0
1783419277.7286065;left_wheel_steps;0
1783419278.7286065;left_wheel_steps;0
1783419279.728597;left_wheel_steps;0
1783419280.7285883;left_wheel_steps;0
1783419281.7286153;left_wheel_steps;0
1783419282.7286315;left_wheel_steps;0
1783419283.7285588;left_wheel_steps;0
1783419284.728627;left_wheel_steps;0
1783419285.7285814;left_wheel_steps;0
1783419286.728613;left_wheel_steps;0
1783419287.7286055;left_wheel_steps;0
1783419288.728596;left_wheel_steps;0
1783419289.728645;left_wheel_steps;0
1783419290.728614;left_wheel_steps;0
1783419291.7285242;left_wheel_steps;0
1783419292.728588;left_wheel_steps;0
1783419293.7286174;left_wheel_steps;0
1783419294.7286246;left_wheel_steps;0
1783419295.7285497;left_wheel_steps;0
1783419296.728612;left_wheel_steps;0
1783419297.7284305;left_wheel_steps;0
1783419298.7286122;left_wheel_steps;0
1783419299.7286258;left_wheel_steps;0
1783419300.7285967;left_wheel_steps;0
1783419301.72861;left_wheel_steps;0
1783419302.7286148;left_wheel_steps;0
1783419303.7285695;left_wheel_steps;0
1783419304.7286277;left_wheel_steps;0
1783419305.728621;left_wheel_steps;0
1783419306.7286134;left_wheel_steps;0
1783419307.728671;left_wheel_steps;0
1783419308.728653;left_wheel_steps;0
1783419309.7286668;left_wheel_steps;0
1783419310.7286153;left_wheel_steps;0
1783419311.7285545;left_wheel_steps;0
1783419312.72864;left_wheel_steps;0
1783419313.728665;left_wheel_steps;0
1783419314.72869;left_wheel_steps;0
1783419315.728575;left_wheel_steps;0
1783419316.728568;left_wheel_steps;0
1783419317.728582;left_wheel_steps;0
1783419318.728611;left_wheel_steps;0
1783419319.728533;left_wheel_steps;0
1783419320.7286808;left_wheel_steps;0
1783419321.7285972;left_wheel_steps;0
1783419322.728607;left_wheel_steps;0
1783419323.7285557;left_wheel_steps;0
1783419324.7286067;left_wheel_steps;0
1783419325.7285557;left_wheel_steps;0
1783419326.7286649;left_wheel_steps;0
1783419327.7285025;left_wheel_steps;0
1783419328.728586;left_wheel_steps;0
1783419329.7286024;left_wheel_steps;0
1783419330.7286065;left_wheel_steps;0
1783419331.7286906;left_wheel_steps;0
1783419332.7286508;left_wheel_steps;0
1783419333.728714;left_wheel_steps;0
1783419334.7286897;left_wheel_steps;0
1783419335.728645;left_wheel_steps;0
1783419336.7286286;left_wheel_steps;0
1783419337.7286594;left_wheel_steps;0
1783419338.728686;left_wheel_steps;0
1783419339.7286053;left_wheel_steps;0
1783419340.7286222;left_wheel_steps;0
1783419341.728719;left_wheel_steps;0
1783419342.7286184;left_wheel_steps;0
1783419343.7285223;left_wheel_steps;0
1783419344.7285938;left_wheel_steps;0
1783419345.728592;left_wheel_steps;0
1783419346.7285967;left_wheel_steps;0
1783419347.728533;left_wheel_steps;0
1783419348.728601;left_wheel_steps;0
1783419349.728603;left_wheel_steps;0
1783419350.7286243;left_wheel_steps;0
1783419351.7285905;left_wheel_steps;0
1783419352.728582;left_wheel_steps;0
1783419353.7285752;left_wheel_steps;0
1783419354.7286482;left_wheel_steps;0
1783419355.7285557;left_wheel_steps;0
1783419356.7285752;left_wheel_steps;0
1783419357.7284682;left_wheel_steps;0
1783419358.7285972;left_wheel_steps;0
1783419359.7285554;left_wheel_steps;0
1783419360.7285852;left_wheel_steps;0
1783419361.728588;left_wheel_steps;0
1783419362.728609;left_wheel_steps;0
1783419363.728549;left_wheel_steps;0
1783419364.7286;left_wheel_steps;0
1783419365.7285929;left_wheel_steps;0
1783419366.7286313;left_wheel_steps;0
1783419367.7285368;left_wheel_steps;0
1783419368.7286124;left_wheel_steps;0
1783419369.7286105;left_wheel_steps;0
1783419370.728586;left_wheel_steps;0
1783419371.7286024;left_wheel_steps;0
1783419372.7286026;left_wheel_steps;0
1783419373.7286408;left_wheel_steps;0
1783419374.728644;left_wheel_steps;0
1783419375.728609;left_wheel_steps;0
1783419376.7285688;left_wheel_steps;0
1783419377.7286026;left_wheel_steps;0
1783419378.7286222;left_wheel_steps;0
1783419379.7284627;left_wheel_steps;0
1783419380.7285843;left_wheel_steps;0
1783419381.728593;left_wheel_steps;0
1783419382.7285886;left_wheel_steps;0
1783419383.728607;left_wheel_steps;0
1783419384.728623;left_wheel_steps;0
1783419385.7285807;left_wheel_steps;0
1783419386.7286203;left_wheel_steps;0
1783419387.728485;left_wheel_steps;0
1783419388.728648;left_wheel_steps;0
1783419389.728686;left_wheel_steps;0
1783419390.7286246;left_wheel_steps;0
1783419391.728538;left_wheel_steps;0
1783419392.728588;left_wheel_steps;0
1783419393.7286355;left_wheel_steps;0
1783419394.7287226;left_wheel_steps;0
1783419395.7285435;left_wheel_steps;0
1783419396.7286005;left_wheel_steps;0
1783419397.7285984;left_wheel_steps;0
1783419398.7285984;left_wheel_steps;0
1783419399.7285554;left_wheel_steps;0
1783419400.7285895;left_wheel_steps;0
1783419401.7286005;left_wheel_steps;0
1783419402.728749;left_wheel_steps;0
1783419403.728557;left_wheel_steps;0
1783419404.7286055;left_wheel_steps;0
1783419405.7286167;left_wheel_steps;0
1783419406.728644;left_wheel_steps;0
1783419407.7285888;left_wheel_steps;0
1783419408.7286189;left_wheel_steps;0
1783419409.7285955;left_wheel_steps;0
1783419410.7288263;left_wheel_steps;0
1783419411.7285757;left_wheel_steps;0
1783419412.7286332;left_wheel_steps;0
1783419413.7286618;left_wheel_steps;0
1783419414.7286923;left_wheel_steps;0
1783419415.7285976;left_wheel_steps;0
1783419416.7286751;left_wheel_steps;0
1783419417.7286232;left_wheel_steps;0
1783419418.7287052;left_wheel_steps;0
1783419419.7286024;left_wheel_steps;0
1783419420.728587;left_wheel_steps;0
1783419421.728577;left_wheel_steps;0
1783419422.7286084;left_wheel_steps;0
1783419423.728553;left_wheel_steps;0
1783419424.728583;left_wheel_steps;0
1783419425.728578;left_wheel_steps;0
1783419426.7286055;left_wheel_steps;0
1783419427.728568;left_wheel_steps;0
1783419428.728593;left_wheel_steps;0
1783419429.7286038;left_wheel_steps;0
1783419430.7285988;left_wheel_steps;0
1783419431.7286055;left_wheel_steps;0
1783419432.7285843;left_wheel_steps;0
1783419433.7285802;left_wheel_steps;0
1783419434.7286246;left_wheel_steps;0
1783419435.7285364;left_wheel_steps;0
1783419436.7285671;left_wheel_steps;0
1783419437.7285752;left_wheel_steps;0
1783419438.7286074;left_wheel_steps;0
1783419439.7285855;left_wheel_steps;0
1783419440.728576;left_wheel_steps;0
1783419441.7285888;left_wheel_steps;0
1783419442.7285745;left_wheel_steps;0
1783419443.728584;left_wheel_steps;0
1783419444.7286131;left_wheel_steps;0
1783419445.7285724;left_wheel_steps;0
1783419446.7286105;left_wheel_steps;0
1783419447.7284334;left_wheel_steps;0
1783419448.7285674;left_wheel_steps;0
1783419449.7285917;left_wheel_steps;0
1783419450.7285995;left_wheel_steps;0
1783419451.7285714;left_wheel_steps;0
1783419452.7285793;left_wheel_steps;0
1783419453.7286031;left_wheel_steps;0
1783419454.7286;left_wheel_steps;0
1783419455.7285657;left_wheel_steps;0
1783419456.7285776;left_wheel_steps;0
1783419457.7286477;left_wheel_steps;0
1783419458.7286;left_wheel_steps;0
1783419459.7285626;left_wheel_steps;0
1783419460.7285533;left_wheel_steps;0
1783419461.7285905;left_wheel_steps;0
1783419462.728614;left_wheel_steps;0
1783419463.7285788;left_wheel_steps;0
1783419464.7285922;left_wheel_steps;0
1783419465.728572;left_wheel_steps;0
1783419466.7285757;left_wheel_steps;0
1783419467.7285914;left_wheel_steps;0
1783419468.7285943;left_wheel_steps;0
1783419469.7285745;left_wheel_steps;0
1783419470.7285936;left_wheel_steps;0
1783419471.7285516;left_wheel_steps;0
1783419472.7285497;left_wheel_steps;0
1783419473.7286108;left_wheel_steps;0
1783419474.7286208;left_wheel_steps;0
1783419475.7285583;left_wheel_steps;0
1783419476.7285807;left_wheel_steps;0
1783419477.728521;left_wheel_steps;0
1783419478.728537;left_wheel_steps;0
1783419479.728567;left_wheel_steps;0
1783419480.7285824;left_wheel_steps;0
1783419481.7285745;left_wheel_steps;0
1783419482.7285972;left_wheel_steps;0
1783419483.7285862;left_wheel_steps;0
1783419484.728676;left_wheel_steps;0
1783419485.7285936;left_wheel_steps;0
1783419486.7286708;left_wheel_steps;0
1783419487.7286232;left_wheel_steps;0
1783419488.7288213;left_wheel_steps;0
1783419489.7286923;left_wheel_steps;0
1783419490.7287395;left_wheel_steps;0
1783419491.7287197;left_wheel_steps;0
1783419492.728718;left_wheel_steps;0
1783419493.7286942;left_wheel_steps;0
1783419494.7288318;left_wheel_steps;0
1783419495.7286055;left_wheel_steps;0
1783419496.7289722;left_wheel_steps;0
1783419497.728614;left_wheel_steps;0
1783419498.728603;left_wheel_steps;0
1783419499.7285984;left_wheel_steps;0
1783419500.7285724;left_wheel_steps;0
1783419501.7285993;left_wheel_steps;0
1783419502.7285929;left_wheel_steps;0
1783419503.7285955;left_wheel_steps;0
1783419504.7286053;left_wheel_steps;0
1783419505.7285647;left_wheel_steps;0
1783419506.728608;left_wheel_steps;0
1783419507.728442;left_wheel_steps;0
1783419508.7285783;left_wheel_steps;0
1783419509.7286158;left_wheel_steps;0
1783419510.7286265;left_wheel_steps;0
1783419511.728594;left_wheel_steps;0
1783419512.728604;left_wheel_steps;0
1783419513.7285924;left_wheel_steps;0
1783419514.7286477;left_wheel_steps;0
1783419515.7286017;left_wheel_steps;0
1783419516.728601;left_wheel_steps;0
1783419517.7285962;left_wheel_steps;0
1783419518.728609;left_wheel_steps;0
1783419519.7285745;left_wheel_steps;0
1783419520.7285748;left_wheel_steps;0
1783419521.7286277;left_wheel_steps;0
1783419522.7286215;left_wheel_steps;0
1783419523.728587;left_wheel_steps;0
1783419524.7286088;left_wheel_steps;0
1783419525.728587;left_wheel_steps;0
1783419526.7286122;left_wheel_steps;0
1783419527.7286167;left_wheel_steps;0
1783419528.728356;left_wheel_steps;0
1783419529.728614;left_wheel_steps;0
1783419530.728612;left_wheel_steps;0
1783419531.728562;left_wheel_steps;0
1783419532.7285533;left_wheel_steps;0
1783419533.7285864;left_wheel_steps;0
1783419534.7286286;left_wheel_steps;0
1783419535.7285705;left_wheel_steps;0
1783419536.728608;left_wheel_steps;0
1783419537.728456;left_wheel_steps;0
1783419538.7285717;left_wheel_steps;0
1783419539.7286072;left_wheel_steps;0
1783419540.7285798;left_wheel_steps;0
1783419541.7286222;left_wheel_steps;0
1783419542.7286096;left_wheel_steps;0
1783419543.7285566;left_wheel_steps;0
1783419544.7286365;left_wheel_steps;0
1783419545.728574;left_wheel_steps;0
1783419546.7285988;left_wheel_steps;0
1783419547.728539;left_wheel_steps;0
1783419548.728574;left_wheel_steps;0
1783419549.7285967;left_wheel_steps;0
1783419550.728586;left_wheel_steps;0
1783419551.7285252;left_wheel_steps;0
1783419552.7286007;left_wheel_steps;0
1783419553.7286017;left_wheel_steps;0
1783419554.7286563;left_wheel_steps;0
1783419555.728553;left_wheel_steps;0
1783419556.7285604;left_wheel_steps;0
1783419557.7286203;left_wheel_steps;0
1783419558.7285998;left_wheel_steps;0
1783419559.7285852;left_wheel_steps;0
1783419560.728607;left_wheel_steps;0
1783419561.728624;left_wheel_steps;0
1783419562.7287004;left_wheel_steps;0
1783419563.728576;left_wheel_steps;0
1783419564.7286355;left_wheel_steps;0
1783419565.7286065;left_wheel_steps;0
1783419566.7289124;left_wheel_steps;0
1783419567.7284572;left_wheel_steps;0
1783419568.7286477;left_wheel_steps;0
1783419569.7286794;left_wheel_steps;0
1783419570.728649;left_wheel_steps;0
1783419571.7285955;left_wheel_steps;0
1783419572.728625;left_wheel_steps;0
1783419573.728587;left_wheel_steps;0
1783419574.728824;left_wheel_steps;0
1783419575.7285984;left_wheel_steps;0
1783419576.7286017;left_wheel_steps;0
1783419577.7286105;left_wheel_steps;0
1783419578.728626;left_wheel_steps;0
1783419579.728633;left_wheel_steps;0
1783419580.728657;left_wheel_steps;0
1783419581.7286594;left_wheel_steps;0
1783419582.7286987;left_wheel_steps;0
1783419583.7287242;left_wheel_steps;0
1783419584.7286963;left_wheel_steps;0
1783419585.7286737;left_wheel_steps;0
1783419586.7286842;left_wheel_steps;0
1783419587.7286785;left_wheel_steps;0
1783419588.728686;left_wheel_steps;0
1783419589.7286737;left_wheel_steps;0
1783419590.7286954;left_wheel_steps;0
1783419591.72862;left_wheel_steps;0
1783419592.728572;left_wheel_steps;0
1783419593.7287066;left_wheel_steps;0
1783419594.728633;left_wheel_steps;0
1783419595.728573;left_wheel_steps;0
1783419596.7286005;left_wheel_steps;0
1783419597.7284365;left_wheel_steps;0
1783419598.728596;left_wheel_steps;0
1783419599.7286234;left_wheel_steps;0
1783419600.7285888;left_wheel_steps;0
1783419601.7285938;left_wheel_steps;0
1783419602.7286172;left_wheel_steps;0
1783419603.7285464;left_wheel_steps;0
1783419604.7286155;left_wheel_steps;0
1783419605.7285905;left_wheel_steps;0
1783419606.728609;left_wheel_steps;0
1783419607.7285895;left_wheel_steps;0
1783419608.7285912;left_wheel_steps;0
1783419609.7286117;left_wheel_steps;0
1783419610.7286;left_wheel_steps;0
1783419611.7285986;left_wheel_steps;0
1783419612.728599;left_wheel_steps;0
1783419613.728608;left_wheel_steps;0
1783419614.7286308;left_wheel_steps;0
1783419615.7285483;left_wheel_steps;0
1783419616.7285678;left_wheel_steps;0
1783419617.7285936;left_wheel_steps;0
1783419618.7286112;left_wheel_steps;0
1783419619.7285483;left_wheel_steps;0
1783419620.7285898;left_wheel_steps;0
1783419621.728596;left_wheel_steps;0
1783419622.728597;left_wheel_steps;0
1783419623.7285843;left_wheel_steps;0
1783419624.7286098;left_wheel_steps;0
1783419625.7286391;left_wheel_steps;0
1783419626.7286303;left_wheel_steps;0
1783419627.728468;left_wheel_steps;0
1783419628.728571;left_wheel_steps;0
1783419629.728608;left_wheel_steps;0
1783419630.7286174;left_wheel_steps;0
1783419631.728553;left_wheel_steps;0
1783419632.7285748;left_wheel_steps;0
1783419633.7285972;left_wheel_steps;0
1783419634.728624;left_wheel_steps;0
1783419635.7285323;left_wheel_steps;0
1783419636.7285993;left_wheel_steps;0
1783419637.728602;left_wheel_steps;0
1783419638.7286286;left_wheel_steps;0
1783419639.728571;left_wheel_steps;0
1783419640.7285807;left_wheel_steps;0
1783419641.7286215;left_wheel_steps;0
1783419642.7286134;left_wheel_steps;0
1783419643.728604;left_wheel_steps;0
1783419644.728672;left_wheel_steps;0
1783419645.7285995;left_wheel_steps;0
1783419646.728724;left_wheel_steps;0
1783419647.7286117;left_wheel_steps;0
1783419648.7287495;left_wheel_steps;0
1783419649.7286825;left_wheel_steps;0
1783419650.7286036;left_wheel_steps;0
1783419651.7288785;left_wheel_steps;0
1783419652.7285814;left_wheel_steps;0
1783419653.7286017;left_wheel_steps;0
1783419654.7286284;left_wheel_steps;0
1783419655.7285266;left_wheel_steps;0
1783419656.7285926;left_wheel_steps;0
1783419657.7284803;left_wheel_steps;0
1783419658.7285964;left_wheel_steps;0
1783419659.7285666;left_wheel_steps;0
1783419660.7285922;left_wheel_steps;0
1783419661.7285905;left_wheel_steps;0
1783419662.7286007;left_wheel_steps;0
1783419663.728538;left_wheel_steps;0
1783419664.7285922;left_wheel_steps;0
1783419665.728617;left_wheel_steps;0
1783419666.7286215;left_wheel_steps;0
1783419667.728672;left_wheel_steps;0
1783419668.728476;left_wheel_steps;0
1783419669.7286134;left_wheel_steps;0
1783419670.7286034;left_wheel_steps;0
1783419671.7285483;left_wheel_steps;0
1783419672.7285905;left_wheel_steps;0
1783419673.7285724;left_wheel_steps;0
1783419674.7286513;left_wheel_steps;0
1783419675.728577;left_wheel_steps;0
1783419676.7285745;left_wheel_steps;0
1783419677.728597;left_wheel_steps;0
1783419678.7286396;left_wheel_steps;0
1783419679.728559;left_wheel_steps;0
1783419680.7285671;left_wheel_steps;0
1783419681.7285914;left_wheel_steps;0
1783419682.728601;left_wheel_steps;0
1783419683.7285705;left_wheel_steps;0
1783419684.7286365;left_wheel_steps;0
1783419685.7286382;left_wheel_steps;0
1783419686.7285984;left_wheel_steps;0
1783419687.7284255;left_wheel_steps;0
1783419688.7285893;left_wheel_steps;0
1783419689.728634;left_wheel_steps;0
1783419690.728619;left_wheel_steps;0
1783419691.7286072;left_wheel_steps;0
1783419692.728612;left_wheel_steps;0
1783419693.7285888;left_wheel_steps;0
1783419694.7286458;left_wheel_steps;0
1783419695.7285364;left_wheel_steps;0
1783419696.7286477;left_wheel_steps;0
1783419697.728601;left_wheel_steps;0
1783419698.7286172;left_wheel_steps;0
1783419699.7285905;left_wheel_steps;0
1783419700.7285824;left_wheel_steps;0
1783419701.7285929;left_wheel_steps;0
1783419702.7286313;left_wheel_steps;0
1783419703.7285342;left_wheel_steps;0
1783419704.7286274;left_wheel_steps;0
1783419705.7286046;left_wheel_steps;0
1783419706.728623;left_wheel_steps;0
1783419707.728558;left_wheel_steps;0
1783419708.7285967;left_wheel_steps;0
1783419709.7285447;left_wheel_steps;0
1783419710.7286234;left_wheel_steps;0
1783419711.728561;left_wheel_steps;0
1783419712.728582;left_wheel_steps;0
1783419713.7286038;left_wheel_steps;0
1783419714.7286224;left_wheel_steps;0
1783419715.7285612;left_wheel_steps;0
1783419716.7286067;left_wheel_steps;0
1783419717.728503;left_wheel_steps;0
1783419718.7286146;left_wheel_steps;0
1783419719.7286043;left_wheel_steps;0
1783419720.728624;left_wheel_steps;0
1783419721.728767;left_wheel_steps;0
1783419722.728655;left_wheel_steps;0
1783419723.728562;left_wheel_steps;0
1783419724.7286525;left_wheel_steps;0
1783419725.7286396;left_wheel_steps;0
1783419726.7286482;left_wheel_steps;0
1783419727.728655;left_wheel_steps;0
1783419728.728588;left_wheel_steps;0
1783419729.7288277;left_wheel_steps;0
1783419730.7288525;left_wheel_steps;0
1783419731.7286098;left_wheel_steps;0
1783419732.728592;left_wheel_steps;0
1783419733.7285984;left_wheel_steps;0
1783419734.728618;left_wheel_steps;0
1783419735.728556;left_wheel_steps;0
1783419736.7285788;left_wheel_steps;0
1783419737.728616;left_wheel_steps;0
1783419738.7286184;left_wheel_steps;0
1783419739.7285802;left_wheel_steps;0
1783419740.7285893;left_wheel_steps;0
1783419741.7286007;left_wheel_steps;0
1783419742.7286296;left_wheel_steps;0
1783419743.7285807;left_wheel_steps;0
1783419744.7286117;left_wheel_steps;0
1783419745.7285783;left_wheel_steps;0
1783419746.7286415;left_wheel_steps;0
1783419747.7284715;left_wheel_steps;0
1783419748.728579;left_wheel_steps;0
1783419749.7286236;left_wheel_steps;0
1783419750.72862;left_wheel_steps;0
1783419751.7285774;left_wheel_steps;0
1783419752.728618;left_wheel_steps;0
1783419753.7285912;left_wheel_steps;0
1783419754.7286174;left_wheel_steps;0
1783419755.7286117;left_wheel_steps;0
1783419756.7285984;left_wheel_steps;0
1783419757.7286005;left_wheel_steps;0
1783419758.7286131;left_wheel_steps;0
1783419759.728572;left_wheel_steps;0
1783419760.7285798;left_wheel_steps;0
1783419761.7286162;left_wheel_steps;0
1783419762.7285993;left_wheel_steps;0
1783419763.7285707;left_wheel_steps;0
1783419764.7286007;left_wheel_steps;0
1783419765.7285843;left_wheel_steps;0
1783419766.7286177;left_wheel_steps;0
1783419767.7286088;left_wheel_steps;0
1783419768.728591;left_wheel_steps;0
1783419769.7285929;left_wheel_steps;0
1783419770.7286;left_wheel_steps;0
1783419771.728531;left_wheel_steps;0
1783419772.7286096;left_wheel_steps;0
1783419773.7286167;left_wheel_steps;0
1783419774.7286272;left_wheel_steps;0
1783419775.7285316;left_wheel_steps;0
1783419776.728588;left_wheel_steps;0
1783419777.728501;left_wheel_steps;0
1783419778.728606;left_wheel_steps;0
1783419779.7285843;left_wheel_steps;0
1783419780.7286024;left_wheel_steps;0
1783419781.7285888;left_wheel_steps;0
1783419782.728618;left_wheel_steps;0
1783419783.7285686;left_wheel_steps;0
1783419784.7285998;left_wheel_steps;0
1783419785.7285929;left_wheel_steps;0
1783419786.728608;left_wheel_steps;0
1783419787.728542;left_wheel_steps;0
1783419788.728599;left_wheel_steps;0
1783419789.728607;left_wheel_steps;0
1783419790.7286055;left_wheel_steps;0
1783419791.7285523;left_wheel_steps;0
1783419792.728618;left_wheel_steps;0
1783419793.7285123;left_wheel_steps;0
1783419794.7286196;left_wheel_steps;0
1783419795.728541;left_wheel_steps;0
1783419796.728574;left_wheel_steps;0
1783419797.7286124;left_wheel_steps;0
1783419798.7285855;left_wheel_steps;0
1783419799.7286108;left_wheel_steps;0
1783419800.7286148;left_wheel_steps;0
1783419801.7286112;left_wheel_steps;0
1783419802.7286744;left_wheel_steps;0
1783419803.7286143;left_wheel_steps;0
1783419804.7286558;left_wheel_steps;0
1783419805.7286775;left_wheel_steps;0
1783419806.72866;left_wheel_steps;0
1783419807.728814;left_wheel_steps;0
1783419808.728656;left_wheel_steps;0
1783419809.7286904;left_wheel_steps;0
1783419810.7286897;left_wheel_steps;0
1783419811.7286503;left_wheel_steps;0
1783419812.728725;left_wheel_steps;0
1783419813.7285948;left_wheel_steps;0
1783419814.728686;left_wheel_steps;0
1783419815.728624;left_wheel_steps;0
1783419816.7286844;left_wheel_steps;0
1783419817.7286518;left_wheel_steps;0
1783419818.7287006;left_wheel_steps;0
1783419819.7285836;left_wheel_steps;0
1783419820.7286038;left_wheel_steps;0
1783419821.728596;left_wheel_steps;0
1783419822.728649;left_wheel_steps;0
1783419823.7285345;left_wheel_steps;0
1783419824.7286303;left_wheel_steps;0
1783419825.7285974;left_wheel_steps;0
1783419826.7285807;left_wheel_steps;0
1783419827.728638;left_wheel_steps;0
1783419828.7285986;left_wheel_steps;0
1783419829.7285955;left_wheel_steps;0
1783419830.728605;left_wheel_steps;0
1783419831.7285414;left_wheel_steps;0
1783419832.7285657;left_wheel_steps;0
1783419833.728595;left_wheel_steps;0
1783419834.728613;left_wheel_steps;0
1783419835.7286556;left_wheel_steps;0
1783419836.7285872;left_wheel_steps;0
1783419837.7285068;left_wheel_steps;0
1783419838.7285798;left_wheel_steps;0
1783419839.7285595;left_wheel_steps;0
1783419840.7285862;left_wheel_steps;0
1783419841.7285788;left_wheel_steps;0
1783419842.7286282;left_wheel_steps;0
1783419843.7285542;left_wheel_steps;0
1783419844.728584;left_wheel_steps;0
1783419845.7285914;left_wheel_steps;0
1783419846.7286108;left_wheel_steps;0
1783419847.7286034;left_wheel_steps;0
1783419848.7285955;left_wheel_steps;0
1783419849.7285914;left_wheel_steps;0
1783419850.728586;left_wheel_steps;0
1783419851.7285848;left_wheel_steps;0
1783419852.728582;left_wheel_steps;0
1783419853.7285566;left_wheel_steps;0
1783419854.7286043;left_wheel_steps;0
1783419855.7285693;left_wheel_steps;0
1783419856.7285886;left_wheel_steps;0
1783419857.7286136;left_wheel_steps;0
1783419858.7286286;left_wheel_steps;0
1783419859.728552;left_wheel_steps;0
1783419860.7285814;left_wheel_steps;0
1783419861.7286096;left_wheel_steps;0
1783419862.7285962;left_wheel_steps;0
1783419863.728597;left_wheel_steps;0
1783419864.7286086;left_wheel_steps;0
1783419865.7285488;left_wheel_steps;0
1783419866.7286026;left_wheel_steps;0
1783419867.7284029;left_wheel_steps;0
1783419868.728573;left_wheel_steps;0
1783419869.728606;left_wheel_steps;0
1783419870.728627;left_wheel_steps;0
1783419871.7285657;left_wheel_steps;0
1783419872.728593;left_wheel_steps;0
1783419873.7285883;left_wheel_steps;0
1783419874.728594;left_wheel_steps;0
1783419875.7286267;left_wheel_steps;0
1783419876.7286336;left_wheel_steps;0
1783419877.7287278;left_wheel_steps;0
1783419878.7286592;left_wheel_steps;0
1783419879.7285855;left_wheel_steps;0
1783419880.728641;left_wheel_steps;0
1783419881.7286716;left_wheel_steps;0
1783419882.728706;left_wheel_steps;0
1783419883.7285645;left_wheel_steps;0
1783419884.7286627;left_wheel_steps;0
1783419885.7286906;left_wheel_steps;0
1783419886.7286034;left_wheel_steps;0
1783419887.7285771;left_wheel_steps;0
1783419888.728612;left_wheel_steps;0
1783419889.7286189;left_wheel_steps;0
1783419890.728621;left_wheel_steps;0
1783419891.7285292;left_wheel_steps;0
1783419892.7285528;left_wheel_steps;0
1783419893.7286105;left_wheel_steps;0
1783419894.7287462;left_wheel_steps;0
1783419895.7285895;left_wheel_steps;0
1783419896.7285872;left_wheel_steps;0
1783419897.7284684;left_wheel_steps;0
1783419898.7286289;left_wheel_steps;0
1783419899.7285886;left_wheel_steps;0
1783419900.7285984;left_wheel_steps;0
1783419901.7286289;left_wheel_steps;0
1783419902.7286167;left_wheel_steps;0
1783419903.7286022;left_wheel_steps;0
1783419904.72859;left_wheel_steps;0
1783419905.728605;left_wheel_steps;0
1783419906.728619;left_wheel_steps;0
1783419907.7285595;left_wheel_steps;0
1783419908.7286026;left_wheel_steps;0
1783419909.7286167;left_wheel_steps;0
1783419910.7285986;left_wheel_steps;0
1783419911.728613;left_wheel_steps;0
1783419912.7285964;left_wheel_steps;0
1783419913.7285824;left_wheel_steps;0
1783419914.728619;left_wheel_steps;0
1783419915.7285488;left_wheel_steps;0
1783419916.7285662;left_wheel_steps;0
1783419917.728617;left_wheel_steps;0
1783419918.7286174;left_wheel_steps;0
1783419919.7285974;left_wheel_steps;0
1783419920.728582;left_wheel_steps;0
1783419921.7286088;left_wheel_steps;0
1783419922.7286277;left_wheel_steps;0
1783419923.7286358;left_wheel_steps;0
1783419924.7286656;left_wheel_steps;0
1783419925.7286382;left_wheel_steps;0
1783419926.728697;left_wheel_steps;0
1783419927.72842;left_wheel_steps;0
1783419928.7285836;left_wheel_steps;0
1783419929.7286148;left_wheel_steps;0
1783419930.72862;left_wheel_steps;0
1783419931.7285817;left_wheel_steps;0
1783419932.7286274;left_wheel_steps;0
1783419933.728605;left_wheel_steps;0
1783419934.7286391;left_wheel_steps;0
1783419935.7285535;left_wheel_steps;0
1783419936.7285967;left_wheel_steps;0
1783419937.7285802;left_wheel_steps;0
1783419938.72862;left_wheel_steps;0
1783419939.728576;left_wheel_steps;0
1783419940.7285776;left_wheel_steps;0
1783419941.728613;left_wheel_steps;0
1783419942.7286208;left_wheel_steps;0
1783419943.7285762;left_wheel_steps;0
1783419944.7286112;left_wheel_steps;0
1783419945.7285912;left_wheel_steps;0
1783419946.7285955;left_wheel_steps;0
1783419947.72856;left_wheel_steps;0
1783419948.7285829;left_wheel_steps;0
1783419949.7285922;left_wheel_steps;0
1783419950.728647;left_wheel_steps;0
1783419951.728558;left_wheel_steps;0
1783419952.7285776;left_wheel_steps;0
1783419953.7286022;left_wheel_steps;0
1783419954.728607;left_wheel_steps;0
1783419955.728611;left_wheel_steps;0
1783419956.7287333;left_wheel_steps;0
1783419957.728519;left_wheel_steps;0
1783419958.728652;left_wheel_steps;0
1783419959.7286174;left_wheel_steps;0
1783419960.7286105;left_wheel_steps;0
1783419961.728647;left_wheel_steps;0
1783419962.7286606;left_wheel_steps;0
1783419963.7288225;left_wheel_steps;0
1783419964.7285905;left_wheel_steps;0
1783419965.7285817;left_wheel_steps;0
1783419966.7286265;left_wheel_steps;0
1783419967.728559;left_wheel_steps;0
1783419968.7285757;left_wheel_steps;0
1783419969.7285938;left_wheel_steps;0
1783419970.7286046;left_wheel_steps;0
1783419971.7285702;left_wheel_steps;0
1783419972.7285962;left_wheel_steps;0
1783419973.7286074;left_wheel_steps;0
1783419974.7286208;left_wheel_steps;0
1783419975.7285542;left_wheel_steps;0
1783419976.7286878;left_wheel_steps;0
1783419977.728611;left_wheel_steps;0
1783419978.7286046;left_wheel_steps;0
1783419979.7285953;left_wheel_steps;0
1783419980.7286043;left_wheel_steps;0
1783419981.728595;left_wheel_steps;0
1783419982.728635;left_wheel_steps;0
1783419983.7285962;left_wheel_steps;0
1783419984.7286034;left_wheel_steps;0
1783419985.7286146;left_wheel_steps;0
1783419986.7286084;left_wheel_steps;0
1783419987.72851;left_wheel_steps;0
1783419988.728586;left_wheel_steps;0
1783419989.728612;left_wheel_steps;0
1783419990.7286086;left_wheel_steps;0
1783419991.728541;left_wheel_steps;0
1783419992.7285905;left_wheel_steps;0
1783419993.7285893;left_wheel_steps;0
1783419994.728625;left_wheel_steps;0
1783419995.728598;left_wheel_steps;0
1783419996.728585;left_wheel_steps;0
1783419997.728593;left_wheel_steps;0
1783419998.7286098;left_wheel_steps;0
1783419999.7285633;left_wheel_steps;0
1783420000.7285745;left_wheel_steps;0
1783420001.72861;left_wheel_steps;0
1783420002.7286196;left_wheel_steps;0
1783420003.728562;left_wheel_steps;0
1783420004.728614;left_wheel_steps;0
1783420005.7285926;left_wheel_steps;0
1783420006.7286189;left_wheel_steps;0
1783420007.7286065;left_wheel_steps;0
1783420008.728584;left_wheel_steps;0
1783420009.7285976;left_wheel_steps;0
1783420010.7285872;left_wheel_steps;0
1783420011.7285552;left_wheel_steps;0
1783420012.7285645;left_wheel_steps;0
1783420013.728598;left_wheel_steps;0
1783420014.728617;left_wheel_steps;0
1783420015.7285442;left_wheel_steps;0
1783420016.7285843;left_wheel_steps;0
1783420017.728535;left_wheel_steps;0
1783420018.7286134;left_wheel_steps;0
1783420019.7286017;left_wheel_steps;0
1783420020.728593;left_wheel_steps;0
1783420021.7285855;left_wheel_steps;0
1783420022.728616;left_wheel_steps;0
1783420023.7285702;left_wheel_steps;0
1783420024.728435;left_wheel_steps;0
1783420025.728598;left_wheel_steps;0
1783420026.7286277;left_wheel_steps;0
1783420027.7285628;left_wheel_steps;0
1783420028.7286007;left_wheel_steps;0
1783420029.728604;left_wheel_steps;0
1783420030.7286284;left_wheel_steps;0
1783420031.7285657;left_wheel_steps;0
1783420032.7286184;left_wheel_steps;0
1783420033.728824;left_wheel_steps;0
1783420034.7287014;left_wheel_steps;0
1783420035.7285817;left_wheel_steps;0
1783420036.728653;left_wheel_steps;0
1783420037.7286582;left_wheel_steps;0
1783420038.728667;left_wheel_steps;0
1783420039.728607;left_wheel_steps;0
1783420040.7285938;left_wheel_steps;0
1783420041.7287664;left_wheel_steps;0
1783420042.728592;left_wheel_steps;0
1783420043.7285807;left_wheel_steps;0
1783420044.7286034;left_wheel_steps;0
1783420045.7285955;left_wheel_steps;0
1783420046.728588;left_wheel_steps;0
1783420047.7284503;left_wheel_steps;0
1783420048.7285633;left_wheel_steps;0
1783420049.72851;left_wheel_steps;0
1783420050.728639;left_wheel_steps;0
1783420051.728565;left_wheel_steps;0
1783420052.7285886;left_wheel_steps;0
1783420053.7285938;left_wheel_steps;0
1783420054.7286294;left_wheel_steps;0
1783420055.7285478;left_wheel_steps;0
1783420056.7286143;left_wheel_steps;0
1783420057.7286413;left_wheel_steps;0
1783420058.7287169;left_wheel_steps;0
1783420059.7286353;left_wheel_steps;0
1783420060.7286365;left_wheel_steps;0
1783420061.728673;left_wheel_steps;0
1783420062.7287023;left_wheel_steps;0
1783420063.7285895;left_wheel_steps;0
1783420064.7286897;left_wheel_steps;0
1783420065.7286685;left_wheel_steps;0
1783420066.7288108;left_wheel_steps;0
1783420067.7286844;left_wheel_steps;0
1783420068.728665;left_wheel_steps;0
1783420069.7286675;left_wheel_steps;0
1783420070.7286906;left_wheel_steps;0
1783420071.728625;left_wheel_steps;0
1783420072.728647;left_wheel_steps;0
1783420073.7286935;left_wheel_steps;0
1783420074.728696;left_wheel_steps;0
1783420075.7285175;left_wheel_steps;0
1783420076.7286851;left_wheel_steps;0
1783420077.7284677;left_wheel_steps;0
1783420078.7285864;left_wheel_steps;0
1783420079.728561;left_wheel_steps;0
1783420080.728574;left_wheel_steps;0
1783420081.7285578;left_wheel_steps;0
1783420082.7286062;left_wheel_steps;0
1783420083.7285438;left_wheel_steps;0
1783420084.7285705;left_wheel_steps;0
1783420085.7285843;left_wheel_steps;0
1783420086.7286272;left_wheel_steps;0
1783420087.7285607;left_wheel_steps;0
1783420088.7285752;left_wheel_steps;0
1783420089.728619;left_wheel_steps;0
1783420090.728609;left_wheel_steps;0
1783420091.7284768;left_wheel_steps;0
1783420092.7286005;left_wheel_steps;0
1783420093.72861;left_wheel_steps;0
1783420094.728649;left_wheel_steps;0
1783420095.7285483;left_wheel_steps;0
1783420096.7285523;left_wheel_steps;0
1783420097.728589;left_wheel_steps;0
1783420098.7286265;left_wheel_steps;0
1783420099.7285414;left_wheel_steps;0
1783420100.728589;left_wheel_steps;0
1783420101.728604;left_wheel_steps;0
1783420102.7286167;left_wheel_steps;0
1783420103.728581;left_wheel_steps;0
1783420104.728605;left_wheel_steps;0
1783420105.7285635;left_wheel_steps;0
1783420106.7286232;left_wheel_steps;0
1783420107.7284577;left_wheel_steps;0
1783420108.7285764;left_wheel_steps;0
1783420109.7286377;left_wheel_steps;0
1783420110.7286465;left_wheel_steps;0
1783420111.7286148;left_wheel_steps;0
1783420112.7286844;left_wheel_steps;0
1783420113.728613;left_wheel_steps;0
1783420114.7287152;left_wheel_steps;0
1783420115.7286184;left_wheel_steps;0
1783420116.728598;left_wheel_steps;0
1783420117.7286825;left_wheel_steps;0
1783420118.7286072;left_wheel_steps;0
1783420119.729503;left_wheel_steps;0
1783420120.7285812;left_wheel_steps;0
1783420121.7286177;left_wheel_steps;0
1783420122.7286303;left_wheel_steps;0
1783420123.7285948;left_wheel_steps;0
1783420124.728605;left_wheel_steps;0
1783420125.7286022;left_wheel_steps;0
1783420126.7286084;left_wheel_steps;0
1783420127.7285705;left_wheel_steps;0
1783420128.7286036;left_wheel_steps;0
1783420129.728596;left_wheel_steps;0
1783420130.7286289;left_wheel_steps;0
1783420131.7285855;left_wheel_steps;0
1783420132.728595;left_wheel_steps;0
1783420133.7286055;left_wheel_steps;0
1783420134.7286346;left_wheel_steps;0
1783420135.728548;left_wheel_steps;0
1783420136.728582;left_wheel_steps;0
1783420137.728524;left_wheel_steps;0
1783420138.7286267;left_wheel_steps;0
1783420139.7285728;left_wheel_steps;0
1783420140.7288136;left_wheel_steps;0
1783420141.7286026;left_wheel_steps;0
1783420142.7286174;left_wheel_steps;0
1783420143.7285657;left_wheel_steps;0
1783420144.7285974;left_wheel_steps;0
1783420145.7285883;left_wheel_steps;0
1783420146.7286134;left_wheel_steps;0
1783420147.728583;left_wheel_steps;0
1783420148.7285943;left_wheel_steps;0
1783420149.7285955;left_wheel_steps;0
1783420150.7286344;left_wheel_steps;0
1783420151.728558;left_wheel_steps;0
1783420152.7285943;left_wheel_steps;0
1783420153.728564;left_wheel_steps;0
1783420154.7286086;left_wheel_steps;0
1783420155.7285511;left_wheel_steps;0
1783420156.7285843;left_wheel_steps;0
1783420157.7286158;left_wheel_steps;0
1783420158.7286131;left_wheel_steps;0
1783420159.7285757;left_wheel_steps;0
1783420160.728596;left_wheel_steps;0
1783420161.7285898;left_wheel_steps;0
1783420162.7286084;left_wheel_steps;0
1783420163.7285511;left_wheel_steps;0
1783420164.7285943;left_wheel_steps;0
1783420165.7286005;left_wheel_steps;0
1783420166.728624;left_wheel_steps;0
1783420167.72842;left_wheel_steps;0
1783420168.7285657;left_wheel_steps;0
1783420169.728612;left_wheel_steps;0
1783420170.7286022;left_wheel_steps;0
1783420171.7290015;left_wheel_steps;0
1783420172.7285938;left_wheel_steps;0
1783420173.7285922;left_wheel_steps;0
1783420174.7286236;left_wheel_steps;0
1783420175.728598;left_wheel_steps;0
1783420176.728594;left_wheel_steps;0
1783420177.7286017;left_wheel_steps;0
1783420178.728619;left_wheel_steps;0
1783420179.7285566;left_wheel_steps;0
1783420180.7285895;left_wheel_steps;0
1783420181.728634;left_wheel_steps;0
1783420182.7285888;left_wheel_steps;0
1783420183.7284524;left_wheel_steps;0
1783420184.7286024;left_wheel_steps;0
1783420185.7285929;left_wheel_steps;0
1783420186.7286053;left_wheel_steps;0
1783420187.7286007;left_wheel_steps;0
1783420188.728591;left_wheel_steps;0
1783420189.7287395;left_wheel_steps;0
1783420190.7286694;left_wheel_steps;0
1783420191.728578;left_wheel_steps;0
1783420192.728593;left_wheel_steps;0
1783420193.7286422;left_wheel_steps;0
1783420194.728697;left_wheel_steps;0
1783420195.7286055;left_wheel_steps;0
1783420196.7286856;left_wheel_steps;0
1783420197.7287486;left_wheel_steps;0
1783420198.7286215;left_wheel_steps;0
1783420199.7285972;left_wheel_steps;0
1783420200.7286232;left_wheel_steps;0
1783420201.7285888;left_wheel_steps;0
1783420202.728624;left_wheel_steps;0
1783420203.7286007;left_wheel_steps;0
1783420204.728619;left_wheel_steps;0
1783420205.7286117;left_wheel_steps;0
1783420206.7286313;left_wheel_steps;0
1783420207.7285962;left_wheel_steps;0
1783420208.728623;left_wheel_steps;0
1783420209.7286422;left_wheel_steps;0
1783420210.7286105;left_wheel_steps;0
1783420211.7286143;left_wheel_steps;0
1783420212.728601;left_wheel_steps;0
1783420213.7286289;left_wheel_steps;0
1783420214.7286694;left_wheel_steps;0
1783420215.7285917;left_wheel_steps;0
1783420216.7286053;left_wheel_steps;0
1783420217.72862;left_wheel_steps;0
1783420218.7286985;left_wheel_steps;0
1783420219.728546;left_wheel_steps;0
1783420220.7285724;left_wheel_steps;0
1783420221.728595;left_wheel_steps;0
1783420222.7286828;left_wheel_steps;0
1783420223.7285883;left_wheel_steps;0
1783420224.7286108;left_wheel_steps;0
1783420225.7285566;left_wheel_steps;0
1783420226.728617;left_wheel_steps;0
1783420227.7284777;left_wheel_steps;0
1783420228.7285748;left_wheel_steps;0
1783420229.7286043;left_wheel_steps;0
1783420230.7286072;left_wheel_steps;0
1783420231.7285638;left_wheel_steps;0
1783420232.728577;left_wheel_steps;0
1783420233.728579;left_wheel_steps;0
1783420234.728671;left_wheel_steps;0
1783420235.7285569;left_wheel_steps;0
1783420236.7285802;left_wheel_steps;0
1783420237.7286134;left_wheel_steps;0
1783420238.7285988;left_wheel_steps;0
1783420239.7285547;left_wheel_steps;0
1783420240.7285671;left_wheel_steps;0
1783420241.7285707;left_wheel_steps;0
1783420242.7286289;left_wheel_steps;0
1783420243.7285302;left_wheel_steps;0
1783420244.72861;left_wheel_steps;0
1783420245.7285972;left_wheel_steps;0
1783420246.7286098;left_wheel_steps;0
1783420247.7285988;left_wheel_steps;0
1783420248.7285724;left_wheel_steps;0
1783420249.7285914;left_wheel_steps;0
1783420250.7286162;left_wheel_steps;0
1783420251.7285523;left_wheel_steps;0
1783420252.7285702;left_wheel_steps;0
1783420253.7285812;left_wheel_steps;0
1783420254.7286625;left_wheel_steps;0
1783420255.7285616;left_wheel_steps;0
1783420256.7285888;left_wheel_steps;0
1783420257.7285204;left_wheel_steps;0
1783420258.7285783;left_wheel_steps;0
1783420259.7285511;left_wheel_steps;0
1783420260.7285855;left_wheel_steps;0
1783420261.7285802;left_wheel_steps;0
1783420262.7286117;left_wheel_steps;0
1783420263.728546;left_wheel_steps;0
1783420264.728582;left_wheel_steps;0
1783420265.7286024;left_wheel_steps;0
1783420266.7287302;left_wheel_steps;0
1783420267.7285738;left_wheel_steps;0
1783420268.7286408;left_wheel_steps;0
1783420269.7285955;left_wheel_steps;0
1783420270.728663;left_wheel_steps;0
1783420271.7286246;left_wheel_steps;0
1783420272.728612;left_wheel_steps;0
1783420273.7285745;left_wheel_steps;0
1783420274.7288394;left_wheel_steps;0
1783420275.7285335;left_wheel_steps;0
1783420276.7285724;left_wheel_steps;0
1783420277.728582;left_wheel_steps;0
1783420278.7285855;left_wheel_steps;0
1783420279.7285686;left_wheel_steps;0
1783420280.7285688;left_wheel_steps;0
1783420281.7285843;left_wheel_steps;0
1783420282.728546;left_wheel_steps;0
1783420283.728508;left_wheel_steps;0
1783420284.7285955;left_wheel_steps;0
1783420285.728556;left_wheel_steps;0
1783420286.7286298;left_wheel_steps;0
1783420287.728492;left_wheel_steps;0
1783420288.7285905;left_wheel_steps;0
1783420289.7286005;left_wheel_steps;0
1783420290.7286148;left_wheel_steps;0
1783420291.7285378;left_wheel_steps;0
1783420292.7286086;left_wheel_steps;0
1783420293.7285824;left_wheel_steps;0
1783420294.7286088;left_wheel_steps;0
1783420295.7285914;left_wheel_steps;0
1783420296.72858;left_wheel_steps;0
1783420297.7286286;left_wheel_steps;0
1783420298.728597;left_wheel_steps;0
1783420299.7285533;left_wheel_steps;0
1783420300.7285442;left_wheel_steps;0
1783420301.7286046;left_wheel_steps;0
1783420302.7286098;left_wheel_steps;0
1783420303.7285614;left_wheel_steps;0
1783420304.7287216;left_wheel_steps;0
1783420305.7286017;left_wheel_steps;0
1783420306.7285888;left_wheel_steps;0
1783420307.728541;left_wheel_steps;0
1783420308.7285852;left_wheel_steps;0
1783420309.728581;left_wheel_steps;0
1783420310.728586;left_wheel_steps;0
1783420311.7285528;left_wheel_steps;0
1783420312.7285523;left_wheel_steps;0
1783420313.728592;left_wheel_steps;0
1783420314.728635;left_wheel_steps;0
1783420315.7285137;left_wheel_steps;0
1783420316.728601;left_wheel_steps;0
1783420317.7285452;left_wheel_steps;0
1783420318.728715;left_wheel_steps;0
1783420319.7285843;left_wheel_steps;0
1783420320.7285993;left_wheel_steps;0
1783420321.728598;left_wheel_steps;0
1783420322.7285886;left_wheel_steps;0
1783420323.728578;left_wheel_steps;0
1783420324.7285826;left_wheel_steps;0
1783420325.7286236;left_wheel_steps;0
1783420326.7286508;left_wheel_steps;0
1783420327.7285569;left_wheel_steps;0
1783420328.7285829;left_wheel_steps;0
1783420329.728657;left_wheel_steps;0
1783420330.7286046;left_wheel_steps;0
1783420331.7284932;left_wheel_steps;0
1783420332.728597;left_wheel_steps;0
1783420333.7285726;left_wheel_steps;0
1783420334.728617;left_wheel_steps;0
1783420335.728552;left_wheel_steps;0
1783420336.7285955;left_wheel_steps;0
1783420337.7286167;left_wheel_steps;0
1783420338.7286527;left_wheel_steps;0
1783420339.7285738;left_wheel_steps;0
1783420340.7286084;left_wheel_steps;0
1783420341.728619;left_wheel_steps;0
1783420342.7286458;left_wheel_steps;0
1783420343.7287204;left_wheel_steps;0
1783420344.7286627;left_wheel_steps;0
1783420345.7286837;left_wheel_steps;0
1783420346.728742;left_wheel_steps;0
1783420347.7285128;left_wheel_steps;0
1783420348.7286308;left_wheel_steps;0
1783420349.7287374;left_wheel_steps;0
1783420350.728607;left_wheel_steps;0
1783420351.7287774;left_wheel_steps;0
1783420352.7285657;left_wheel_steps;0
1783420353.7286966;left_wheel_steps;0
1783420354.728677;left_wheel_steps;0
1783420355.728659;left_wheel_steps;0
1783420356.728626;left_wheel_steps;0
1783420357.728558;left_wheel_steps;0
1783420358.7286017;left_wheel_steps;0
1783420359.7286315;left_wheel_steps;0
1783420360.7286386;left_wheel_steps;0
1783420361.7286625;left_wheel_steps;0
1783420362.7286751;left_wheel_steps;0
1783420363.7286415;left_wheel_steps;0
1783420364.7286773;left_wheel_steps;0
1783420365.7286932;left_wheel_steps;0
1783420366.728671;left_wheel_steps;0
1783420367.728593;left_wheel_steps;0
1783420368.7285728;left_wheel_steps;0
1783420369.7285855;left_wheel_steps;0
1783420370.7285929;left_wheel_steps;0
1783420371.728543;left_wheel_steps;0
1783420372.7285793;left_wheel_steps;0
1783420373.7286;left_wheel_steps;0
1783420374.7286253;left_wheel_steps;0
1783420375.7285123;left_wheel_steps;0
1783420376.72859;left_wheel_steps;0
1783420377.7285557;left_wheel_steps;0
1783420378.728586;left_wheel_steps;0
1783420379.7285442;left_wheel_steps;0
1783420380.728573;left_wheel_steps;0
1783420381.728583;left_wheel_steps;0
1783420382.7285967;left_wheel_steps;0
1783420383.728554;left_wheel_steps;0
1783420384.7285814;left_wheel_steps;0
1783420385.7285798;left_wheel_steps;0
1783420386.7287629;left_wheel_steps;0
1783420387.728549;left_wheel_steps;0
1783420388.7285652;left_wheel_steps;0
1783420389.72855;left_wheel_steps;0
1783420390.728606;left_wheel_steps;0
1783420391.7285397;left_wheel_steps;0
1783420392.7285883;left_wheel_steps;0
1783420393.7285748;left_wheel_steps;0
1783420394.7286105;left_wheel_steps;0
1783420395.728547;left_wheel_steps;0
1783420396.728574;left_wheel_steps;0
1783420397.7286005;left_wheel_steps;0
1783420398.7286096;left_wheel_steps;0
1783420399.7285817;left_wheel_steps;0
1783420400.7285657;left_wheel_steps;0
1783420401.7285922;left_wheel_steps;0
1783420402.7286303;left_wheel_steps;0
1783420403.7285414;left_wheel_steps;0
1783420404.728585;left_wheel_steps;0
1783420405.7285576;left_wheel_steps;0
1783420406.7285914;left_wheel_steps;0
1783420407.7285292;left_wheel_steps;0
1783420408.7285745;left_wheel_steps;0
1783420409.7286153;left_wheel_steps;0
1783420410.7286098;left_wheel_steps;0
1783420411.7285717;left_wheel_steps;0
1783420412.7285798;left_wheel_steps;0
1783420413.728618;left_wheel_steps;0
1783420414.728628;left_wheel_steps;0
1783420415.7285752;left_wheel_steps;0
1783420416.7285912;left_wheel_steps;0
1783420417.7286024;left_wheel_steps;0
1783420418.728624;left_wheel_steps;0
1783420419.7285793;left_wheel_steps;0
1783420420.728608;left_wheel_steps;0
1783420421.7288148;left_wheel_steps;0
1783420422.7286644;left_wheel_steps;0
1783420423.72868;left_wheel_steps;0
1783420424.7286527;left_wheel_steps;0
1783420425.728542;left_wheel_steps;0
1783420426.7286732;left_wheel_steps;0
1783420427.7286625;left_wheel_steps;0
1783420428.728596;left_wheel_steps;0
1783420429.7288225;left_wheel_steps;0
1783420430.7286594;left_wheel_steps;0
1783420431.7285693;left_wheel_steps;0
1783420432.7285976;left_wheel_steps;0
1783420433.728637;left_wheel_steps;0
1783420434.728653;left_wheel_steps;0
1783420435.7285872;left_wheel_steps;0
1783420436.7285995;left_wheel_steps;0
1783420437.7285955;left_wheel_steps;0
1783420438.7284734;left_wheel_steps;0
1783420439.728559;left_wheel_steps;0
1783420440.7286172;left_wheel_steps;0
1783420441.7285917;left_wheel_steps;0
1783420442.728602;left_wheel_steps;0
1783420443.7285635;left_wheel_steps;0
1783420444.7286203;left_wheel_steps;0
1783420445.7286267;left_wheel_steps;0
1783420446.728652;left_wheel_steps;0
1783420447.7286031;left_wheel_steps;0
1783420448.7285993;left_wheel_steps;0
1783420449.7286298;left_wheel_steps;0
1783420450.7286456;left_wheel_steps;0
1783420451.7285898;left_wheel_steps;0
1783420452.728663;left_wheel_steps;0
1783420453.7286365;left_wheel_steps;0
1783420454.7286725;left_wheel_steps;0
1783420455.7285645;left_wheel_steps;0
1783420456.7285843;left_wheel_steps;0
1783420457.7286391;left_wheel_steps;0
1783420458.728668;left_wheel_steps;0
1783420459.7285976;left_wheel_steps;0
1783420460.7285955;left_wheel_steps;0
1783420461.7286696;left_wheel_steps;0
1783420462.7286804;left_wheel_steps;0
1783420463.7286131;left_wheel_steps;0
1783420464.7287152;left_wheel_steps;0
1783420465.7286856;left_wheel_steps;0
1783420466.7286942;left_wheel_steps;0
1783420467.7286272;left_wheel_steps;0
1783420468.7288232;left_wheel_steps;0
1783420469.7286892;left_wheel_steps;0
1783420470.728686;left_wheel_steps;0
1783420471.7285206;left_wheel_steps;0
1783420472.7286642;left_wheel_steps;0
1783420473.7287073;left_wheel_steps;0
1783420474.7286904;left_wheel_steps;0
1783420475.728609;left_wheel_steps;0
1783420476.7286894;left_wheel_steps;0
1783420477.7286892;left_wheel_steps;0
1783420478.7286866;left_wheel_steps;0
1783420479.72867;left_wheel_steps;0
1783420480.7286606;left_wheel_steps;0
1783420481.7286596;left_wheel_steps;0
1783420482.72866;left_wheel_steps;0
1783420483.7286525;left_wheel_steps;0
1783420484.7287178;left_wheel_steps;0
1783420485.7286792;left_wheel_steps;0
1783420486.7288055;left_wheel_steps;0
1783420487.7286923;left_wheel_steps;0
1783420488.7286885;left_wheel_steps;0
1783420489.728671;left_wheel_steps;0
1783420490.7287202;left_wheel_steps;0
1783420491.7286208;left_wheel_steps;0
1783420492.72866;left_wheel_steps;0
1783420493.7287226;left_wheel_steps;0
1783420494.728649;left_wheel_steps;0
1783420495.7286494;left_wheel_steps;0
1783420496.7286885;left_wheel_steps;0
1783420497.728537;left_wheel_steps;0
1783420498.7289011;left_wheel_steps;0
1783420499.728663;left_wheel_steps;0
1783420500.7286518;left_wheel_steps;0
1783420501.7287047;left_wheel_steps;0
1783420502.7287042;left_wheel_steps;0
1783420503.728594;left_wheel_steps;0
1783420504.7286236;left_wheel_steps;0
1783420505.728619;left_wheel_steps;0
1783420506.7288263;left_wheel_steps;0
1783420507.7286806;left_wheel_steps;0
1783420508.7286077;left_wheel_steps;0
1783420509.728623;left_wheel_steps;0
1783420510.7286043;left_wheel_steps;0
1783420511.728585;left_wheel_steps;0
1783420512.728603;left_wheel_steps;0
1783420513.7286036;left_wheel_steps;0
1783420514.7286384;left_wheel_steps;0
1783420515.7285745;left_wheel_steps;0
1783420516.7285993;left_wheel_steps;0
1783420517.7286117;left_wheel_steps;0
1783420518.728642;left_wheel_steps;0
1783420519.7285926;left_wheel_steps;0
1783420520.7286096;left_wheel_steps;0
1783420521.7286289;left_wheel_steps;0
1783420522.7286243;left_wheel_steps;0
1783420523.728596;left_wheel_steps;0
1783420524.72863;left_wheel_steps;0
1783420525.7286558;left_wheel_steps;0
1783420526.7286267;left_wheel_steps;0
1783420527.7285645;left_wheel_steps;0
1783420528.728577;left_wheel_steps;0
1783420529.7286246;left_wheel_steps;0
1783420530.72864;left_wheel_steps;0
1783420531.728544;left_wheel_steps;0
1783420532.72859;left_wheel_steps;0
1783420533.7285872;left_wheel_steps;0
1783420534.7286198;left_wheel_steps;0
1783420535.728577;left_wheel_steps;0
1783420536.7285912;left_wheel_steps;0
1783420537.728588;left_wheel_steps;0
1783420538.7286143;left_wheel_steps;0
1783420539.728566;left_wheel_steps;0
1783420540.7285924;left_wheel_steps;0
1783420541.7286031;left_wheel_steps;0
1783420542.7286563;left_wheel_steps;0
1783420543.728542;left_wheel_steps;0
1783420544.728646;left_wheel_steps;0
1783420545.7286077;left_wheel_steps;0
1783420546.7286203;left_wheel_steps;0
1783420547.7285848;left_wheel_steps;0
1783420548.728583;left_wheel_steps;0
1783420549.7285995;left_wheel_steps;0
1783420550.72876;left_wheel_steps;0
1783420551.7285514;left_wheel_steps;0
1783420552.7285826;left_wheel_steps;0
1783420553.728604;left_wheel_steps;0
1783420554.728628;left_wheel_steps;0
1783420555.7285497;left_wheel_steps;0
1783420556.728617;left_wheel_steps;0
1783420557.7285798;left_wheel_steps;0
1783420558.7286258;left_wheel_steps;0
1783420559.728595;left_wheel_steps;0
1783420560.7286112;left_wheel_steps;0
1783420561.7286203;left_wheel_steps;0
1783420562.7286334;left_wheel_steps;0
1783420563.728573;left_wheel_steps;0
1783420564.7286289;left_wheel_steps;0
1783420565.728645;left_wheel_steps;0
1783420566.7286491;left_wheel_steps;0
1783420567.7285554;left_wheel_steps;0
1783420568.7285926;left_wheel_steps;0
1783420569.7286336;left_wheel_steps;0
1783420570.7286396;left_wheel_steps;0
1783420571.728587;left_wheel_steps;0
1783420572.7286477;left_wheel_steps;0
1783420573.7286549;left_wheel_steps;0
1783420574.7286496;left_wheel_steps;0
1783420575.7285786;left_wheel_steps;0
1783420576.728746;left_wheel_steps;0
1783420577.7286477;left_wheel_steps;0
1783420578.7286646;left_wheel_steps;0
1783420579.7286026;left_wheel_steps;0
1783420580.7286427;left_wheel_steps;0
1783420581.7286365;left_wheel_steps;0
1783420582.7287147;left_wheel_steps;0
1783420583.7285504;left_wheel_steps;0
1783420584.7288177;left_wheel_steps;0
1783420585.7285888;left_wheel_steps;0
1783420586.7286022;left_wheel_steps;0
1783420587.728536;left_wheel_steps;0
1783420588.7285898;left_wheel_steps;0
1783420589.7286296;left_wheel_steps;0
1783420590.7286165;left_wheel_steps;0
1783420591.7286494;left_wheel_steps;0
1783420592.728613;left_wheel_steps;0
1783420593.7286196;left_wheel_steps;0
1783420594.7286067;left_wheel_steps;0
1783420595.7285476;left_wheel_steps;0
1783420596.7286215;left_wheel_steps;0
1783420597.7286043;left_wheel_steps;0
1783420598.72866;left_wheel_steps;0
1783420599.7285738;left_wheel_steps;0
1783420600.7286289;left_wheel_steps;0
1783420601.7286215;left_wheel_steps;0
1783420602.728626;left_wheel_steps;0
1783420603.7285993;left_wheel_steps;0
1783420604.728645;left_wheel_steps;0
1783420605.7285964;left_wheel_steps;0
1783420606.7285924;left_wheel_steps;0
1783420607.728573;left_wheel_steps;0
1783420608.7286005;left_wheel_steps;0
1783420609.7285976;left_wheel_steps;0
1783420610.7286248;left_wheel_steps;0
1783420611.728574;left_wheel_steps;0
1783420612.7285757;left_wheel_steps;0
1783420613.7286212;left_wheel_steps;0
1783420614.728647;left_wheel_steps;0
1783420615.728537;left_wheel_steps;0
1783420616.7285898;left_wheel_steps;0
1783420617.72856;left_wheel_steps;0
1783420618.728617;left_wheel_steps;0
1783420619.7285798;left_wheel_steps;0
1783420620.728604;left_wheel_steps;0
1783420621.728602;left_wheel_steps;0
1783420622.7285929;left_wheel_steps;0
1783420623.7285638;left_wheel_steps;0
1783420624.728598;left_wheel_steps;0
1783420625.7285862;left_wheel_steps;0
1783420626.7286537;left_wheel_steps;0
1783420627.728588;left_wheel_steps;0
1783420628.728606;left_wheel_steps;0
1783420629.7286098;left_wheel_steps;0
1783420630.7286098;left_wheel_steps;0
1783420631.728546;left_wheel_steps;0
1783420632.7287166;left_wheel_steps;0
1783420633.7285852;left_wheel_steps;0
1783420634.7286308;left_wheel_steps;0
1783420635.7285545;left_wheel_steps;0
1783420636.7285788;left_wheel_steps;0
1783420637.7286086;left_wheel_steps;0
1783420638.728613;left_wheel_steps;0
1783420639.7285638;left_wheel_steps;0
1783420640.7286034;left_wheel_steps;0
1783420641.728603;left_wheel_steps;0
1783420642.7285976;left_wheel_steps;0
1783420643.728557;left_wheel_steps;0
1783420644.7286346;left_wheel_steps;0
1783420645.7285745;left_wheel_steps;0
1783420646.7285995;left_wheel_steps;0
1783420647.7285163;left_wheel_steps;0
1783420648.7286084;left_wheel_steps;0
1783420649.7286403;left_wheel_steps;0
1783420650.728623;left_wheel_steps;0
1783420651.7285483;left_wheel_steps;0
1783420652.728632;left_wheel_steps;0
1783420653.7286248;left_wheel_steps;0
1783420654.7289636;left_wheel_steps;0
1783420655.728594;left_wheel_steps;0
1783420656.7286336;left_wheel_steps;0
1783420657.728631;left_wheel_steps;0
1783420658.72868;left_wheel_steps;0
1783420659.7286413;left_wheel_steps;0
1783420660.7286248;left_wheel_steps;0
1783420661.7286437;left_wheel_steps;0
1783420662.7287548;left_wheel_steps;0
1783420663.728613;left_wheel_steps;0
1783420664.7286344;left_wheel_steps;0
1783420665.728609;left_wheel_steps;0
1783420666.72863;left_wheel_steps;0
1783420667.728613;left_wheel_steps;0
1783420668.728611;left_wheel_steps;0
1783420669.7286413;left_wheel_steps;0
1783420670.7286391;left_wheel_steps;0
1783420671.7285984;left_wheel_steps;0
1783420672.7286768;left_wheel_steps;0
1783420673.728698;left_wheel_steps;0
1783420674.7287226;left_wheel_steps;0
1783420675.728536;left_wheel_steps;0
1783420676.7286174;left_wheel_steps;0
1783420677.7286253;left_wheel_steps;0
1783420678.728614;left_wheel_steps;0
1783420679.7285724;left_wheel_steps;0
1783420680.72866;left_wheel_steps;0
1783420681.7286067;left_wheel_steps;0
1783420682.7287033;left_wheel_steps;0
1783420683.728588;left_wheel_steps;0
1783420684.728605;left_wheel_steps;0
1783420685.7285995;left_wheel_steps;0
1783420686.728661;left_wheel_steps;0
1783420687.728578;left_wheel_steps;0
1783420688.7286031;left_wheel_steps;0
1783420689.7286592;left_wheel_steps;0
1783420690.7286322;left_wheel_steps;0
1783420691.7285693;left_wheel_steps;0
1783420692.7286022;left_wheel_steps;0
1783420693.7285895;left_wheel_steps;0
1783420694.7286642;left_wheel_steps;0
1783420695.7285905;left_wheel_steps;0
1783420696.7286055;left_wheel_steps;0
1783420697.7286215;left_wheel_steps;0
1783420698.7286675;left_wheel_steps;0
1783420699.7285411;left_wheel_steps;0
1783420700.7285817;left_wheel_steps;0
1783420701.7286332;left_wheel_steps;5
1783420702.7286296;left_wheel_steps;0
1783420703.7285829;left_wheel_steps;0
1783420704.728609;left_wheel_steps;0
1783420705.7286024;left_wheel_steps;0
1783420706.7286525;left_wheel_steps;0
1783420707.7286236;left_wheel_steps;0
1783420708.728583;left_wheel_steps;0
1783420709.7286174;left_wheel_steps;0
1783420710.7286477;left_wheel_steps;0
1783420711.7285612;left_wheel_steps;0
1783420712.728584;left_wheel_steps;0
1783420713.7286203;left_wheel_steps;0
1783420714.7287426;left_wheel_steps;0
1783420715.7285926;left_wheel_steps;0
1783420716.7285628;left_wheel_steps;0
1783420717.728577;left_wheel_steps;0
1783420718.7286484;left_wheel_steps;0
1783420719.728589;left_wheel_steps;10
1783420720.7285855;left_wheel_steps;296
1783420721.728624;left_wheel_steps;316
1783420722.7286167;left_wheel_steps;216
1783420723.728537;left_wheel_steps;2
1783420724.7286377;left_wheel_steps;0
1783420725.7286117;left_wheel_steps;0
1783420726.728626;left_wheel_steps;0
1783420727.7286036;left_wheel_steps;0
1783420728.7296245;left_wheel_steps;0
1783420729.7288034;left_wheel_steps;-25
1783420730.7286885;left_wheel_steps;-118
1783420731.7286234;left_wheel_steps;-154
1783420732.7287588;left_wheel_steps;-172
1783420733.7287264;left_wheel_steps;-205
1783420734.728728;left_wheel_steps;-190
1783420735.7286737;left_wheel_steps;-97
1783420736.7286158;left_wheel_steps;0
1783420737.7286513;left_wheel_steps;0
1783420738.7287557;left_wheel_steps;0
1783420739.7286906;left_wheel_steps;0
1783420740.7288787;left_wheel_steps;0
1783420741.72867;left_wheel_steps;121
1783420742.7286794;left_wheel_steps;194
1783420743.7286708;left_wheel_steps;226
1783420744.7285547;left_wheel_steps;245
1783420745.7286808;left_wheel_steps;256
1783420746.728736;left_wheel_steps;252
1783420747.7286477;left_wheel_steps;234
1783420748.7286265;left_wheel_steps;138
1783420749.7287264;left_wheel_steps;8
1783420750.7286682;left_wheel_steps;0
1783420751.7286336;left_wheel_steps;0
1783420752.728695;left_wheel_steps;0
1783420753.728703;left_wheel_steps;0
1783420754.728654;left_wheel_steps;0
1783420755.7285783;left_wheel_steps;0
1783420756.728644;left_wheel_steps;0
1783420757.7286663;left_wheel_steps;104
1783420758.7286825;left_wheel_steps;260
1783420759.7286074;left_wheel_steps;253
1783420760.72869;left_wheel_steps;265
1783420761.7286863;left_wheel_steps;263
1783420762.728706;left_wheel_steps;181
1783420763.728593;left_wheel_steps;19
1783420764.7286136;left_wheel_steps;0
1783420765.728634;left_wheel_steps;0
1783420766.7286682;left_wheel_steps;0
1783420767.7285829;left_wheel_steps;0
1783420768.7286332;left_wheel_steps;-19
1783420769.7295232;left_wheel_steps;-166
1783420770.72869;left_wheel_steps;-193
1783420771.7286203;left_wheel_steps;-234
1783420772.7286367;left_wheel_steps;-251
1783420773.72867;left_wheel_steps;-252
1783420774.728633;left_wheel_steps;-195
1783420775.7285588;left_wheel_steps;-66
1783420776.7287104;left_wheel_steps;0
1783420777.7286437;left_wheel_steps;0
1783420778.7286932;left_wheel_steps;0
1783420779.7286694;left_wheel_steps;0
1783420780.7286494;left_wheel_steps;0
1783420781.7286332;left_wheel_steps;39
1783420782.728721;left_wheel_steps;215
1783420783.7286322;left_wheel_steps;269
1783420784.7286427;left_wheel_steps;278
1783420785.7286265;left_wheel_steps;241
1783420786.728666;left_wheel_steps;176
1783420787.7286348;left_wheel_steps;29
1783420788.7286682;left_wheel_steps;0
1783420789.7287188;left_wheel_steps;0
1783420790.7286203;left_wheel_steps;0
1783420791.7286854;left_wheel_steps;-53
1783420792.7286398;left_wheel_steps;-177
1783420793.7286797;left_wheel_steps;-204
1783420794.7285929;left_wheel_steps;-227
1783420795.7286267;left_wheel_steps;-192
1783420796.7289183;left_wheel_steps;-192
1783420797.7286494;left_wheel_steps;-173
1783420798.7285695;left_wheel_steps;-119
1783420799.7286172;left_wheel_steps;-61
1783420800.728649;left_wheel_steps;0
1783420801.728741;left_wheel_steps;0
1783420802.728607;left_wheel_steps;0
1783420803.7286308;left_wheel_steps;0
1783420804.728623;left_wheel_steps;0
1783420805.7286146;left_wheel_steps;1
1783420806.7287035;left_wheel_steps;128
1783420807.7286658;left_wheel_steps;131
1783420808.7286696;left_wheel_steps;171
1783420809.7286918;left_wheel_steps;162
1783420810.7287772;left_wheel_steps;125
1783420811.728732;left_wheel_steps;16
1783420812.7287111;left_wheel_steps;0
1783420813.7287543;left_wheel_steps;0
1783420814.7287636;left_wheel_steps;0
1783420815.7291849;left_wheel_steps;0
1783420816.728726;left_wheel_steps;69
1783420817.728708;left_wheel_steps;240
1783420818.7288134;left_wheel_steps;200
1783420819.7286184;left_wheel_steps;32
1783420820.7286174;left_wheel_steps;0
1783420821.728665;left_wheel_steps;0
1783420822.7287629;left_wheel_steps;0
1783420823.728646;left_wheel_steps;0
1783420824.7286348;left_wheel_steps;-32
1783420825.7285595;left_wheel_steps;-166
1783420826.7286909;left_wheel_steps;-225
1783420827.7292943;left_wheel_steps;-238
1783420828.7286544;left_wheel_steps;-246
1783420829.728605;left_wheel_steps;-216
1783420830.7287242;left_wheel_steps;-85
1783420831.7286155;left_wheel_steps;0
1783420832.728645;left_wheel_steps;0
1783420833.7285852;left_wheel_steps;0
1783420834.728633;left_wheel_steps;2
1783420835.7286456;left_wheel_steps;93
1783420836.7286365;left_wheel_steps;92
1783420837.7286384;left_wheel_steps;75
1783420838.728648;left_wheel_steps;110
1783420839.7286608;left_wheel_steps;73
1783420840.7286415;left_wheel_steps;76
1783420841.7286408;left_wheel_steps;7
1783420842.728701;left_wheel_steps;25
1783420843.728765;left_wheel_steps;0
1783420844.728573;left_wheel_steps;0
1783420845.7286708;left_wheel_steps;0
1783420846.7286713;left_wheel_steps;0
1783420847.728624;left_wheel_steps;55
1783420848.72863;left_wheel_steps;209
1783420849.7286685;left_wheel_steps;273
1783420850.7286608;left_wheel_steps;291
1783420851.7286856;left_wheel_steps;270
1783420852.7286348;left_wheel_steps;153
1783420853.728649;left_wheel_steps;2
1783420854.7287152;left_wheel_steps;0
1783420855.7286572;left_wheel_steps;0
1783420856.7286098;left_wheel_steps;0
1783420857.728618;left_wheel_steps;0
1783420858.7285953;left_wheel_steps;0
1783420859.7286134;left_wheel_steps;0
1783420860.7286303;left_wheel_steps;0
1783420861.728533;left_wheel_steps;0
1783420862.7285752;left_wheel_steps;0
1783420863.72859;left_wheel_steps;0
1783420864.728618;left_wheel_steps;0
1783420865.7285552;left_wheel_steps;0
1783420866.7285724;left_wheel_steps;0
1783420867.7285984;left_wheel_steps;0
1783420868.7286167;left_wheel_steps;0
1783420869.7285712;left_wheel_steps;0
1783420870.7285705;left_wheel_steps;0
1783420871.728599;left_wheel_steps;0
1783420872.7286298;left_wheel_steps;0
1783420873.7285843;left_wheel_steps;0
1783420874.728624;left_wheel_steps;0
1783420875.728584;left_wheel_steps;0
1783420876.728593;left_wheel_steps;0
1783420877.7285593;left_wheel_steps;0
1783420878.7286956;left_wheel_steps;0
1783420879.7286134;left_wheel_steps;0
1783420880.728634;left_wheel_steps;0
1783420881.728557;left_wheel_steps;0
1783420882.7285678;left_wheel_steps;0
1783420883.7286055;left_wheel_steps;0
1783420884.7286627;left_wheel_steps;0
1783420885.728719;left_wheel_steps;0
1783420886.7285964;left_wheel_steps;0
1783420887.7291334;left_wheel_steps;0
1783420888.7285855;left_wheel_steps;0
1783420889.7288222;left_wheel_steps;0
1783420890.7286344;left_wheel_steps;0
1783420891.7286718;left_wheel_steps;0
1783420892.7287517;left_wheel_steps;0
1783420893.7286773;left_wheel_steps;0
1783420894.7287517;left_wheel_steps;0
1783420895.7286904;left_wheel_steps;0
1783420896.7286096;left_wheel_steps;0
1783420897.728848;left_wheel_steps;0
1783420898.7286084;left_wheel_steps;0
1783420899.728566;left_wheel_steps;0
1783420900.7285745;left_wheel_steps;0
1783420901.7285843;left_wheel_steps;0
1783420902.7285943;left_wheel_steps;0
1783420903.7285151;left_wheel_steps;0
1783420904.7286155;left_wheel_steps;0
1783420905.728576;left_wheel_steps;0
1783420906.7286644;left_wheel_steps;0
1783420907.728552;left_wheel_steps;0
1783420908.7285674;left_wheel_steps;0
1783420909.7285843;left_wheel_steps;0
1783420910.728619;left_wheel_steps;0
1783420911.728578;left_wheel_steps;0
1783420912.7285657;left_wheel_steps;0
1783420913.7286112;left_wheel_steps;0
