1782728803.5971122;1782728803.5970955;./src/rosbag2_transport/recorder.cpp;subscribe_topic;20;569;Subscribed to topic '/rosout';rosbag2_recorder
1782728803.599261;1782728803.5992398;./src/rosbag2_transport/recorder.cpp;subscribe_topic;20;569;Subscribed to topic '/events/write_split';rosbag2_recorder
1782728803.5994322;1782728803.5994153;./src/rosbag2_transport/recorder.cpp;record;20;365;Recording...;rosbag2_recorder
1782728803.6669364;1782728803.5638518;./src/rosbag2_transport/recorder.cpp;RecorderImpl;20;190;Press SPACE for pausing/resuming;rosbag2_recorder
1782728803.6669617;1782728803.5932066;./src/rosbag2_transport/recorder.cpp;record;20;353;Listening for topics...;rosbag2_recorder
1782728803.6669657;1782728803.5933864;./src/rosbag2_transport/recorder.cpp;event_publisher_thread_main;20;371;Event publisher thread: Starting;rosbag2_recorder
1782728803.711987;1782728803.711956;./src/rosbag2_transport/recorder.cpp;subscribe_topic;20;569;Subscribed to topic '/arduino_status';rosbag2_recorder
1782728803.7151954;1782728803.7151644;./src/rosbag2_transport/recorder.cpp;subscribe_topic;20;569;Subscribed to topic '/parameter_events';rosbag2_recorder
1782728804.8228116;1782728804.173382;/home/samuchair/ros2_ws/install/samuchair/lib/python3.12/site-packages/samuchair/webcamNode.py;timer_callback;20;113;Frame: 1;webcam
1782728804.8228328;1782728804.174009;/home/samuchair/ros2_ws/install/samuchair/lib/python3.12/site-packages/samuchair/webcamNode.py;timer_callback;20;122;Webcam : CONNECTED;webcam
1782728804.823908;1782728804.8238833;./src/rosbag2_transport/recorder.cpp;subscribe_topic;20;569;Subscribed to topic '/frame';rosbag2_recorder
1782728804.8259804;1782728804.8259504;./src/rosbag2_transport/recorder.cpp;subscribe_topic;20;569;Subscribed to topic '/webcam_status';rosbag2_recorder
1782728805.1325755;1782728805.1325455;./src/rosbag2_transport/recorder.cpp;subscribe_topic;20;569;Subscribed to topic '/tipo_exp_int';rosbag2_recorder
1782728805.13531;1782728805.1352706;./src/rosbag2_transport/recorder.cpp;subscribe_topic;20;569;Subscribed to topic '/name_movil';rosbag2_recorder
1782728805.1382313;1782728805.1381965;./src/rosbag2_transport/recorder.cpp;subscribe_topic;20;569;Subscribed to topic '/tipo_exp';rosbag2_recorder
1782728805.1417584;1782728805.1417212;./src/rosbag2_transport/recorder.cpp;subscribe_topic;20;569;Subscribed to topic '/Movil_status';rosbag2_recorder
1782728805.142722;1782728797.7654307;/home/samuchair/ros2_ws/install/samuchair/lib/python3.12/site-packages/samuchair/movilNode.py;timer_callback;20;300;Dato publicado Fase Ejecucion: 0;Movil
1782728805.1427348;1782728802.7654448;/home/samuchair/ros2_ws/install/samuchair/lib/python3.12/site-packages/samuchair/movilNode.py;timer_callback;20;300;Dato publicado Fase Ejecucion: 20;Movil
1782728805.1438506;1782728805.1438105;./src/rosbag2_transport/recorder.cpp;subscribe_topic;20;569;Subscribed to topic '/name_movil_hash';rosbag2_recorder
1782728805.1456084;1782728805.1455777;./src/rosbag2_transport/recorder.cpp;subscribe_topic;20;569;Subscribed to topic '/modo_exp_int';rosbag2_recorder
1782728805.1477358;1782728805.1476912;./src/rosbag2_transport/recorder.cpp;subscribe_topic;20;569;Subscribed to topic '/modo_exp';rosbag2_recorder
1782728805.1503468;1782728805.150311;./src/rosbag2_transport/recorder.cpp;subscribe_topic;20;569;Subscribed to topic '/Ejecucion';rosbag2_recorder
1782728805.2541127;1782728805.254074;./src/rosbag2_transport/recorder.cpp;subscribe_topic;20;569;Subscribed to topic '/directorio_grabacion';rosbag2_recorder
1782728805.2569652;1782728805.2569172;./src/rosbag2_transport/recorder.cpp;subscribe_topic;20;569;Subscribed to topic '/control_grabacion';rosbag2_recorder
1782728805.2807539;1782728797.7655451;/home/samuchair/ros2_ws/install/samuchair/lib/python3.12/site-packages/samuchair/mainNode.py;callback_subMovilEjecucion;20;324;Comando Movil Ejecucion: 0;mainNode
1782728805.2807758;1782728802.7657125;/home/samuchair/ros2_ws/install/samuchair/lib/python3.12/site-packages/samuchair/mainNode.py;callback_subMovilEjecucion;20;324;Comando Movil Ejecucion: 20;mainNode
1782728806.0731678;1782728806.0731268;./src/rosbag2_transport/recorder.cpp;subscribe_topic;20;569;Subscribed to topic '/jBnode';rosbag2_recorder
1782728806.0755756;1782728806.0755367;./src/rosbag2_transport/recorder.cpp;subscribe_topic;20;569;Subscribed to topic '/left_wheel_steps';rosbag2_recorder
1782728806.077847;1782728806.0778148;./src/rosbag2_transport/recorder.cpp;subscribe_topic;20;569;Subscribed to topic '/esp32_status';rosbag2_recorder
1782728806.0801976;1782728806.0801663;./src/rosbag2_transport/recorder.cpp;subscribe_topic;20;569;Subscribed to topic '/pot_esp32';rosbag2_recorder
1782728806.0823605;1782728806.0823221;./src/rosbag2_transport/recorder.cpp;subscribe_topic;20;569;Subscribed to topic '/right_wheel_steps';rosbag2_recorder
1782728806.1751244;1782728806.173826;/home/samuchair/ros2_ws/install/samuchair/lib/python3.12/site-packages/samuchair/webcamNode.py;timer_callback;20;113;Frame: 2;webcam
1782728806.1763139;1782728806.176179;/home/samuchair/ros2_ws/install/samuchair/lib/python3.12/site-packages/samuchair/webcamNode.py;timer_callback;20;122;Webcam : CONNECTED;webcam
1782728806.1917584;1782728806.1917272;./src/rosbag2_transport/recorder.cpp;subscribe_topic;20;569;Subscribed to topic '/tactil_der';rosbag2_recorder
1782728806.193629;1782728806.1935892;./src/rosbag2_transport/recorder.cpp;subscribe_topic;20;569;Subscribed to topic '/op_manual_asistida';rosbag2_recorder
1782728806.1967945;1782728806.1967573;./src/rosbag2_transport/recorder.cpp;subscribe_topic;20;569;Subscribed to topic '/tactil_izq';rosbag2_recorder
1782728806.253638;1782728802.7765493;/home/samuchair/ros2_ws/install/samuchair/lib/python3.12/site-packages/samuchair/BagControlNode.py;start_bag;20;58;Iniciando grabación: ./samuchair_bag/USU1_0_2_2026_06_29-12_26_30;BagControlNode
1782728806.2626894;1782728804.1887445;/home/samuchair/ros2_ws/install/samuchair/lib/python3.12/site-packages/samuchair/opasistidaNode.py;update_tactil_izq;20;85;Dato publicado tactil izquierda: 1;opasistidaNode
1782728806.2627072;1782728804.1895735;/home/samuchair/ros2_ws/install/samuchair/lib/python3.12/site-packages/samuchair/opasistidaNode.py;timer_callback;20;109;Dato publicado Navegación Táctil:10;opasistidaNode
1782728806.2627165;1782728804.2389748;/home/samuchair/ros2_ws/install/samuchair/lib/python3.12/site-packages/samuchair/opasistidaNode.py;update_tactil_der;20;90;Dato publicado tactil derecha: 1;opasistidaNode
1782728806.2627196;1782728804.2399292;/home/samuchair/ros2_ws/install/samuchair/lib/python3.12/site-packages/samuchair/opasistidaNode.py;timer_callback;20;109;Dato publicado Navegación Táctil:3;opasistidaNode
1782728806.6391456;1782728806.6390204;/home/samuchair/ros2_ws/install/samuchair/lib/python3.12/site-packages/samuchair/opasistidaNode.py;update_tactil_izq;20;85;Dato publicado tactil izquierda: 0;opasistidaNode
1782728806.6409628;1782728806.6400638;/home/samuchair/ros2_ws/install/samuchair/lib/python3.12/site-packages/samuchair/opasistidaNode.py;timer_callback;20;109;Dato publicado Navegación Táctil:12;opasistidaNode
1782728806.9155834;1782728806.9155464;./src/rosbag2_transport/recorder.cpp;subscribe_topic;20;569;Subscribed to topic '/Headphones_status';rosbag2_recorder
1782728806.9187489;1782728806.918713;./src/rosbag2_transport/recorder.cpp;subscribe_topic;20;569;Subscribed to topic '/Attended';rosbag2_recorder
1782728806.9227808;1782728806.9227376;./src/rosbag2_transport/recorder.cpp;subscribe_topic;20;569;Subscribed to topic '/diff_time';rosbag2_recorder
1782728806.9253464;1782728806.9253058;./src/rosbag2_transport/recorder.cpp;subscribe_topic;20;569;Subscribed to topic '/random_time';rosbag2_recorder
1782728806.98919;1782728806.989089;/home/samuchair/ros2_ws/install/samuchair/lib/python3.12/site-packages/samuchair/opasistidaNode.py;update_tactil_izq;20;85;Dato publicado tactil izquierda: 1;opasistidaNode
1782728806.9903975;1782728806.9902854;/home/samuchair/ros2_ws/install/samuchair/lib/python3.12/site-packages/samuchair/opasistidaNode.py;timer_callback;20;109;Dato publicado Navegación Táctil:3;opasistidaNode
1782728807.1388757;1782728807.1387577;/home/samuchair/ros2_ws/install/samuchair/lib/python3.12/site-packages/samuchair/opasistidaNode.py;update_tactil_der;20;90;Dato publicado tactil derecha: 0;opasistidaNode
1782728807.1398234;1782728807.1397007;/home/samuchair/ros2_ws/install/samuchair/lib/python3.12/site-packages/samuchair/opasistidaNode.py;timer_callback;20;109;Dato publicado Navegación Táctil:10;opasistidaNode
1782728808.1695092;1782728808.169409;/home/samuchair/ros2_ws/install/samuchair/lib/python3.12/site-packages/samuchair/webcamNode.py;timer_callback;20;113;Frame: 3;webcam
1782728808.1703103;1782728808.1702247;/home/samuchair/ros2_ws/install/samuchair/lib/python3.12/site-packages/samuchair/webcamNode.py;timer_callback;20;122;Webcam : CONNECTED;webcam
1782728808.3890688;1782728808.3889575;/home/samuchair/ros2_ws/install/samuchair/lib/python3.12/site-packages/samuchair/opasistidaNode.py;update_tactil_der;20;90;Dato publicado tactil derecha: 1;opasistidaNode
1782728808.3900948;1782728808.389976;/home/samuchair/ros2_ws/install/samuchair/lib/python3.12/site-packages/samuchair/opasistidaNode.py;timer_callback;20;109;Dato publicado Navegación Táctil:3;opasistidaNode
1782728808.4159908;1782728808.4152358;/home/samuchair/ros2_ws/install/samuchair/lib/python3.12/site-packages/samuchair/opasistidaNode.py;timer_callback;20;109;Dato publicado Navegación Táctil:5;opasistidaNode
1782728808.4162807;1782728808.4161727;/home/samuchair/ros2_ws/install/samuchair/lib/python3.12/site-packages/samuchair/opasistidaNode.py;update_pot;20;147;Dato publicado potenciometro: 0;opasistidaNode
1782728808.7391067;1782728808.7389836;/home/samuchair/ros2_ws/install/samuchair/lib/python3.12/site-packages/samuchair/opasistidaNode.py;update_tactil_izq;20;85;Dato publicado tactil izquierda: 0;opasistidaNode
1782728808.7409997;1782728808.7401865;/home/samuchair/ros2_ws/install/samuchair/lib/python3.12/site-packages/samuchair/opasistidaNode.py;timer_callback;20;109;Dato publicado Navegación Táctil:17;opasistidaNode
1782728808.8888521;1782728808.8887334;/home/samuchair/ros2_ws/install/samuchair/lib/python3.12/site-packages/samuchair/opasistidaNode.py;update_tactil_der;20;90;Dato publicado tactil derecha: 0;opasistidaNode
1782728808.89025;1782728808.889686;/home/samuchair/ros2_ws/install/samuchair/lib/python3.12/site-packages/samuchair/opasistidaNode.py;timer_callback;20;109;Dato publicado Navegación Táctil:0;opasistidaNode
1782728810.1696718;1782728810.169584;/home/samuchair/ros2_ws/install/samuchair/lib/python3.12/site-packages/samuchair/webcamNode.py;timer_callback;20;113;Frame: 4;webcam
1782728810.1704104;1782728810.1703308;/home/samuchair/ros2_ws/install/samuchair/lib/python3.12/site-packages/samuchair/webcamNode.py;timer_callback;20;122;Webcam : CONNECTED;webcam
1782728810.488981;1782728810.4888456;/home/samuchair/ros2_ws/install/samuchair/lib/python3.12/site-packages/samuchair/opasistidaNode.py;update_tactil_izq;20;85;Dato publicado tactil izquierda: 1;opasistidaNode
1782728810.490812;1782728810.4900491;/home/samuchair/ros2_ws/install/samuchair/lib/python3.12/site-packages/samuchair/opasistidaNode.py;timer_callback;20;109;Dato publicado Navegación Táctil:15;opasistidaNode
1782728810.5891259;1782728810.5890102;/home/samuchair/ros2_ws/install/samuchair/lib/python3.12/site-packages/samuchair/opasistidaNode.py;update_tactil_der;20;90;Dato publicado tactil derecha: 1;opasistidaNode
1782728810.590234;1782728810.590117;/home/samuchair/ros2_ws/install/samuchair/lib/python3.12/site-packages/samuchair/opasistidaNode.py;timer_callback;20;109;Dato publicado Navegación Táctil:5;opasistidaNode
1782728812.1703706;1782728812.1702836;/home/samuchair/ros2_ws/install/samuchair/lib/python3.12/site-packages/samuchair/webcamNode.py;timer_callback;20;113;Frame: 5;webcam
1782728812.1713011;1782728812.1712055;/home/samuchair/ros2_ws/install/samuchair/lib/python3.12/site-packages/samuchair/webcamNode.py;timer_callback;20;122;Webcam : CONNECTED;webcam
1782728814.169619;1782728814.1695173;/home/samuchair/ros2_ws/install/samuchair/lib/python3.12/site-packages/samuchair/webcamNode.py;timer_callback;20;113;Frame: 6;webcam
1782728814.1704059;1782728814.1702747;/home/samuchair/ros2_ws/install/samuchair/lib/python3.12/site-packages/samuchair/webcamNode.py;timer_callback;20;122;Webcam : CONNECTED;webcam
1782728816.1691384;1782728816.16904;/home/samuchair/ros2_ws/install/samuchair/lib/python3.12/site-packages/samuchair/webcamNode.py;timer_callback;20;113;Frame: 7;webcam
1782728816.1700363;1782728816.169936;/home/samuchair/ros2_ws/install/samuchair/lib/python3.12/site-packages/samuchair/webcamNode.py;timer_callback;20;122;Webcam : CONNECTED;webcam
1782728817.9393065;1782728817.939189;/home/samuchair/ros2_ws/install/samuchair/lib/python3.12/site-packages/samuchair/opasistidaNode.py;update_tactil_der;20;90;Dato publicado tactil derecha: 0;opasistidaNode
1782728817.9410894;1782728817.9402273;/home/samuchair/ros2_ws/install/samuchair/lib/python3.12/site-packages/samuchair/opasistidaNode.py;timer_callback;20;109;Dato publicado Navegación Táctil:15;opasistidaNode
1782728818.1694095;1782728818.1693237;/home/samuchair/ros2_ws/install/samuchair/lib/python3.12/site-packages/samuchair/webcamNode.py;timer_callback;20;113;Frame: 8;webcam
1782728818.1701946;1782728818.170106;/home/samuchair/ros2_ws/install/samuchair/lib/python3.12/site-packages/samuchair/webcamNode.py;timer_callback;20;122;Webcam : CONNECTED;webcam
1782728818.2391713;1782728818.2390494;/home/samuchair/ros2_ws/install/samuchair/lib/python3.12/site-packages/samuchair/opasistidaNode.py;update_tactil_der;20;90;Dato publicado tactil derecha: 1;opasistidaNode
1782728818.240347;1782728818.2402444;/home/samuchair/ros2_ws/install/samuchair/lib/python3.12/site-packages/samuchair/opasistidaNode.py;timer_callback;20;109;Dato publicado Navegación Táctil:5;opasistidaNode
1782728818.6389508;1782728818.6388361;/home/samuchair/ros2_ws/install/samuchair/lib/python3.12/site-packages/samuchair/opasistidaNode.py;update_tactil_izq;20;85;Dato publicado tactil izquierda: 0;opasistidaNode
1782728818.6398535;1782728818.6397622;/home/samuchair/ros2_ws/install/samuchair/lib/python3.12/site-packages/samuchair/opasistidaNode.py;timer_callback;20;109;Dato publicado Navegación Táctil:17;opasistidaNode
1782728818.6413171;1782728818.6411932;/home/samuchair/ros2_ws/install/samuchair/lib/python3.12/site-packages/samuchair/opasistidaNode.py;update_tactil_der;20;90;Dato publicado tactil derecha: 0;opasistidaNode
1782728818.6425219;1782728818.6422534;/home/samuchair/ros2_ws/install/samuchair/lib/python3.12/site-packages/samuchair/opasistidaNode.py;timer_callback;20;109;Dato publicado Navegación Táctil:0;opasistidaNode
1782728820.1690025;1782728820.1688535;/home/samuchair/ros2_ws/install/samuchair/lib/python3.12/site-packages/samuchair/webcamNode.py;timer_callback;20;113;Frame: 9;webcam
1782728820.1699588;1782728820.1698472;/home/samuchair/ros2_ws/install/samuchair/lib/python3.12/site-packages/samuchair/webcamNode.py;timer_callback;20;122;Webcam : CONNECTED;webcam
1782728822.1682982;1782728822.1681933;/home/samuchair/ros2_ws/install/samuchair/lib/python3.12/site-packages/samuchair/webcamNode.py;timer_callback;20;113;Frame: 10;webcam
1782728822.1690428;1782728822.1689541;/home/samuchair/ros2_ws/install/samuchair/lib/python3.12/site-packages/samuchair/webcamNode.py;timer_callback;20;122;Webcam : CONNECTED;webcam
1782728822.2654667;1782728822.265353;/home/samuchair/ros2_ws/install/samuchair/lib/python3.12/site-packages/samuchair/movilNode.py;timer_callback;20;300;Dato publicado Fase Ejecucion: 50;Movil
1782728822.265785;1782728822.2654967;/home/samuchair/ros2_ws/install/samuchair/lib/python3.12/site-packages/samuchair/mainNode.py;callback_subMovilEjecucion;20;324;Comando Movil Ejecucion: 50;mainNode
1782728824.170306;1782728824.170178;/home/samuchair/ros2_ws/install/samuchair/lib/python3.12/site-packages/samuchair/webcamNode.py;timer_callback;20;113;Frame: 11;webcam
1782728824.1711774;1782728824.1710713;/home/samuchair/ros2_ws/install/samuchair/lib/python3.12/site-packages/samuchair/webcamNode.py;timer_callback;20;122;Webcam : CONNECTED;webcam
1782728826.1685247;1782728826.1684084;/home/samuchair/ros2_ws/install/samuchair/lib/python3.12/site-packages/samuchair/webcamNode.py;timer_callback;20;113;Frame: 12;webcam
1782728826.1693437;1782728826.169257;/home/samuchair/ros2_ws/install/samuchair/lib/python3.12/site-packages/samuchair/webcamNode.py;timer_callback;20;122;Webcam : CONNECTED;webcam
1782728828.1706104;1782728828.1705089;/home/samuchair/ros2_ws/install/samuchair/lib/python3.12/site-packages/samuchair/webcamNode.py;timer_callback;20;113;Frame: 13;webcam
1782728828.1715105;1782728828.1714025;/home/samuchair/ros2_ws/install/samuchair/lib/python3.12/site-packages/samuchair/webcamNode.py;timer_callback;20;122;Webcam : CONNECTED;webcam
1782728829.2654848;1782728829.265368;/home/samuchair/ros2_ws/install/samuchair/lib/python3.12/site-packages/samuchair/movilNode.py;timer_callback;20;300;Dato publicado Fase Ejecucion: 1;Movil
1782728829.2669852;1782728829.2654586;/home/samuchair/ros2_ws/install/samuchair/lib/python3.12/site-packages/samuchair/mainNode.py;callback_subMovilEjecucion;20;324;Comando Movil Ejecucion: 1;mainNode
1782728830.168821;1782728830.1687176;/home/samuchair/ros2_ws/install/samuchair/lib/python3.12/site-packages/samuchair/webcamNode.py;timer_callback;20;113;Frame: 14;webcam
1782728830.1697176;1782728830.1696126;/home/samuchair/ros2_ws/install/samuchair/lib/python3.12/site-packages/samuchair/webcamNode.py;timer_callback;20;122;Webcam : CONNECTED;webcam
1782728832.1390545;1782728832.1389234;/home/samuchair/ros2_ws/install/samuchair/lib/python3.12/site-packages/samuchair/opasistidaNode.py;update_tactil_der;20;90;Dato publicado tactil derecha: 1;opasistidaNode
1782728832.141112;1782728832.1400712;/home/samuchair/ros2_ws/install/samuchair/lib/python3.12/site-packages/samuchair/opasistidaNode.py;timer_callback;20;109;Dato publicado Navegación Táctil:17;opasistidaNode
1782728832.170674;1782728832.170572;/home/samuchair/ros2_ws/install/samuchair/lib/python3.12/site-packages/samuchair/webcamNode.py;timer_callback;20;113;Frame: 15;webcam
1782728832.171429;1782728832.171331;/home/samuchair/ros2_ws/install/samuchair/lib/python3.12/site-packages/samuchair/webcamNode.py;timer_callback;20;122;Webcam : CONNECTED;webcam
1782728832.1890075;1782728832.1888945;/home/samuchair/ros2_ws/install/samuchair/lib/python3.12/site-packages/samuchair/opasistidaNode.py;update_tactil_izq;20;85;Dato publicado tactil izquierda: 1;opasistidaNode
1782728832.1898317;1782728832.1897538;/home/samuchair/ros2_ws/install/samuchair/lib/python3.12/site-packages/samuchair/opasistidaNode.py;timer_callback;20;109;Dato publicado Navegación Táctil:5;opasistidaNode
1782728832.416732;1782728832.4153943;/home/samuchair/ros2_ws/install/samuchair/lib/python3.12/site-packages/samuchair/opasistidaNode.py;timer_callback;20;109;Dato publicado Navegación Táctil:3;opasistidaNode
1782728832.4167583;1782728832.4161665;/home/samuchair/ros2_ws/install/samuchair/lib/python3.12/site-packages/samuchair/opasistidaNode.py;update_pot;20;147;Dato publicado potenciometro: 2;opasistidaNode
1782728834.170247;1782728834.170127;/home/samuchair/ros2_ws/install/samuchair/lib/python3.12/site-packages/samuchair/webcamNode.py;timer_callback;20;113;Frame: 16;webcam
1782728834.1710796;1782728834.1709886;/home/samuchair/ros2_ws/install/samuchair/lib/python3.12/site-packages/samuchair/webcamNode.py;timer_callback;20;122;Webcam : CONNECTED;webcam
1782728836.1709304;1782728836.1708367;/home/samuchair/ros2_ws/install/samuchair/lib/python3.12/site-packages/samuchair/webcamNode.py;timer_callback;20;113;Frame: 17;webcam
1782728836.1716611;1782728836.1715794;/home/samuchair/ros2_ws/install/samuchair/lib/python3.12/site-packages/samuchair/webcamNode.py;timer_callback;20;122;Webcam : CONNECTED;webcam
1782728838.1696346;1782728838.1695158;/home/samuchair/ros2_ws/install/samuchair/lib/python3.12/site-packages/samuchair/webcamNode.py;timer_callback;20;113;Frame: 18;webcam
1782728838.170469;1782728838.1703842;/home/samuchair/ros2_ws/install/samuchair/lib/python3.12/site-packages/samuchair/webcamNode.py;timer_callback;20;122;Webcam : CONNECTED;webcam
1782728840.1719108;1782728840.1703687;/home/samuchair/ros2_ws/install/samuchair/lib/python3.12/site-packages/samuchair/webcamNode.py;timer_callback;20;113;Frame: 19;webcam
1782728840.1719542;1782728840.1711679;/home/samuchair/ros2_ws/install/samuchair/lib/python3.12/site-packages/samuchair/webcamNode.py;timer_callback;20;122;Webcam : CONNECTED;webcam
1782728841.9389818;1782728841.9388518;/home/samuchair/ros2_ws/install/samuchair/lib/python3.12/site-packages/samuchair/opasistidaNode.py;update_tactil_izq;20;85;Dato publicado tactil izquierda: 0;opasistidaNode
1782728841.9410694;1782728841.9399133;/home/samuchair/ros2_ws/install/samuchair/lib/python3.12/site-packages/samuchair/opasistidaNode.py;timer_callback;20;109;Dato publicado Navegación Táctil:12;opasistidaNode
1782728842.0891106;1782728842.0889866;/home/samuchair/ros2_ws/install/samuchair/lib/python3.12/site-packages/samuchair/opasistidaNode.py;update_tactil_der;20;90;Dato publicado tactil derecha: 0;opasistidaNode
1782728842.0901392;1782728842.0900307;/home/samuchair/ros2_ws/install/samuchair/lib/python3.12/site-packages/samuchair/opasistidaNode.py;timer_callback;20;109;Dato publicado Navegación Táctil:0;opasistidaNode
1782728842.168143;1782728842.1680515;/home/samuchair/ros2_ws/install/samuchair/lib/python3.12/site-packages/samuchair/webcamNode.py;timer_callback;20;113;Frame: 20;webcam
1782728842.1688435;1782728842.168765;/home/samuchair/ros2_ws/install/samuchair/lib/python3.12/site-packages/samuchair/webcamNode.py;timer_callback;20;122;Webcam : CONNECTED;webcam
1782728843.2891784;1782728843.2890515;/home/samuchair/ros2_ws/install/samuchair/lib/python3.12/site-packages/samuchair/opasistidaNode.py;update_tactil_izq;20;85;Dato publicado tactil izquierda: 1;opasistidaNode
1782728843.2901716;1782728843.2900772;/home/samuchair/ros2_ws/install/samuchair/lib/python3.12/site-packages/samuchair/opasistidaNode.py;timer_callback;20;109;Dato publicado Navegación Táctil:10;opasistidaNode
1782728843.4890618;1782728843.4889364;/home/samuchair/ros2_ws/install/samuchair/lib/python3.12/site-packages/samuchair/opasistidaNode.py;update_tactil_der;20;90;Dato publicado tactil derecha: 1;opasistidaNode
1782728843.4900894;1782728843.4899855;/home/samuchair/ros2_ws/install/samuchair/lib/python3.12/site-packages/samuchair/opasistidaNode.py;timer_callback;20;109;Dato publicado Navegación Táctil:3;opasistidaNode
1782728844.168733;1782728844.1686118;/home/samuchair/ros2_ws/install/samuchair/lib/python3.12/site-packages/samuchair/webcamNode.py;timer_callback;20;113;Frame: 21;webcam
1782728844.1696184;1782728844.169532;/home/samuchair/ros2_ws/install/samuchair/lib/python3.12/site-packages/samuchair/webcamNode.py;timer_callback;20;122;Webcam : CONNECTED;webcam
1782728844.8391953;1782728844.8390763;/home/samuchair/ros2_ws/install/samuchair/lib/python3.12/site-packages/samuchair/opasistidaNode.py;update_tactil_izq;20;85;Dato publicado tactil izquierda: 0;opasistidaNode
1782728844.8411791;1782728844.840426;/home/samuchair/ros2_ws/install/samuchair/lib/python3.12/site-packages/samuchair/opasistidaNode.py;timer_callback;20;109;Dato publicado Navegación Táctil:12;opasistidaNode
1782728844.9889882;1782728844.9888794;/home/samuchair/ros2_ws/install/samuchair/lib/python3.12/site-packages/samuchair/opasistidaNode.py;update_tactil_der;20;90;Dato publicado tactil derecha: 0;opasistidaNode
1782728844.9901164;1782728844.9899316;/home/samuchair/ros2_ws/install/samuchair/lib/python3.12/site-packages/samuchair/opasistidaNode.py;timer_callback;20;109;Dato publicado Navegación Táctil:0;opasistidaNode
1782728846.167433;1782728846.1673408;/home/samuchair/ros2_ws/install/samuchair/lib/python3.12/site-packages/samuchair/webcamNode.py;timer_callback;20;113;Frame: 22;webcam
1782728846.1681893;1782728846.1681063;/home/samuchair/ros2_ws/install/samuchair/lib/python3.12/site-packages/samuchair/webcamNode.py;timer_callback;20;122;Webcam : CONNECTED;webcam
1782728848.1688757;1782728848.1687613;/home/samuchair/ros2_ws/install/samuchair/lib/python3.12/site-packages/samuchair/webcamNode.py;timer_callback;20;113;Frame: 23;webcam
1782728848.1698027;1782728848.1697125;/home/samuchair/ros2_ws/install/samuchair/lib/python3.12/site-packages/samuchair/webcamNode.py;timer_callback;20;122;Webcam : CONNECTED;webcam
1782728850.1675436;1782728850.1674538;/home/samuchair/ros2_ws/install/samuchair/lib/python3.12/site-packages/samuchair/webcamNode.py;timer_callback;20;113;Frame: 24;webcam
1782728850.168281;1782728850.1682026;/home/samuchair/ros2_ws/install/samuchair/lib/python3.12/site-packages/samuchair/webcamNode.py;timer_callback;20;122;Webcam : CONNECTED;webcam
1782728852.1697068;1782728852.1695988;/home/samuchair/ros2_ws/install/samuchair/lib/python3.12/site-packages/samuchair/webcamNode.py;timer_callback;20;113;Frame: 25;webcam
1782728852.1704586;1782728852.170366;/home/samuchair/ros2_ws/install/samuchair/lib/python3.12/site-packages/samuchair/webcamNode.py;timer_callback;20;122;Webcam : CONNECTED;webcam
1782728854.1696165;1782728854.1695354;/home/samuchair/ros2_ws/install/samuchair/lib/python3.12/site-packages/samuchair/webcamNode.py;timer_callback;20;113;Frame: 26;webcam
1782728854.1703477;1782728854.1702669;/home/samuchair/ros2_ws/install/samuchair/lib/python3.12/site-packages/samuchair/webcamNode.py;timer_callback;20;122;Webcam : CONNECTED;webcam
1782728856.1702218;1782728856.1701462;/home/samuchair/ros2_ws/install/samuchair/lib/python3.12/site-packages/samuchair/webcamNode.py;timer_callback;20;113;Frame: 27;webcam
1782728856.1708865;1782728856.1707385;/home/samuchair/ros2_ws/install/samuchair/lib/python3.12/site-packages/samuchair/webcamNode.py;timer_callback;20;122;Webcam : CONNECTED;webcam
1782728858.1697247;1782728858.1696289;/home/samuchair/ros2_ws/install/samuchair/lib/python3.12/site-packages/samuchair/webcamNode.py;timer_callback;20;113;Frame: 28;webcam
1782728858.170469;1782728858.1703885;/home/samuchair/ros2_ws/install/samuchair/lib/python3.12/site-packages/samuchair/webcamNode.py;timer_callback;20;122;Webcam : CONNECTED;webcam
1782728858.4149566;1782728858.4148602;/home/samuchair/ros2_ws/install/samuchair/lib/python3.12/site-packages/samuchair/opasistidaNode.py;update_pot;20;147;Dato publicado potenciometro: 0;opasistidaNode
1782728860.1703236;1782728860.1702464;/home/samuchair/ros2_ws/install/samuchair/lib/python3.12/site-packages/samuchair/webcamNode.py;timer_callback;20;113;Frame: 29;webcam
1782728860.1710074;1782728860.1708426;/home/samuchair/ros2_ws/install/samuchair/lib/python3.12/site-packages/samuchair/webcamNode.py;timer_callback;20;122;Webcam : CONNECTED;webcam
1782728860.415999;1782728860.4158554;/home/samuchair/ros2_ws/install/samuchair/lib/python3.12/site-packages/samuchair/opasistidaNode.py;update_pot;20;147;Dato publicado potenciometro: 1;opasistidaNode
1782728862.1697695;1782728862.1696584;/home/samuchair/ros2_ws/install/samuchair/lib/python3.12/site-packages/samuchair/webcamNode.py;timer_callback;20;113;Frame: 30;webcam
1782728862.1705325;1782728862.170426;/home/samuchair/ros2_ws/install/samuchair/lib/python3.12/site-packages/samuchair/webcamNode.py;timer_callback;20;122;Webcam : CONNECTED;webcam
1782728864.1703973;1782728864.170286;/home/samuchair/ros2_ws/install/samuchair/lib/python3.12/site-packages/samuchair/webcamNode.py;timer_callback;20;113;Frame: 31;webcam
1782728864.1710167;1782728864.1709363;/home/samuchair/ros2_ws/install/samuchair/lib/python3.12/site-packages/samuchair/webcamNode.py;timer_callback;20;122;Webcam : CONNECTED;webcam
1782728864.2655594;1782728864.2653823;/home/samuchair/ros2_ws/install/samuchair/lib/python3.12/site-packages/samuchair/movilNode.py;timer_callback;20;300;Dato publicado Fase Ejecucion: 2;Movil
1782728864.266593;1782728864.265513;/home/samuchair/ros2_ws/install/samuchair/lib/python3.12/site-packages/samuchair/mainNode.py;callback_subMovilEjecucion;20;324;Comando Movil Ejecucion: 2;mainNode
1782728865.139053;1782728865.1388698;/home/samuchair/ros2_ws/install/samuchair/lib/python3.12/site-packages/samuchair/opasistidaNode.py;update_tactil_izq;20;85;Dato publicado tactil izquierda: 1;opasistidaNode
1782728865.1402032;1782728865.1400883;/home/samuchair/ros2_ws/install/samuchair/lib/python3.12/site-packages/samuchair/opasistidaNode.py;timer_callback;20;109;Dato publicado Navegación Táctil:9;opasistidaNode
1782728866.1894403;1782728866.1892424;/home/samuchair/ros2_ws/install/samuchair/lib/python3.12/site-packages/samuchair/webcamNode.py;timer_callback;20;113;Frame: 32;webcam
1782728866.1904254;1782728866.190283;/home/samuchair/ros2_ws/install/samuchair/lib/python3.12/site-packages/samuchair/webcamNode.py;timer_callback;20;122;Webcam : CONNECTED;webcam
1782728866.8392115;1782728866.8390882;/home/samuchair/ros2_ws/install/samuchair/lib/python3.12/site-packages/samuchair/opasistidaNode.py;update_tactil_der;20;90;Dato publicado tactil derecha: 1;opasistidaNode
1782728866.840314;1782728866.8401718;/home/samuchair/ros2_ws/install/samuchair/lib/python3.12/site-packages/samuchair/opasistidaNode.py;timer_callback;20;109;Dato publicado Navegación Táctil:0;opasistidaNode
1782728867.5393424;1782728867.5392168;/home/samuchair/ros2_ws/install/samuchair/lib/python3.12/site-packages/samuchair/opasistidaNode.py;update_tactil_izq;20;85;Dato publicado tactil izquierda: 0;opasistidaNode
1782728867.5403435;1782728867.5402484;/home/samuchair/ros2_ws/install/samuchair/lib/python3.12/site-packages/samuchair/opasistidaNode.py;timer_callback;20;109;Dato publicado Navegación Táctil:6;opasistidaNode
1782728867.7390494;1782728867.7389166;/home/samuchair/ros2_ws/install/samuchair/lib/python3.12/site-packages/samuchair/opasistidaNode.py;update_tactil_der;20;90;Dato publicado tactil derecha: 0;opasistidaNode
1782728867.7400236;1782728867.7399225;/home/samuchair/ros2_ws/install/samuchair/lib/python3.12/site-packages/samuchair/opasistidaNode.py;timer_callback;20;109;Dato publicado Navegación Táctil:0;opasistidaNode
1782728868.1692023;1782728868.1691015;/home/samuchair/ros2_ws/install/samuchair/lib/python3.12/site-packages/samuchair/webcamNode.py;timer_callback;20;113;Frame: 33;webcam
1782728868.1698997;1782728868.1698282;/home/samuchair/ros2_ws/install/samuchair/lib/python3.12/site-packages/samuchair/webcamNode.py;timer_callback;20;122;Webcam : CONNECTED;webcam
1782728868.415155;1782728868.4150496;/home/samuchair/ros2_ws/install/samuchair/lib/python3.12/site-packages/samuchair/opasistidaNode.py;update_pot;20;147;Dato publicado potenciometro: 1;opasistidaNode
1782728868.439016;1782728868.4389026;/home/samuchair/ros2_ws/install/samuchair/lib/python3.12/site-packages/samuchair/opasistidaNode.py;update_tactil_izq;20;85;Dato publicado tactil izquierda: 1;opasistidaNode
1782728868.8391016;1782728868.8389664;/home/samuchair/ros2_ws/install/samuchair/lib/python3.12/site-packages/samuchair/opasistidaNode.py;update_tactil_der;20;90;Dato publicado tactil derecha: 1;opasistidaNode
1782728869.4164543;1782728869.4163342;/home/samuchair/ros2_ws/install/samuchair/lib/python3.12/site-packages/samuchair/opasistidaNode.py;timer_callback;20;109;Dato publicado Navegación Táctil:3;opasistidaNode
1782728869.4174078;1782728869.417298;/home/samuchair/ros2_ws/install/samuchair/lib/python3.12/site-packages/samuchair/opasistidaNode.py;update_pot;20;147;Dato publicado potenciometro: 2;opasistidaNode
1782728870.170407;1782728870.1703074;/home/samuchair/ros2_ws/install/samuchair/lib/python3.12/site-packages/samuchair/webcamNode.py;timer_callback;20;113;Frame: 34;webcam
1782728870.1711175;1782728870.1710265;/home/samuchair/ros2_ws/install/samuchair/lib/python3.12/site-packages/samuchair/webcamNode.py;timer_callback;20;122;Webcam : CONNECTED;webcam
1782728870.4389915;1782728870.4388688;/home/samuchair/ros2_ws/install/samuchair/lib/python3.12/site-packages/samuchair/opasistidaNode.py;update_tactil_der;20;90;Dato publicado tactil derecha: 0;opasistidaNode
1782728870.440202;1782728870.4400148;/home/samuchair/ros2_ws/install/samuchair/lib/python3.12/site-packages/samuchair/opasistidaNode.py;timer_callback;20;109;Dato publicado Navegación Táctil:10;opasistidaNode
1782728872.1695237;1782728872.1694303;/home/samuchair/ros2_ws/install/samuchair/lib/python3.12/site-packages/samuchair/webcamNode.py;timer_callback;20;113;Frame: 35;webcam
1782728872.1702569;1782728872.1701798;/home/samuchair/ros2_ws/install/samuchair/lib/python3.12/site-packages/samuchair/webcamNode.py;timer_callback;20;122;Webcam : CONNECTED;webcam
1782728874.1692927;1782728874.169201;/home/samuchair/ros2_ws/install/samuchair/lib/python3.12/site-packages/samuchair/webcamNode.py;timer_callback;20;113;Frame: 36;webcam
1782728874.1701918;1782728874.1700897;/home/samuchair/ros2_ws/install/samuchair/lib/python3.12/site-packages/samuchair/webcamNode.py;timer_callback;20;122;Webcam : CONNECTED;webcam
1782728875.539125;1782728875.539;/home/samuchair/ros2_ws/install/samuchair/lib/python3.12/site-packages/samuchair/opasistidaNode.py;update_tactil_izq;20;85;Dato publicado tactil izquierda: 0;opasistidaNode
1782728875.540173;1782728875.5400696;/home/samuchair/ros2_ws/install/samuchair/lib/python3.12/site-packages/samuchair/opasistidaNode.py;timer_callback;20;109;Dato publicado Navegación Táctil:0;opasistidaNode
1782728876.1691499;1782728876.1689754;/home/samuchair/ros2_ws/install/samuchair/lib/python3.12/site-packages/samuchair/webcamNode.py;timer_callback;20;113;Frame: 37;webcam
1782728876.1698039;1782728876.1697288;/home/samuchair/ros2_ws/install/samuchair/lib/python3.12/site-packages/samuchair/webcamNode.py;timer_callback;20;122;Webcam : CONNECTED;webcam
1782728878.16924;1782728878.1691456;/home/samuchair/ros2_ws/install/samuchair/lib/python3.12/site-packages/samuchair/webcamNode.py;timer_callback;20;113;Frame: 38;webcam
1782728878.1700993;1782728878.1700215;/home/samuchair/ros2_ws/install/samuchair/lib/python3.12/site-packages/samuchair/webcamNode.py;timer_callback;20;122;Webcam : CONNECTED;webcam
1782728878.415259;1782728878.415113;/home/samuchair/ros2_ws/install/samuchair/lib/python3.12/site-packages/samuchair/opasistidaNode.py;update_pot;20;147;Dato publicado potenciometro: 0;opasistidaNode
1782728879.089234;1782728879.089115;/home/samuchair/ros2_ws/install/samuchair/lib/python3.12/site-packages/samuchair/opasistidaNode.py;update_tactil_izq;20;85;Dato publicado tactil izquierda: 1;opasistidaNode
1782728879.0902367;1782728879.090134;/home/samuchair/ros2_ws/install/samuchair/lib/python3.12/site-packages/samuchair/opasistidaNode.py;timer_callback;20;109;Dato publicado Navegación Táctil:15;opasistidaNode
1782728879.4150946;1782728879.4149652;/home/samuchair/ros2_ws/install/samuchair/lib/python3.12/site-packages/samuchair/opasistidaNode.py;update_pot;20;147;Dato publicado potenciometro: 0;opasistidaNode
1782728879.6388664;1782728879.6387637;/home/samuchair/ros2_ws/install/samuchair/lib/python3.12/site-packages/samuchair/opasistidaNode.py;update_tactil_izq;20;85;Dato publicado tactil izquierda: 0;opasistidaNode
1782728879.6408918;1782728879.6397018;/home/samuchair/ros2_ws/install/samuchair/lib/python3.12/site-packages/samuchair/opasistidaNode.py;timer_callback;20;109;Dato publicado Navegación Táctil:0;opasistidaNode
1782728880.168223;1782728880.1681297;/home/samuchair/ros2_ws/install/samuchair/lib/python3.12/site-packages/samuchair/webcamNode.py;timer_callback;20;113;Frame: 39;webcam
1782728880.1689546;1782728880.1688547;/home/samuchair/ros2_ws/install/samuchair/lib/python3.12/site-packages/samuchair/webcamNode.py;timer_callback;20;122;Webcam : CONNECTED;webcam
1782728882.168807;1782728882.168701;/home/samuchair/ros2_ws/install/samuchair/lib/python3.12/site-packages/samuchair/webcamNode.py;timer_callback;20;113;Frame: 40;webcam
1782728882.169725;1782728882.1696317;/home/samuchair/ros2_ws/install/samuchair/lib/python3.12/site-packages/samuchair/webcamNode.py;timer_callback;20;122;Webcam : CONNECTED;webcam
1782728884.1691556;1782728884.1690662;/home/samuchair/ros2_ws/install/samuchair/lib/python3.12/site-packages/samuchair/webcamNode.py;timer_callback;20;113;Frame: 41;webcam
1782728884.1698775;1782728884.1697903;/home/samuchair/ros2_ws/install/samuchair/lib/python3.12/site-packages/samuchair/webcamNode.py;timer_callback;20;122;Webcam : CONNECTED;webcam
1782728885.2666645;1782728885.2654626;/home/samuchair/ros2_ws/install/samuchair/lib/python3.12/site-packages/samuchair/movilNode.py;timer_callback;20;300;Dato publicado Fase Ejecucion: 50;Movil
1782728885.266711;1782728885.2656257;/home/samuchair/ros2_ws/install/samuchair/lib/python3.12/site-packages/samuchair/mainNode.py;callback_subMovilEjecucion;20;324;Comando Movil Ejecucion: 50;mainNode
1782728886.1691716;1782728886.1690676;/home/samuchair/ros2_ws/install/samuchair/lib/python3.12/site-packages/samuchair/webcamNode.py;timer_callback;20;113;Frame: 42;webcam
1782728886.170091;1782728886.170002;/home/samuchair/ros2_ws/install/samuchair/lib/python3.12/site-packages/samuchair/webcamNode.py;timer_callback;20;122;Webcam : CONNECTED;webcam
1782728888.1684387;1782728888.1683464;/home/samuchair/ros2_ws/install/samuchair/lib/python3.12/site-packages/samuchair/webcamNode.py;timer_callback;20;113;Frame: 43;webcam
1782728888.1691704;1782728888.1690965;/home/samuchair/ros2_ws/install/samuchair/lib/python3.12/site-packages/samuchair/webcamNode.py;timer_callback;20;122;Webcam : CONNECTED;webcam
1782728888.7665129;1782728888.7655225;/home/samuchair/ros2_ws/install/samuchair/lib/python3.12/site-packages/samuchair/mainNode.py;callback_subMovilEjecucion;20;324;Comando Movil Ejecucion: 3;mainNode
1782728888.766548;1782728888.7655158;/home/samuchair/ros2_ws/install/samuchair/lib/python3.12/site-packages/samuchair/movilNode.py;timer_callback;20;300;Dato publicado Fase Ejecucion: 3;Movil
1782728889.93903;1782728889.9388988;/home/samuchair/ros2_ws/install/samuchair/lib/python3.12/site-packages/samuchair/opasistidaNode.py;update_tactil_izq;20;85;Dato publicado tactil izquierda: 1;opasistidaNode
1782728889.9400623;1782728889.9399357;/home/samuchair/ros2_ws/install/samuchair/lib/python3.12/site-packages/samuchair/opasistidaNode.py;timer_callback;20;109;Dato publicado Navegación Táctil:15;opasistidaNode
1782728890.169065;1782728890.1689742;/home/samuchair/ros2_ws/install/samuchair/lib/python3.12/site-packages/samuchair/webcamNode.py;timer_callback;20;113;Frame: 44;webcam
1782728890.1699626;1782728890.1698573;/home/samuchair/ros2_ws/install/samuchair/lib/python3.12/site-packages/samuchair/webcamNode.py;timer_callback;20;122;Webcam : CONNECTED;webcam
1782728891.3891969;1782728891.3890707;/home/samuchair/ros2_ws/install/samuchair/lib/python3.12/site-packages/samuchair/opasistidaNode.py;update_tactil_izq;20;85;Dato publicado tactil izquierda: 0;opasistidaNode
1782728891.391015;1782728891.3900967;/home/samuchair/ros2_ws/install/samuchair/lib/python3.12/site-packages/samuchair/opasistidaNode.py;timer_callback;20;109;Dato publicado Navegación Táctil:0;opasistidaNode
1782728891.9892116;1782728891.9890893;/home/samuchair/ros2_ws/install/samuchair/lib/python3.12/site-packages/samuchair/opasistidaNode.py;update_tactil_izq;20;85;Dato publicado tactil izquierda: 1;opasistidaNode
1782728891.990192;1782728891.9900916;/home/samuchair/ros2_ws/install/samuchair/lib/python3.12/site-packages/samuchair/opasistidaNode.py;timer_callback;20;109;Dato publicado Navegación Táctil:15;opasistidaNode
1782728892.169796;1782728892.1697128;/home/samuchair/ros2_ws/install/samuchair/lib/python3.12/site-packages/samuchair/webcamNode.py;timer_callback;20;113;Frame: 45;webcam
1782728892.1706042;1782728892.1705234;/home/samuchair/ros2_ws/install/samuchair/lib/python3.12/site-packages/samuchair/webcamNode.py;timer_callback;20;122;Webcam : CONNECTED;webcam
1782728892.68904;1782728892.6889126;/home/samuchair/ros2_ws/install/samuchair/lib/python3.12/site-packages/samuchair/opasistidaNode.py;update_tactil_izq;20;85;Dato publicado tactil izquierda: 0;opasistidaNode
1782728892.6901436;1782728892.6899161;/home/samuchair/ros2_ws/install/samuchair/lib/python3.12/site-packages/samuchair/opasistidaNode.py;timer_callback;20;109;Dato publicado Navegación Táctil:0;opasistidaNode
1782728893.0392005;1782728893.039091;/home/samuchair/ros2_ws/install/samuchair/lib/python3.12/site-packages/samuchair/opasistidaNode.py;update_tactil_izq;20;85;Dato publicado tactil izquierda: 1;opasistidaNode
1782728893.0408783;1782728893.0401561;/home/samuchair/ros2_ws/install/samuchair/lib/python3.12/site-packages/samuchair/opasistidaNode.py;timer_callback;20;109;Dato publicado Navegación Táctil:15;opasistidaNode
1782728894.1707633;1782728894.170677;/home/samuchair/ros2_ws/install/samuchair/lib/python3.12/site-packages/samuchair/webcamNode.py;timer_callback;20;113;Frame: 46;webcam
1782728894.1714025;1782728894.1712968;/home/samuchair/ros2_ws/install/samuchair/lib/python3.12/site-packages/samuchair/webcamNode.py;timer_callback;20;122;Webcam : CONNECTED;webcam
1782728896.1699622;1782728896.1698806;/home/samuchair/ros2_ws/install/samuchair/lib/python3.12/site-packages/samuchair/webcamNode.py;timer_callback;20;113;Frame: 47;webcam
1782728896.1707056;1782728896.1706314;/home/samuchair/ros2_ws/install/samuchair/lib/python3.12/site-packages/samuchair/webcamNode.py;timer_callback;20;122;Webcam : CONNECTED;webcam
1782728898.1706848;1782728898.1706066;/home/samuchair/ros2_ws/install/samuchair/lib/python3.12/site-packages/samuchair/webcamNode.py;timer_callback;20;113;Frame: 48;webcam
1782728898.171346;1782728898.1712315;/home/samuchair/ros2_ws/install/samuchair/lib/python3.12/site-packages/samuchair/webcamNode.py;timer_callback;20;122;Webcam : CONNECTED;webcam
1782728898.6889122;1782728898.6888053;/home/samuchair/ros2_ws/install/samuchair/lib/python3.12/site-packages/samuchair/opasistidaNode.py;update_tactil_izq;20;85;Dato publicado tactil izquierda: 0;opasistidaNode
1782728898.690776;1782728898.6898599;/home/samuchair/ros2_ws/install/samuchair/lib/python3.12/site-packages/samuchair/opasistidaNode.py;timer_callback;20;109;Dato publicado Navegación Táctil:0;opasistidaNode
1782728900.1690853;1782728900.1689954;/home/samuchair/ros2_ws/install/samuchair/lib/python3.12/site-packages/samuchair/webcamNode.py;timer_callback;20;113;Frame: 49;webcam
1782728900.1698084;1782728900.1697297;/home/samuchair/ros2_ws/install/samuchair/lib/python3.12/site-packages/samuchair/webcamNode.py;timer_callback;20;122;Webcam : CONNECTED;webcam
1782728901.2657125;1782728901.2654963;/home/samuchair/ros2_ws/install/samuchair/lib/python3.12/site-packages/samuchair/movilNode.py;timer_callback;20;300;Dato publicado Fase Ejecucion: 50;Movil
1782728901.265925;1782728901.265784;/home/samuchair/ros2_ws/install/samuchair/lib/python3.12/site-packages/samuchair/mainNode.py;callback_subMovilEjecucion;20;324;Comando Movil Ejecucion: 50;mainNode
1782728902.169172;1782728902.1690726;/home/samuchair/ros2_ws/install/samuchair/lib/python3.12/site-packages/samuchair/webcamNode.py;timer_callback;20;113;Frame: 50;webcam
1782728902.1700644;1782728902.1699798;/home/samuchair/ros2_ws/install/samuchair/lib/python3.12/site-packages/samuchair/webcamNode.py;timer_callback;20;122;Webcam : CONNECTED;webcam
1782728903.765367;1782728903.7652535;/home/samuchair/ros2_ws/install/samuchair/lib/python3.12/site-packages/samuchair/movilNode.py;timer_callback;20;300;Dato publicado Fase Ejecucion: 4;Movil
1782728903.7660944;1782728903.7654912;/home/samuchair/ros2_ws/install/samuchair/lib/python3.12/site-packages/samuchair/mainNode.py;callback_subMovilEjecucion;20;324;Comando Movil Ejecucion: 4;mainNode
1782728904.16847;1782728904.1683838;/home/samuchair/ros2_ws/install/samuchair/lib/python3.12/site-packages/samuchair/webcamNode.py;timer_callback;20;113;Frame: 51;webcam
1782728904.169207;1782728904.1691115;/home/samuchair/ros2_ws/install/samuchair/lib/python3.12/site-packages/samuchair/webcamNode.py;timer_callback;20;122;Webcam : CONNECTED;webcam
1782728905.0393155;1782728905.0391967;/home/samuchair/ros2_ws/install/samuchair/lib/python3.12/site-packages/samuchair/opasistidaNode.py;update_tactil_der;20;90;Dato publicado tactil derecha: 1;opasistidaNode
1782728905.0403287;1782728905.0402253;/home/samuchair/ros2_ws/install/samuchair/lib/python3.12/site-packages/samuchair/opasistidaNode.py;timer_callback;20;109;Dato publicado Navegación Táctil:17;opasistidaNode
1782728906.1689818;1782728906.1688755;/home/samuchair/ros2_ws/install/samuchair/lib/python3.12/site-packages/samuchair/webcamNode.py;timer_callback;20;113;Frame: 52;webcam
1782728906.1698687;1782728906.1697834;/home/samuchair/ros2_ws/install/samuchair/lib/python3.12/site-packages/samuchair/webcamNode.py;timer_callback;20;122;Webcam : CONNECTED;webcam
1782728906.6891766;1782728906.689072;/home/samuchair/ros2_ws/install/samuchair/lib/python3.12/site-packages/samuchair/opasistidaNode.py;update_tactil_der;20;90;Dato publicado tactil derecha: 0;opasistidaNode
1782728906.6902366;1782728906.690111;/home/samuchair/ros2_ws/install/samuchair/lib/python3.12/site-packages/samuchair/opasistidaNode.py;timer_callback;20;109;Dato publicado Navegación Táctil:0;opasistidaNode
1782728908.169893;1782728908.169822;/home/samuchair/ros2_ws/install/samuchair/lib/python3.12/site-packages/samuchair/webcamNode.py;timer_callback;20;113;Frame: 53;webcam
1782728908.1706173;1782728908.1705415;/home/samuchair/ros2_ws/install/samuchair/lib/python3.12/site-packages/samuchair/webcamNode.py;timer_callback;20;122;Webcam : CONNECTED;webcam
1782728908.4160671;1782728908.4150624;/home/samuchair/ros2_ws/install/samuchair/lib/python3.12/site-packages/samuchair/opasistidaNode.py;update_pot;20;147;Dato publicado potenciometro: 2;opasistidaNode
1782728908.7890773;1782728908.788955;/home/samuchair/ros2_ws/install/samuchair/lib/python3.12/site-packages/samuchair/opasistidaNode.py;update_tactil_izq;20;85;Dato publicado tactil izquierda: 1;opasistidaNode
1782728908.7900562;1782728908.7899625;/home/samuchair/ros2_ws/install/samuchair/lib/python3.12/site-packages/samuchair/opasistidaNode.py;timer_callback;20;109;Dato publicado Navegación Táctil:10;opasistidaNode
1782728908.93908;1782728908.9389677;/home/samuchair/ros2_ws/install/samuchair/lib/python3.12/site-packages/samuchair/opasistidaNode.py;update_tactil_der;20;90;Dato publicado tactil derecha: 1;opasistidaNode
1782728908.9401164;1782728908.940002;/home/samuchair/ros2_ws/install/samuchair/lib/python3.12/site-packages/samuchair/opasistidaNode.py;timer_callback;20;109;Dato publicado Navegación Táctil:3;opasistidaNode
1782728910.1708572;1782728910.1707702;/home/samuchair/ros2_ws/install/samuchair/lib/python3.12/site-packages/samuchair/webcamNode.py;timer_callback;20;113;Frame: 54;webcam
1782728910.1714897;1782728910.1714182;/home/samuchair/ros2_ws/install/samuchair/lib/python3.12/site-packages/samuchair/webcamNode.py;timer_callback;20;122;Webcam : CONNECTED;webcam
1782728910.7889707;1782728910.7888417;/home/samuchair/ros2_ws/install/samuchair/lib/python3.12/site-packages/samuchair/opasistidaNode.py;update_tactil_izq;20;85;Dato publicado tactil izquierda: 0;opasistidaNode
1782728910.789981;1782728910.7898674;/home/samuchair/ros2_ws/install/samuchair/lib/python3.12/site-packages/samuchair/opasistidaNode.py;timer_callback;20;109;Dato publicado Navegación Táctil:12;opasistidaNode
1782728912.1700835;1782728912.1699746;/home/samuchair/ros2_ws/install/samuchair/lib/python3.12/site-packages/samuchair/webcamNode.py;timer_callback;20;113;Frame: 55;webcam
1782728912.1709266;1782728912.1708202;/home/samuchair/ros2_ws/install/samuchair/lib/python3.12/site-packages/samuchair/webcamNode.py;timer_callback;20;122;Webcam : CONNECTED;webcam
1782728914.1689177;1782728914.1688046;/home/samuchair/ros2_ws/install/samuchair/lib/python3.12/site-packages/samuchair/webcamNode.py;timer_callback;20;113;Frame: 56;webcam
1782728914.1698146;1782728914.1697235;/home/samuchair/ros2_ws/install/samuchair/lib/python3.12/site-packages/samuchair/webcamNode.py;timer_callback;20;122;Webcam : CONNECTED;webcam
1782728914.4390087;1782728914.438901;/home/samuchair/ros2_ws/install/samuchair/lib/python3.12/site-packages/samuchair/opasistidaNode.py;update_tactil_izq;20;85;Dato publicado tactil izquierda: 1;opasistidaNode
1782728914.4399114;1782728914.4398139;/home/samuchair/ros2_ws/install/samuchair/lib/python3.12/site-packages/samuchair/opasistidaNode.py;timer_callback;20;109;Dato publicado Navegación Táctil:3;opasistidaNode
1782728914.9389603;1782728914.938828;/home/samuchair/ros2_ws/install/samuchair/lib/python3.12/site-packages/samuchair/opasistidaNode.py;update_tactil_izq;20;85;Dato publicado tactil izquierda: 0;opasistidaNode
1782728914.9410224;1782728914.9398627;/home/samuchair/ros2_ws/install/samuchair/lib/python3.12/site-packages/samuchair/opasistidaNode.py;timer_callback;20;109;Dato publicado Navegación Táctil:12;opasistidaNode
1782728915.5891786;1782728915.5890603;/home/samuchair/ros2_ws/install/samuchair/lib/python3.12/site-packages/samuchair/opasistidaNode.py;update_tactil_der;20;90;Dato publicado tactil derecha: 0;opasistidaNode
1782728915.5912313;1782728915.5901632;/home/samuchair/ros2_ws/install/samuchair/lib/python3.12/site-packages/samuchair/opasistidaNode.py;timer_callback;20;109;Dato publicado Navegación Táctil:0;opasistidaNode
1782728916.1692605;1782728916.16918;/home/samuchair/ros2_ws/install/samuchair/lib/python3.12/site-packages/samuchair/webcamNode.py;timer_callback;20;113;Frame: 57;webcam
1782728916.169992;1782728916.1698961;/home/samuchair/ros2_ws/install/samuchair/lib/python3.12/site-packages/samuchair/webcamNode.py;timer_callback;20;122;Webcam : CONNECTED;webcam
1782728916.2391644;1782728916.2390509;/home/samuchair/ros2_ws/install/samuchair/lib/python3.12/site-packages/samuchair/opasistidaNode.py;update_tactil_izq;20;85;Dato publicado tactil izquierda: 1;opasistidaNode
1782728916.2412183;1782728916.240119;/home/samuchair/ros2_ws/install/samuchair/lib/python3.12/site-packages/samuchair/opasistidaNode.py;timer_callback;20;109;Dato publicado Navegación Táctil:10;opasistidaNode
1782728916.3390539;1782728916.3389246;/home/samuchair/ros2_ws/install/samuchair/lib/python3.12/site-packages/samuchair/opasistidaNode.py;update_tactil_der;20;90;Dato publicado tactil derecha: 1;opasistidaNode
1782728916.34005;1782728916.339916;/home/samuchair/ros2_ws/install/samuchair/lib/python3.12/site-packages/samuchair/opasistidaNode.py;timer_callback;20;109;Dato publicado Navegación Táctil:3;opasistidaNode
1782728918.0390286;1782728918.038905;/home/samuchair/ros2_ws/install/samuchair/lib/python3.12/site-packages/samuchair/opasistidaNode.py;update_tactil_izq;20;85;Dato publicado tactil izquierda: 0;opasistidaNode
1782728918.0399623;1782728918.0398278;/home/samuchair/ros2_ws/install/samuchair/lib/python3.12/site-packages/samuchair/opasistidaNode.py;timer_callback;20;109;Dato publicado Navegación Táctil:12;opasistidaNode
1782728918.1703284;1782728918.169891;/home/samuchair/ros2_ws/install/samuchair/lib/python3.12/site-packages/samuchair/webcamNode.py;timer_callback;20;113;Frame: 58;webcam
1782728918.1708357;1782728918.1707373;/home/samuchair/ros2_ws/install/samuchair/lib/python3.12/site-packages/samuchair/webcamNode.py;timer_callback;20;122;Webcam : CONNECTED;webcam
1782728918.7892137;1782728918.789093;/home/samuchair/ros2_ws/install/samuchair/lib/python3.12/site-packages/samuchair/opasistidaNode.py;update_tactil_izq;20;85;Dato publicado tactil izquierda: 1;opasistidaNode
1782728918.7902262;1782728918.7901368;/home/samuchair/ros2_ws/install/samuchair/lib/python3.12/site-packages/samuchair/opasistidaNode.py;timer_callback;20;109;Dato publicado Navegación Táctil:3;opasistidaNode
1782728920.1685495;1782728920.168448;/home/samuchair/ros2_ws/install/samuchair/lib/python3.12/site-packages/samuchair/webcamNode.py;timer_callback;20;113;Frame: 59;webcam
1782728920.1693158;1782728920.1692328;/home/samuchair/ros2_ws/install/samuchair/lib/python3.12/site-packages/samuchair/webcamNode.py;timer_callback;20;122;Webcam : CONNECTED;webcam
1782728920.5390089;1782728920.5388803;/home/samuchair/ros2_ws/install/samuchair/lib/python3.12/site-packages/samuchair/opasistidaNode.py;update_tactil_izq;20;85;Dato publicado tactil izquierda: 0;opasistidaNode
1782728920.5413728;1782728920.5399358;/home/samuchair/ros2_ws/install/samuchair/lib/python3.12/site-packages/samuchair/opasistidaNode.py;timer_callback;20;109;Dato publicado Navegación Táctil:12;opasistidaNode
1782728920.6389718;1782728920.63885;/home/samuchair/ros2_ws/install/samuchair/lib/python3.12/site-packages/samuchair/opasistidaNode.py;update_tactil_der;20;90;Dato publicado tactil derecha: 0;opasistidaNode
1782728920.6400366;1782728920.6399024;/home/samuchair/ros2_ws/install/samuchair/lib/python3.12/site-packages/samuchair/opasistidaNode.py;timer_callback;20;109;Dato publicado Navegación Táctil:0;opasistidaNode
1782728922.1691191;1782728922.1690307;/home/samuchair/ros2_ws/install/samuchair/lib/python3.12/site-packages/samuchair/webcamNode.py;timer_callback;20;113;Frame: 60;webcam
1782728922.170027;1782728922.1699288;/home/samuchair/ros2_ws/install/samuchair/lib/python3.12/site-packages/samuchair/webcamNode.py;timer_callback;20;122;Webcam : CONNECTED;webcam
1782728922.7660081;1782728922.7654562;/home/samuchair/ros2_ws/install/samuchair/lib/python3.12/site-packages/samuchair/movilNode.py;timer_callback;20;300;Dato publicado Fase Ejecucion: 50;Movil
1782728922.766044;1782728922.7657912;/home/samuchair/ros2_ws/install/samuchair/lib/python3.12/site-packages/samuchair/mainNode.py;callback_subMovilEjecucion;20;324;Comando Movil Ejecucion: 50;mainNode
1782728924.1684544;1782728924.1683545;/home/samuchair/ros2_ws/install/samuchair/lib/python3.12/site-packages/samuchair/webcamNode.py;timer_callback;20;113;Frame: 61;webcam
1782728924.16924;1782728924.1691585;/home/samuchair/ros2_ws/install/samuchair/lib/python3.12/site-packages/samuchair/webcamNode.py;timer_callback;20;122;Webcam : CONNECTED;webcam
1782728926.1687613;1782728926.1686444;/home/samuchair/ros2_ws/install/samuchair/lib/python3.12/site-packages/samuchair/webcamNode.py;timer_callback;20;113;Frame: 62;webcam
1782728926.1696632;1782728926.169575;/home/samuchair/ros2_ws/install/samuchair/lib/python3.12/site-packages/samuchair/webcamNode.py;timer_callback;20;122;Webcam : CONNECTED;webcam
1782728928.166064;1782728928.1653464;/home/samuchair/ros2_ws/install/samuchair/lib/python3.12/site-packages/samuchair/webcamNode.py;timer_callback;20;113;Frame: 63;webcam
1782728928.1660876;1782728928.1659124;/home/samuchair/ros2_ws/install/samuchair/lib/python3.12/site-packages/samuchair/webcamNode.py;timer_callback;20;122;Webcam : CONNECTED;webcam
1782728928.266265;1782728928.2661033;/home/samuchair/ros2_ws/install/samuchair/lib/python3.12/site-packages/samuchair/mainNode.py;callback_subMovilEjecucion;20;324;Comando Movil Ejecucion: 5;mainNode
1782728928.2670145;1782728928.2668762;/home/samuchair/ros2_ws/install/samuchair/lib/python3.12/site-packages/samuchair/movilNode.py;timer_callback;20;300;Dato publicado Fase Ejecucion: 5;Movil
1782728929.1891758;1782728929.1890655;/home/samuchair/ros2_ws/install/samuchair/lib/python3.12/site-packages/samuchair/opasistidaNode.py;update_tactil_izq;20;85;Dato publicado tactil izquierda: 1;opasistidaNode
1782728929.1902523;1782728929.1901338;/home/samuchair/ros2_ws/install/samuchair/lib/python3.12/site-packages/samuchair/opasistidaNode.py;timer_callback;20;109;Dato publicado Navegación Táctil:10;opasistidaNode
1782728930.1706047;1782728930.170532;/home/samuchair/ros2_ws/install/samuchair/lib/python3.12/site-packages/samuchair/webcamNode.py;timer_callback;20;113;Frame: 64;webcam
1782728930.1712828;1782728930.1712005;/home/samuchair/ros2_ws/install/samuchair/lib/python3.12/site-packages/samuchair/webcamNode.py;timer_callback;20;122;Webcam : CONNECTED;webcam
1782728930.3389168;1782728930.338815;/home/samuchair/ros2_ws/install/samuchair/lib/python3.12/site-packages/samuchair/opasistidaNode.py;update_tactil_izq;20;85;Dato publicado tactil izquierda: 0;opasistidaNode
1782728930.3399146;1782728930.3398187;/home/samuchair/ros2_ws/install/samuchair/lib/python3.12/site-packages/samuchair/opasistidaNode.py;timer_callback;20;109;Dato publicado Navegación Táctil:0;opasistidaNode
1782728931.4151304;1782728931.4150243;/home/samuchair/ros2_ws/install/samuchair/lib/python3.12/site-packages/samuchair/opasistidaNode.py;update_pot;20;147;Dato publicado potenciometro: 0;opasistidaNode
1782728931.7389514;1782728931.7388294;/home/samuchair/ros2_ws/install/samuchair/lib/python3.12/site-packages/samuchair/opasistidaNode.py;update_tactil_izq;20;85;Dato publicado tactil izquierda: 1;opasistidaNode
1782728931.7404811;1782728931.739925;/home/samuchair/ros2_ws/install/samuchair/lib/python3.12/site-packages/samuchair/opasistidaNode.py;timer_callback;20;109;Dato publicado Navegación Táctil:15;opasistidaNode
1782728932.169709;1782728932.1696186;/home/samuchair/ros2_ws/install/samuchair/lib/python3.12/site-packages/samuchair/webcamNode.py;timer_callback;20;113;Frame: 65;webcam
1782728932.1704636;1782728932.1703722;/home/samuchair/ros2_ws/install/samuchair/lib/python3.12/site-packages/samuchair/webcamNode.py;timer_callback;20;122;Webcam : CONNECTED;webcam
1782728932.415085;1782728932.4149706;/home/samuchair/ros2_ws/install/samuchair/lib/python3.12/site-packages/samuchair/opasistidaNode.py;update_pot;20;147;Dato publicado potenciometro: 0;opasistidaNode
1782728933.7892065;1782728933.789085;/home/samuchair/ros2_ws/install/samuchair/lib/python3.12/site-packages/samuchair/opasistidaNode.py;update_tactil_der;20;90;Dato publicado tactil derecha: 1;opasistidaNode
1782728933.7912552;1782728933.7902095;/home/samuchair/ros2_ws/install/samuchair/lib/python3.12/site-packages/samuchair/opasistidaNode.py;timer_callback;20;109;Dato publicado Navegación Táctil:5;opasistidaNode
1782728934.1703715;1782728934.1702883;/home/samuchair/ros2_ws/install/samuchair/lib/python3.12/site-packages/samuchair/webcamNode.py;timer_callback;20;113;Frame: 66;webcam
1782728934.17104;1782728934.1709318;/home/samuchair/ros2_ws/install/samuchair/lib/python3.12/site-packages/samuchair/webcamNode.py;timer_callback;20;122;Webcam : CONNECTED;webcam
1782728934.1889215;1782728934.1888173;/home/samuchair/ros2_ws/install/samuchair/lib/python3.12/site-packages/samuchair/opasistidaNode.py;update_tactil_der;20;90;Dato publicado tactil derecha: 0;opasistidaNode
1782728934.1898012;1782728934.1897097;/home/samuchair/ros2_ws/install/samuchair/lib/python3.12/site-packages/samuchair/opasistidaNode.py;timer_callback;20;109;Dato publicado Navegación Táctil:15;opasistidaNode
1782728936.169689;1782728936.1696012;/home/samuchair/ros2_ws/install/samuchair/lib/python3.12/site-packages/samuchair/webcamNode.py;timer_callback;20;113;Frame: 67;webcam
1782728936.170451;1782728936.1703708;/home/samuchair/ros2_ws/install/samuchair/lib/python3.12/site-packages/samuchair/webcamNode.py;timer_callback;20;122;Webcam : CONNECTED;webcam
1782728938.1690931;1782728938.1689267;/home/samuchair/ros2_ws/install/samuchair/lib/python3.12/site-packages/samuchair/webcamNode.py;timer_callback;20;113;Frame: 68;webcam
1782728938.1700308;1782728938.1699214;/home/samuchair/ros2_ws/install/samuchair/lib/python3.12/site-packages/samuchair/webcamNode.py;timer_callback;20;122;Webcam : CONNECTED;webcam
1782728939.8891976;1782728939.8890717;/home/samuchair/ros2_ws/install/samuchair/lib/python3.12/site-packages/samuchair/opasistidaNode.py;update_tactil_izq;20;85;Dato publicado tactil izquierda: 0;opasistidaNode
1782728939.8901663;1782728939.8900688;/home/samuchair/ros2_ws/install/samuchair/lib/python3.12/site-packages/samuchair/opasistidaNode.py;timer_callback;20;109;Dato publicado Navegación Táctil:0;opasistidaNode
1782728940.0891871;1782728940.0890727;/home/samuchair/ros2_ws/install/samuchair/lib/python3.12/site-packages/samuchair/opasistidaNode.py;update_tactil_der;20;90;Dato publicado tactil derecha: 1;opasistidaNode
1782728940.0901875;1782728940.0900917;/home/samuchair/ros2_ws/install/samuchair/lib/python3.12/site-packages/samuchair/opasistidaNode.py;timer_callback;20;109;Dato publicado Navegación Táctil:17;opasistidaNode
1782728940.1691754;1782728940.1690946;/home/samuchair/ros2_ws/install/samuchair/lib/python3.12/site-packages/samuchair/webcamNode.py;timer_callback;20;113;Frame: 69;webcam
1782728940.1699064;1782728940.1698291;/home/samuchair/ros2_ws/install/samuchair/lib/python3.12/site-packages/samuchair/webcamNode.py;timer_callback;20;122;Webcam : CONNECTED;webcam
1782728942.1687753;1782728942.1686633;/home/samuchair/ros2_ws/install/samuchair/lib/python3.12/site-packages/samuchair/webcamNode.py;timer_callback;20;113;Frame: 70;webcam
1782728942.1696932;1782728942.1695986;/home/samuchair/ros2_ws/install/samuchair/lib/python3.12/site-packages/samuchair/webcamNode.py;timer_callback;20;122;Webcam : CONNECTED;webcam
1782728942.9891846;1782728942.9890776;/home/samuchair/ros2_ws/install/samuchair/lib/python3.12/site-packages/samuchair/opasistidaNode.py;update_tactil_der;20;90;Dato publicado tactil derecha: 0;opasistidaNode
1782728942.9913177;1782728942.9903078;/home/samuchair/ros2_ws/install/samuchair/lib/python3.12/site-packages/samuchair/opasistidaNode.py;timer_callback;20;109;Dato publicado Navegación Táctil:0;opasistidaNode
1782728944.168451;1782728944.1683512;/home/samuchair/ros2_ws/install/samuchair/lib/python3.12/site-packages/samuchair/webcamNode.py;timer_callback;20;113;Frame: 71;webcam
1782728944.1692214;1782728944.1691363;/home/samuchair/ros2_ws/install/samuchair/lib/python3.12/site-packages/samuchair/webcamNode.py;timer_callback;20;122;Webcam : CONNECTED;webcam
1782728946.1680737;1782728946.1679819;/home/samuchair/ros2_ws/install/samuchair/lib/python3.12/site-packages/samuchair/webcamNode.py;timer_callback;20;113;Frame: 72;webcam
1782728946.1690006;1782728946.1688907;/home/samuchair/ros2_ws/install/samuchair/lib/python3.12/site-packages/samuchair/webcamNode.py;timer_callback;20;122;Webcam : CONNECTED;webcam
1782728946.4151788;1782728946.415061;/home/samuchair/ros2_ws/install/samuchair/lib/python3.12/site-packages/samuchair/opasistidaNode.py;update_pot;20;147;Dato publicado potenciometro: 2;opasistidaNode
1782728948.1683264;1782728948.1682243;/home/samuchair/ros2_ws/install/samuchair/lib/python3.12/site-packages/samuchair/webcamNode.py;timer_callback;20;113;Frame: 73;webcam
1782728948.169084;1782728948.168998;/home/samuchair/ros2_ws/install/samuchair/lib/python3.12/site-packages/samuchair/webcamNode.py;timer_callback;20;122;Webcam : CONNECTED;webcam
1782728948.2654688;1782728948.2653508;/home/samuchair/ros2_ws/install/samuchair/lib/python3.12/site-packages/samuchair/movilNode.py;timer_callback;20;300;Dato publicado Fase Ejecucion: 50;Movil
1782728948.2666192;1782728948.2664688;/home/samuchair/ros2_ws/install/samuchair/lib/python3.12/site-packages/samuchair/mainNode.py;callback_subMovilEjecucion;20;324;Comando Movil Ejecucion: 50;mainNode
1782728950.1679583;1782728950.167838;/home/samuchair/ros2_ws/install/samuchair/lib/python3.12/site-packages/samuchair/webcamNode.py;timer_callback;20;113;Frame: 74;webcam
1782728950.168768;1782728950.1686878;/home/samuchair/ros2_ws/install/samuchair/lib/python3.12/site-packages/samuchair/webcamNode.py;timer_callback;20;122;Webcam : CONNECTED;webcam
1782728952.1696289;1782728952.169538;/home/samuchair/ros2_ws/install/samuchair/lib/python3.12/site-packages/samuchair/webcamNode.py;timer_callback;20;113;Frame: 75;webcam
1782728952.1703734;1782728952.1702943;/home/samuchair/ros2_ws/install/samuchair/lib/python3.12/site-packages/samuchair/webcamNode.py;timer_callback;20;122;Webcam : CONNECTED;webcam
1782728952.2672403;1782728952.265627;/home/samuchair/ros2_ws/install/samuchair/lib/python3.12/site-packages/samuchair/mainNode.py;callback_subMovilEjecucion;20;324;Comando Movil Ejecucion: 6;mainNode
1782728952.267269;1782728952.266695;/home/samuchair/ros2_ws/install/samuchair/lib/python3.12/site-packages/samuchair/movilNode.py;timer_callback;20;300;Dato publicado Fase Ejecucion: 6;Movil
1782728953.139231;1782728953.1391053;/home/samuchair/ros2_ws/install/samuchair/lib/python3.12/site-packages/samuchair/opasistidaNode.py;update_tactil_izq;20;85;Dato publicado tactil izquierda: 1;opasistidaNode
1782728953.1410346;1782728953.140135;/home/samuchair/ros2_ws/install/samuchair/lib/python3.12/site-packages/samuchair/opasistidaNode.py;timer_callback;20;109;Dato publicado Navegación Táctil:10;opasistidaNode
1782728953.3389676;1782728953.3388517;/home/samuchair/ros2_ws/install/samuchair/lib/python3.12/site-packages/samuchair/opasistidaNode.py;update_tactil_der;20;90;Dato publicado tactil derecha: 1;opasistidaNode
1782728953.3413062;1782728953.3398802;/home/samuchair/ros2_ws/install/samuchair/lib/python3.12/site-packages/samuchair/opasistidaNode.py;timer_callback;20;109;Dato publicado Navegación Táctil:3;opasistidaNode
1782728954.1707742;1782728954.1706903;/home/samuchair/ros2_ws/install/samuchair/lib/python3.12/site-packages/samuchair/webcamNode.py;timer_callback;20;113;Frame: 76;webcam
1782728954.1713777;1782728954.1713107;/home/samuchair/ros2_ws/install/samuchair/lib/python3.12/site-packages/samuchair/webcamNode.py;timer_callback;20;122;Webcam : CONNECTED;webcam
1782728956.169899;1782728956.1698174;/home/samuchair/ros2_ws/install/samuchair/lib/python3.12/site-packages/samuchair/webcamNode.py;timer_callback;20;113;Frame: 77;webcam
1782728956.1706395;1782728956.1705463;/home/samuchair/ros2_ws/install/samuchair/lib/python3.12/site-packages/samuchair/webcamNode.py;timer_callback;20;122;Webcam : CONNECTED;webcam
1782728958.1708603;1782728958.1707928;/home/samuchair/ros2_ws/install/samuchair/lib/python3.12/site-packages/samuchair/webcamNode.py;timer_callback;20;113;Frame: 78;webcam
1782728958.1714659;1782728958.1713934;/home/samuchair/ros2_ws/install/samuchair/lib/python3.12/site-packages/samuchair/webcamNode.py;timer_callback;20;122;Webcam : CONNECTED;webcam
1782728960.0396304;1782728960.0395157;/home/samuchair/ros2_ws/install/samuchair/lib/python3.12/site-packages/samuchair/opasistidaNode.py;update_tactil_izq;20;85;Dato publicado tactil izquierda: 0;opasistidaNode
1782728960.041496;1782728960.041344;/home/samuchair/ros2_ws/install/samuchair/lib/python3.12/site-packages/samuchair/opasistidaNode.py;timer_callback;20;109;Dato publicado Navegación Táctil:12;opasistidaNode
1782728960.1390817;1782728960.138972;/home/samuchair/ros2_ws/install/samuchair/lib/python3.12/site-packages/samuchair/opasistidaNode.py;update_tactil_der;20;90;Dato publicado tactil derecha: 0;opasistidaNode
1782728960.14007;1782728960.139975;/home/samuchair/ros2_ws/install/samuchair/lib/python3.12/site-packages/samuchair/opasistidaNode.py;timer_callback;20;109;Dato publicado Navegación Táctil:0;opasistidaNode
1782728960.1697264;1782728960.1696465;/home/samuchair/ros2_ws/install/samuchair/lib/python3.12/site-packages/samuchair/webcamNode.py;timer_callback;20;113;Frame: 79;webcam
1782728960.170496;1782728960.1704094;/home/samuchair/ros2_ws/install/samuchair/lib/python3.12/site-packages/samuchair/webcamNode.py;timer_callback;20;122;Webcam : CONNECTED;webcam
1782728962.1696765;1782728962.1695538;/home/samuchair/ros2_ws/install/samuchair/lib/python3.12/site-packages/samuchair/webcamNode.py;timer_callback;20;113;Frame: 80;webcam
1782728962.170675;1782728962.1705625;/home/samuchair/ros2_ws/install/samuchair/lib/python3.12/site-packages/samuchair/webcamNode.py;timer_callback;20;122;Webcam : CONNECTED;webcam
1782728963.765416;1782728963.7652972;/home/samuchair/ros2_ws/install/samuchair/lib/python3.12/site-packages/samuchair/movilNode.py;timer_callback;20;300;Dato publicado Fase Ejecucion: 50;Movil
1782728963.7656064;1782728963.7654335;/home/samuchair/ros2_ws/install/samuchair/lib/python3.12/site-packages/samuchair/mainNode.py;callback_subMovilEjecucion;20;324;Comando Movil Ejecucion: 50;mainNode
1782728964.168446;1782728964.1683474;/home/samuchair/ros2_ws/install/samuchair/lib/python3.12/site-packages/samuchair/webcamNode.py;timer_callback;20;113;Frame: 81;webcam
1782728964.1691973;1782728964.1691053;/home/samuchair/ros2_ws/install/samuchair/lib/python3.12/site-packages/samuchair/webcamNode.py;timer_callback;20;122;Webcam : CONNECTED;webcam
1782728966.169306;1782728966.1692092;/home/samuchair/ros2_ws/install/samuchair/lib/python3.12/site-packages/samuchair/webcamNode.py;timer_callback;20;113;Frame: 82;webcam
1782728966.170374;1782728966.1702693;/home/samuchair/ros2_ws/install/samuchair/lib/python3.12/site-packages/samuchair/webcamNode.py;timer_callback;20;122;Webcam : CONNECTED;webcam
1782728967.766654;1782728967.7655516;/home/samuchair/ros2_ws/install/samuchair/lib/python3.12/site-packages/samuchair/mainNode.py;callback_subMovilEjecucion;20;324;Comando Movil Ejecucion: 7;mainNode
1782728967.766686;1782728967.765552;/home/samuchair/ros2_ws/install/samuchair/lib/python3.12/site-packages/samuchair/movilNode.py;timer_callback;20;300;Dato publicado Fase Ejecucion: 7;Movil
1782728968.1679714;1782728968.1678672;/home/samuchair/ros2_ws/install/samuchair/lib/python3.12/site-packages/samuchair/webcamNode.py;timer_callback;20;113;Frame: 83;webcam
1782728968.1687193;1782728968.1686423;/home/samuchair/ros2_ws/install/samuchair/lib/python3.12/site-packages/samuchair/webcamNode.py;timer_callback;20;122;Webcam : CONNECTED;webcam
1782728970.1699157;1782728970.16983;/home/samuchair/ros2_ws/install/samuchair/lib/python3.12/site-packages/samuchair/webcamNode.py;timer_callback;20;113;Frame: 84;webcam
1782728970.170592;1782728970.1705039;/home/samuchair/ros2_ws/install/samuchair/lib/python3.12/site-packages/samuchair/webcamNode.py;timer_callback;20;122;Webcam : CONNECTED;webcam
1782728972.1694727;1782728972.169291;/home/samuchair/ros2_ws/install/samuchair/lib/python3.12/site-packages/samuchair/webcamNode.py;timer_callback;20;113;Frame: 85;webcam
1782728972.170124;1782728972.1700442;/home/samuchair/ros2_ws/install/samuchair/lib/python3.12/site-packages/samuchair/webcamNode.py;timer_callback;20;122;Webcam : CONNECTED;webcam
1782728974.1707056;1782728974.1706138;/home/samuchair/ros2_ws/install/samuchair/lib/python3.12/site-packages/samuchair/webcamNode.py;timer_callback;20;113;Frame: 86;webcam
1782728974.171308;1782728974.1712413;/home/samuchair/ros2_ws/install/samuchair/lib/python3.12/site-packages/samuchair/webcamNode.py;timer_callback;20;122;Webcam : CONNECTED;webcam
1782728975.2654622;1782728975.2653434;/home/samuchair/ros2_ws/install/samuchair/lib/python3.12/site-packages/samuchair/movilNode.py;timer_callback;20;300;Dato publicado Fase Ejecucion: 50;Movil
1782728975.2658248;1782728975.2655;/home/samuchair/ros2_ws/install/samuchair/lib/python3.12/site-packages/samuchair/mainNode.py;callback_subMovilEjecucion;20;324;Comando Movil Ejecucion: 50;mainNode
1782728976.170105;1782728976.1700091;/home/samuchair/ros2_ws/install/samuchair/lib/python3.12/site-packages/samuchair/webcamNode.py;timer_callback;20;113;Frame: 87;webcam
1782728976.170927;1782728976.1708498;/home/samuchair/ros2_ws/install/samuchair/lib/python3.12/site-packages/samuchair/webcamNode.py;timer_callback;20;122;Webcam : CONNECTED;webcam
1782728978.1706853;1782728978.1705992;/home/samuchair/ros2_ws/install/samuchair/lib/python3.12/site-packages/samuchair/webcamNode.py;timer_callback;20;113;Frame: 88;webcam
1782728978.1713068;1782728978.1712353;/home/samuchair/ros2_ws/install/samuchair/lib/python3.12/site-packages/samuchair/webcamNode.py;timer_callback;20;122;Webcam : CONNECTED;webcam
1782728979.2654705;1782728979.2653482;/home/samuchair/ros2_ws/install/samuchair/lib/python3.12/site-packages/samuchair/movilNode.py;timer_callback;20;300;Dato publicado Fase Ejecucion: 40;Movil
1782728979.2665288;1782728979.2654567;/home/samuchair/ros2_ws/install/samuchair/lib/python3.12/site-packages/samuchair/mainNode.py;callback_subMovilEjecucion;20;324;Comando Movil Ejecucion: 40;mainNode
1782728980.1697273;1782728980.1696324;/home/samuchair/ros2_ws/install/samuchair/lib/python3.12/site-packages/samuchair/webcamNode.py;timer_callback;20;113;Frame: 89;webcam
1782728980.1704817;1782728980.1704032;/home/samuchair/ros2_ws/install/samuchair/lib/python3.12/site-packages/samuchair/webcamNode.py;timer_callback;20;122;Webcam : CONNECTED;webcam
1782728982.1706507;1782728982.170558;/home/samuchair/ros2_ws/install/samuchair/lib/python3.12/site-packages/samuchair/webcamNode.py;timer_callback;20;113;Frame: 90;webcam
1782728982.1712937;1782728982.171215;/home/samuchair/ros2_ws/install/samuchair/lib/python3.12/site-packages/samuchair/webcamNode.py;timer_callback;20;122;Webcam : CONNECTED;webcam
1782728984.1697192;1782728984.1696258;/home/samuchair/ros2_ws/install/samuchair/lib/python3.12/site-packages/samuchair/webcamNode.py;timer_callback;20;113;Frame: 91;webcam
1782728984.1704817;1782728984.170394;/home/samuchair/ros2_ws/install/samuchair/lib/python3.12/site-packages/samuchair/webcamNode.py;timer_callback;20;122;Webcam : CONNECTED;webcam
1782728984.1892278;1782728984.1891112;/home/samuchair/ros2_ws/install/samuchair/lib/python3.12/site-packages/samuchair/opasistidaNode.py;update_tactil_izq;20;85;Dato publicado tactil izquierda: 1;opasistidaNode
1782728984.1902876;1782728984.1901822;/home/samuchair/ros2_ws/install/samuchair/lib/python3.12/site-packages/samuchair/opasistidaNode.py;timer_callback;20;109;Dato publicado Navegación Táctil:10;opasistidaNode
1782728984.2891793;1782728984.2889793;/home/samuchair/ros2_ws/install/samuchair/lib/python3.12/site-packages/samuchair/opasistidaNode.py;update_tactil_der;20;90;Dato publicado tactil derecha: 1;opasistidaNode
1782728984.2902002;1782728984.2901015;/home/samuchair/ros2_ws/install/samuchair/lib/python3.12/site-packages/samuchair/opasistidaNode.py;timer_callback;20;109;Dato publicado Navegación Táctil:3;opasistidaNode
1782728985.839014;1782728985.8388822;/home/samuchair/ros2_ws/install/samuchair/lib/python3.12/site-packages/samuchair/opasistidaNode.py;update_tactil_izq;20;85;Dato publicado tactil izquierda: 0;opasistidaNode
1782728985.8414528;1782728985.8399072;/home/samuchair/ros2_ws/install/samuchair/lib/python3.12/site-packages/samuchair/opasistidaNode.py;timer_callback;20;109;Dato publicado Navegación Táctil:12;opasistidaNode
1782728985.9389338;1782728985.9388177;/home/samuchair/ros2_ws/install/samuchair/lib/python3.12/site-packages/samuchair/opasistidaNode.py;update_tactil_der;20;90;Dato publicado tactil derecha: 0;opasistidaNode
1782728985.9412124;1782728985.9398494;/home/samuchair/ros2_ws/install/samuchair/lib/python3.12/site-packages/samuchair/opasistidaNode.py;timer_callback;20;109;Dato publicado Navegación Táctil:0;opasistidaNode
1782728986.1707165;1782728986.1706245;/home/samuchair/ros2_ws/install/samuchair/lib/python3.12/site-packages/samuchair/webcamNode.py;timer_callback;20;113;Frame: 92;webcam
1782728986.1716526;1782728986.171563;/home/samuchair/ros2_ws/install/samuchair/lib/python3.12/site-packages/samuchair/webcamNode.py;timer_callback;20;122;Webcam : CONNECTED;webcam
1782728988.1697392;1782728988.1696398;/home/samuchair/ros2_ws/install/samuchair/lib/python3.12/site-packages/samuchair/webcamNode.py;timer_callback;20;113;Frame: 93;webcam
1782728988.1704903;1782728988.1704075;/home/samuchair/ros2_ws/install/samuchair/lib/python3.12/site-packages/samuchair/webcamNode.py;timer_callback;20;122;Webcam : CONNECTED;webcam
1782728988.7655692;1782728988.7654383;/home/samuchair/ros2_ws/install/samuchair/lib/python3.12/site-packages/samuchair/movilNode.py;timer_callback;20;300;Dato publicado Fase Ejecucion: 50;Movil
1782728988.7667823;1782728988.7656717;/home/samuchair/ros2_ws/install/samuchair/lib/python3.12/site-packages/samuchair/mainNode.py;callback_subMovilEjecucion;20;324;Comando Movil Ejecucion: 50;mainNode
1782728990.170446;1782728990.170358;/home/samuchair/ros2_ws/install/samuchair/lib/python3.12/site-packages/samuchair/webcamNode.py;timer_callback;20;113;Frame: 94;webcam
1782728990.171102;1782728990.1710227;/home/samuchair/ros2_ws/install/samuchair/lib/python3.12/site-packages/samuchair/webcamNode.py;timer_callback;20;122;Webcam : CONNECTED;webcam
1782728992.1692946;1782728992.1692088;/home/samuchair/ros2_ws/install/samuchair/lib/python3.12/site-packages/samuchair/webcamNode.py;timer_callback;20;113;Frame: 95;webcam
1782728992.1700292;1782728992.1699266;/home/samuchair/ros2_ws/install/samuchair/lib/python3.12/site-packages/samuchair/webcamNode.py;timer_callback;20;122;Webcam : CONNECTED;webcam
1782728992.7665114;1782728992.7652473;/home/samuchair/ros2_ws/install/samuchair/lib/python3.12/site-packages/samuchair/movilNode.py;timer_callback;20;300;Dato publicado Fase Ejecucion: 8;Movil
1782728992.76654;1782728992.7654886;/home/samuchair/ros2_ws/install/samuchair/lib/python3.12/site-packages/samuchair/mainNode.py;callback_subMovilEjecucion;20;324;Comando Movil Ejecucion: 8;mainNode
1782728994.1680593;1782728994.1678948;/home/samuchair/ros2_ws/install/samuchair/lib/python3.12/site-packages/samuchair/webcamNode.py;timer_callback;20;113;Frame: 96;webcam
1782728994.1688752;1782728994.1687887;/home/samuchair/ros2_ws/install/samuchair/lib/python3.12/site-packages/samuchair/webcamNode.py;timer_callback;20;122;Webcam : CONNECTED;webcam
1782728996.1705966;1782728996.1697118;/home/samuchair/ros2_ws/install/samuchair/lib/python3.12/site-packages/samuchair/webcamNode.py;timer_callback;20;113;Frame: 97;webcam
1782728996.171083;1782728996.1706383;/home/samuchair/ros2_ws/install/samuchair/lib/python3.12/site-packages/samuchair/webcamNode.py;timer_callback;20;122;Webcam : CONNECTED;webcam
1782728997.3389943;1782728997.3388577;/home/samuchair/ros2_ws/install/samuchair/lib/python3.12/site-packages/samuchair/opasistidaNode.py;update_tactil_izq;20;85;Dato publicado tactil izquierda: 1;opasistidaNode
1782728997.3400078;1782728997.3398943;/home/samuchair/ros2_ws/install/samuchair/lib/python3.12/site-packages/samuchair/opasistidaNode.py;timer_callback;20;109;Dato publicado Navegación Táctil:10;opasistidaNode
1782728997.4155548;1782728997.415457;/home/samuchair/ros2_ws/install/samuchair/lib/python3.12/site-packages/samuchair/opasistidaNode.py;timer_callback;20;109;Dato publicado Navegación Táctil:15;opasistidaNode
1782728997.4163673;1782728997.4162853;/home/samuchair/ros2_ws/install/samuchair/lib/python3.12/site-packages/samuchair/opasistidaNode.py;update_pot;20;147;Dato publicado potenciometro: 0;opasistidaNode
1782728997.4892168;1782728997.489095;/home/samuchair/ros2_ws/install/samuchair/lib/python3.12/site-packages/samuchair/opasistidaNode.py;update_tactil_der;20;90;Dato publicado tactil derecha: 1;opasistidaNode
1782728997.490215;1782728997.4901178;/home/samuchair/ros2_ws/install/samuchair/lib/python3.12/site-packages/samuchair/opasistidaNode.py;timer_callback;20;109;Dato publicado Navegación Táctil:5;opasistidaNode
1782728998.1707447;1782728998.1706653;/home/samuchair/ros2_ws/install/samuchair/lib/python3.12/site-packages/samuchair/webcamNode.py;timer_callback;20;113;Frame: 98;webcam
1782728998.1713684;1782728998.1712976;/home/samuchair/ros2_ws/install/samuchair/lib/python3.12/site-packages/samuchair/webcamNode.py;timer_callback;20;122;Webcam : CONNECTED;webcam
1782729000.1695297;1782729000.1694493;/home/samuchair/ros2_ws/install/samuchair/lib/python3.12/site-packages/samuchair/webcamNode.py;timer_callback;20;113;Frame: 99;webcam
1782729000.1702507;1782729000.1701734;/home/samuchair/ros2_ws/install/samuchair/lib/python3.12/site-packages/samuchair/webcamNode.py;timer_callback;20;122;Webcam : CONNECTED;webcam
1782729000.8389597;1782729000.8388348;/home/samuchair/ros2_ws/install/samuchair/lib/python3.12/site-packages/samuchair/opasistidaNode.py;update_tactil_izq;20;85;Dato publicado tactil izquierda: 0;opasistidaNode
1782729000.8400278;1782729000.8398914;/home/samuchair/ros2_ws/install/samuchair/lib/python3.12/site-packages/samuchair/opasistidaNode.py;timer_callback;20;109;Dato publicado Navegación Táctil:17;opasistidaNode
1782729000.9389126;1782729000.9387982;/home/samuchair/ros2_ws/install/samuchair/lib/python3.12/site-packages/samuchair/opasistidaNode.py;update_tactil_der;20;90;Dato publicado tactil derecha: 0;opasistidaNode
1782729000.940914;1782729000.9398432;/home/samuchair/ros2_ws/install/samuchair/lib/python3.12/site-packages/samuchair/opasistidaNode.py;timer_callback;20;109;Dato publicado Navegación Táctil:0;opasistidaNode
1782729002.1712933;1782729002.1712217;/home/samuchair/ros2_ws/install/samuchair/lib/python3.12/site-packages/samuchair/webcamNode.py;timer_callback;20;113;Frame: 100;webcam
1782729002.171929;1782729002.171845;/home/samuchair/ros2_ws/install/samuchair/lib/python3.12/site-packages/samuchair/webcamNode.py;timer_callback;20;122;Webcam : CONNECTED;webcam
1782729004.1689603;1782729004.1688812;/home/samuchair/ros2_ws/install/samuchair/lib/python3.12/site-packages/samuchair/webcamNode.py;timer_callback;20;113;Frame: 101;webcam
1782729004.1697145;1782729004.169618;/home/samuchair/ros2_ws/install/samuchair/lib/python3.12/site-packages/samuchair/webcamNode.py;timer_callback;20;122;Webcam : CONNECTED;webcam
1782729004.7655487;1782729004.765423;/home/samuchair/ros2_ws/install/samuchair/lib/python3.12/site-packages/samuchair/movilNode.py;timer_callback;20;300;Dato publicado Fase Ejecucion: 50;Movil
1782729004.7658758;1782729004.76553;/home/samuchair/ros2_ws/install/samuchair/lib/python3.12/site-packages/samuchair/mainNode.py;callback_subMovilEjecucion;20;324;Comando Movil Ejecucion: 50;mainNode
1782729006.1694176;1782729006.1693168;/home/samuchair/ros2_ws/install/samuchair/lib/python3.12/site-packages/samuchair/webcamNode.py;timer_callback;20;113;Frame: 102;webcam
1782729006.1703112;1782729006.1702275;/home/samuchair/ros2_ws/install/samuchair/lib/python3.12/site-packages/samuchair/webcamNode.py;timer_callback;20;122;Webcam : CONNECTED;webcam
1782729007.7659328;1782729007.7654548;/home/samuchair/ros2_ws/install/samuchair/lib/python3.12/site-packages/samuchair/movilNode.py;timer_callback;20;300;Dato publicado Fase Ejecucion: 9;Movil
1782729007.7659738;1782729007.7655628;/home/samuchair/ros2_ws/install/samuchair/lib/python3.12/site-packages/samuchair/mainNode.py;callback_subMovilEjecucion;20;324;Comando Movil Ejecucion: 9;mainNode
1782729008.1677277;1782729008.167643;/home/samuchair/ros2_ws/install/samuchair/lib/python3.12/site-packages/samuchair/webcamNode.py;timer_callback;20;113;Frame: 103;webcam
1782729008.1684163;1782729008.168351;/home/samuchair/ros2_ws/install/samuchair/lib/python3.12/site-packages/samuchair/webcamNode.py;timer_callback;20;122;Webcam : CONNECTED;webcam
1782729008.4390378;1782729008.4389207;/home/samuchair/ros2_ws/install/samuchair/lib/python3.12/site-packages/samuchair/opasistidaNode.py;update_tactil_der;20;90;Dato publicado tactil derecha: 1;opasistidaNode
1782729008.440077;1782729008.439962;/home/samuchair/ros2_ws/install/samuchair/lib/python3.12/site-packages/samuchair/opasistidaNode.py;timer_callback;20;109;Dato publicado Navegación Táctil:17;opasistidaNode
1782729009.889204;1782729009.889079;/home/samuchair/ros2_ws/install/samuchair/lib/python3.12/site-packages/samuchair/opasistidaNode.py;update_tactil_der;20;90;Dato publicado tactil derecha: 0;opasistidaNode
1782729009.890158;1782729009.8900836;/home/samuchair/ros2_ws/install/samuchair/lib/python3.12/site-packages/samuchair/opasistidaNode.py;timer_callback;20;109;Dato publicado Navegación Táctil:0;opasistidaNode
1782729010.1699152;1782729010.1698222;/home/samuchair/ros2_ws/install/samuchair/lib/python3.12/site-packages/samuchair/webcamNode.py;timer_callback;20;113;Frame: 104;webcam
1782729010.170712;1782729010.1706421;/home/samuchair/ros2_ws/install/samuchair/lib/python3.12/site-packages/samuchair/webcamNode.py;timer_callback;20;122;Webcam : CONNECTED;webcam
1782729011.4151778;1782729011.41484;/home/samuchair/ros2_ws/install/samuchair/lib/python3.12/site-packages/samuchair/opasistidaNode.py;update_pot;20;147;Dato publicado potenciometro: 1;opasistidaNode
1782729012.1690211;1782729012.16893;/home/samuchair/ros2_ws/install/samuchair/lib/python3.12/site-packages/samuchair/webcamNode.py;timer_callback;20;113;Frame: 105;webcam
1782729012.1697419;1782729012.169659;/home/samuchair/ros2_ws/install/samuchair/lib/python3.12/site-packages/samuchair/webcamNode.py;timer_callback;20;122;Webcam : CONNECTED;webcam
1782729013.415197;1782729013.4150815;/home/samuchair/ros2_ws/install/samuchair/lib/python3.12/site-packages/samuchair/opasistidaNode.py;update_pot;20;147;Dato publicado potenciometro: 1;opasistidaNode
1782729014.1700385;1782729014.1699357;/home/samuchair/ros2_ws/install/samuchair/lib/python3.12/site-packages/samuchair/webcamNode.py;timer_callback;20;113;Frame: 106;webcam
1782729014.1707964;1782729014.1707182;/home/samuchair/ros2_ws/install/samuchair/lib/python3.12/site-packages/samuchair/webcamNode.py;timer_callback;20;122;Webcam : CONNECTED;webcam
1782729014.4150407;1782729014.4149299;/home/samuchair/ros2_ws/install/samuchair/lib/python3.12/site-packages/samuchair/opasistidaNode.py;update_pot;20;147;Dato publicado potenciometro: 1;opasistidaNode
1782729014.589209;1782729014.5891016;/home/samuchair/ros2_ws/install/samuchair/lib/python3.12/site-packages/samuchair/opasistidaNode.py;update_tactil_der;20;90;Dato publicado tactil derecha: 1;opasistidaNode
1782729016.169064;1782729016.1689737;/home/samuchair/ros2_ws/install/samuchair/lib/python3.12/site-packages/samuchair/webcamNode.py;timer_callback;20;113;Frame: 107;webcam
1782729016.1698308;1782729016.1697016;/home/samuchair/ros2_ws/install/samuchair/lib/python3.12/site-packages/samuchair/webcamNode.py;timer_callback;20;122;Webcam : CONNECTED;webcam
1782729017.6390793;1782729017.638977;/home/samuchair/ros2_ws/install/samuchair/lib/python3.12/site-packages/samuchair/opasistidaNode.py;update_tactil_der;20;90;Dato publicado tactil derecha: 0;opasistidaNode
1782729018.1689935;1782729018.168886;/home/samuchair/ros2_ws/install/samuchair/lib/python3.12/site-packages/samuchair/webcamNode.py;timer_callback;20;113;Frame: 108;webcam
1782729018.1698704;1782729018.1697757;/home/samuchair/ros2_ws/install/samuchair/lib/python3.12/site-packages/samuchair/webcamNode.py;timer_callback;20;122;Webcam : CONNECTED;webcam
1782729019.2654703;1782729019.2653418;/home/samuchair/ros2_ws/install/samuchair/lib/python3.12/site-packages/samuchair/movilNode.py;timer_callback;20;300;Dato publicado Fase Ejecucion: 40;Movil
1782729019.2665696;1782729019.2654822;/home/samuchair/ros2_ws/install/samuchair/lib/python3.12/site-packages/samuchair/mainNode.py;callback_subMovilEjecucion;20;324;Comando Movil Ejecucion: 40;mainNode
1782729020.1699693;1782729020.169881;/home/samuchair/ros2_ws/install/samuchair/lib/python3.12/site-packages/samuchair/webcamNode.py;timer_callback;20;113;Frame: 109;webcam
1782729020.1706882;1782729020.1706097;/home/samuchair/ros2_ws/install/samuchair/lib/python3.12/site-packages/samuchair/webcamNode.py;timer_callback;20;122;Webcam : CONNECTED;webcam
1782729022.1706662;1782729022.1705682;/home/samuchair/ros2_ws/install/samuchair/lib/python3.12/site-packages/samuchair/webcamNode.py;timer_callback;20;113;Frame: 110;webcam
1782729022.1713378;1782729022.171261;/home/samuchair/ros2_ws/install/samuchair/lib/python3.12/site-packages/samuchair/webcamNode.py;timer_callback;20;122;Webcam : CONNECTED;webcam
1782729024.169672;1782729024.1695852;/home/samuchair/ros2_ws/install/samuchair/lib/python3.12/site-packages/samuchair/webcamNode.py;timer_callback;20;113;Frame: 111;webcam
1782729024.1704435;1782729024.170352;/home/samuchair/ros2_ws/install/samuchair/lib/python3.12/site-packages/samuchair/webcamNode.py;timer_callback;20;122;Webcam : CONNECTED;webcam
1782729024.415254;1782729024.4151094;/home/samuchair/ros2_ws/install/samuchair/lib/python3.12/site-packages/samuchair/opasistidaNode.py;update_pot;20;147;Dato publicado potenciometro: 1;opasistidaNode
1782729025.4149182;1782729025.4148011;/home/samuchair/ros2_ws/install/samuchair/lib/python3.12/site-packages/samuchair/opasistidaNode.py;update_pot;20;147;Dato publicado potenciometro: 1;opasistidaNode
1782729026.1704245;1782729026.1703339;/home/samuchair/ros2_ws/install/samuchair/lib/python3.12/site-packages/samuchair/webcamNode.py;timer_callback;20;113;Frame: 112;webcam
1782729026.171056;1782729026.1709783;/home/samuchair/ros2_ws/install/samuchair/lib/python3.12/site-packages/samuchair/webcamNode.py;timer_callback;20;122;Webcam : CONNECTED;webcam
1782729027.2392325;1782729027.2391093;/home/samuchair/ros2_ws/install/samuchair/lib/python3.12/site-packages/samuchair/opasistidaNode.py;update_tactil_izq;20;85;Dato publicado tactil izquierda: 1;opasistidaNode
1782729027.2403023;1782729027.2401953;/home/samuchair/ros2_ws/install/samuchair/lib/python3.12/site-packages/samuchair/opasistidaNode.py;timer_callback;20;109;Dato publicado Navegación Táctil:9;opasistidaNode
1782729028.1690087;1782729028.168912;/home/samuchair/ros2_ws/install/samuchair/lib/python3.12/site-packages/samuchair/webcamNode.py;timer_callback;20;113;Frame: 113;webcam
1782729028.1697319;1782729028.1696503;/home/samuchair/ros2_ws/install/samuchair/lib/python3.12/site-packages/samuchair/webcamNode.py;timer_callback;20;122;Webcam : CONNECTED;webcam
1782729030.1697578;1782729030.1696632;/home/samuchair/ros2_ws/install/samuchair/lib/python3.12/site-packages/samuchair/webcamNode.py;timer_callback;20;113;Frame: 114;webcam
1782729030.1706123;1782729030.1705406;/home/samuchair/ros2_ws/install/samuchair/lib/python3.12/site-packages/samuchair/webcamNode.py;timer_callback;20;122;Webcam : CONNECTED;webcam
1782729032.1692693;1782729032.169189;/home/samuchair/ros2_ws/install/samuchair/lib/python3.12/site-packages/samuchair/webcamNode.py;timer_callback;20;113;Frame: 115;webcam
1782729032.1700025;1782729032.1698978;/home/samuchair/ros2_ws/install/samuchair/lib/python3.12/site-packages/samuchair/webcamNode.py;timer_callback;20;122;Webcam : CONNECTED;webcam
1782729033.7390983;1782729033.7389874;/home/samuchair/ros2_ws/install/samuchair/lib/python3.12/site-packages/samuchair/opasistidaNode.py;update_tactil_izq;20;85;Dato publicado tactil izquierda: 0;opasistidaNode
1782729033.7411194;1782729033.740551;/home/samuchair/ros2_ws/install/samuchair/lib/python3.12/site-packages/samuchair/opasistidaNode.py;timer_callback;20;109;Dato publicado Navegación Táctil:0;opasistidaNode
1782729034.1704676;1782729034.1703734;/home/samuchair/ros2_ws/install/samuchair/lib/python3.12/site-packages/samuchair/webcamNode.py;timer_callback;20;113;Frame: 116;webcam
1782729034.1711702;1782729034.1710274;/home/samuchair/ros2_ws/install/samuchair/lib/python3.12/site-packages/samuchair/webcamNode.py;timer_callback;20;122;Webcam : CONNECTED;webcam
1782729036.1683617;1782729036.1682668;/home/samuchair/ros2_ws/install/samuchair/lib/python3.12/site-packages/samuchair/webcamNode.py;timer_callback;20;113;Frame: 117;webcam
1782729036.1691523;1782729036.1690693;/home/samuchair/ros2_ws/install/samuchair/lib/python3.12/site-packages/samuchair/webcamNode.py;timer_callback;20;122;Webcam : CONNECTED;webcam
1782729038.1689765;1782729038.1688523;/home/samuchair/ros2_ws/install/samuchair/lib/python3.12/site-packages/samuchair/webcamNode.py;timer_callback;20;113;Frame: 118;webcam
1782729038.1698773;1782729038.1697857;/home/samuchair/ros2_ws/install/samuchair/lib/python3.12/site-packages/samuchair/webcamNode.py;timer_callback;20;122;Webcam : CONNECTED;webcam
1782729039.4152634;1782729039.415082;/home/samuchair/ros2_ws/install/samuchair/lib/python3.12/site-packages/samuchair/opasistidaNode.py;update_pot;20;147;Dato publicado potenciometro: 1;opasistidaNode
1782729040.1685803;1782729040.168478;/home/samuchair/ros2_ws/install/samuchair/lib/python3.12/site-packages/samuchair/webcamNode.py;timer_callback;20;113;Frame: 119;webcam
1782729040.169318;1782729040.1692371;/home/samuchair/ros2_ws/install/samuchair/lib/python3.12/site-packages/samuchair/webcamNode.py;timer_callback;20;122;Webcam : CONNECTED;webcam
1782729040.4152606;1782729040.4151418;/home/samuchair/ros2_ws/install/samuchair/lib/python3.12/site-packages/samuchair/opasistidaNode.py;update_pot;20;147;Dato publicado potenciometro: 1;opasistidaNode
1782729042.1697948;1782729042.1697137;/home/samuchair/ros2_ws/install/samuchair/lib/python3.12/site-packages/samuchair/webcamNode.py;timer_callback;20;113;Frame: 120;webcam
1782729042.1704588;1782729042.170378;/home/samuchair/ros2_ws/install/samuchair/lib/python3.12/site-packages/samuchair/webcamNode.py;timer_callback;20;122;Webcam : CONNECTED;webcam
1782729044.2088337;1782729044.2087715;/home/samuchair/ros2_ws/install/samuchair/lib/python3.12/site-packages/samuchair/webcamNode.py;timer_callback;20;113;Frame: 121;webcam
1782729044.209464;1782729044.209378;/home/samuchair/ros2_ws/install/samuchair/lib/python3.12/site-packages/samuchair/webcamNode.py;timer_callback;20;122;Webcam : CONNECTED;webcam
1782729044.7656727;1782729044.7655497;/home/samuchair/ros2_ws/install/samuchair/lib/python3.12/site-packages/samuchair/movilNode.py;timer_callback;20;300;Dato publicado Fase Ejecucion: 8;Movil
1782729044.7665443;1782729044.7663965;/home/samuchair/ros2_ws/install/samuchair/lib/python3.12/site-packages/samuchair/mainNode.py;callback_subMovilEjecucion;20;324;Comando Movil Ejecucion: 8;mainNode
1782729046.17036;1782729046.1702642;/home/samuchair/ros2_ws/install/samuchair/lib/python3.12/site-packages/samuchair/webcamNode.py;timer_callback;20;113;Frame: 122;webcam
1782729046.1710129;1782729046.1709194;/home/samuchair/ros2_ws/install/samuchair/lib/python3.12/site-packages/samuchair/webcamNode.py;timer_callback;20;122;Webcam : CONNECTED;webcam
1782729047.7656617;1782729047.765544;/home/samuchair/ros2_ws/install/samuchair/lib/python3.12/site-packages/samuchair/movilNode.py;timer_callback;20;300;Dato publicado Fase Ejecucion: 10;Movil
1782729047.7656927;1782729047.7655842;/home/samuchair/ros2_ws/install/samuchair/lib/python3.12/site-packages/samuchair/mainNode.py;callback_subMovilEjecucion;20;324;Comando Movil Ejecucion: 10;mainNode
1782729048.1696765;1782729048.169594;/home/samuchair/ros2_ws/install/samuchair/lib/python3.12/site-packages/samuchair/webcamNode.py;timer_callback;20;113;Frame: 123;webcam
1782729048.1704175;1782729048.1703353;/home/samuchair/ros2_ws/install/samuchair/lib/python3.12/site-packages/samuchair/webcamNode.py;timer_callback;20;122;Webcam : CONNECTED;webcam
1782729049.4153695;1782729049.4152186;/home/samuchair/ros2_ws/install/samuchair/lib/python3.12/site-packages/samuchair/opasistidaNode.py;update_pot;20;147;Dato publicado potenciometro: 2;opasistidaNode
1782729050.0891259;1782729050.0890074;/home/samuchair/ros2_ws/install/samuchair/lib/python3.12/site-packages/samuchair/opasistidaNode.py;update_tactil_izq;20;85;Dato publicado tactil izquierda: 1;opasistidaNode
1782729050.0902793;1782729050.090157;/home/samuchair/ros2_ws/install/samuchair/lib/python3.12/site-packages/samuchair/opasistidaNode.py;timer_callback;20;109;Dato publicado Navegación Táctil:10;opasistidaNode
1782729050.170058;1782729050.1699693;/home/samuchair/ros2_ws/install/samuchair/lib/python3.12/site-packages/samuchair/webcamNode.py;timer_callback;20;113;Frame: 124;webcam
1782729050.1708221;1782729050.170735;/home/samuchair/ros2_ws/install/samuchair/lib/python3.12/site-packages/samuchair/webcamNode.py;timer_callback;20;122;Webcam : CONNECTED;webcam
1782729050.1889687;1782729050.1888647;/home/samuchair/ros2_ws/install/samuchair/lib/python3.12/site-packages/samuchair/opasistidaNode.py;update_tactil_der;20;90;Dato publicado tactil derecha: 1;opasistidaNode
1782729050.1909637;1782729050.1898844;/home/samuchair/ros2_ws/install/samuchair/lib/python3.12/site-packages/samuchair/opasistidaNode.py;timer_callback;20;109;Dato publicado Navegación Táctil:3;opasistidaNode
1782729052.1694605;1782729052.169377;/home/samuchair/ros2_ws/install/samuchair/lib/python3.12/site-packages/samuchair/webcamNode.py;timer_callback;20;113;Frame: 125;webcam
1782729052.1702251;1782729052.170137;/home/samuchair/ros2_ws/install/samuchair/lib/python3.12/site-packages/samuchair/webcamNode.py;timer_callback;20;122;Webcam : CONNECTED;webcam
1782729054.1703827;1782729054.170288;/home/samuchair/ros2_ws/install/samuchair/lib/python3.12/site-packages/samuchair/webcamNode.py;timer_callback;20;113;Frame: 126;webcam
1782729054.171044;1782729054.17096;/home/samuchair/ros2_ws/install/samuchair/lib/python3.12/site-packages/samuchair/webcamNode.py;timer_callback;20;122;Webcam : CONNECTED;webcam
1782729056.169617;1782729056.1695347;/home/samuchair/ros2_ws/install/samuchair/lib/python3.12/site-packages/samuchair/webcamNode.py;timer_callback;20;113;Frame: 127;webcam
1782729056.1704018;1782729056.1703165;/home/samuchair/ros2_ws/install/samuchair/lib/python3.12/site-packages/samuchair/webcamNode.py;timer_callback;20;122;Webcam : CONNECTED;webcam
1782729056.639237;1782729056.6391156;/home/samuchair/ros2_ws/install/samuchair/lib/python3.12/site-packages/samuchair/opasistidaNode.py;update_tactil_der;20;90;Dato publicado tactil derecha: 0;opasistidaNode
1782729056.6410673;1782729056.640924;/home/samuchair/ros2_ws/install/samuchair/lib/python3.12/site-packages/samuchair/opasistidaNode.py;timer_callback;20;109;Dato publicado Navegación Táctil:10;opasistidaNode
1782729057.6890225;1782729057.6888912;/home/samuchair/ros2_ws/install/samuchair/lib/python3.12/site-packages/samuchair/opasistidaNode.py;update_tactil_der;20;90;Dato publicado tactil derecha: 1;opasistidaNode
1782729057.6901116;1782729057.6899009;/home/samuchair/ros2_ws/install/samuchair/lib/python3.12/site-packages/samuchair/opasistidaNode.py;timer_callback;20;109;Dato publicado Navegación Táctil:3;opasistidaNode
1782729058.1701396;1782729058.170052;/home/samuchair/ros2_ws/install/samuchair/lib/python3.12/site-packages/samuchair/webcamNode.py;timer_callback;20;113;Frame: 128;webcam
1782729058.170858;1782729058.170777;/home/samuchair/ros2_ws/install/samuchair/lib/python3.12/site-packages/samuchair/webcamNode.py;timer_callback;20;122;Webcam : CONNECTED;webcam
1782729058.638981;1782729058.638852;/home/samuchair/ros2_ws/install/samuchair/lib/python3.12/site-packages/samuchair/opasistidaNode.py;update_tactil_izq;20;85;Dato publicado tactil izquierda: 0;opasistidaNode
1782729058.6399162;1782729058.6398368;/home/samuchair/ros2_ws/install/samuchair/lib/python3.12/site-packages/samuchair/opasistidaNode.py;timer_callback;20;109;Dato publicado Navegación Táctil:12;opasistidaNode
1782729058.7390442;1782729058.738914;/home/samuchair/ros2_ws/install/samuchair/lib/python3.12/site-packages/samuchair/opasistidaNode.py;update_tactil_der;20;90;Dato publicado tactil derecha: 0;opasistidaNode
1782729058.74007;1782729058.7399316;/home/samuchair/ros2_ws/install/samuchair/lib/python3.12/site-packages/samuchair/opasistidaNode.py;timer_callback;20;109;Dato publicado Navegación Táctil:0;opasistidaNode
1782729060.1682484;1782729060.1681557;/home/samuchair/ros2_ws/install/samuchair/lib/python3.12/site-packages/samuchair/webcamNode.py;timer_callback;20;113;Frame: 129;webcam
1782729060.1689742;1782729060.1688838;/home/samuchair/ros2_ws/install/samuchair/lib/python3.12/site-packages/samuchair/webcamNode.py;timer_callback;20;122;Webcam : CONNECTED;webcam
1782729062.168781;1782729062.1686728;/home/samuchair/ros2_ws/install/samuchair/lib/python3.12/site-packages/samuchair/webcamNode.py;timer_callback;20;113;Frame: 130;webcam
1782729062.1696854;1782729062.1695912;/home/samuchair/ros2_ws/install/samuchair/lib/python3.12/site-packages/samuchair/webcamNode.py;timer_callback;20;122;Webcam : CONNECTED;webcam
1782729062.2654638;1782729062.2653522;/home/samuchair/ros2_ws/install/samuchair/lib/python3.12/site-packages/samuchair/movilNode.py;timer_callback;20;300;Dato publicado Fase Ejecucion: 50;Movil
1782729062.2667694;1782729062.2666302;/home/samuchair/ros2_ws/install/samuchair/lib/python3.12/site-packages/samuchair/mainNode.py;callback_subMovilEjecucion;20;324;Comando Movil Ejecucion: 50;mainNode
1782729063.2660017;1782729063.2653346;/home/samuchair/ros2_ws/install/samuchair/lib/python3.12/site-packages/samuchair/movilNode.py;timer_callback;20;300;Dato publicado Fase Ejecucion: 30;Movil
1782729063.2660367;1782729063.2656007;/home/samuchair/ros2_ws/install/samuchair/lib/python3.12/site-packages/samuchair/mainNode.py;callback_subMovilEjecucion;20;324;Comando Movil Ejecucion: 30;mainNode
