"log_time_s","publish_time_s","file","function","level","line","msg","name"
"1765972702.6449351","1765972702.6449037","./src/rosbag2_transport/recorder.cpp","subscribe_topic","20","569","Subscribed to topic '/name_movil'","rosbag2_recorder"
"1765972702.6462057","1765972702.64618","./src/rosbag2_transport/recorder.cpp","subscribe_topic","20","569","Subscribed to topic '/tactil_izq'","rosbag2_recorder"
"1765972702.6475282","1765972702.6474996","./src/rosbag2_transport/recorder.cpp","subscribe_topic","20","569","Subscribed to topic '/modo_exp'","rosbag2_recorder"
"1765972702.6487105","1765972702.6486878","./src/rosbag2_transport/recorder.cpp","subscribe_topic","20","569","Subscribed to topic '/tipo_exp'","rosbag2_recorder"
"1765972702.6500623","1765972702.650039","./src/rosbag2_transport/recorder.cpp","subscribe_topic","20","569","Subscribed to topic '/events/write_split'","rosbag2_recorder"
"1765972702.6516292","1765972702.6515994","./src/rosbag2_transport/recorder.cpp","subscribe_topic","20","569","Subscribed to topic '/diff_time'","rosbag2_recorder"
"1765972702.6545024","1765972702.6544697","./src/rosbag2_transport/recorder.cpp","subscribe_topic","20","569","Subscribed to topic '/parameter_events'","rosbag2_recorder"
"1765972702.655823","1765972702.6557732","./src/rosbag2_transport/recorder.cpp","subscribe_topic","20","569","Subscribed to topic '/Ejecucion'","rosbag2_recorder"
"1765972702.657092","1765972702.6570563","./src/rosbag2_transport/recorder.cpp","subscribe_topic","20","569","Subscribed to topic '/Attended'","rosbag2_recorder"
"1765972702.6573262","1765972702.6573048","./src/rosbag2_transport/recorder.cpp","record","20","365","Recording...","rosbag2_recorder"
"1765972702.7329934","1765972700.4578004","/home/samuchair/ros2_ws/install/samuchair/lib/python3.12/site-packages/samuchair/arduinoNode.py","secuencia_conexion","20","31","Conectado al Arduino por /dev/Joystick","Joystick"
"1765972702.7614267","1765972702.7613862","./src/rosbag2_transport/recorder.cpp","subscribe_topic","20","569","Subscribed to topic '/right_wheel_steps'","rosbag2_recorder"
"1765972702.7637186","1765972702.7636817","./src/rosbag2_transport/recorder.cpp","subscribe_topic","20","569","Subscribed to topic '/pot_esp32'","rosbag2_recorder"
"1765972702.7655878","1765972702.7655563","./src/rosbag2_transport/recorder.cpp","subscribe_topic","20","569","Subscribed to topic '/left_wheel_steps'","rosbag2_recorder"
"1765972702.768094","1765972702.7680638","./src/rosbag2_transport/recorder.cpp","subscribe_topic","20","569","Subscribed to topic '/jBnode'","rosbag2_recorder"
"1765972702.7708812","1765972702.7708478","./src/rosbag2_transport/recorder.cpp","subscribe_topic","20","569","Subscribed to topic '/frame'","rosbag2_recorder"
"1765972702.8047075","1765972699.357021","/home/samuchair/ros2_ws/install/samuchair/lib/python3.12/site-packages/samuchair/esp32Node.py","timer_callback","20","41","Dato publicado Pot: 5","sensorHallyPot"
"1765972702.8068056","1765972698.70707","/home/samuchair/ros2_ws/install/samuchair/lib/python3.12/site-packages/samuchair/mainNode.py","callback_subJoy","20","82","Comando Joystick Bluetooth: -2","mainNode"
"1765972702.8085241","1765972698.698545","/home/samuchair/ros2_ws/install/samuchair/lib/python3.12/site-packages/samuchair/jBNode.py","jb_callback","20","38","Comando Joystick Bluetooth: -2","JoystickBluetooth"
"1765972720.8237827","1765972720.8236644","/home/samuchair/ros2_ws/install/samuchair/lib/python3.12/site-packages/samuchair/jBNode.py","jb_callback","20","38","Comando Joystick Bluetooth: 12","JoystickBluetooth"
"1765972720.824091","1765972720.8239834","/home/samuchair/ros2_ws/install/samuchair/lib/python3.12/site-packages/samuchair/mainNode.py","callback_subJoy","20","82","Comando Joystick Bluetooth: 12","mainNode"
"1765972721.5362487","1765972721.536138","/home/samuchair/ros2_ws/install/samuchair/lib/python3.12/site-packages/samuchair/jBNode.py","jb_callback","20","38","Comando Joystick Bluetooth: 6","JoystickBluetooth"
"1765972721.5366895","1765972721.5365717","/home/samuchair/ros2_ws/install/samuchair/lib/python3.12/site-packages/samuchair/mainNode.py","callback_subJoy","20","82","Comando Joystick Bluetooth: 6","mainNode"
"1765972724.2362957","1765972724.2361119","/home/samuchair/ros2_ws/install/samuchair/lib/python3.12/site-packages/samuchair/jBNode.py","jb_callback","20","38","Comando Joystick Bluetooth: 12","JoystickBluetooth"
"1765972724.2366881","1765972724.2365692","/home/samuchair/ros2_ws/install/samuchair/lib/python3.12/site-packages/samuchair/mainNode.py","callback_subJoy","20","82","Comando Joystick Bluetooth: 12","mainNode"
"1765972724.6861742","1765972724.686072","/home/samuchair/ros2_ws/install/samuchair/lib/python3.12/site-packages/samuchair/jBNode.py","jb_callback","20","38","Comando Joystick Bluetooth: 6","JoystickBluetooth"
"1765972724.6864889","1765972724.686385","/home/samuchair/ros2_ws/install/samuchair/lib/python3.12/site-packages/samuchair/mainNode.py","callback_subJoy","20","82","Comando Joystick Bluetooth: 6","mainNode"
"1765972726.888392","1765972726.8875666","/home/samuchair/ros2_ws/install/samuchair/lib/python3.12/site-packages/samuchair/mainNode.py","callback_subMovilTipo","20","95","Comando Movil Tipo: Experimento 1","mainNode"
"1765972726.9100099","1765972726.9098427","/home/samuchair/ros2_ws/install/samuchair/lib/python3.12/site-packages/samuchair/secondarytaskNode.py","sus_function","20","166","Mensaje recibido: Experimento 1","ST"
"1765972726.9104407","1765972726.910034","/home/samuchair/ros2_ws/install/samuchair/lib/python3.12/site-packages/samuchair/movilNode.py","timer_callback","20","215","Dato publicado Tipo Experimento: Experimento 1","Movil"
"1765972730.7868488","1765972730.786748","/home/samuchair/ros2_ws/install/samuchair/lib/python3.12/site-packages/samuchair/secondarytaskNode.py","timer_callback","20","220","Publicado: ""1""","ST"
"1765972730.7878337","1765972730.7877412","/home/samuchair/ros2_ws/install/samuchair/lib/python3.12/site-packages/samuchair/secondarytaskNode.py","start_random_timer","20","180","Dato publicado ST: 8.457440275288551","ST"
"1765972731.0529509","1765972731.0528545","/home/samuchair/ros2_ws/install/samuchair/lib/python3.12/site-packages/samuchair/secondarytaskNode.py","timer_lectura","20","203","Dato medido ST: 0.035478830337524414","ST"
"1765972733.3873346","1765972733.3872223","/home/samuchair/ros2_ws/install/samuchair/lib/python3.12/site-packages/samuchair/movilNode.py","timer_callback","20","209","Dato publicado Nombre_Sujeto: MIGUELEAL","Movil"
"1765972736.7614107","1765972736.761317","/home/samuchair/ros2_ws/install/samuchair/lib/python3.12/site-packages/samuchair/jBNode.py","jb_callback","20","38","Comando Joystick Bluetooth: 12","JoystickBluetooth"
"1765972736.7617888","1765972736.7616909","/home/samuchair/ros2_ws/install/samuchair/lib/python3.12/site-packages/samuchair/mainNode.py","callback_subJoy","20","82","Comando Joystick Bluetooth: 12","mainNode"
"1765972737.7739084","1765972737.7738118","/home/samuchair/ros2_ws/install/samuchair/lib/python3.12/site-packages/samuchair/jBNode.py","jb_callback","20","38","Comando Joystick Bluetooth: 6","JoystickBluetooth"
"1765972737.7745469","1765972737.7742136","/home/samuchair/ros2_ws/install/samuchair/lib/python3.12/site-packages/samuchair/mainNode.py","callback_subJoy","20","82","Comando Joystick Bluetooth: 6","mainNode"
"1765972737.8114269","1765972737.8113286","/home/samuchair/ros2_ws/install/samuchair/lib/python3.12/site-packages/samuchair/jBNode.py","jb_callback","20","38","Comando Joystick Bluetooth: 17","JoystickBluetooth"
"1765972737.8117516","1765972737.8116534","/home/samuchair/ros2_ws/install/samuchair/lib/python3.12/site-packages/samuchair/mainNode.py","callback_subJoy","20","82","Comando Joystick Bluetooth: 17","mainNode"
"1765972738.3364496","1765972738.3363442","/home/samuchair/ros2_ws/install/samuchair/lib/python3.12/site-packages/samuchair/jBNode.py","jb_callback","20","38","Comando Joystick Bluetooth: 6","JoystickBluetooth"
"1765972738.3368037","1765972738.3367054","/home/samuchair/ros2_ws/install/samuchair/lib/python3.12/site-packages/samuchair/mainNode.py","callback_subJoy","20","82","Comando Joystick Bluetooth: 6","mainNode"
"1765972738.3883948","1765972738.387223","/home/samuchair/ros2_ws/install/samuchair/lib/python3.12/site-packages/samuchair/movilNode.py","timer_callback","20","221","Dato publicado Modo: Modo:1","Movil"
"1765972738.3884375","1765972738.3878956","/home/samuchair/ros2_ws/install/samuchair/lib/python3.12/site-packages/samuchair/mainNode.py","callback_subMovilModo","20","122","Comando Movil Modo: Modo:1","mainNode"
"1765972738.3884475","1765972738.388145","/home/samuchair/ros2_ws/install/samuchair/lib/python3.12/site-packages/samuchair/arduinoNode.py","handle_joystick_silla","20","61","Enviando comando al Arduino: modo","Joystick"
"1765972738.4489915","1765972738.4488533","/home/samuchair/ros2_ws/install/samuchair/lib/python3.12/site-packages/samuchair/jBNode.py","jb_callback","20","38","Comando Joystick Bluetooth: 12","JoystickBluetooth"
"1765972738.4492867","1765972738.4491746","/home/samuchair/ros2_ws/install/samuchair/lib/python3.12/site-packages/samuchair/mainNode.py","callback_subJoy","20","82","Comando Joystick Bluetooth: 12","mainNode"
"1765972738.5904624","1765972738.5903296","/home/samuchair/ros2_ws/install/samuchair/lib/python3.12/site-packages/samuchair/arduinoNode.py","handle_joystick_silla","20","61","Enviando comando al Arduino: velocidad","Joystick"
"1765972738.5906308","1765972738.5905004","/home/samuchair/ros2_ws/install/samuchair/lib/python3.12/site-packages/samuchair/mainNode.py","callback_handleServiceResponse","20","142","Estoy en el servicio llamado desde mainNode","mainNode"
"1765972738.8614666","1765972738.8613653","/home/samuchair/ros2_ws/install/samuchair/lib/python3.12/site-packages/samuchair/jBNode.py","jb_callback","20","38","Comando Joystick Bluetooth: 6","JoystickBluetooth"
"1765972738.8618798","1765972738.8617563","/home/samuchair/ros2_ws/install/samuchair/lib/python3.12/site-packages/samuchair/mainNode.py","callback_subJoy","20","82","Comando Joystick Bluetooth: 6","mainNode"
"1765972738.8926737","1765972738.892538","/home/samuchair/ros2_ws/install/samuchair/lib/python3.12/site-packages/samuchair/arduinoNode.py","handle_joystick_silla","20","61","Enviando comando al Arduino: velocidad","Joystick"
"1765972738.8927348","1765972738.8926313","/home/samuchair/ros2_ws/install/samuchair/lib/python3.12/site-packages/samuchair/mainNode.py","callback_handleServiceResponse","20","142","Estoy en el servicio llamado desde mainNode","mainNode"
"1765972739.1950247","1765972739.1949065","/home/samuchair/ros2_ws/install/samuchair/lib/python3.12/site-packages/samuchair/mainNode.py","callback_handleServiceResponse","20","142","Estoy en el servicio llamado desde mainNode","mainNode"
"1765972739.7094448","1765972739.7093563","/home/samuchair/ros2_ws/install/samuchair/lib/python3.12/site-packages/samuchair/secondarytaskNode.py","timer_callback","20","220","Publicado: ""0""","ST"
"1765972739.7103915","1765972739.710309","/home/samuchair/ros2_ws/install/samuchair/lib/python3.12/site-packages/samuchair/secondarytaskNode.py","start_random_timer","20","180","Dato publicado ST: 9.096092156454938","ST"
"1765972740.0529559","1765972740.0528657","/home/samuchair/ros2_ws/install/samuchair/lib/python3.12/site-packages/samuchair/secondarytaskNode.py","timer_lectura","20","203","Dato medido ST: 0.07329988479614258","ST"
"1765972740.3874242","1765972740.3872943","/home/samuchair/ros2_ws/install/samuchair/lib/python3.12/site-packages/samuchair/movilNode.py","timer_callback","20","239","Dato publicado Fase Ejecucion: 20","Movil"
"1765972740.387777","1765972740.387489","/home/samuchair/ros2_ws/install/samuchair/lib/python3.12/site-packages/samuchair/mainNode.py","callback_subMovilEjecucion","20","137","Comando Movil Ejecucion: 20","mainNode"
"1765972742.3427422","1765972742.3426023","/home/samuchair/ros2_ws/install/samuchair/lib/python3.12/site-packages/samuchair/webcamNode.py","timer_callback","20","61","Frame: 2","webcam"
"1765972743.091736","1765972743.0916326","/home/samuchair/ros2_ws/install/samuchair/lib/python3.12/site-packages/samuchair/webcamNode.py","timer_callback","20","61","Frame: 3","webcam"
"1765972745.0912864","1765972745.091168","/home/samuchair/ros2_ws/install/samuchair/lib/python3.12/site-packages/samuchair/webcamNode.py","timer_callback","20","61","Frame: 4","webcam"
"1765972745.8741243","1765972745.8739522","/home/samuchair/ros2_ws/install/samuchair/lib/python3.12/site-packages/samuchair/jBNode.py","jb_callback","20","38","Comando Joystick Bluetooth: 9","JoystickBluetooth"
"1765972745.874493","1765972745.8743856","/home/samuchair/ros2_ws/install/samuchair/lib/python3.12/site-packages/samuchair/mainNode.py","callback_subJoy","20","82","Comando Joystick Bluetooth: 9","mainNode"
"1765972745.876242","1765972745.876124","/home/samuchair/ros2_ws/install/samuchair/lib/python3.12/site-packages/samuchair/arduinoNode.py","handle_joystick_silla","20","61","Enviando comando al Arduino: velocidad","Joystick"
"1765972746.0990386","1765972746.0989318","/home/samuchair/ros2_ws/install/samuchair/lib/python3.12/site-packages/samuchair/jBNode.py","jb_callback","20","38","Comando Joystick Bluetooth: 0","JoystickBluetooth"
"1765972746.0994933","1765972746.0993762","/home/samuchair/ros2_ws/install/samuchair/lib/python3.12/site-packages/samuchair/mainNode.py","callback_subJoy","20","82","Comando Joystick Bluetooth: 0","mainNode"
"1765972746.178464","1765972746.1782897","/home/samuchair/ros2_ws/install/samuchair/lib/python3.12/site-packages/samuchair/arduinoNode.py","handle_joystick_silla","20","61","Enviando comando al Arduino: velocidad","Joystick"
"1765972746.178518","1765972746.1783197","/home/samuchair/ros2_ws/install/samuchair/lib/python3.12/site-packages/samuchair/mainNode.py","callback_handleServiceResponse","20","142","Estoy en el servicio llamado desde mainNode","mainNode"
"1765972746.4807398","1765972746.4806066","/home/samuchair/ros2_ws/install/samuchair/lib/python3.12/site-packages/samuchair/mainNode.py","callback_handleServiceResponse","20","142","Estoy en el servicio llamado desde mainNode","mainNode"
"1765972746.998989","1765972746.998882","/home/samuchair/ros2_ws/install/samuchair/lib/python3.12/site-packages/samuchair/jBNode.py","jb_callback","20","38","Comando Joystick Bluetooth: 9","JoystickBluetooth"
"1765972746.9994204","1765972746.9993122","/home/samuchair/ros2_ws/install/samuchair/lib/python3.12/site-packages/samuchair/mainNode.py","callback_subJoy","20","82","Comando Joystick Bluetooth: 9","mainNode"
"1765972747.000952","1765972747.0008316","/home/samuchair/ros2_ws/install/samuchair/lib/python3.12/site-packages/samuchair/arduinoNode.py","handle_joystick_silla","20","61","Enviando comando al Arduino: velocidad","Joystick"
"1765972747.0917735","1765972747.0916784","/home/samuchair/ros2_ws/install/samuchair/lib/python3.12/site-packages/samuchair/webcamNode.py","timer_callback","20","61","Frame: 5","webcam"
"1765972747.3032029","1765972747.3030715","/home/samuchair/ros2_ws/install/samuchair/lib/python3.12/site-packages/samuchair/mainNode.py","callback_handleServiceResponse","20","142","Estoy en el servicio llamado desde mainNode","mainNode"
"1765972748.199087","1765972748.1989584","/home/samuchair/ros2_ws/install/samuchair/lib/python3.12/site-packages/samuchair/jBNode.py","jb_callback","20","38","Comando Joystick Bluetooth: 0","JoystickBluetooth"
"1765972748.199497","1765972748.1993566","/home/samuchair/ros2_ws/install/samuchair/lib/python3.12/site-packages/samuchair/mainNode.py","callback_subJoy","20","82","Comando Joystick Bluetooth: 0","mainNode"
"1765972748.2011151","1765972748.2009747","/home/samuchair/ros2_ws/install/samuchair/lib/python3.12/site-packages/samuchair/arduinoNode.py","handle_joystick_silla","20","61","Enviando comando al Arduino: velocidad","Joystick"
"1765972748.5035677","1765972748.5034373","/home/samuchair/ros2_ws/install/samuchair/lib/python3.12/site-packages/samuchair/mainNode.py","callback_handleServiceResponse","20","142","Estoy en el servicio llamado desde mainNode","mainNode"
"1765972749.0912838","1765972749.091165","/home/samuchair/ros2_ws/install/samuchair/lib/python3.12/site-packages/samuchair/webcamNode.py","timer_callback","20","61","Frame: 6","webcam"
"1765972749.0987916","1765972749.0987093","/home/samuchair/ros2_ws/install/samuchair/lib/python3.12/site-packages/samuchair/jBNode.py","jb_callback","20","38","Comando Joystick Bluetooth: 9","JoystickBluetooth"
"1765972749.0992773","1765972749.0991478","/home/samuchair/ros2_ws/install/samuchair/lib/python3.12/site-packages/samuchair/mainNode.py","callback_subJoy","20","82","Comando Joystick Bluetooth: 9","mainNode"
"1765972749.100537","1765972749.100424","/home/samuchair/ros2_ws/install/samuchair/lib/python3.12/site-packages/samuchair/arduinoNode.py","handle_joystick_silla","20","61","Enviando comando al Arduino: velocidad","Joystick"
"1765972749.2720714","1765972749.2719877","/home/samuchair/ros2_ws/install/samuchair/lib/python3.12/site-packages/samuchair/secondarytaskNode.py","timer_callback","20","220","Publicado: ""0""","ST"
"1765972749.2730103","1765972749.2729247","/home/samuchair/ros2_ws/install/samuchair/lib/python3.12/site-packages/samuchair/secondarytaskNode.py","start_random_timer","20","180","Dato publicado ST: 10.098630767670505","ST"
"1765972749.4029424","1765972749.4028213","/home/samuchair/ros2_ws/install/samuchair/lib/python3.12/site-packages/samuchair/mainNode.py","callback_handleServiceResponse","20","142","Estoy en el servicio llamado desde mainNode","mainNode"
"1765972749.5491266","1765972749.5489888","/home/samuchair/ros2_ws/install/samuchair/lib/python3.12/site-packages/samuchair/jBNode.py","jb_callback","20","38","Comando Joystick Bluetooth: 0","JoystickBluetooth"
"1765972749.549578","1765972749.5494623","/home/samuchair/ros2_ws/install/samuchair/lib/python3.12/site-packages/samuchair/mainNode.py","callback_subJoy","20","82","Comando Joystick Bluetooth: 0","mainNode"
"1765972749.5511515","1765972749.5510302","/home/samuchair/ros2_ws/install/samuchair/lib/python3.12/site-packages/samuchair/arduinoNode.py","handle_joystick_silla","20","61","Enviando comando al Arduino: velocidad","Joystick"
"1765972749.8535554","1765972749.8534336","/home/samuchair/ros2_ws/install/samuchair/lib/python3.12/site-packages/samuchair/mainNode.py","callback_handleServiceResponse","20","142","Estoy en el servicio llamado desde mainNode","mainNode"
"1765972750.0529823","1765972750.052882","/home/samuchair/ros2_ws/install/samuchair/lib/python3.12/site-packages/samuchair/secondarytaskNode.py","timer_lectura","20","203","Dato medido ST: 0.1110684871673584","ST"
"1765972750.4490485","1765972750.4489458","/home/samuchair/ros2_ws/install/samuchair/lib/python3.12/site-packages/samuchair/jBNode.py","jb_callback","20","38","Comando Joystick Bluetooth: 3","JoystickBluetooth"
"1765972750.4494538","1765972750.4493556","/home/samuchair/ros2_ws/install/samuchair/lib/python3.12/site-packages/samuchair/mainNode.py","callback_subJoy","20","82","Comando Joystick Bluetooth: 3","mainNode"
"1765972750.4511263","1765972750.4510028","/home/samuchair/ros2_ws/install/samuchair/lib/python3.12/site-packages/samuchair/arduinoNode.py","handle_joystick_silla","20","61","Enviando comando al Arduino: velocidad","Joystick"
"1765972750.753355","1765972750.7532115","/home/samuchair/ros2_ws/install/samuchair/lib/python3.12/site-packages/samuchair/mainNode.py","callback_handleServiceResponse","20","142","Estoy en el servicio llamado desde mainNode","mainNode"
"1765972751.0919034","1765972751.0918036","/home/samuchair/ros2_ws/install/samuchair/lib/python3.12/site-packages/samuchair/webcamNode.py","timer_callback","20","61","Frame: 7","webcam"
"1765972751.3490279","1765972751.348927","/home/samuchair/ros2_ws/install/samuchair/lib/python3.12/site-packages/samuchair/jBNode.py","jb_callback","20","38","Comando Joystick Bluetooth: 10","JoystickBluetooth"
"1765972751.3494816","1765972751.3493793","/home/samuchair/ros2_ws/install/samuchair/lib/python3.12/site-packages/samuchair/mainNode.py","callback_subJoy","20","82","Comando Joystick Bluetooth: 10","mainNode"
"1765972751.3510547","1765972751.3509123","/home/samuchair/ros2_ws/install/samuchair/lib/python3.12/site-packages/samuchair/arduinoNode.py","handle_joystick_silla","20","61","Enviando comando al Arduino: velocidad","Joystick"
"1765972751.4990356","1765972751.4989333","/home/samuchair/ros2_ws/install/samuchair/lib/python3.12/site-packages/samuchair/jBNode.py","jb_callback","20","38","Comando Joystick Bluetooth: 9","JoystickBluetooth"
"1765972751.499577","1765972751.4993696","/home/samuchair/ros2_ws/install/samuchair/lib/python3.12/site-packages/samuchair/mainNode.py","callback_subJoy","20","82","Comando Joystick Bluetooth: 9","mainNode"
"1765972751.6533422","1765972751.6532118","/home/samuchair/ros2_ws/install/samuchair/lib/python3.12/site-packages/samuchair/mainNode.py","callback_handleServiceResponse","20","142","Estoy en el servicio llamado desde mainNode","mainNode"
"1765972751.6536458","1765972751.6534076","/home/samuchair/ros2_ws/install/samuchair/lib/python3.12/site-packages/samuchair/arduinoNode.py","handle_joystick_silla","20","61","Enviando comando al Arduino: velocidad","Joystick"
"1765972751.9115849","1765972751.911484","/home/samuchair/ros2_ws/install/samuchair/lib/python3.12/site-packages/samuchair/jBNode.py","jb_callback","20","38","Comando Joystick Bluetooth: 10","JoystickBluetooth"
"1765972751.9118998","1765972751.911801","/home/samuchair/ros2_ws/install/samuchair/lib/python3.12/site-packages/samuchair/mainNode.py","callback_subJoy","20","82","Comando Joystick Bluetooth: 10","mainNode"
"1765972751.9490747","1765972751.9489636","/home/samuchair/ros2_ws/install/samuchair/lib/python3.12/site-packages/samuchair/jBNode.py","jb_callback","20","38","Comando Joystick Bluetooth: 3","JoystickBluetooth"
"1765972751.9494302","1765972751.949327","/home/samuchair/ros2_ws/install/samuchair/lib/python3.12/site-packages/samuchair/mainNode.py","callback_subJoy","20","82","Comando Joystick Bluetooth: 3","mainNode"
"1765972751.956408","1765972751.9556139","/home/samuchair/ros2_ws/install/samuchair/lib/python3.12/site-packages/samuchair/mainNode.py","callback_handleServiceResponse","20","142","Estoy en el servicio llamado desde mainNode","mainNode"
"1765972751.9564378","1765972751.9557424","/home/samuchair/ros2_ws/install/samuchair/lib/python3.12/site-packages/samuchair/arduinoNode.py","handle_joystick_silla","20","61","Enviando comando al Arduino: velocidad","Joystick"
"1765972752.2581694","1765972752.2580192","/home/samuchair/ros2_ws/install/samuchair/lib/python3.12/site-packages/samuchair/mainNode.py","callback_handleServiceResponse","20","142","Estoy en el servicio llamado desde mainNode","mainNode"
"1765972752.258208","1765972752.2580712","/home/samuchair/ros2_ws/install/samuchair/lib/python3.12/site-packages/samuchair/arduinoNode.py","handle_joystick_silla","20","61","Enviando comando al Arduino: velocidad","Joystick"
"1765972752.560808","1765972752.560674","/home/samuchair/ros2_ws/install/samuchair/lib/python3.12/site-packages/samuchair/mainNode.py","callback_handleServiceResponse","20","142","Estoy en el servicio llamado desde mainNode","mainNode"
"1765972752.8490815","1765972752.848984","/home/samuchair/ros2_ws/install/samuchair/lib/python3.12/site-packages/samuchair/jBNode.py","jb_callback","20","38","Comando Joystick Bluetooth: 10","JoystickBluetooth"
"1765972752.849477","1765972752.8493798","/home/samuchair/ros2_ws/install/samuchair/lib/python3.12/site-packages/samuchair/mainNode.py","callback_subJoy","20","82","Comando Joystick Bluetooth: 10","mainNode"
"1765972752.8512247","1765972752.8510973","/home/samuchair/ros2_ws/install/samuchair/lib/python3.12/site-packages/samuchair/arduinoNode.py","handle_joystick_silla","20","61","Enviando comando al Arduino: velocidad","Joystick"
"1765972753.0914156","1765972753.091316","/home/samuchair/ros2_ws/install/samuchair/lib/python3.12/site-packages/samuchair/webcamNode.py","timer_callback","20","61","Frame: 8","webcam"
"1765972753.1536229","1765972753.1534898","/home/samuchair/ros2_ws/install/samuchair/lib/python3.12/site-packages/samuchair/mainNode.py","callback_handleServiceResponse","20","142","Estoy en el servicio llamado desde mainNode","mainNode"
"1765972754.0491362","1765972754.0490336","/home/samuchair/ros2_ws/install/samuchair/lib/python3.12/site-packages/samuchair/jBNode.py","jb_callback","20","38","Comando Joystick Bluetooth: 9","JoystickBluetooth"
"1765972754.0497267","1765972754.0494657","/home/samuchair/ros2_ws/install/samuchair/lib/python3.12/site-packages/samuchair/mainNode.py","callback_subJoy","20","82","Comando Joystick Bluetooth: 9","mainNode"
"1765972754.0513294","1765972754.051191","/home/samuchair/ros2_ws/install/samuchair/lib/python3.12/site-packages/samuchair/arduinoNode.py","handle_joystick_silla","20","61","Enviando comando al Arduino: velocidad","Joystick"
"1765972754.353629","1765972754.3534503","/home/samuchair/ros2_ws/install/samuchair/lib/python3.12/site-packages/samuchair/mainNode.py","callback_handleServiceResponse","20","142","Estoy en el servicio llamado desde mainNode","mainNode"
"1765972754.9867256","1765972754.9865923","/home/samuchair/ros2_ws/install/samuchair/lib/python3.12/site-packages/samuchair/jBNode.py","jb_callback","20","38","Comando Joystick Bluetooth: 10","JoystickBluetooth"
"1765972754.9870815","1765972754.986978","/home/samuchair/ros2_ws/install/samuchair/lib/python3.12/site-packages/samuchair/mainNode.py","callback_subJoy","20","82","Comando Joystick Bluetooth: 10","mainNode"
"1765972754.9887881","1765972754.9886582","/home/samuchair/ros2_ws/install/samuchair/lib/python3.12/site-packages/samuchair/arduinoNode.py","handle_joystick_silla","20","61","Enviando comando al Arduino: velocidad","Joystick"
"1765972755.0616157","1765972755.0615227","/home/samuchair/ros2_ws/install/samuchair/lib/python3.12/site-packages/samuchair/jBNode.py","jb_callback","20","38","Comando Joystick Bluetooth: 3","JoystickBluetooth"
"1765972755.0619876","1765972755.0618932","/home/samuchair/ros2_ws/install/samuchair/lib/python3.12/site-packages/samuchair/mainNode.py","callback_subJoy","20","82","Comando Joystick Bluetooth: 3","mainNode"
"1765972755.0925562","1765972755.0924695","/home/samuchair/ros2_ws/install/samuchair/lib/python3.12/site-packages/samuchair/webcamNode.py","timer_callback","20","61","Frame: 9","webcam"
"1765972755.291173","1765972755.2910323","/home/samuchair/ros2_ws/install/samuchair/lib/python3.12/site-packages/samuchair/mainNode.py","callback_handleServiceResponse","20","142","Estoy en el servicio llamado desde mainNode","mainNode"
"1765972755.2912118","1765972755.2911093","/home/samuchair/ros2_ws/install/samuchair/lib/python3.12/site-packages/samuchair/arduinoNode.py","handle_joystick_silla","20","61","Enviando comando al Arduino: velocidad","Joystick"
"1765972755.5935974","1765972755.5934732","/home/samuchair/ros2_ws/install/samuchair/lib/python3.12/site-packages/samuchair/mainNode.py","callback_handleServiceResponse","20","142","Estoy en el servicio llamado desde mainNode","mainNode"
"1765972756.4491951","1765972756.449089","/home/samuchair/ros2_ws/install/samuchair/lib/python3.12/site-packages/samuchair/jBNode.py","jb_callback","20","38","Comando Joystick Bluetooth: 12","JoystickBluetooth"
"1765972756.4495595","1765972756.449478","/home/samuchair/ros2_ws/install/samuchair/lib/python3.12/site-packages/samuchair/mainNode.py","callback_subJoy","20","82","Comando Joystick Bluetooth: 12","mainNode"
"1765972756.4501598","1765972756.450061","/home/samuchair/ros2_ws/install/samuchair/lib/python3.12/site-packages/samuchair/jBNode.py","jb_callback","20","38","Comando Joystick Bluetooth: 6","JoystickBluetooth"
"1765972756.4513884","1765972756.4512494","/home/samuchair/ros2_ws/install/samuchair/lib/python3.12/site-packages/samuchair/mainNode.py","callback_subJoy","20","82","Comando Joystick Bluetooth: 6","mainNode"
"1765972756.4519837","1765972756.4518785","/home/samuchair/ros2_ws/install/samuchair/lib/python3.12/site-packages/samuchair/arduinoNode.py","handle_joystick_silla","20","61","Enviando comando al Arduino: velocidad","Joystick"
"1765972756.7543402","1765972756.75418","/home/samuchair/ros2_ws/install/samuchair/lib/python3.12/site-packages/samuchair/mainNode.py","callback_handleServiceResponse","20","142","Estoy en el servicio llamado desde mainNode","mainNode"
"1765972756.754377","1765972756.7542357","/home/samuchair/ros2_ws/install/samuchair/lib/python3.12/site-packages/samuchair/arduinoNode.py","handle_joystick_silla","20","61","Enviando comando al Arduino: velocidad","Joystick"
"1765972757.0117033","1765972757.0116057","/home/samuchair/ros2_ws/install/samuchair/lib/python3.12/site-packages/samuchair/jBNode.py","jb_callback","20","38","Comando Joystick Bluetooth: 12","JoystickBluetooth"
"1765972757.0120609","1765972757.0119674","/home/samuchair/ros2_ws/install/samuchair/lib/python3.12/site-packages/samuchair/mainNode.py","callback_subJoy","20","82","Comando Joystick Bluetooth: 12","mainNode"
"1765972757.0567503","1765972757.0565941","/home/samuchair/ros2_ws/install/samuchair/lib/python3.12/site-packages/samuchair/mainNode.py","callback_handleServiceResponse","20","142","Estoy en el servicio llamado desde mainNode","mainNode"
"1765972757.0567853","1765972757.0566278","/home/samuchair/ros2_ws/install/samuchair/lib/python3.12/site-packages/samuchair/arduinoNode.py","handle_joystick_silla","20","61","Enviando comando al Arduino: velocidad","Joystick"
"1765972757.0928311","1765972757.0927284","/home/samuchair/ros2_ws/install/samuchair/lib/python3.12/site-packages/samuchair/webcamNode.py","timer_callback","20","61","Frame: 10","webcam"
"1765972757.358992","1765972757.3588848","/home/samuchair/ros2_ws/install/samuchair/lib/python3.12/site-packages/samuchair/mainNode.py","callback_handleServiceResponse","20","142","Estoy en el servicio llamado desde mainNode","mainNode"
"1765972757.8742404","1765972757.874139","/home/samuchair/ros2_ws/install/samuchair/lib/python3.12/site-packages/samuchair/jBNode.py","jb_callback","20","38","Comando Joystick Bluetooth: 3","JoystickBluetooth"
"1765972757.8747702","1765972757.874665","/home/samuchair/ros2_ws/install/samuchair/lib/python3.12/site-packages/samuchair/mainNode.py","callback_subJoy","20","82","Comando Joystick Bluetooth: 3","mainNode"
"1765972757.8752053","1765972757.8751044","/home/samuchair/ros2_ws/install/samuchair/lib/python3.12/site-packages/samuchair/jBNode.py","jb_callback","20","38","Comando Joystick Bluetooth: 0","JoystickBluetooth"
"1765972757.8766303","1765972757.8765159","/home/samuchair/ros2_ws/install/samuchair/lib/python3.12/site-packages/samuchair/mainNode.py","callback_subJoy","20","82","Comando Joystick Bluetooth: 0","mainNode"
"1765972757.8771164","1765972757.87696","/home/samuchair/ros2_ws/install/samuchair/lib/python3.12/site-packages/samuchair/arduinoNode.py","handle_joystick_silla","20","61","Enviando comando al Arduino: velocidad","Joystick"
"1765972758.1795125","1765972758.1793706","/home/samuchair/ros2_ws/install/samuchair/lib/python3.12/site-packages/samuchair/mainNode.py","callback_handleServiceResponse","20","142","Estoy en el servicio llamado desde mainNode","mainNode"
"1765972758.1795456","1765972758.1794116","/home/samuchair/ros2_ws/install/samuchair/lib/python3.12/site-packages/samuchair/arduinoNode.py","handle_joystick_silla","20","61","Enviando comando al Arduino: velocidad","Joystick"
"1765972758.4818492","1765972758.4817216","/home/samuchair/ros2_ws/install/samuchair/lib/python3.12/site-packages/samuchair/mainNode.py","callback_handleServiceResponse","20","142","Estoy en el servicio llamado desde mainNode","mainNode"
"1765972758.8492858","1765972758.8491144","/home/samuchair/ros2_ws/install/samuchair/lib/python3.12/site-packages/samuchair/jBNode.py","jb_callback","20","38","Comando Joystick Bluetooth: 3","JoystickBluetooth"
"1765972758.8496609","1765972758.849528","/home/samuchair/ros2_ws/install/samuchair/lib/python3.12/site-packages/samuchair/mainNode.py","callback_subJoy","20","82","Comando Joystick Bluetooth: 3","mainNode"
"1765972758.8514252","1765972758.8512938","/home/samuchair/ros2_ws/install/samuchair/lib/python3.12/site-packages/samuchair/arduinoNode.py","handle_joystick_silla","20","61","Enviando comando al Arduino: velocidad","Joystick"
"1765972759.0923116","1765972759.0921967","/home/samuchair/ros2_ws/install/samuchair/lib/python3.12/site-packages/samuchair/webcamNode.py","timer_callback","20","61","Frame: 11","webcam"
"1765972759.1538596","1765972759.1537342","/home/samuchair/ros2_ws/install/samuchair/lib/python3.12/site-packages/samuchair/mainNode.py","callback_handleServiceResponse","20","142","Estoy en el servicio llamado desde mainNode","mainNode"
"1765972759.6367762","1765972759.636651","/home/samuchair/ros2_ws/install/samuchair/lib/python3.12/site-packages/samuchair/jBNode.py","jb_callback","20","38","Comando Joystick Bluetooth: 0","JoystickBluetooth"
"1765972759.6371348","1765972759.6370354","/home/samuchair/ros2_ws/install/samuchair/lib/python3.12/site-packages/samuchair/mainNode.py","callback_subJoy","20","82","Comando Joystick Bluetooth: 0","mainNode"
"1765972759.6388214","1765972759.638687","/home/samuchair/ros2_ws/install/samuchair/lib/python3.12/site-packages/samuchair/arduinoNode.py","handle_joystick_silla","20","61","Enviando comando al Arduino: velocidad","Joystick"
"1765972759.8373785","1765972759.837291","/home/samuchair/ros2_ws/install/samuchair/lib/python3.12/site-packages/samuchair/secondarytaskNode.py","timer_callback","20","220","Publicado: ""0""","ST"
"1765972759.838302","1765972759.838172","/home/samuchair/ros2_ws/install/samuchair/lib/python3.12/site-packages/samuchair/secondarytaskNode.py","start_random_timer","20","180","Dato publicado ST: 8.151769891278086","ST"
"1765972759.9411604","1765972759.9410343","/home/samuchair/ros2_ws/install/samuchair/lib/python3.12/site-packages/samuchair/mainNode.py","callback_handleServiceResponse","20","142","Estoy en el servicio llamado desde mainNode","mainNode"
"1765972760.0529773","1765972760.0528865","/home/samuchair/ros2_ws/install/samuchair/lib/python3.12/site-packages/samuchair/secondarytaskNode.py","timer_lectura","20","203","Dato medido ST: 0.042243003845214844","ST"
"1765972760.0866802","1765972760.0865889","/home/samuchair/ros2_ws/install/samuchair/lib/python3.12/site-packages/samuchair/jBNode.py","jb_callback","20","38","Comando Joystick Bluetooth: 9","JoystickBluetooth"
"1765972760.0871162","1765972760.087008","/home/samuchair/ros2_ws/install/samuchair/lib/python3.12/site-packages/samuchair/mainNode.py","callback_subJoy","20","82","Comando Joystick Bluetooth: 9","mainNode"
"1765972760.0886781","1765972760.0885623","/home/samuchair/ros2_ws/install/samuchair/lib/python3.12/site-packages/samuchair/arduinoNode.py","handle_joystick_silla","20","61","Enviando comando al Arduino: velocidad","Joystick"
"1765972760.3868356","1765972760.3866434","/home/samuchair/ros2_ws/install/samuchair/lib/python3.12/site-packages/samuchair/jBNode.py","jb_callback","20","38","Comando Joystick Bluetooth: 10","JoystickBluetooth"
"1765972760.3871462","1765972760.3870409","/home/samuchair/ros2_ws/install/samuchair/lib/python3.12/site-packages/samuchair/mainNode.py","callback_subJoy","20","82","Comando Joystick Bluetooth: 10","mainNode"
"1765972760.3909411","1765972760.3907773","/home/samuchair/ros2_ws/install/samuchair/lib/python3.12/site-packages/samuchair/mainNode.py","callback_handleServiceResponse","20","142","Estoy en el servicio llamado desde mainNode","mainNode"
"1765972760.391306","1765972760.3909905","/home/samuchair/ros2_ws/install/samuchair/lib/python3.12/site-packages/samuchair/arduinoNode.py","handle_joystick_silla","20","61","Enviando comando al Arduino: velocidad","Joystick"
"1765972760.6867452","1765972760.6866505","/home/samuchair/ros2_ws/install/samuchair/lib/python3.12/site-packages/samuchair/jBNode.py","jb_callback","20","38","Comando Joystick Bluetooth: 3","JoystickBluetooth"
"1765972760.6870444","1765972760.686935","/home/samuchair/ros2_ws/install/samuchair/lib/python3.12/site-packages/samuchair/mainNode.py","callback_subJoy","20","82","Comando Joystick Bluetooth: 3","mainNode"
"1765972760.693316","1765972760.6931398","/home/samuchair/ros2_ws/install/samuchair/lib/python3.12/site-packages/samuchair/mainNode.py","callback_handleServiceResponse","20","142","Estoy en el servicio llamado desde mainNode","mainNode"
"1765972760.8943384","1765972760.894215","/home/samuchair/ros2_ws/install/samuchair/lib/python3.12/site-packages/samuchair/arduinoNode.py","handle_joystick_silla","20","61","Enviando comando al Arduino: velocidad","Joystick"
"1765972761.0922818","1765972761.0921805","/home/samuchair/ros2_ws/install/samuchair/lib/python3.12/site-packages/samuchair/webcamNode.py","timer_callback","20","61","Frame: 12","webcam"
"1765972761.1967041","1765972761.1965826","/home/samuchair/ros2_ws/install/samuchair/lib/python3.12/site-packages/samuchair/mainNode.py","callback_handleServiceResponse","20","142","Estoy en el servicio llamado desde mainNode","mainNode"
"1765972761.2491653","1765972761.2490633","/home/samuchair/ros2_ws/install/samuchair/lib/python3.12/site-packages/samuchair/jBNode.py","jb_callback","20","38","Comando Joystick Bluetooth: 10","JoystickBluetooth"
"1765972761.2494595","1765972761.249367","/home/samuchair/ros2_ws/install/samuchair/lib/python3.12/site-packages/samuchair/mainNode.py","callback_subJoy","20","82","Comando Joystick Bluetooth: 10","mainNode"
"1765972761.251197","1765972761.251073","/home/samuchair/ros2_ws/install/samuchair/lib/python3.12/site-packages/samuchair/arduinoNode.py","handle_joystick_silla","20","61","Enviando comando al Arduino: velocidad","Joystick"
"1765972761.553544","1765972761.5534177","/home/samuchair/ros2_ws/install/samuchair/lib/python3.12/site-packages/samuchair/mainNode.py","callback_handleServiceResponse","20","142","Estoy en el servicio llamado desde mainNode","mainNode"
"1765972762.1868079","1765972762.1866996","/home/samuchair/ros2_ws/install/samuchair/lib/python3.12/site-packages/samuchair/jBNode.py","jb_callback","20","38","Comando Joystick Bluetooth: 9","JoystickBluetooth"
"1765972762.1873462","1765972762.1872065","/home/samuchair/ros2_ws/install/samuchair/lib/python3.12/site-packages/samuchair/mainNode.py","callback_subJoy","20","82","Comando Joystick Bluetooth: 9","mainNode"
"1765972762.1889436","1765972762.1888235","/home/samuchair/ros2_ws/install/samuchair/lib/python3.12/site-packages/samuchair/arduinoNode.py","handle_joystick_silla","20","61","Enviando comando al Arduino: velocidad","Joystick"
"1765972762.4913952","1765972762.4912577","/home/samuchair/ros2_ws/install/samuchair/lib/python3.12/site-packages/samuchair/mainNode.py","callback_handleServiceResponse","20","142","Estoy en el servicio llamado desde mainNode","mainNode"
"1765972763.049296","1765972763.049179","/home/samuchair/ros2_ws/install/samuchair/lib/python3.12/site-packages/samuchair/jBNode.py","jb_callback","20","38","Comando Joystick Bluetooth: 0","JoystickBluetooth"
"1765972763.0497587","1765972763.0496516","/home/samuchair/ros2_ws/install/samuchair/lib/python3.12/site-packages/samuchair/mainNode.py","callback_subJoy","20","82","Comando Joystick Bluetooth: 0","mainNode"
"1765972763.0502348","1765972763.0501237","/home/samuchair/ros2_ws/install/samuchair/lib/python3.12/site-packages/samuchair/jBNode.py","jb_callback","20","38","Comando Joystick Bluetooth: 3","JoystickBluetooth"
"1765972763.0522435","1765972763.051487","/home/samuchair/ros2_ws/install/samuchair/lib/python3.12/site-packages/samuchair/mainNode.py","callback_subJoy","20","82","Comando Joystick Bluetooth: 3","mainNode"
"1765972763.0522943","1765972763.051981","/home/samuchair/ros2_ws/install/samuchair/lib/python3.12/site-packages/samuchair/arduinoNode.py","handle_joystick_silla","20","61","Enviando comando al Arduino: velocidad","Joystick"
"1765972763.0919647","1765972763.0918746","/home/samuchair/ros2_ws/install/samuchair/lib/python3.12/site-packages/samuchair/webcamNode.py","timer_callback","20","61","Frame: 13","webcam"
"1765972763.124213","1765972763.1241155","/home/samuchair/ros2_ws/install/samuchair/lib/python3.12/site-packages/samuchair/jBNode.py","jb_callback","20","38","Comando Joystick Bluetooth: 0","JoystickBluetooth"
"1765972763.1245987","1765972763.1244988","/home/samuchair/ros2_ws/install/samuchair/lib/python3.12/site-packages/samuchair/mainNode.py","callback_subJoy","20","82","Comando Joystick Bluetooth: 0","mainNode"
"1765972763.3543777","1765972763.354249","/home/samuchair/ros2_ws/install/samuchair/lib/python3.12/site-packages/samuchair/arduinoNode.py","handle_joystick_silla","20","61","Enviando comando al Arduino: velocidad","Joystick"
"1765972763.3544087","1765972763.3543031","/home/samuchair/ros2_ws/install/samuchair/lib/python3.12/site-packages/samuchair/mainNode.py","callback_handleServiceResponse","20","142","Estoy en el servicio llamado desde mainNode","mainNode"
"1765972763.649218","1765972763.6490893","/home/samuchair/ros2_ws/install/samuchair/lib/python3.12/site-packages/samuchair/jBNode.py","jb_callback","20","38","Comando Joystick Bluetooth: 6","JoystickBluetooth"
"1765972763.6496027","1765972763.6494894","/home/samuchair/ros2_ws/install/samuchair/lib/python3.12/site-packages/samuchair/mainNode.py","callback_subJoy","20","82","Comando Joystick Bluetooth: 6","mainNode"
"1765972763.6566546","1765972763.6565385","/home/samuchair/ros2_ws/install/samuchair/lib/python3.12/site-packages/samuchair/mainNode.py","callback_handleServiceResponse","20","142","Estoy en el servicio llamado desde mainNode","mainNode"
"1765972763.6568854","1765972763.6566646","/home/samuchair/ros2_ws/install/samuchair/lib/python3.12/site-packages/samuchair/arduinoNode.py","handle_joystick_silla","20","61","Enviando comando al Arduino: velocidad","Joystick"
"1765972763.9591594","1765972763.9588995","/home/samuchair/ros2_ws/install/samuchair/lib/python3.12/site-packages/samuchair/arduinoNode.py","handle_joystick_silla","20","61","Enviando comando al Arduino: velocidad","Joystick"
"1765972763.959189","1765972763.958946","/home/samuchair/ros2_ws/install/samuchair/lib/python3.12/site-packages/samuchair/mainNode.py","callback_handleServiceResponse","20","142","Estoy en el servicio llamado desde mainNode","mainNode"
"1765972764.2613778","1765972764.26123","/home/samuchair/ros2_ws/install/samuchair/lib/python3.12/site-packages/samuchair/mainNode.py","callback_handleServiceResponse","20","142","Estoy en el servicio llamado desde mainNode","mainNode"
"1765972764.6992426","1765972764.699116","/home/samuchair/ros2_ws/install/samuchair/lib/python3.12/site-packages/samuchair/jBNode.py","jb_callback","20","38","Comando Joystick Bluetooth: 0","JoystickBluetooth"
"1765972764.699533","1765972764.6994083","/home/samuchair/ros2_ws/install/samuchair/lib/python3.12/site-packages/samuchair/mainNode.py","callback_subJoy","20","82","Comando Joystick Bluetooth: 0","mainNode"
"1765972764.7011018","1765972764.7009754","/home/samuchair/ros2_ws/install/samuchair/lib/python3.12/site-packages/samuchair/arduinoNode.py","handle_joystick_silla","20","61","Enviando comando al Arduino: velocidad","Joystick"
"1765972765.003547","1765972765.0033872","/home/samuchair/ros2_ws/install/samuchair/lib/python3.12/site-packages/samuchair/mainNode.py","callback_handleServiceResponse","20","142","Estoy en el servicio llamado desde mainNode","mainNode"
"1765972765.0948744","1765972765.0947795","/home/samuchair/ros2_ws/install/samuchair/lib/python3.12/site-packages/samuchair/webcamNode.py","timer_callback","20","61","Frame: 14","webcam"
"1765972767.0925155","1765972767.0924103","/home/samuchair/ros2_ws/install/samuchair/lib/python3.12/site-packages/samuchair/webcamNode.py","timer_callback","20","61","Frame: 15","webcam"
"1765972768.4645936","1765972768.4644954","/home/samuchair/ros2_ws/install/samuchair/lib/python3.12/site-packages/samuchair/secondarytaskNode.py","timer_callback","20","220","Publicado: ""1""","ST"
"1765972768.4656303","1765972768.4655445","/home/samuchair/ros2_ws/install/samuchair/lib/python3.12/site-packages/samuchair/secondarytaskNode.py","start_random_timer","20","180","Dato publicado ST: 11.190825764380776","ST"
"1765972769.0530794","1765972769.052972","/home/samuchair/ros2_ws/install/samuchair/lib/python3.12/site-packages/samuchair/secondarytaskNode.py","timer_lectura","20","203","Dato medido ST: 0.11958146095275879","ST"
"1765972769.0929248","1765972769.0928185","/home/samuchair/ros2_ws/install/samuchair/lib/python3.12/site-packages/samuchair/webcamNode.py","timer_callback","20","61","Frame: 16","webcam"
"1765972771.0369434","1765972771.0368328","/home/samuchair/ros2_ws/install/samuchair/lib/python3.12/site-packages/samuchair/jBNode.py","jb_callback","20","38","Comando Joystick Bluetooth: 6","JoystickBluetooth"
"1765972771.0373306","1765972771.0372148","/home/samuchair/ros2_ws/install/samuchair/lib/python3.12/site-packages/samuchair/mainNode.py","callback_subJoy","20","82","Comando Joystick Bluetooth: 6","mainNode"
"1765972771.0390263","1765972771.0388987","/home/samuchair/ros2_ws/install/samuchair/lib/python3.12/site-packages/samuchair/arduinoNode.py","handle_joystick_silla","20","61","Enviando comando al Arduino: velocidad","Joystick"
"1765972771.0925727","1765972771.0924735","/home/samuchair/ros2_ws/install/samuchair/lib/python3.12/site-packages/samuchair/webcamNode.py","timer_callback","20","61","Frame: 17","webcam"
"1765972771.3412473","1765972771.3411384","/home/samuchair/ros2_ws/install/samuchair/lib/python3.12/site-packages/samuchair/mainNode.py","callback_handleServiceResponse","20","142","Estoy en el servicio llamado desde mainNode","mainNode"
"1765972771.7869568","1765972771.7868497","/home/samuchair/ros2_ws/install/samuchair/lib/python3.12/site-packages/samuchair/jBNode.py","jb_callback","20","38","Comando Joystick Bluetooth: 0","JoystickBluetooth"
"1765972771.7874424","1765972771.7872756","/home/samuchair/ros2_ws/install/samuchair/lib/python3.12/site-packages/samuchair/mainNode.py","callback_subJoy","20","82","Comando Joystick Bluetooth: 0","mainNode"
"1765972771.7891104","1765972771.7889876","/home/samuchair/ros2_ws/install/samuchair/lib/python3.12/site-packages/samuchair/arduinoNode.py","handle_joystick_silla","20","61","Enviando comando al Arduino: velocidad","Joystick"
"1765972772.0914795","1765972772.0913572","/home/samuchair/ros2_ws/install/samuchair/lib/python3.12/site-packages/samuchair/mainNode.py","callback_handleServiceResponse","20","142","Estoy en el servicio llamado desde mainNode","mainNode"
"1765972772.2744474","1765972772.2743475","/home/samuchair/ros2_ws/install/samuchair/lib/python3.12/site-packages/samuchair/jBNode.py","jb_callback","20","38","Comando Joystick Bluetooth: 9","JoystickBluetooth"
"1765972772.2748728","1765972772.274731","/home/samuchair/ros2_ws/install/samuchair/lib/python3.12/site-packages/samuchair/mainNode.py","callback_subJoy","20","82","Comando Joystick Bluetooth: 9","mainNode"
"1765972772.2766013","1765972772.2764788","/home/samuchair/ros2_ws/install/samuchair/lib/python3.12/site-packages/samuchair/arduinoNode.py","handle_joystick_silla","20","61","Enviando comando al Arduino: velocidad","Joystick"
"1765972772.536947","1765972772.5368137","/home/samuchair/ros2_ws/install/samuchair/lib/python3.12/site-packages/samuchair/jBNode.py","jb_callback","20","38","Comando Joystick Bluetooth: 0","JoystickBluetooth"
"1765972772.5373223","1765972772.5372052","/home/samuchair/ros2_ws/install/samuchair/lib/python3.12/site-packages/samuchair/mainNode.py","callback_subJoy","20","82","Comando Joystick Bluetooth: 0","mainNode"
"1765972772.5788586","1765972772.5787263","/home/samuchair/ros2_ws/install/samuchair/lib/python3.12/site-packages/samuchair/mainNode.py","callback_handleServiceResponse","20","142","Estoy en el servicio llamado desde mainNode","mainNode"
"1765972772.780026","1765972772.779852","/home/samuchair/ros2_ws/install/samuchair/lib/python3.12/site-packages/samuchair/arduinoNode.py","handle_joystick_silla","20","61","Enviando comando al Arduino: velocidad","Joystick"
"1765972773.0824313","1765972773.0822794","/home/samuchair/ros2_ws/install/samuchair/lib/python3.12/site-packages/samuchair/mainNode.py","callback_handleServiceResponse","20","142","Estoy en el servicio llamado desde mainNode","mainNode"
"1765972773.0924754","1765972773.0923643","/home/samuchair/ros2_ws/install/samuchair/lib/python3.12/site-packages/samuchair/webcamNode.py","timer_callback","20","61","Frame: 18","webcam"
"1765972773.5869617","1765972773.5868611","/home/samuchair/ros2_ws/install/samuchair/lib/python3.12/site-packages/samuchair/jBNode.py","jb_callback","20","38","Comando Joystick Bluetooth: 6","JoystickBluetooth"
"1765972773.5874622","1765972773.5873537","/home/samuchair/ros2_ws/install/samuchair/lib/python3.12/site-packages/samuchair/mainNode.py","callback_subJoy","20","82","Comando Joystick Bluetooth: 6","mainNode"
"1765972773.589095","1765972773.5889704","/home/samuchair/ros2_ws/install/samuchair/lib/python3.12/site-packages/samuchair/arduinoNode.py","handle_joystick_silla","20","61","Enviando comando al Arduino: velocidad","Joystick"
"1765972773.662135","1765972773.6618981","/home/samuchair/ros2_ws/install/samuchair/lib/python3.12/site-packages/samuchair/jBNode.py","jb_callback","20","38","Comando Joystick Bluetooth: 0","JoystickBluetooth"
"1765972773.662466","1765972773.6623302","/home/samuchair/ros2_ws/install/samuchair/lib/python3.12/site-packages/samuchair/mainNode.py","callback_subJoy","20","82","Comando Joystick Bluetooth: 0","mainNode"
"1765972773.8914068","1765972773.8912282","/home/samuchair/ros2_ws/install/samuchair/lib/python3.12/site-packages/samuchair/arduinoNode.py","handle_joystick_silla","20","61","Enviando comando al Arduino: velocidad","Joystick"
"1765972773.8915517","1765972773.8912559","/home/samuchair/ros2_ws/install/samuchair/lib/python3.12/site-packages/samuchair/mainNode.py","callback_handleServiceResponse","20","142","Estoy en el servicio llamado desde mainNode","mainNode"
"1765972774.193701","1765972774.193567","/home/samuchair/ros2_ws/install/samuchair/lib/python3.12/site-packages/samuchair/mainNode.py","callback_handleServiceResponse","20","142","Estoy en el servicio llamado desde mainNode","mainNode"
"1765972774.712086","1765972774.7119563","/home/samuchair/ros2_ws/install/samuchair/lib/python3.12/site-packages/samuchair/jBNode.py","jb_callback","20","38","Comando Joystick Bluetooth: 3","JoystickBluetooth"
"1765972774.712332","1765972774.7121744","/home/samuchair/ros2_ws/install/samuchair/lib/python3.12/site-packages/samuchair/mainNode.py","callback_subJoy","20","82","Comando Joystick Bluetooth: 3","mainNode"
"1765972774.7139614","1765972774.7138364","/home/samuchair/ros2_ws/install/samuchair/lib/python3.12/site-packages/samuchair/arduinoNode.py","handle_joystick_silla","20","61","Enviando comando al Arduino: velocidad","Joystick"
"1765972775.0163684","1765972775.0162237","/home/samuchair/ros2_ws/install/samuchair/lib/python3.12/site-packages/samuchair/mainNode.py","callback_handleServiceResponse","20","142","Estoy en el servicio llamado desde mainNode","mainNode"
"1765972775.092426","1765972775.0923223","/home/samuchair/ros2_ws/install/samuchair/lib/python3.12/site-packages/samuchair/webcamNode.py","timer_callback","20","61","Frame: 19","webcam"
"1765972775.5744815","1765972775.5743814","/home/samuchair/ros2_ws/install/samuchair/lib/python3.12/site-packages/samuchair/jBNode.py","jb_callback","20","38","Comando Joystick Bluetooth: 10","JoystickBluetooth"
"1765972775.5748303","1765972775.5747297","/home/samuchair/ros2_ws/install/samuchair/lib/python3.12/site-packages/samuchair/mainNode.py","callback_subJoy","20","82","Comando Joystick Bluetooth: 10","mainNode"
"1765972775.5764923","1765972775.5763779","/home/samuchair/ros2_ws/install/samuchair/lib/python3.12/site-packages/samuchair/arduinoNode.py","handle_joystick_silla","20","61","Enviando comando al Arduino: velocidad","Joystick"
"1765972775.724551","1765972775.724447","/home/samuchair/ros2_ws/install/samuchair/lib/python3.12/site-packages/samuchair/jBNode.py","jb_callback","20","38","Comando Joystick Bluetooth: 9","JoystickBluetooth"
"1765972775.724794","1765972775.7246878","/home/samuchair/ros2_ws/install/samuchair/lib/python3.12/site-packages/samuchair/mainNode.py","callback_subJoy","20","82","Comando Joystick Bluetooth: 9","mainNode"
"1765972775.8788726","1765972775.8787231","/home/samuchair/ros2_ws/install/samuchair/lib/python3.12/site-packages/samuchair/arduinoNode.py","handle_joystick_silla","20","61","Enviando comando al Arduino: velocidad","Joystick"
"1765972775.8789074","1765972775.878737","/home/samuchair/ros2_ws/install/samuchair/lib/python3.12/site-packages/samuchair/mainNode.py","callback_handleServiceResponse","20","142","Estoy en el servicio llamado desde mainNode","mainNode"
"1765972776.1812956","1765972776.181149","/home/samuchair/ros2_ws/install/samuchair/lib/python3.12/site-packages/samuchair/mainNode.py","callback_handleServiceResponse","20","142","Estoy en el servicio llamado desde mainNode","mainNode"
"1765972776.587078","1765972776.5869699","/home/samuchair/ros2_ws/install/samuchair/lib/python3.12/site-packages/samuchair/jBNode.py","jb_callback","20","38","Comando Joystick Bluetooth: 10","JoystickBluetooth"
"1765972776.5874128","1765972776.587314","/home/samuchair/ros2_ws/install/samuchair/lib/python3.12/site-packages/samuchair/mainNode.py","callback_subJoy","20","82","Comando Joystick Bluetooth: 10","mainNode"
"1765972776.589064","1765972776.5889416","/home/samuchair/ros2_ws/install/samuchair/lib/python3.12/site-packages/samuchair/arduinoNode.py","handle_joystick_silla","20","61","Enviando comando al Arduino: velocidad","Joystick"
"1765972776.6620162","1765972776.6619072","/home/samuchair/ros2_ws/install/samuchair/lib/python3.12/site-packages/samuchair/jBNode.py","jb_callback","20","38","Comando Joystick Bluetooth: 3","JoystickBluetooth"
"1765972776.6623838","1765972776.6622856","/home/samuchair/ros2_ws/install/samuchair/lib/python3.12/site-packages/samuchair/mainNode.py","callback_subJoy","20","82","Comando Joystick Bluetooth: 3","mainNode"
"1765972776.8913715","1765972776.8912191","/home/samuchair/ros2_ws/install/samuchair/lib/python3.12/site-packages/samuchair/arduinoNode.py","handle_joystick_silla","20","61","Enviando comando al Arduino: velocidad","Joystick"
"1765972776.8914087","1765972776.8912365","/home/samuchair/ros2_ws/install/samuchair/lib/python3.12/site-packages/samuchair/mainNode.py","callback_handleServiceResponse","20","142","Estoy en el servicio llamado desde mainNode","mainNode"
"1765972777.0932522","1765972777.0931473","/home/samuchair/ros2_ws/install/samuchair/lib/python3.12/site-packages/samuchair/webcamNode.py","timer_callback","20","61","Frame: 20","webcam"
"1765972777.111961","1765972777.1118658","/home/samuchair/ros2_ws/install/samuchair/lib/python3.12/site-packages/samuchair/jBNode.py","jb_callback","20","38","Comando Joystick Bluetooth: 0","JoystickBluetooth"
"1765972777.1123054","1765972777.112194","/home/samuchair/ros2_ws/install/samuchair/lib/python3.12/site-packages/samuchair/mainNode.py","callback_subJoy","20","82","Comando Joystick Bluetooth: 0","mainNode"
"1765972777.193753","1765972777.193615","/home/samuchair/ros2_ws/install/samuchair/lib/python3.12/site-packages/samuchair/mainNode.py","callback_handleServiceResponse","20","142","Estoy en el servicio llamado desde mainNode","mainNode"
"1765972777.1942036","1765972777.1937284","/home/samuchair/ros2_ws/install/samuchair/lib/python3.12/site-packages/samuchair/arduinoNode.py","handle_joystick_silla","20","61","Enviando comando al Arduino: velocidad","Joystick"
"1765972777.4120395","1765972777.4119406","/home/samuchair/ros2_ws/install/samuchair/lib/python3.12/site-packages/samuchair/jBNode.py","jb_callback","20","38","Comando Joystick Bluetooth: 6","JoystickBluetooth"
"1765972777.4123209","1765972777.4121978","/home/samuchair/ros2_ws/install/samuchair/lib/python3.12/site-packages/samuchair/mainNode.py","callback_subJoy","20","82","Comando Joystick Bluetooth: 6","mainNode"
"1765972777.4962165","1765972777.495969","/home/samuchair/ros2_ws/install/samuchair/lib/python3.12/site-packages/samuchair/arduinoNode.py","handle_joystick_silla","20","61","Enviando comando al Arduino: velocidad","Joystick"
"1765972777.4962475","1765972777.495995","/home/samuchair/ros2_ws/install/samuchair/lib/python3.12/site-packages/samuchair/mainNode.py","callback_handleServiceResponse","20","142","Estoy en el servicio llamado desde mainNode","mainNode"
"1765972777.7983615","1765972777.7982192","/home/samuchair/ros2_ws/install/samuchair/lib/python3.12/site-packages/samuchair/mainNode.py","callback_handleServiceResponse","20","142","Estoy en el servicio llamado desde mainNode","mainNode"
"1765972778.049566","1765972778.049465","/home/samuchair/ros2_ws/install/samuchair/lib/python3.12/site-packages/samuchair/jBNode.py","jb_callback","20","38","Comando Joystick Bluetooth: 0","JoystickBluetooth"
"1765972778.049933","1765972778.0498192","/home/samuchair/ros2_ws/install/samuchair/lib/python3.12/site-packages/samuchair/mainNode.py","callback_subJoy","20","82","Comando Joystick Bluetooth: 0","mainNode"
"1765972778.0507545","1765972778.0505557","/home/samuchair/ros2_ws/install/samuchair/lib/python3.12/site-packages/samuchair/jBNode.py","jb_callback","20","38","Comando Joystick Bluetooth: 3","JoystickBluetooth"
"1765972778.0518012","1765972778.0516596","/home/samuchair/ros2_ws/install/samuchair/lib/python3.12/site-packages/samuchair/mainNode.py","callback_subJoy","20","82","Comando Joystick Bluetooth: 3","mainNode"
"1765972778.0525346","1765972778.0518847","/home/samuchair/ros2_ws/install/samuchair/lib/python3.12/site-packages/samuchair/arduinoNode.py","handle_joystick_silla","20","61","Enviando comando al Arduino: velocidad","Joystick"
"1765972778.3494756","1765972778.3493822","/home/samuchair/ros2_ws/install/samuchair/lib/python3.12/site-packages/samuchair/jBNode.py","jb_callback","20","38","Comando Joystick Bluetooth: 10","JoystickBluetooth"
"1765972778.3498578","1765972778.349762","/home/samuchair/ros2_ws/install/samuchair/lib/python3.12/site-packages/samuchair/mainNode.py","callback_subJoy","20","82","Comando Joystick Bluetooth: 10","mainNode"
"1765972778.3541534","1765972778.3540003","/home/samuchair/ros2_ws/install/samuchair/lib/python3.12/site-packages/samuchair/arduinoNode.py","handle_joystick_silla","20","61","Enviando comando al Arduino: velocidad","Joystick"
"1765972778.3542595","1765972778.353996","/home/samuchair/ros2_ws/install/samuchair/lib/python3.12/site-packages/samuchair/mainNode.py","callback_handleServiceResponse","20","142","Estoy en el servicio llamado desde mainNode","mainNode"
"1765972778.4995835","1765972778.4994779","/home/samuchair/ros2_ws/install/samuchair/lib/python3.12/site-packages/samuchair/jBNode.py","jb_callback","20","38","Comando Joystick Bluetooth: 9","JoystickBluetooth"
"1765972778.4999173","1765972778.4998102","/home/samuchair/ros2_ws/install/samuchair/lib/python3.12/site-packages/samuchair/mainNode.py","callback_subJoy","20","82","Comando Joystick Bluetooth: 9","mainNode"
"1765972778.6121259","1765972778.6120193","/home/samuchair/ros2_ws/install/samuchair/lib/python3.12/site-packages/samuchair/jBNode.py","jb_callback","20","38","Comando Joystick Bluetooth: 10","JoystickBluetooth"
"1765972778.6124277","1765972778.6123145","/home/samuchair/ros2_ws/install/samuchair/lib/python3.12/site-packages/samuchair/mainNode.py","callback_subJoy","20","82","Comando Joystick Bluetooth: 10","mainNode"
"1765972778.6564355","1765972778.6563115","/home/samuchair/ros2_ws/install/samuchair/lib/python3.12/site-packages/samuchair/mainNode.py","callback_handleServiceResponse","20","142","Estoy en el servicio llamado desde mainNode","mainNode"
"1765972778.8370929","1765972778.8369806","/home/samuchair/ros2_ws/install/samuchair/lib/python3.12/site-packages/samuchair/jBNode.py","jb_callback","20","38","Comando Joystick Bluetooth: 3","JoystickBluetooth"
"1765972778.8374689","1765972778.8373623","/home/samuchair/ros2_ws/install/samuchair/lib/python3.12/site-packages/samuchair/mainNode.py","callback_subJoy","20","82","Comando Joystick Bluetooth: 3","mainNode"
"1765972778.8573616","1765972778.8572106","/home/samuchair/ros2_ws/install/samuchair/lib/python3.12/site-packages/samuchair/arduinoNode.py","handle_joystick_silla","20","61","Enviando comando al Arduino: velocidad","Joystick"
"1765972779.0927472","1765972779.0926201","/home/samuchair/ros2_ws/install/samuchair/lib/python3.12/site-packages/samuchair/webcamNode.py","timer_callback","20","61","Frame: 21","webcam"
"1765972779.1595705","1765972779.1594374","/home/samuchair/ros2_ws/install/samuchair/lib/python3.12/site-packages/samuchair/arduinoNode.py","handle_joystick_silla","20","61","Enviando comando al Arduino: velocidad","Joystick"
"1765972779.1596081","1765972779.1595027","/home/samuchair/ros2_ws/install/samuchair/lib/python3.12/site-packages/samuchair/mainNode.py","callback_handleServiceResponse","20","142","Estoy en el servicio llamado desde mainNode","mainNode"
"1765972779.4617023","1765972779.4615655","/home/samuchair/ros2_ws/install/samuchair/lib/python3.12/site-packages/samuchair/arduinoNode.py","handle_joystick_silla","20","61","Enviando comando al Arduino: velocidad","Joystick"
"1765972779.4617417","1765972779.4616392","/home/samuchair/ros2_ws/install/samuchair/lib/python3.12/site-packages/samuchair/mainNode.py","callback_handleServiceResponse","20","142","Estoy en el servicio llamado desde mainNode","mainNode"
"1765972779.7639966","1765972779.7638457","/home/samuchair/ros2_ws/install/samuchair/lib/python3.12/site-packages/samuchair/arduinoNode.py","handle_joystick_silla","20","61","Enviando comando al Arduino: velocidad","Joystick"
"1765972779.76404","1765972779.763886","/home/samuchair/ros2_ws/install/samuchair/lib/python3.12/site-packages/samuchair/mainNode.py","callback_handleServiceResponse","20","142","Estoy en el servicio llamado desde mainNode","mainNode"
"1765972780.0662396","1765972780.0661197","/home/samuchair/ros2_ws/install/samuchair/lib/python3.12/site-packages/samuchair/mainNode.py","callback_handleServiceResponse","20","142","Estoy en el servicio llamado desde mainNode","mainNode"
"1765972780.117873","1765972780.1177828","/home/samuchair/ros2_ws/install/samuchair/lib/python3.12/site-packages/samuchair/secondarytaskNode.py","timer_callback","20","220","Publicado: ""0""","ST"
"1765972780.1188698","1765972780.1187842","/home/samuchair/ros2_ws/install/samuchair/lib/python3.12/site-packages/samuchair/secondarytaskNode.py","start_random_timer","20","180","Dato publicado ST: 13.61443202485815","ST"
"1765972780.9745936","1765972780.974475","/home/samuchair/ros2_ws/install/samuchair/lib/python3.12/site-packages/samuchair/jBNode.py","jb_callback","20","38","Comando Joystick Bluetooth: 12","JoystickBluetooth"
"1765972780.9748945","1765972780.9747908","/home/samuchair/ros2_ws/install/samuchair/lib/python3.12/site-packages/samuchair/mainNode.py","callback_subJoy","20","82","Comando Joystick Bluetooth: 12","mainNode"
"1765972780.9764743","1765972780.9763467","/home/samuchair/ros2_ws/install/samuchair/lib/python3.12/site-packages/samuchair/arduinoNode.py","handle_joystick_silla","20","61","Enviando comando al Arduino: velocidad","Joystick"
"1765972781.053079","1765972781.0529857","/home/samuchair/ros2_ws/install/samuchair/lib/python3.12/site-packages/samuchair/secondarytaskNode.py","timer_lectura","20","203","Dato medido ST: 0.11482787132263184","ST"
"1765972781.0928655","1765972781.0927396","/home/samuchair/ros2_ws/install/samuchair/lib/python3.12/site-packages/samuchair/webcamNode.py","timer_callback","20","61","Frame: 22","webcam"
"1765972781.124637","1765972781.1245217","/home/samuchair/ros2_ws/install/samuchair/lib/python3.12/site-packages/samuchair/jBNode.py","jb_callback","20","38","Comando Joystick Bluetooth: 6","JoystickBluetooth"
"1765972781.1250432","1765972781.1249206","/home/samuchair/ros2_ws/install/samuchair/lib/python3.12/site-packages/samuchair/mainNode.py","callback_subJoy","20","82","Comando Joystick Bluetooth: 6","mainNode"
"1765972781.23713","1765972781.237017","/home/samuchair/ros2_ws/install/samuchair/lib/python3.12/site-packages/samuchair/jBNode.py","jb_callback","20","38","Comando Joystick Bluetooth: 12","JoystickBluetooth"
"1765972781.237504","1765972781.2373998","/home/samuchair/ros2_ws/install/samuchair/lib/python3.12/site-packages/samuchair/mainNode.py","callback_subJoy","20","82","Comando Joystick Bluetooth: 12","mainNode"
"1765972781.2786462","1765972781.2785141","/home/samuchair/ros2_ws/install/samuchair/lib/python3.12/site-packages/samuchair/arduinoNode.py","handle_joystick_silla","20","61","Enviando comando al Arduino: velocidad","Joystick"
"1765972781.2786844","1765972781.2785647","/home/samuchair/ros2_ws/install/samuchair/lib/python3.12/site-packages/samuchair/mainNode.py","callback_handleServiceResponse","20","142","Estoy en el servicio llamado desde mainNode","mainNode"
"1765972781.424662","1765972781.4245558","/home/samuchair/ros2_ws/install/samuchair/lib/python3.12/site-packages/samuchair/jBNode.py","jb_callback","20","38","Comando Joystick Bluetooth: 6","JoystickBluetooth"
"1765972781.424968","1765972781.4248655","/home/samuchair/ros2_ws/install/samuchair/lib/python3.12/site-packages/samuchair/mainNode.py","callback_subJoy","20","82","Comando Joystick Bluetooth: 6","mainNode"
"1765972781.5810344","1765972781.5808828","/home/samuchair/ros2_ws/install/samuchair/lib/python3.12/site-packages/samuchair/mainNode.py","callback_handleServiceResponse","20","142","Estoy en el servicio llamado desde mainNode","mainNode"
"1765972781.5810716","1765972781.5809438","/home/samuchair/ros2_ws/install/samuchair/lib/python3.12/site-packages/samuchair/arduinoNode.py","handle_joystick_silla","20","61","Enviando comando al Arduino: velocidad","Joystick"
"1765972781.687053","1765972781.6869519","/home/samuchair/ros2_ws/install/samuchair/lib/python3.12/site-packages/samuchair/jBNode.py","jb_callback","20","38","Comando Joystick Bluetooth: 12","JoystickBluetooth"
"1765972781.6872866","1765972781.6871345","/home/samuchair/ros2_ws/install/samuchair/lib/python3.12/site-packages/samuchair/mainNode.py","callback_subJoy","20","82","Comando Joystick Bluetooth: 12","mainNode"
"1765972781.7246299","1765972781.724532","/home/samuchair/ros2_ws/install/samuchair/lib/python3.12/site-packages/samuchair/jBNode.py","jb_callback","20","38","Comando Joystick Bluetooth: 3","JoystickBluetooth"
"1765972781.7248857","1765972781.724687","/home/samuchair/ros2_ws/install/samuchair/lib/python3.12/site-packages/samuchair/mainNode.py","callback_subJoy","20","82","Comando Joystick Bluetooth: 3","mainNode"
"1765972781.8833165","1765972781.8831708","/home/samuchair/ros2_ws/install/samuchair/lib/python3.12/site-packages/samuchair/arduinoNode.py","handle_joystick_silla","20","61","Enviando comando al Arduino: velocidad","Joystick"
"1765972781.8833575","1765972781.8832526","/home/samuchair/ros2_ws/install/samuchair/lib/python3.12/site-packages/samuchair/mainNode.py","callback_handleServiceResponse","20","142","Estoy en el servicio llamado desde mainNode","mainNode"
"1765972782.1855505","1765972782.185414","/home/samuchair/ros2_ws/install/samuchair/lib/python3.12/site-packages/samuchair/arduinoNode.py","handle_joystick_silla","20","61","Enviando comando al Arduino: velocidad","Joystick"
"1765972782.1855881","1765972782.1854756","/home/samuchair/ros2_ws/install/samuchair/lib/python3.12/site-packages/samuchair/mainNode.py","callback_handleServiceResponse","20","142","Estoy en el servicio llamado desde mainNode","mainNode"
"1765972782.487835","1765972782.4877026","/home/samuchair/ros2_ws/install/samuchair/lib/python3.12/site-packages/samuchair/arduinoNode.py","handle_joystick_silla","20","61","Enviando comando al Arduino: velocidad","Joystick"
"1765972782.488053","1765972782.4878757","/home/samuchair/ros2_ws/install/samuchair/lib/python3.12/site-packages/samuchair/mainNode.py","callback_handleServiceResponse","20","142","Estoy en el servicio llamado desde mainNode","mainNode"
"1765972782.7901971","1765972782.7900708","/home/samuchair/ros2_ws/install/samuchair/lib/python3.12/site-packages/samuchair/mainNode.py","callback_handleServiceResponse","20","142","Estoy en el servicio llamado desde mainNode","mainNode"
"1765972783.0929968","1765972783.092886","/home/samuchair/ros2_ws/install/samuchair/lib/python3.12/site-packages/samuchair/webcamNode.py","timer_callback","20","61","Frame: 23","webcam"
"1765972783.1871452","1765972783.187035","/home/samuchair/ros2_ws/install/samuchair/lib/python3.12/site-packages/samuchair/jBNode.py","jb_callback","20","38","Comando Joystick Bluetooth: 10","JoystickBluetooth"
"1765972783.1875365","1765972783.1874287","/home/samuchair/ros2_ws/install/samuchair/lib/python3.12/site-packages/samuchair/mainNode.py","callback_subJoy","20","82","Comando Joystick Bluetooth: 10","mainNode"
"1765972783.189155","1765972783.189025","/home/samuchair/ros2_ws/install/samuchair/lib/python3.12/site-packages/samuchair/arduinoNode.py","handle_joystick_silla","20","61","Enviando comando al Arduino: velocidad","Joystick"
"1765972783.4915252","1765972783.4913945","/home/samuchair/ros2_ws/install/samuchair/lib/python3.12/site-packages/samuchair/mainNode.py","callback_handleServiceResponse","20","142","Estoy en el servicio llamado desde mainNode","mainNode"
"1765972784.574689","1765972784.5745811","/home/samuchair/ros2_ws/install/samuchair/lib/python3.12/site-packages/samuchair/jBNode.py","jb_callback","20","38","Comando Joystick Bluetooth: 9","JoystickBluetooth"
"1765972784.5750463","1765972784.5749452","/home/samuchair/ros2_ws/install/samuchair/lib/python3.12/site-packages/samuchair/mainNode.py","callback_subJoy","20","82","Comando Joystick Bluetooth: 9","mainNode"
"1765972784.760772","1765972784.7606301","/home/samuchair/ros2_ws/install/samuchair/lib/python3.12/site-packages/samuchair/arduinoNode.py","handle_joystick_silla","20","61","Enviando comando al Arduino: velocidad","Joystick"
"1765972785.0630727","1765972785.0629356","/home/samuchair/ros2_ws/install/samuchair/lib/python3.12/site-packages/samuchair/mainNode.py","callback_handleServiceResponse","20","142","Estoy en el servicio llamado desde mainNode","mainNode"
"1765972785.095906","1765972785.0957742","/home/samuchair/ros2_ws/install/samuchair/lib/python3.12/site-packages/samuchair/webcamNode.py","timer_callback","20","61","Frame: 24","webcam"
"1765972785.5872197","1765972785.5871203","/home/samuchair/ros2_ws/install/samuchair/lib/python3.12/site-packages/samuchair/jBNode.py","jb_callback","20","38","Comando Joystick Bluetooth: 0","JoystickBluetooth"
"1765972785.587953","1765972785.587488","/home/samuchair/ros2_ws/install/samuchair/lib/python3.12/site-packages/samuchair/mainNode.py","callback_subJoy","20","82","Comando Joystick Bluetooth: 0","mainNode"
"1765972785.5884078","1765972785.5883074","/home/samuchair/ros2_ws/install/samuchair/lib/python3.12/site-packages/samuchair/jBNode.py","jb_callback","20","38","Comando Joystick Bluetooth: 3","JoystickBluetooth"
"1765972785.5896251","1765972785.5894697","/home/samuchair/ros2_ws/install/samuchair/lib/python3.12/site-packages/samuchair/mainNode.py","callback_subJoy","20","82","Comando Joystick Bluetooth: 3","mainNode"
"1765972785.5902255","1765972785.5900724","/home/samuchair/ros2_ws/install/samuchair/lib/python3.12/site-packages/samuchair/arduinoNode.py","handle_joystick_silla","20","61","Enviando comando al Arduino: velocidad","Joystick"
"1765972785.8925836","1765972785.8924274","/home/samuchair/ros2_ws/install/samuchair/lib/python3.12/site-packages/samuchair/mainNode.py","callback_handleServiceResponse","20","142","Estoy en el servicio llamado desde mainNode","mainNode"
"1765972785.8926187","1765972785.8924701","/home/samuchair/ros2_ws/install/samuchair/lib/python3.12/site-packages/samuchair/arduinoNode.py","handle_joystick_silla","20","61","Enviando comando al Arduino: velocidad","Joystick"
"1765972786.1949506","1765972786.194831","/home/samuchair/ros2_ws/install/samuchair/lib/python3.12/site-packages/samuchair/mainNode.py","callback_handleServiceResponse","20","142","Estoy en el servicio llamado desde mainNode","mainNode"
"1765972787.092553","1765972787.0924416","/home/samuchair/ros2_ws/install/samuchair/lib/python3.12/site-packages/samuchair/webcamNode.py","timer_callback","20","61","Frame: 25","webcam"
"1765972788.287259","1765972788.2871454","/home/samuchair/ros2_ws/install/samuchair/lib/python3.12/site-packages/samuchair/jBNode.py","jb_callback","20","38","Comando Joystick Bluetooth: 12","JoystickBluetooth"
"1765972788.2876625","1765972788.287547","/home/samuchair/ros2_ws/install/samuchair/lib/python3.12/site-packages/samuchair/mainNode.py","callback_subJoy","20","82","Comando Joystick Bluetooth: 12","mainNode"
"1765972788.2893813","1765972788.2892468","/home/samuchair/ros2_ws/install/samuchair/lib/python3.12/site-packages/samuchair/arduinoNode.py","handle_joystick_silla","20","61","Enviando comando al Arduino: velocidad","Joystick"
"1765972788.3621974","1765972788.3620872","/home/samuchair/ros2_ws/install/samuchair/lib/python3.12/site-packages/samuchair/jBNode.py","jb_callback","20","38","Comando Joystick Bluetooth: 6","JoystickBluetooth"
"1765972788.3625946","1765972788.3624804","/home/samuchair/ros2_ws/install/samuchair/lib/python3.12/site-packages/samuchair/mainNode.py","callback_subJoy","20","82","Comando Joystick Bluetooth: 6","mainNode"
"1765972788.5122218","1765972788.5121112","/home/samuchair/ros2_ws/install/samuchair/lib/python3.12/site-packages/samuchair/jBNode.py","jb_callback","20","38","Comando Joystick Bluetooth: 12","JoystickBluetooth"
"1765972788.5126145","1765972788.512511","/home/samuchair/ros2_ws/install/samuchair/lib/python3.12/site-packages/samuchair/mainNode.py","callback_subJoy","20","82","Comando Joystick Bluetooth: 12","mainNode"
"1765972788.5871518","1765972788.5870292","/home/samuchair/ros2_ws/install/samuchair/lib/python3.12/site-packages/samuchair/jBNode.py","jb_callback","20","38","Comando Joystick Bluetooth: 6","JoystickBluetooth"
"1765972788.5877368","1765972788.587443","/home/samuchair/ros2_ws/install/samuchair/lib/python3.12/site-packages/samuchair/mainNode.py","callback_subJoy","20","82","Comando Joystick Bluetooth: 6","mainNode"
"1765972788.5918026","1765972788.5914104","/home/samuchair/ros2_ws/install/samuchair/lib/python3.12/site-packages/samuchair/mainNode.py","callback_handleServiceResponse","20","142","Estoy en el servicio llamado desde mainNode","mainNode"
"1765972788.5918326","1765972788.5914917","/home/samuchair/ros2_ws/install/samuchair/lib/python3.12/site-packages/samuchair/arduinoNode.py","handle_joystick_silla","20","61","Enviando comando al Arduino: velocidad","Joystick"
"1765972788.6247692","1765972788.624639","/home/samuchair/ros2_ws/install/samuchair/lib/python3.12/site-packages/samuchair/jBNode.py","jb_callback","20","38","Comando Joystick Bluetooth: 12","JoystickBluetooth"
"1765972788.6250193","1765972788.6249163","/home/samuchair/ros2_ws/install/samuchair/lib/python3.12/site-packages/samuchair/mainNode.py","callback_subJoy","20","82","Comando Joystick Bluetooth: 12","mainNode"
"1765972788.8939536","1765972788.8938074","/home/samuchair/ros2_ws/install/samuchair/lib/python3.12/site-packages/samuchair/arduinoNode.py","handle_joystick_silla","20","61","Enviando comando al Arduino: velocidad","Joystick"
"1765972788.8939884","1765972788.8938076","/home/samuchair/ros2_ws/install/samuchair/lib/python3.12/site-packages/samuchair/mainNode.py","callback_handleServiceResponse","20","142","Estoy en el servicio llamado desde mainNode","mainNode"
"1765972789.092457","1765972789.0923514","/home/samuchair/ros2_ws/install/samuchair/lib/python3.12/site-packages/samuchair/webcamNode.py","timer_callback","20","61","Frame: 26","webcam"
"1765972789.1496534","1765972789.1495423","/home/samuchair/ros2_ws/install/samuchair/lib/python3.12/site-packages/samuchair/jBNode.py","jb_callback","20","38","Comando Joystick Bluetooth: 3","JoystickBluetooth"
"1765972789.1502013","1765972789.1498969","/home/samuchair/ros2_ws/install/samuchair/lib/python3.12/site-packages/samuchair/mainNode.py","callback_subJoy","20","82","Comando Joystick Bluetooth: 3","mainNode"
"1765972789.1961973","1765972789.1960652","/home/samuchair/ros2_ws/install/samuchair/lib/python3.12/site-packages/samuchair/mainNode.py","callback_handleServiceResponse","20","142","Estoy en el servicio llamado desde mainNode","mainNode"
"1765972789.1965878","1765972789.1963892","/home/samuchair/ros2_ws/install/samuchair/lib/python3.12/site-packages/samuchair/arduinoNode.py","handle_joystick_silla","20","61","Enviando comando al Arduino: velocidad","Joystick"
"1765972789.498813","1765972789.4986627","/home/samuchair/ros2_ws/install/samuchair/lib/python3.12/site-packages/samuchair/mainNode.py","callback_handleServiceResponse","20","142","Estoy en el servicio llamado desde mainNode","mainNode"
"1765972789.4988503","1765972789.4986627","/home/samuchair/ros2_ws/install/samuchair/lib/python3.12/site-packages/samuchair/arduinoNode.py","handle_joystick_silla","20","61","Enviando comando al Arduino: velocidad","Joystick"
"1765972789.8010588","1765972789.8009198","/home/samuchair/ros2_ws/install/samuchair/lib/python3.12/site-packages/samuchair/mainNode.py","callback_handleServiceResponse","20","142","Estoy en el servicio llamado desde mainNode","mainNode"
"1765972789.8010936","1765972789.8009896","/home/samuchair/ros2_ws/install/samuchair/lib/python3.12/site-packages/samuchair/arduinoNode.py","handle_joystick_silla","20","61","Enviando comando al Arduino: velocidad","Joystick"
"1765972790.1034055","1765972790.1032794","/home/samuchair/ros2_ws/install/samuchair/lib/python3.12/site-packages/samuchair/mainNode.py","callback_handleServiceResponse","20","142","Estoy en el servicio llamado desde mainNode","mainNode"
"1765972791.0924113","1765972791.0922754","/home/samuchair/ros2_ws/install/samuchair/lib/python3.12/site-packages/samuchair/webcamNode.py","timer_callback","20","61","Frame: 27","webcam"
"1765972791.812336","1765972791.8122115","/home/samuchair/ros2_ws/install/samuchair/lib/python3.12/site-packages/samuchair/jBNode.py","jb_callback","20","38","Comando Joystick Bluetooth: 10","JoystickBluetooth"
"1765972791.812657","1765972791.8125436","/home/samuchair/ros2_ws/install/samuchair/lib/python3.12/site-packages/samuchair/mainNode.py","callback_subJoy","20","82","Comando Joystick Bluetooth: 10","mainNode"
"1765972791.8143458","1765972791.8142035","/home/samuchair/ros2_ws/install/samuchair/lib/python3.12/site-packages/samuchair/arduinoNode.py","handle_joystick_silla","20","61","Enviando comando al Arduino: velocidad","Joystick"
"1765972792.1166027","1765972792.1164837","/home/samuchair/ros2_ws/install/samuchair/lib/python3.12/site-packages/samuchair/mainNode.py","callback_handleServiceResponse","20","142","Estoy en el servicio llamado desde mainNode","mainNode"
"1765972793.0926242","1765972793.0925007","/home/samuchair/ros2_ws/install/samuchair/lib/python3.12/site-packages/samuchair/webcamNode.py","timer_callback","20","61","Frame: 28","webcam"
"1765972793.162288","1765972793.1621711","/home/samuchair/ros2_ws/install/samuchair/lib/python3.12/site-packages/samuchair/jBNode.py","jb_callback","20","38","Comando Joystick Bluetooth: 9","JoystickBluetooth"
"1765972793.1626437","1765972793.162543","/home/samuchair/ros2_ws/install/samuchair/lib/python3.12/site-packages/samuchair/mainNode.py","callback_subJoy","20","82","Comando Joystick Bluetooth: 9","mainNode"
"1765972793.164309","1765972793.16417","/home/samuchair/ros2_ws/install/samuchair/lib/python3.12/site-packages/samuchair/arduinoNode.py","handle_joystick_silla","20","61","Enviando comando al Arduino: velocidad","Joystick"
"1765972793.4666514","1765972793.4665205","/home/samuchair/ros2_ws/install/samuchair/lib/python3.12/site-packages/samuchair/mainNode.py","callback_handleServiceResponse","20","142","Estoy en el servicio llamado desde mainNode","mainNode"
"1765972793.874878","1765972793.8747616","/home/samuchair/ros2_ws/install/samuchair/lib/python3.12/site-packages/samuchair/jBNode.py","jb_callback","20","38","Comando Joystick Bluetooth: 10","JoystickBluetooth"
"1765972793.875193","1765972793.8750823","/home/samuchair/ros2_ws/install/samuchair/lib/python3.12/site-packages/samuchair/mainNode.py","callback_subJoy","20","82","Comando Joystick Bluetooth: 10","mainNode"
"1765972793.8769841","1765972793.8768203","/home/samuchair/ros2_ws/install/samuchair/lib/python3.12/site-packages/samuchair/arduinoNode.py","handle_joystick_silla","20","61","Enviando comando al Arduino: velocidad","Joystick"
"1765972793.9498684","1765972793.9497464","/home/samuchair/ros2_ws/install/samuchair/lib/python3.12/site-packages/samuchair/jBNode.py","jb_callback","20","38","Comando Joystick Bluetooth: 3","JoystickBluetooth"
"1765972793.9503047","1765972793.9501688","/home/samuchair/ros2_ws/install/samuchair/lib/python3.12/site-packages/samuchair/mainNode.py","callback_subJoy","20","82","Comando Joystick Bluetooth: 3","mainNode"
"1765972794.1794157","1765972794.1792397","/home/samuchair/ros2_ws/install/samuchair/lib/python3.12/site-packages/samuchair/arduinoNode.py","handle_joystick_silla","20","61","Enviando comando al Arduino: velocidad","Joystick"
"1765972794.1794486","1765972794.1792278","/home/samuchair/ros2_ws/install/samuchair/lib/python3.12/site-packages/samuchair/mainNode.py","callback_handleServiceResponse","20","142","Estoy en el servicio llamado desde mainNode","mainNode"
"1765972794.1978707","1765972794.1977718","/home/samuchair/ros2_ws/install/samuchair/lib/python3.12/site-packages/samuchair/secondarytaskNode.py","timer_callback","20","220","Publicado: ""1""","ST"
"1765972794.1988385","1765972794.198746","/home/samuchair/ros2_ws/install/samuchair/lib/python3.12/site-packages/samuchair/secondarytaskNode.py","start_random_timer","20","180","Dato publicado ST: 14.565856158436542","ST"
"1765972794.4817564","1765972794.4816275","/home/samuchair/ros2_ws/install/samuchair/lib/python3.12/site-packages/samuchair/mainNode.py","callback_handleServiceResponse","20","142","Estoy en el servicio llamado desde mainNode","mainNode"
"1765972795.0529313","1765972795.0528386","/home/samuchair/ros2_ws/install/samuchair/lib/python3.12/site-packages/samuchair/secondarytaskNode.py","timer_lectura","20","203","Dato medido ST: 0.1155400276184082","ST"
"1765972795.0920722","1765972795.0919719","/home/samuchair/ros2_ws/install/samuchair/lib/python3.12/site-packages/samuchair/webcamNode.py","timer_callback","20","61","Frame: 29","webcam"
"1765972797.0927153","1765972797.0925765","/home/samuchair/ros2_ws/install/samuchair/lib/python3.12/site-packages/samuchair/webcamNode.py","timer_callback","20","61","Frame: 30","webcam"
"1765972799.0920153","1765972799.091905","/home/samuchair/ros2_ws/install/samuchair/lib/python3.12/site-packages/samuchair/webcamNode.py","timer_callback","20","61","Frame: 31","webcam"
"1765972801.0919156","1765972801.09181","/home/samuchair/ros2_ws/install/samuchair/lib/python3.12/site-packages/samuchair/webcamNode.py","timer_callback","20","61","Frame: 32","webcam"
"1765972803.0926363","1765972803.0925276","/home/samuchair/ros2_ws/install/samuchair/lib/python3.12/site-packages/samuchair/webcamNode.py","timer_callback","20","61","Frame: 33","webcam"
"1765972803.3624375","1765972803.3623185","/home/samuchair/ros2_ws/install/samuchair/lib/python3.12/site-packages/samuchair/jBNode.py","jb_callback","20","38","Comando Joystick Bluetooth: 10","JoystickBluetooth"
"1765972803.362795","1765972803.362696","/home/samuchair/ros2_ws/install/samuchair/lib/python3.12/site-packages/samuchair/mainNode.py","callback_subJoy","20","82","Comando Joystick Bluetooth: 10","mainNode"
"1765972803.3644588","1765972803.3643384","/home/samuchair/ros2_ws/install/samuchair/lib/python3.12/site-packages/samuchair/arduinoNode.py","handle_joystick_silla","20","61","Enviando comando al Arduino: velocidad","Joystick"
"1765972803.666898","1765972803.6667712","/home/samuchair/ros2_ws/install/samuchair/lib/python3.12/site-packages/samuchair/mainNode.py","callback_handleServiceResponse","20","142","Estoy en el servicio llamado desde mainNode","mainNode"
"1765972804.3000412","1765972804.2999291","/home/samuchair/ros2_ws/install/samuchair/lib/python3.12/site-packages/samuchair/jBNode.py","jb_callback","20","38","Comando Joystick Bluetooth: 3","JoystickBluetooth"
"1765972804.3004181","1765972804.3003104","/home/samuchair/ros2_ws/install/samuchair/lib/python3.12/site-packages/samuchair/mainNode.py","callback_subJoy","20","82","Comando Joystick Bluetooth: 3","mainNode"
"1765972804.3021026","1765972804.3019767","/home/samuchair/ros2_ws/install/samuchair/lib/python3.12/site-packages/samuchair/arduinoNode.py","handle_joystick_silla","20","61","Enviando comando al Arduino: velocidad","Joystick"
"1765972804.3374503","1765972804.337341","/home/samuchair/ros2_ws/install/samuchair/lib/python3.12/site-packages/samuchair/jBNode.py","jb_callback","20","38","Comando Joystick Bluetooth: 0","JoystickBluetooth"
"1765972804.3377495","1765972804.337652","/home/samuchair/ros2_ws/install/samuchair/lib/python3.12/site-packages/samuchair/mainNode.py","callback_subJoy","20","82","Comando Joystick Bluetooth: 0","mainNode"
"1765972804.6044414","1765972804.6043048","/home/samuchair/ros2_ws/install/samuchair/lib/python3.12/site-packages/samuchair/mainNode.py","callback_handleServiceResponse","20","142","Estoy en el servicio llamado desde mainNode","mainNode"
"1765972804.6044734","1765972804.6043053","/home/samuchair/ros2_ws/install/samuchair/lib/python3.12/site-packages/samuchair/arduinoNode.py","handle_joystick_silla","20","61","Enviando comando al Arduino: velocidad","Joystick"
"1765972804.712379","1765972804.7122786","/home/samuchair/ros2_ws/install/samuchair/lib/python3.12/site-packages/samuchair/jBNode.py","jb_callback","20","38","Comando Joystick Bluetooth: 3","JoystickBluetooth"
"1765972804.7126784","1765972804.7125797","/home/samuchair/ros2_ws/install/samuchair/lib/python3.12/site-packages/samuchair/mainNode.py","callback_subJoy","20","82","Comando Joystick Bluetooth: 3","mainNode"
"1765972804.906844","1765972804.9066575","/home/samuchair/ros2_ws/install/samuchair/lib/python3.12/site-packages/samuchair/mainNode.py","callback_handleServiceResponse","20","142","Estoy en el servicio llamado desde mainNode","mainNode"
"1765972804.90688","1765972804.9067028","/home/samuchair/ros2_ws/install/samuchair/lib/python3.12/site-packages/samuchair/arduinoNode.py","handle_joystick_silla","20","61","Enviando comando al Arduino: velocidad","Joystick"
"1765972805.0918646","1765972805.0917678","/home/samuchair/ros2_ws/install/samuchair/lib/python3.12/site-packages/samuchair/webcamNode.py","timer_callback","20","61","Frame: 34","webcam"
"1765972805.2091885","1765972805.2090685","/home/samuchair/ros2_ws/install/samuchair/lib/python3.12/site-packages/samuchair/mainNode.py","callback_handleServiceResponse","20","142","Estoy en el servicio llamado desde mainNode","mainNode"
"1765972806.250055","1765972806.249867","/home/samuchair/ros2_ws/install/samuchair/lib/python3.12/site-packages/samuchair/jBNode.py","jb_callback","20","38","Comando Joystick Bluetooth: 10","JoystickBluetooth"
"1765972806.2503278","1765972806.2501774","/home/samuchair/ros2_ws/install/samuchair/lib/python3.12/site-packages/samuchair/mainNode.py","callback_subJoy","20","82","Comando Joystick Bluetooth: 10","mainNode"
"1765972806.2519112","1765972806.251792","/home/samuchair/ros2_ws/install/samuchair/lib/python3.12/site-packages/samuchair/arduinoNode.py","handle_joystick_silla","20","61","Enviando comando al Arduino: velocidad","Joystick"
"1765972806.5542998","1765972806.5541573","/home/samuchair/ros2_ws/install/samuchair/lib/python3.12/site-packages/samuchair/mainNode.py","callback_handleServiceResponse","20","142","Estoy en el servicio llamado desde mainNode","mainNode"
"1765972806.6624954","1765972806.6623862","/home/samuchair/ros2_ws/install/samuchair/lib/python3.12/site-packages/samuchair/jBNode.py","jb_callback","20","38","Comando Joystick Bluetooth: 9","JoystickBluetooth"
"1765972806.6628375","1765972806.6627388","/home/samuchair/ros2_ws/install/samuchair/lib/python3.12/site-packages/samuchair/mainNode.py","callback_subJoy","20","82","Comando Joystick Bluetooth: 9","mainNode"
"1765972806.6644773","1765972806.6643536","/home/samuchair/ros2_ws/install/samuchair/lib/python3.12/site-packages/samuchair/arduinoNode.py","handle_joystick_silla","20","61","Enviando comando al Arduino: velocidad","Joystick"
"1765972806.9668877","1765972806.9667635","/home/samuchair/ros2_ws/install/samuchair/lib/python3.12/site-packages/samuchair/mainNode.py","callback_handleServiceResponse","20","142","Estoy en el servicio llamado desde mainNode","mainNode"
"1765972807.0750663","1765972807.0749342","/home/samuchair/ros2_ws/install/samuchair/lib/python3.12/site-packages/samuchair/jBNode.py","jb_callback","20","38","Comando Joystick Bluetooth: 10","JoystickBluetooth"
"1765972807.0754027","1765972807.0753","/home/samuchair/ros2_ws/install/samuchair/lib/python3.12/site-packages/samuchair/mainNode.py","callback_subJoy","20","82","Comando Joystick Bluetooth: 10","mainNode"
"1765972807.0770638","1765972807.076938","/home/samuchair/ros2_ws/install/samuchair/lib/python3.12/site-packages/samuchair/arduinoNode.py","handle_joystick_silla","20","61","Enviando comando al Arduino: velocidad","Joystick"
"1765972807.0918276","1765972807.0917182","/home/samuchair/ros2_ws/install/samuchair/lib/python3.12/site-packages/samuchair/webcamNode.py","timer_callback","20","61","Frame: 35","webcam"
"1765972807.3746717","1765972807.374585","/home/samuchair/ros2_ws/install/samuchair/lib/python3.12/site-packages/samuchair/jBNode.py","jb_callback","20","38","Comando Joystick Bluetooth: 9","JoystickBluetooth"
"1765972807.3750334","1765972807.3749506","/home/samuchair/ros2_ws/install/samuchair/lib/python3.12/site-packages/samuchair/mainNode.py","callback_subJoy","20","82","Comando Joystick Bluetooth: 9","mainNode"
"1765972807.3789322","1765972807.3787215","/home/samuchair/ros2_ws/install/samuchair/lib/python3.12/site-packages/samuchair/mainNode.py","callback_handleServiceResponse","20","142","Estoy en el servicio llamado desde mainNode","mainNode"
"1765972807.3789573","1765972807.3787298","/home/samuchair/ros2_ws/install/samuchair/lib/python3.12/site-packages/samuchair/arduinoNode.py","handle_joystick_silla","20","61","Enviando comando al Arduino: velocidad","Joystick"
"1765972807.5250044","1765972807.5249016","/home/samuchair/ros2_ws/install/samuchair/lib/python3.12/site-packages/samuchair/jBNode.py","jb_callback","20","38","Comando Joystick Bluetooth: 10","JoystickBluetooth"
"1765972807.5254834","1765972807.5253687","/home/samuchair/ros2_ws/install/samuchair/lib/python3.12/site-packages/samuchair/mainNode.py","callback_subJoy","20","82","Comando Joystick Bluetooth: 10","mainNode"
"1765972807.5624404","1765972807.5623417","/home/samuchair/ros2_ws/install/samuchair/lib/python3.12/site-packages/samuchair/jBNode.py","jb_callback","20","38","Comando Joystick Bluetooth: 3","JoystickBluetooth"
"1765972807.562871","1765972807.5627213","/home/samuchair/ros2_ws/install/samuchair/lib/python3.12/site-packages/samuchair/mainNode.py","callback_subJoy","20","82","Comando Joystick Bluetooth: 3","mainNode"
"1765972807.6810563","1765972807.6809454","/home/samuchair/ros2_ws/install/samuchair/lib/python3.12/site-packages/samuchair/arduinoNode.py","handle_joystick_silla","20","61","Enviando comando al Arduino: velocidad","Joystick"
"1765972807.6813848","1765972807.6810324","/home/samuchair/ros2_ws/install/samuchair/lib/python3.12/site-packages/samuchair/mainNode.py","callback_handleServiceResponse","20","142","Estoy en el servicio llamado desde mainNode","mainNode"
"1765972807.9749773","1765972807.9748774","/home/samuchair/ros2_ws/install/samuchair/lib/python3.12/site-packages/samuchair/jBNode.py","jb_callback","20","38","Comando Joystick Bluetooth: 10","JoystickBluetooth"
"1765972807.9754074","1765972807.9753","/home/samuchair/ros2_ws/install/samuchair/lib/python3.12/site-packages/samuchair/mainNode.py","callback_subJoy","20","82","Comando Joystick Bluetooth: 10","mainNode"
"1765972807.983197","1765972807.9830422","/home/samuchair/ros2_ws/install/samuchair/lib/python3.12/site-packages/samuchair/mainNode.py","callback_handleServiceResponse","20","142","Estoy en el servicio llamado desde mainNode","mainNode"
"1765972807.9832265","1765972807.9830422","/home/samuchair/ros2_ws/install/samuchair/lib/python3.12/site-packages/samuchair/arduinoNode.py","handle_joystick_silla","20","61","Enviando comando al Arduino: velocidad","Joystick"
"1765972808.2854164","1765972808.285305","/home/samuchair/ros2_ws/install/samuchair/lib/python3.12/site-packages/samuchair/arduinoNode.py","handle_joystick_silla","20","61","Enviando comando al Arduino: velocidad","Joystick"
"1765972808.2857614","1765972808.2855046","/home/samuchair/ros2_ws/install/samuchair/lib/python3.12/site-packages/samuchair/mainNode.py","callback_handleServiceResponse","20","142","Estoy en el servicio llamado desde mainNode","mainNode"
"1765972808.5879025","1765972808.5877662","/home/samuchair/ros2_ws/install/samuchair/lib/python3.12/site-packages/samuchair/mainNode.py","callback_handleServiceResponse","20","142","Estoy en el servicio llamado desde mainNode","mainNode"
"1765972808.987503","1765972808.9873981","/home/samuchair/ros2_ws/install/samuchair/lib/python3.12/site-packages/samuchair/jBNode.py","jb_callback","20","38","Comando Joystick Bluetooth: 9","JoystickBluetooth"
"1765972808.9879823","1765972808.9878576","/home/samuchair/ros2_ws/install/samuchair/lib/python3.12/site-packages/samuchair/mainNode.py","callback_subJoy","20","82","Comando Joystick Bluetooth: 9","mainNode"
"1765972808.98957","1765972808.989447","/home/samuchair/ros2_ws/install/samuchair/lib/python3.12/site-packages/samuchair/arduinoNode.py","handle_joystick_silla","20","61","Enviando comando al Arduino: velocidad","Joystick"
"1765972809.0922124","1765972809.092118","/home/samuchair/ros2_ws/install/samuchair/lib/python3.12/site-packages/samuchair/webcamNode.py","timer_callback","20","61","Frame: 36","webcam"
"1765972809.2272377","1765972809.2271416","/home/samuchair/ros2_ws/install/samuchair/lib/python3.12/site-packages/samuchair/secondarytaskNode.py","timer_callback","20","220","Publicado: ""0""","ST"
"1765972809.2282734","1765972809.228163","/home/samuchair/ros2_ws/install/samuchair/lib/python3.12/site-packages/samuchair/secondarytaskNode.py","start_random_timer","20","180","Dato publicado ST: 7.196943654449395","ST"
"1765972809.2920284","1765972809.2919002","/home/samuchair/ros2_ws/install/samuchair/lib/python3.12/site-packages/samuchair/mainNode.py","callback_handleServiceResponse","20","142","Estoy en el servicio llamado desde mainNode","mainNode"
"1765972809.8500762","1765972809.8499286","/home/samuchair/ros2_ws/install/samuchair/lib/python3.12/site-packages/samuchair/jBNode.py","jb_callback","20","38","Comando Joystick Bluetooth: 10","JoystickBluetooth"
"1765972809.8505268","1765972809.8504095","/home/samuchair/ros2_ws/install/samuchair/lib/python3.12/site-packages/samuchair/mainNode.py","callback_subJoy","20","82","Comando Joystick Bluetooth: 10","mainNode"
"1765972809.8521283","1765972809.851998","/home/samuchair/ros2_ws/install/samuchair/lib/python3.12/site-packages/samuchair/arduinoNode.py","handle_joystick_silla","20","61","Enviando comando al Arduino: velocidad","Joystick"
"1765972809.887484","1765972809.8873796","/home/samuchair/ros2_ws/install/samuchair/lib/python3.12/site-packages/samuchair/jBNode.py","jb_callback","20","38","Comando Joystick Bluetooth: 3","JoystickBluetooth"
"1765972809.8878624","1765972809.8877451","/home/samuchair/ros2_ws/install/samuchair/lib/python3.12/site-packages/samuchair/mainNode.py","callback_subJoy","20","82","Comando Joystick Bluetooth: 3","mainNode"
"1765972810.0530605","1765972810.0529468","/home/samuchair/ros2_ws/install/samuchair/lib/python3.12/site-packages/samuchair/secondarytaskNode.py","timer_lectura","20","203","Dato medido ST: 0.06297588348388672","ST"
"1765972810.1125712","1765972810.1124659","/home/samuchair/ros2_ws/install/samuchair/lib/python3.12/site-packages/samuchair/jBNode.py","jb_callback","20","38","Comando Joystick Bluetooth: 0","JoystickBluetooth"
"1765972810.1129332","1765972810.1128223","/home/samuchair/ros2_ws/install/samuchair/lib/python3.12/site-packages/samuchair/mainNode.py","callback_subJoy","20","82","Comando Joystick Bluetooth: 0","mainNode"
"1765972810.1544063","1765972810.1542928","/home/samuchair/ros2_ws/install/samuchair/lib/python3.12/site-packages/samuchair/mainNode.py","callback_handleServiceResponse","20","142","Estoy en el servicio llamado desde mainNode","mainNode"
"1765972810.1546834","1765972810.154419","/home/samuchair/ros2_ws/install/samuchair/lib/python3.12/site-packages/samuchair/arduinoNode.py","handle_joystick_silla","20","61","Enviando comando al Arduino: velocidad","Joystick"
"1765972810.456807","1765972810.4566772","/home/samuchair/ros2_ws/install/samuchair/lib/python3.12/site-packages/samuchair/arduinoNode.py","handle_joystick_silla","20","61","Enviando comando al Arduino: velocidad","Joystick"
"1765972810.456951","1765972810.456784","/home/samuchair/ros2_ws/install/samuchair/lib/python3.12/site-packages/samuchair/mainNode.py","callback_handleServiceResponse","20","142","Estoy en el servicio llamado desde mainNode","mainNode"
"1765972810.5625691","1765972810.562465","/home/samuchair/ros2_ws/install/samuchair/lib/python3.12/site-packages/samuchair/jBNode.py","jb_callback","20","38","Comando Joystick Bluetooth: 6","JoystickBluetooth"
"1765972810.5630846","1765972810.5628054","/home/samuchair/ros2_ws/install/samuchair/lib/python3.12/site-packages/samuchair/mainNode.py","callback_subJoy","20","82","Comando Joystick Bluetooth: 6","mainNode"
"1765972810.637688","1765972810.6374764","/home/samuchair/ros2_ws/install/samuchair/lib/python3.12/site-packages/samuchair/jBNode.py","jb_callback","20","38","Comando Joystick Bluetooth: 12","JoystickBluetooth"
"1765972810.6378345","1765972810.6377265","/home/samuchair/ros2_ws/install/samuchair/lib/python3.12/site-packages/samuchair/mainNode.py","callback_subJoy","20","82","Comando Joystick Bluetooth: 12","mainNode"
"1765972810.7591503","1765972810.7589576","/home/samuchair/ros2_ws/install/samuchair/lib/python3.12/site-packages/samuchair/arduinoNode.py","handle_joystick_silla","20","61","Enviando comando al Arduino: velocidad","Joystick"
"1765972810.7591836","1765972810.7589946","/home/samuchair/ros2_ws/install/samuchair/lib/python3.12/site-packages/samuchair/mainNode.py","callback_handleServiceResponse","20","142","Estoy en el servicio llamado desde mainNode","mainNode"
"1765972811.0613923","1765972811.0612519","/home/samuchair/ros2_ws/install/samuchair/lib/python3.12/site-packages/samuchair/arduinoNode.py","handle_joystick_silla","20","61","Enviando comando al Arduino: velocidad","Joystick"
"1765972811.0615747","1765972811.0614283","/home/samuchair/ros2_ws/install/samuchair/lib/python3.12/site-packages/samuchair/mainNode.py","callback_handleServiceResponse","20","142","Estoy en el servicio llamado desde mainNode","mainNode"
"1765972811.0925474","1765972811.092442","/home/samuchair/ros2_ws/install/samuchair/lib/python3.12/site-packages/samuchair/webcamNode.py","timer_callback","20","61","Frame: 37","webcam"
"1765972811.3637254","1765972811.3636103","/home/samuchair/ros2_ws/install/samuchair/lib/python3.12/site-packages/samuchair/mainNode.py","callback_handleServiceResponse","20","142","Estoy en el servicio llamado desde mainNode","mainNode"
"1765972811.4625971","1765972811.4624918","/home/samuchair/ros2_ws/install/samuchair/lib/python3.12/site-packages/samuchair/jBNode.py","jb_callback","20","38","Comando Joystick Bluetooth: 3","JoystickBluetooth"
"1765972811.4629495","1765972811.4628427","/home/samuchair/ros2_ws/install/samuchair/lib/python3.12/site-packages/samuchair/mainNode.py","callback_subJoy","20","82","Comando Joystick Bluetooth: 3","mainNode"
"1765972811.4645064","1765972811.4643843","/home/samuchair/ros2_ws/install/samuchair/lib/python3.12/site-packages/samuchair/arduinoNode.py","handle_joystick_silla","20","61","Enviando comando al Arduino: velocidad","Joystick"
"1765972811.766813","1765972811.7666793","/home/samuchair/ros2_ws/install/samuchair/lib/python3.12/site-packages/samuchair/mainNode.py","callback_handleServiceResponse","20","142","Estoy en el servicio llamado desde mainNode","mainNode"
"1765972811.9501574","1765972811.95005","/home/samuchair/ros2_ws/install/samuchair/lib/python3.12/site-packages/samuchair/jBNode.py","jb_callback","20","38","Comando Joystick Bluetooth: 10","JoystickBluetooth"
"1765972811.9504986","1765972811.9503908","/home/samuchair/ros2_ws/install/samuchair/lib/python3.12/site-packages/samuchair/mainNode.py","callback_subJoy","20","82","Comando Joystick Bluetooth: 10","mainNode"
"1765972811.952092","1765972811.951966","/home/samuchair/ros2_ws/install/samuchair/lib/python3.12/site-packages/samuchair/arduinoNode.py","handle_joystick_silla","20","61","Enviando comando al Arduino: velocidad","Joystick"
"1765972812.0251954","1765972812.025083","/home/samuchair/ros2_ws/install/samuchair/lib/python3.12/site-packages/samuchair/jBNode.py","jb_callback","20","38","Comando Joystick Bluetooth: 3","JoystickBluetooth"
"1765972812.0254881","1765972812.025382","/home/samuchair/ros2_ws/install/samuchair/lib/python3.12/site-packages/samuchair/mainNode.py","callback_subJoy","20","82","Comando Joystick Bluetooth: 3","mainNode"
"1765972812.2544081","1765972812.2542489","/home/samuchair/ros2_ws/install/samuchair/lib/python3.12/site-packages/samuchair/arduinoNode.py","handle_joystick_silla","20","61","Enviando comando al Arduino: velocidad","Joystick"
"1765972812.254444","1765972812.2543175","/home/samuchair/ros2_ws/install/samuchair/lib/python3.12/site-packages/samuchair/mainNode.py","callback_handleServiceResponse","20","142","Estoy en el servicio llamado desde mainNode","mainNode"
"1765972812.5567007","1765972812.5565653","/home/samuchair/ros2_ws/install/samuchair/lib/python3.12/site-packages/samuchair/mainNode.py","callback_handleServiceResponse","20","142","Estoy en el servicio llamado desde mainNode","mainNode"
"1765972813.0920951","1765972813.0919945","/home/samuchair/ros2_ws/install/samuchair/lib/python3.12/site-packages/samuchair/webcamNode.py","timer_callback","20","61","Frame: 38","webcam"
"1765972813.750099","1765972813.749976","/home/samuchair/ros2_ws/install/samuchair/lib/python3.12/site-packages/samuchair/jBNode.py","jb_callback","20","38","Comando Joystick Bluetooth: 12","JoystickBluetooth"
"1765972813.750317","1765972813.7501929","/home/samuchair/ros2_ws/install/samuchair/lib/python3.12/site-packages/samuchair/mainNode.py","callback_subJoy","20","82","Comando Joystick Bluetooth: 12","mainNode"
"1765972813.751969","1765972813.7518368","/home/samuchair/ros2_ws/install/samuchair/lib/python3.12/site-packages/samuchair/arduinoNode.py","handle_joystick_silla","20","61","Enviando comando al Arduino: velocidad","Joystick"
"1765972813.7875748","1765972813.7874653","/home/samuchair/ros2_ws/install/samuchair/lib/python3.12/site-packages/samuchair/jBNode.py","jb_callback","20","38","Comando Joystick Bluetooth: 6","JoystickBluetooth"
"1765972813.7879388","1765972813.787831","/home/samuchair/ros2_ws/install/samuchair/lib/python3.12/site-packages/samuchair/mainNode.py","callback_subJoy","20","82","Comando Joystick Bluetooth: 6","mainNode"
"1765972814.054477","1765972814.0542884","/home/samuchair/ros2_ws/install/samuchair/lib/python3.12/site-packages/samuchair/mainNode.py","callback_handleServiceResponse","20","142","Estoy en el servicio llamado desde mainNode","mainNode"
"1765972814.0545137","1765972814.054328","/home/samuchair/ros2_ws/install/samuchair/lib/python3.12/site-packages/samuchair/arduinoNode.py","handle_joystick_silla","20","61","Enviando comando al Arduino: velocidad","Joystick"
"1765972814.125129","1765972814.1249936","/home/samuchair/ros2_ws/install/samuchair/lib/python3.12/site-packages/samuchair/jBNode.py","jb_callback","20","38","Comando Joystick Bluetooth: 0","JoystickBluetooth"
"1765972814.1256511","1765972814.1253538","/home/samuchair/ros2_ws/install/samuchair/lib/python3.12/site-packages/samuchair/mainNode.py","callback_subJoy","20","82","Comando Joystick Bluetooth: 0","mainNode"
"1765972814.3566654","1765972814.3565538","/home/samuchair/ros2_ws/install/samuchair/lib/python3.12/site-packages/samuchair/arduinoNode.py","handle_joystick_silla","20","61","Enviando comando al Arduino: velocidad","Joystick"
"1765972814.3566937","1765972814.3565538","/home/samuchair/ros2_ws/install/samuchair/lib/python3.12/site-packages/samuchair/mainNode.py","callback_handleServiceResponse","20","142","Estoy en el servicio llamado desde mainNode","mainNode"
"1765972814.5001385","1765972814.5000012","/home/samuchair/ros2_ws/install/samuchair/lib/python3.12/site-packages/samuchair/jBNode.py","jb_callback","20","38","Comando Joystick Bluetooth: 5","JoystickBluetooth"
"1765972814.500664","1765972814.500402","/home/samuchair/ros2_ws/install/samuchair/lib/python3.12/site-packages/samuchair/mainNode.py","callback_subJoy","20","82","Comando Joystick Bluetooth: 5","mainNode"
"1765972814.6589868","1765972814.6588688","/home/samuchair/ros2_ws/install/samuchair/lib/python3.12/site-packages/samuchair/mainNode.py","callback_handleServiceResponse","20","142","Estoy en el servicio llamado desde mainNode","mainNode"
"1765972814.8600883","1765972814.8599358","/home/samuchair/ros2_ws/install/samuchair/lib/python3.12/site-packages/samuchair/arduinoNode.py","handle_joystick_silla","20","61","Enviando comando al Arduino: velocidad","Joystick"
"1765972815.0929203","1765972815.0928056","/home/samuchair/ros2_ws/install/samuchair/lib/python3.12/site-packages/samuchair/webcamNode.py","timer_callback","20","61","Frame: 39","webcam"
"1765972815.162321","1765972815.1622014","/home/samuchair/ros2_ws/install/samuchair/lib/python3.12/site-packages/samuchair/mainNode.py","callback_handleServiceResponse","20","142","Estoy en el servicio llamado desde mainNode","mainNode"
"1765972816.8901417","1765972816.8900387","/home/samuchair/ros2_ws/install/samuchair/lib/python3.12/site-packages/samuchair/secondarytaskNode.py","timer_callback","20","220","Publicado: ""0""","ST"
"1765972816.8910918","1765972816.8910053","/home/samuchair/ros2_ws/install/samuchair/lib/python3.12/site-packages/samuchair/secondarytaskNode.py","start_random_timer","20","180","Dato publicado ST: 14.132891499445808","ST"
"1765972817.0529947","1765972817.0529","/home/samuchair/ros2_ws/install/samuchair/lib/python3.12/site-packages/samuchair/secondarytaskNode.py","timer_lectura","20","203","Dato medido ST: 0.08047056198120117","ST"
"1765972817.0921526","1765972817.092048","/home/samuchair/ros2_ws/install/samuchair/lib/python3.12/site-packages/samuchair/webcamNode.py","timer_callback","20","61","Frame: 40","webcam"
"1765972819.0936215","1765972819.0935059","/home/samuchair/ros2_ws/install/samuchair/lib/python3.12/site-packages/samuchair/webcamNode.py","timer_callback","20","61","Frame: 41","webcam"
"1765972820.800237","1765972820.8001223","/home/samuchair/ros2_ws/install/samuchair/lib/python3.12/site-packages/samuchair/jBNode.py","jb_callback","20","38","Comando Joystick Bluetooth: 17","JoystickBluetooth"
"1765972820.8005505","1765972820.8004448","/home/samuchair/ros2_ws/install/samuchair/lib/python3.12/site-packages/samuchair/mainNode.py","callback_subJoy","20","82","Comando Joystick Bluetooth: 17","mainNode"
"1765972820.8022096","1765972820.8020906","/home/samuchair/ros2_ws/install/samuchair/lib/python3.12/site-packages/samuchair/arduinoNode.py","handle_joystick_silla","20","61","Enviando comando al Arduino: velocidad","Joystick"
"1765972820.8376863","1765972820.8375742","/home/samuchair/ros2_ws/install/samuchair/lib/python3.12/site-packages/samuchair/jBNode.py","jb_callback","20","38","Comando Joystick Bluetooth: 6","JoystickBluetooth"
"1765972820.838491","1765972820.8378878","/home/samuchair/ros2_ws/install/samuchair/lib/python3.12/site-packages/samuchair/mainNode.py","callback_subJoy","20","82","Comando Joystick Bluetooth: 6","mainNode"
"1765972821.0921307","1765972821.0920153","/home/samuchair/ros2_ws/install/samuchair/lib/python3.12/site-packages/samuchair/webcamNode.py","timer_callback","20","61","Frame: 42","webcam"
"1765972821.1043234","1765972821.10417","/home/samuchair/ros2_ws/install/samuchair/lib/python3.12/site-packages/samuchair/arduinoNode.py","handle_joystick_silla","20","61","Enviando comando al Arduino: velocidad","Joystick"
"1765972821.1043563","1765972821.1041703","/home/samuchair/ros2_ws/install/samuchair/lib/python3.12/site-packages/samuchair/mainNode.py","callback_handleServiceResponse","20","142","Estoy en el servicio llamado desde mainNode","mainNode"
"1765972821.4065685","1765972821.4064474","/home/samuchair/ros2_ws/install/samuchair/lib/python3.12/site-packages/samuchair/mainNode.py","callback_handleServiceResponse","20","142","Estoy en el servicio llamado desde mainNode","mainNode"
"1765972823.0929258","1765972823.0928226","/home/samuchair/ros2_ws/install/samuchair/lib/python3.12/site-packages/samuchair/webcamNode.py","timer_callback","20","61","Frame: 43","webcam"
"1765972824.550341","1765972824.5502236","/home/samuchair/ros2_ws/install/samuchair/lib/python3.12/site-packages/samuchair/jBNode.py","jb_callback","20","38","Comando Joystick Bluetooth: 0","JoystickBluetooth"
"1765972824.5506585","1765972824.5505552","/home/samuchair/ros2_ws/install/samuchair/lib/python3.12/site-packages/samuchair/mainNode.py","callback_subJoy","20","82","Comando Joystick Bluetooth: 0","mainNode"
"1765972824.5523455","1765972824.5522056","/home/samuchair/ros2_ws/install/samuchair/lib/python3.12/site-packages/samuchair/arduinoNode.py","handle_joystick_silla","20","61","Enviando comando al Arduino: velocidad","Joystick"
"1765972824.8546941","1765972824.854571","/home/samuchair/ros2_ws/install/samuchair/lib/python3.12/site-packages/samuchair/mainNode.py","callback_handleServiceResponse","20","142","Estoy en el servicio llamado desde mainNode","mainNode"
"1765972825.0004208","1765972825.0001974","/home/samuchair/ros2_ws/install/samuchair/lib/python3.12/site-packages/samuchair/jBNode.py","jb_callback","20","38","Comando Joystick Bluetooth: 9","JoystickBluetooth"
"1765972825.0008445","1765972825.0005732","/home/samuchair/ros2_ws/install/samuchair/lib/python3.12/site-packages/samuchair/mainNode.py","callback_subJoy","20","82","Comando Joystick Bluetooth: 9","mainNode"
"1765972825.0029082","1765972825.002742","/home/samuchair/ros2_ws/install/samuchair/lib/python3.12/site-packages/samuchair/arduinoNode.py","handle_joystick_silla","20","61","Enviando comando al Arduino: velocidad","Joystick"
"1765972825.0918043","1765972825.091698","/home/samuchair/ros2_ws/install/samuchair/lib/python3.12/site-packages/samuchair/webcamNode.py","timer_callback","20","61","Frame: 44","webcam"
"1765972825.3053463","1765972825.3051937","/home/samuchair/ros2_ws/install/samuchair/lib/python3.12/site-packages/samuchair/mainNode.py","callback_handleServiceResponse","20","142","Estoy en el servicio llamado desde mainNode","mainNode"
"1765972825.8628988","1765972825.8627818","/home/samuchair/ros2_ws/install/samuchair/lib/python3.12/site-packages/samuchair/jBNode.py","jb_callback","20","38","Comando Joystick Bluetooth: 0","JoystickBluetooth"
"1765972825.8631482","1765972825.8630466","/home/samuchair/ros2_ws/install/samuchair/lib/python3.12/site-packages/samuchair/mainNode.py","callback_subJoy","20","82","Comando Joystick Bluetooth: 0","mainNode"
"1765972825.8648791","1765972825.8647487","/home/samuchair/ros2_ws/install/samuchair/lib/python3.12/site-packages/samuchair/arduinoNode.py","handle_joystick_silla","20","61","Enviando comando al Arduino: velocidad","Joystick"
"1765972826.167225","1765972826.16711","/home/samuchair/ros2_ws/install/samuchair/lib/python3.12/site-packages/samuchair/mainNode.py","callback_handleServiceResponse","20","142","Estoy en el servicio llamado desde mainNode","mainNode"
"1765972826.4253337","1765972826.4252162","/home/samuchair/ros2_ws/install/samuchair/lib/python3.12/site-packages/samuchair/jBNode.py","jb_callback","20","38","Comando Joystick Bluetooth: 6","JoystickBluetooth"
"1765972826.4257174","1765972826.4256082","/home/samuchair/ros2_ws/install/samuchair/lib/python3.12/site-packages/samuchair/mainNode.py","callback_subJoy","20","82","Comando Joystick Bluetooth: 6","mainNode"
"1765972826.4273415","1765972826.427198","/home/samuchair/ros2_ws/install/samuchair/lib/python3.12/site-packages/samuchair/arduinoNode.py","handle_joystick_silla","20","61","Enviando comando al Arduino: velocidad","Joystick"
"1765972826.7297416","1765972826.7295785","/home/samuchair/ros2_ws/install/samuchair/lib/python3.12/site-packages/samuchair/mainNode.py","callback_handleServiceResponse","20","142","Estoy en el servicio llamado desde mainNode","mainNode"
"1765972826.8377917","1765972826.8376582","/home/samuchair/ros2_ws/install/samuchair/lib/python3.12/site-packages/samuchair/jBNode.py","jb_callback","20","38","Comando Joystick Bluetooth: 0","JoystickBluetooth"
"1765972826.83814","1765972826.83804","/home/samuchair/ros2_ws/install/samuchair/lib/python3.12/site-packages/samuchair/mainNode.py","callback_subJoy","20","82","Comando Joystick Bluetooth: 0","mainNode"
"1765972826.9308414","1765972826.9306896","/home/samuchair/ros2_ws/install/samuchair/lib/python3.12/site-packages/samuchair/arduinoNode.py","handle_joystick_silla","20","61","Enviando comando al Arduino: velocidad","Joystick"
"1765972827.0923266","1765972827.0922215","/home/samuchair/ros2_ws/install/samuchair/lib/python3.12/site-packages/samuchair/webcamNode.py","timer_callback","20","61","Frame: 45","webcam"
"1765972827.2335615","1765972827.233069","/home/samuchair/ros2_ws/install/samuchair/lib/python3.12/site-packages/samuchair/mainNode.py","callback_handleServiceResponse","20","142","Estoy en el servicio llamado desde mainNode","mainNode"
"1765972827.700277","1765972827.700162","/home/samuchair/ros2_ws/install/samuchair/lib/python3.12/site-packages/samuchair/jBNode.py","jb_callback","20","38","Comando Joystick Bluetooth: 3","JoystickBluetooth"
"1765972827.7005246","1765972827.700424","/home/samuchair/ros2_ws/install/samuchair/lib/python3.12/site-packages/samuchair/mainNode.py","callback_subJoy","20","82","Comando Joystick Bluetooth: 3","mainNode"
"1765972827.7022038","1765972827.70208","/home/samuchair/ros2_ws/install/samuchair/lib/python3.12/site-packages/samuchair/arduinoNode.py","handle_joystick_silla","20","61","Enviando comando al Arduino: velocidad","Joystick"
"1765972828.0046568","1765972828.0045185","/home/samuchair/ros2_ws/install/samuchair/lib/python3.12/site-packages/samuchair/mainNode.py","callback_handleServiceResponse","20","142","Estoy en el servicio llamado desde mainNode","mainNode"
"1765972828.2628474","1765972828.2627244","/home/samuchair/ros2_ws/install/samuchair/lib/python3.12/site-packages/samuchair/jBNode.py","jb_callback","20","38","Comando Joystick Bluetooth: 10","JoystickBluetooth"
"1765972828.2631042","1765972828.2630053","/home/samuchair/ros2_ws/install/samuchair/lib/python3.12/site-packages/samuchair/mainNode.py","callback_subJoy","20","82","Comando Joystick Bluetooth: 10","mainNode"
"1765972828.2647128","1765972828.2645955","/home/samuchair/ros2_ws/install/samuchair/lib/python3.12/site-packages/samuchair/arduinoNode.py","handle_joystick_silla","20","61","Enviando comando al Arduino: velocidad","Joystick"
"1765972828.5628297","1765972828.5627058","/home/samuchair/ros2_ws/install/samuchair/lib/python3.12/site-packages/samuchair/jBNode.py","jb_callback","20","38","Comando Joystick Bluetooth: 3","JoystickBluetooth"
"1765972828.5631113","1765972828.5630102","/home/samuchair/ros2_ws/install/samuchair/lib/python3.12/site-packages/samuchair/mainNode.py","callback_subJoy","20","82","Comando Joystick Bluetooth: 3","mainNode"
"1765972828.5668256","1765972828.5667107","/home/samuchair/ros2_ws/install/samuchair/lib/python3.12/site-packages/samuchair/mainNode.py","callback_handleServiceResponse","20","142","Estoy en el servicio llamado desde mainNode","mainNode"
"1765972828.5671859","1765972828.5669463","/home/samuchair/ros2_ws/install/samuchair/lib/python3.12/site-packages/samuchair/arduinoNode.py","handle_joystick_silla","20","61","Enviando comando al Arduino: velocidad","Joystick"
"1765972828.8693433","1765972828.8692064","/home/samuchair/ros2_ws/install/samuchair/lib/python3.12/site-packages/samuchair/mainNode.py","callback_handleServiceResponse","20","142","Estoy en el servicio llamado desde mainNode","mainNode"
"1765972829.0917916","1765972829.0917118","/home/samuchair/ros2_ws/install/samuchair/lib/python3.12/site-packages/samuchair/webcamNode.py","timer_callback","20","61","Frame: 46","webcam"
"1765972829.500375","1765972829.500261","/home/samuchair/ros2_ws/install/samuchair/lib/python3.12/site-packages/samuchair/jBNode.py","jb_callback","20","38","Comando Joystick Bluetooth: 10","JoystickBluetooth"
"1765972829.500759","1765972829.500648","/home/samuchair/ros2_ws/install/samuchair/lib/python3.12/site-packages/samuchair/mainNode.py","callback_subJoy","20","82","Comando Joystick Bluetooth: 10","mainNode"
"1765972829.5024579","1765972829.50232","/home/samuchair/ros2_ws/install/samuchair/lib/python3.12/site-packages/samuchair/arduinoNode.py","handle_joystick_silla","20","61","Enviando comando al Arduino: velocidad","Joystick"
"1765972829.8047056","1765972829.8046002","/home/samuchair/ros2_ws/install/samuchair/lib/python3.12/site-packages/samuchair/mainNode.py","callback_handleServiceResponse","20","142","Estoy en el servicio llamado desde mainNode","mainNode"
"1765972830.287782","1765972830.2876818","/home/samuchair/ros2_ws/install/samuchair/lib/python3.12/site-packages/samuchair/jBNode.py","jb_callback","20","38","Comando Joystick Bluetooth: 9","JoystickBluetooth"
"1765972830.2881057","1765972830.2880087","/home/samuchair/ros2_ws/install/samuchair/lib/python3.12/site-packages/samuchair/mainNode.py","callback_subJoy","20","82","Comando Joystick Bluetooth: 9","mainNode"
"1765972830.2897072","1765972830.2895832","/home/samuchair/ros2_ws/install/samuchair/lib/python3.12/site-packages/samuchair/arduinoNode.py","handle_joystick_silla","20","61","Enviando comando al Arduino: velocidad","Joystick"
"1765972830.5920177","1765972830.5918937","/home/samuchair/ros2_ws/install/samuchair/lib/python3.12/site-packages/samuchair/mainNode.py","callback_handleServiceResponse","20","142","Estoy en el servicio llamado desde mainNode","mainNode"
"1765972831.0754635","1765972831.07536","/home/samuchair/ros2_ws/install/samuchair/lib/python3.12/site-packages/samuchair/jBNode.py","jb_callback","20","38","Comando Joystick Bluetooth: 10","JoystickBluetooth"
"1765972831.0758433","1765972831.0757325","/home/samuchair/ros2_ws/install/samuchair/lib/python3.12/site-packages/samuchair/mainNode.py","callback_subJoy","20","82","Comando Joystick Bluetooth: 10","mainNode"
"1765972831.0774748","1765972831.0773487","/home/samuchair/ros2_ws/install/samuchair/lib/python3.12/site-packages/samuchair/arduinoNode.py","handle_joystick_silla","20","61","Enviando comando al Arduino: velocidad","Joystick"
"1765972831.0908737","1765972831.0907829","/home/samuchair/ros2_ws/install/samuchair/lib/python3.12/site-packages/samuchair/webcamNode.py","timer_callback","20","61","Frame: 47","webcam"
"1765972831.1127832","1765972831.1126847","/home/samuchair/ros2_ws/install/samuchair/lib/python3.12/site-packages/samuchair/jBNode.py","jb_callback","20","38","Comando Joystick Bluetooth: 3","JoystickBluetooth"
"1765972831.1131392","1765972831.1130373","/home/samuchair/ros2_ws/install/samuchair/lib/python3.12/site-packages/samuchair/mainNode.py","callback_subJoy","20","82","Comando Joystick Bluetooth: 3","mainNode"
"1765972831.1502788","1765972831.1501725","/home/samuchair/ros2_ws/install/samuchair/lib/python3.12/site-packages/samuchair/jBNode.py","jb_callback","20","38","Comando Joystick Bluetooth: 0","JoystickBluetooth"
"1765972831.1505704","1765972831.1504698","/home/samuchair/ros2_ws/install/samuchair/lib/python3.12/site-packages/samuchair/mainNode.py","callback_subJoy","20","82","Comando Joystick Bluetooth: 0","mainNode"
"1765972831.379778","1765972831.3796432","/home/samuchair/ros2_ws/install/samuchair/lib/python3.12/site-packages/samuchair/arduinoNode.py","handle_joystick_silla","20","61","Enviando comando al Arduino: velocidad","Joystick"
"1765972831.3798287","1765972831.3797371","/home/samuchair/ros2_ws/install/samuchair/lib/python3.12/site-packages/samuchair/mainNode.py","callback_handleServiceResponse","20","142","Estoy en el servicio llamado desde mainNode","mainNode"
"1765972831.4884443","1765972831.4883606","/home/samuchair/ros2_ws/install/samuchair/lib/python3.12/site-packages/samuchair/secondarytaskNode.py","timer_callback","20","220","Publicado: ""0""","ST"
"1765972831.4894156","1765972831.4893272","/home/samuchair/ros2_ws/install/samuchair/lib/python3.12/site-packages/samuchair/secondarytaskNode.py","start_random_timer","20","180","Dato publicado ST: 14.962149848217084","ST"
"1765972831.5630295","1765972831.5628786","/home/samuchair/ros2_ws/install/samuchair/lib/python3.12/site-packages/samuchair/jBNode.py","jb_callback","20","38","Comando Joystick Bluetooth: 6","JoystickBluetooth"
"1765972831.5633104","1765972831.5631845","/home/samuchair/ros2_ws/install/samuchair/lib/python3.12/site-packages/samuchair/mainNode.py","callback_subJoy","20","82","Comando Joystick Bluetooth: 6","mainNode"
"1765972831.6820533","1765972831.6818902","/home/samuchair/ros2_ws/install/samuchair/lib/python3.12/site-packages/samuchair/arduinoNode.py","handle_joystick_silla","20","61","Enviando comando al Arduino: velocidad","Joystick"
"1765972831.6821597","1765972831.6820357","/home/samuchair/ros2_ws/install/samuchair/lib/python3.12/site-packages/samuchair/mainNode.py","callback_handleServiceResponse","20","142","Estoy en el servicio llamado desde mainNode","mainNode"
"1765972831.7504094","1765972831.7503037","/home/samuchair/ros2_ws/install/samuchair/lib/python3.12/site-packages/samuchair/jBNode.py","jb_callback","20","38","Comando Joystick Bluetooth: 12","JoystickBluetooth"
"1765972831.7507362","1765972831.7506304","/home/samuchair/ros2_ws/install/samuchair/lib/python3.12/site-packages/samuchair/mainNode.py","callback_subJoy","20","82","Comando Joystick Bluetooth: 12","mainNode"
"1765972831.8253546","1765972831.8252404","/home/samuchair/ros2_ws/install/samuchair/lib/python3.12/site-packages/samuchair/jBNode.py","jb_callback","20","38","Comando Joystick Bluetooth: 3","JoystickBluetooth"
"1765972831.8257415","1765972831.825617","/home/samuchair/ros2_ws/install/samuchair/lib/python3.12/site-packages/samuchair/mainNode.py","callback_subJoy","20","82","Comando Joystick Bluetooth: 3","mainNode"
"1765972831.984304","1765972831.984164","/home/samuchair/ros2_ws/install/samuchair/lib/python3.12/site-packages/samuchair/arduinoNode.py","handle_joystick_silla","20","61","Enviando comando al Arduino: velocidad","Joystick"
"1765972831.9844556","1765972831.9843287","/home/samuchair/ros2_ws/install/samuchair/lib/python3.12/site-packages/samuchair/mainNode.py","callback_handleServiceResponse","20","142","Estoy en el servicio llamado desde mainNode","mainNode"
"1765972832.0530312","1765972832.0529203","/home/samuchair/ros2_ws/install/samuchair/lib/python3.12/site-packages/samuchair/secondarytaskNode.py","timer_lectura","20","203","Dato medido ST: 0.07505130767822266","ST"
"1765972832.2865648","1765972832.2864423","/home/samuchair/ros2_ws/install/samuchair/lib/python3.12/site-packages/samuchair/arduinoNode.py","handle_joystick_silla","20","61","Enviando comando al Arduino: velocidad","Joystick"
"1765972832.2869184","1765972832.286652","/home/samuchair/ros2_ws/install/samuchair/lib/python3.12/site-packages/samuchair/mainNode.py","callback_handleServiceResponse","20","142","Estoy en el servicio llamado desde mainNode","mainNode"
"1765972832.5890644","1765972832.5889084","/home/samuchair/ros2_ws/install/samuchair/lib/python3.12/site-packages/samuchair/mainNode.py","callback_handleServiceResponse","20","142","Estoy en el servicio llamado desde mainNode","mainNode"
"1765972832.7898252","1765972832.7896857","/home/samuchair/ros2_ws/install/samuchair/lib/python3.12/site-packages/samuchair/arduinoNode.py","handle_joystick_silla","20","61","Enviando comando al Arduino: velocidad","Joystick"
"1765972833.0254035","1765972833.0252936","/home/samuchair/ros2_ws/install/samuchair/lib/python3.12/site-packages/samuchair/jBNode.py","jb_callback","20","38","Comando Joystick Bluetooth: 0","JoystickBluetooth"
"1765972833.0257869","1765972833.0256793","/home/samuchair/ros2_ws/install/samuchair/lib/python3.12/site-packages/samuchair/mainNode.py","callback_subJoy","20","82","Comando Joystick Bluetooth: 0","mainNode"
"1765972833.0921235","1765972833.0916839","/home/samuchair/ros2_ws/install/samuchair/lib/python3.12/site-packages/samuchair/webcamNode.py","timer_callback","20","61","Frame: 48","webcam"
"1765972833.0921571","1765972833.0918849","/home/samuchair/ros2_ws/install/samuchair/lib/python3.12/site-packages/samuchair/arduinoNode.py","handle_joystick_silla","20","61","Enviando comando al Arduino: velocidad","Joystick"
"1765972833.092166","1765972833.0920126","/home/samuchair/ros2_ws/install/samuchair/lib/python3.12/site-packages/samuchair/mainNode.py","callback_handleServiceResponse","20","142","Estoy en el servicio llamado desde mainNode","mainNode"
"1765972833.394315","1765972833.394182","/home/samuchair/ros2_ws/install/samuchair/lib/python3.12/site-packages/samuchair/mainNode.py","callback_handleServiceResponse","20","142","Estoy en el servicio llamado desde mainNode","mainNode"
"1765972833.625448","1765972833.6253467","/home/samuchair/ros2_ws/install/samuchair/lib/python3.12/site-packages/samuchair/jBNode.py","jb_callback","20","38","Comando Joystick Bluetooth: 3","JoystickBluetooth"
"1765972833.6257987","1765972833.6256926","/home/samuchair/ros2_ws/install/samuchair/lib/python3.12/site-packages/samuchair/mainNode.py","callback_subJoy","20","82","Comando Joystick Bluetooth: 3","mainNode"
"1765972833.6276083","1765972833.6274824","/home/samuchair/ros2_ws/install/samuchair/lib/python3.12/site-packages/samuchair/arduinoNode.py","handle_joystick_silla","20","61","Enviando comando al Arduino: velocidad","Joystick"
"1765972833.9300466","1765972833.9298916","/home/samuchair/ros2_ws/install/samuchair/lib/python3.12/site-packages/samuchair/mainNode.py","callback_handleServiceResponse","20","142","Estoy en el servicio llamado desde mainNode","mainNode"
"1765972834.6754825","1765972834.675373","/home/samuchair/ros2_ws/install/samuchair/lib/python3.12/site-packages/samuchair/jBNode.py","jb_callback","20","38","Comando Joystick Bluetooth: 10","JoystickBluetooth"
"1765972834.6757858","1765972834.6756902","/home/samuchair/ros2_ws/install/samuchair/lib/python3.12/site-packages/samuchair/mainNode.py","callback_subJoy","20","82","Comando Joystick Bluetooth: 10","mainNode"
"1765972834.6775088","1765972834.6773765","/home/samuchair/ros2_ws/install/samuchair/lib/python3.12/site-packages/samuchair/arduinoNode.py","handle_joystick_silla","20","61","Enviando comando al Arduino: velocidad","Joystick"
"1765972834.9798326","1765972834.979703","/home/samuchair/ros2_ws/install/samuchair/lib/python3.12/site-packages/samuchair/mainNode.py","callback_handleServiceResponse","20","142","Estoy en el servicio llamado desde mainNode","mainNode"
"1765972835.0923574","1765972835.0922291","/home/samuchair/ros2_ws/install/samuchair/lib/python3.12/site-packages/samuchair/webcamNode.py","timer_callback","20","61","Frame: 49","webcam"
"1765972835.1254692","1765972835.1253552","/home/samuchair/ros2_ws/install/samuchair/lib/python3.12/site-packages/samuchair/jBNode.py","jb_callback","20","38","Comando Joystick Bluetooth: 9","JoystickBluetooth"
"1765972835.1258574","1765972835.1257436","/home/samuchair/ros2_ws/install/samuchair/lib/python3.12/site-packages/samuchair/mainNode.py","callback_subJoy","20","82","Comando Joystick Bluetooth: 9","mainNode"
"1765972835.1275089","1765972835.1273804","/home/samuchair/ros2_ws/install/samuchair/lib/python3.12/site-packages/samuchair/arduinoNode.py","handle_joystick_silla","20","61","Enviando comando al Arduino: velocidad","Joystick"
"1765972835.429856","1765972835.4297276","/home/samuchair/ros2_ws/install/samuchair/lib/python3.12/site-packages/samuchair/mainNode.py","callback_handleServiceResponse","20","142","Estoy en el servicio llamado desde mainNode","mainNode"
"1765972835.950422","1765972835.9503233","/home/samuchair/ros2_ws/install/samuchair/lib/python3.12/site-packages/samuchair/jBNode.py","jb_callback","20","38","Comando Joystick Bluetooth: 10","JoystickBluetooth"
"1765972835.9507987","1765972835.9506905","/home/samuchair/ros2_ws/install/samuchair/lib/python3.12/site-packages/samuchair/mainNode.py","callback_subJoy","20","82","Comando Joystick Bluetooth: 10","mainNode"
"1765972835.9524581","1765972835.9523342","/home/samuchair/ros2_ws/install/samuchair/lib/python3.12/site-packages/samuchair/arduinoNode.py","handle_joystick_silla","20","61","Enviando comando al Arduino: velocidad","Joystick"
"1765972836.0254357","1765972836.025331","/home/samuchair/ros2_ws/install/samuchair/lib/python3.12/site-packages/samuchair/jBNode.py","jb_callback","20","38","Comando Joystick Bluetooth: 3","JoystickBluetooth"
"1765972836.0258527","1765972836.0257354","/home/samuchair/ros2_ws/install/samuchair/lib/python3.12/site-packages/samuchair/mainNode.py","callback_subJoy","20","82","Comando Joystick Bluetooth: 3","mainNode"
"1765972836.2548058","1765972836.2545753","/home/samuchair/ros2_ws/install/samuchair/lib/python3.12/site-packages/samuchair/arduinoNode.py","handle_joystick_silla","20","61","Enviando comando al Arduino: velocidad","Joystick"
"1765972836.2548392","1765972836.2546413","/home/samuchair/ros2_ws/install/samuchair/lib/python3.12/site-packages/samuchair/mainNode.py","callback_handleServiceResponse","20","142","Estoy en el servicio llamado desde mainNode","mainNode"
"1765972836.5570462","1765972836.5569081","/home/samuchair/ros2_ws/install/samuchair/lib/python3.12/site-packages/samuchair/mainNode.py","callback_handleServiceResponse","20","142","Estoy en el servicio llamado desde mainNode","mainNode"
"1765972837.092531","1765972837.0924375","/home/samuchair/ros2_ws/install/samuchair/lib/python3.12/site-packages/samuchair/webcamNode.py","timer_callback","20","61","Frame: 50","webcam"
"1765972837.5255277","1765972837.5254169","/home/samuchair/ros2_ws/install/samuchair/lib/python3.12/site-packages/samuchair/jBNode.py","jb_callback","20","38","Comando Joystick Bluetooth: 12","JoystickBluetooth"
"1765972837.5259097","1765972837.5257964","/home/samuchair/ros2_ws/install/samuchair/lib/python3.12/site-packages/samuchair/mainNode.py","callback_subJoy","20","82","Comando Joystick Bluetooth: 12","mainNode"
"1765972837.527648","1765972837.527526","/home/samuchair/ros2_ws/install/samuchair/lib/python3.12/site-packages/samuchair/arduinoNode.py","handle_joystick_silla","20","61","Enviando comando al Arduino: velocidad","Joystick"
"1765972837.5629659","1765972837.5628655","/home/samuchair/ros2_ws/install/samuchair/lib/python3.12/site-packages/samuchair/jBNode.py","jb_callback","20","38","Comando Joystick Bluetooth: 6","JoystickBluetooth"
"1765972837.563241","1765972837.5631404","/home/samuchair/ros2_ws/install/samuchair/lib/python3.12/site-packages/samuchair/mainNode.py","callback_subJoy","20","82","Comando Joystick Bluetooth: 6","mainNode"
"1765972837.829977","1765972837.8298268","/home/samuchair/ros2_ws/install/samuchair/lib/python3.12/site-packages/samuchair/arduinoNode.py","handle_joystick_silla","20","61","Enviando comando al Arduino: velocidad","Joystick"
"1765972837.8300176","1765972837.82984","/home/samuchair/ros2_ws/install/samuchair/lib/python3.12/site-packages/samuchair/mainNode.py","callback_handleServiceResponse","20","142","Estoy en el servicio llamado desde mainNode","mainNode"
"1765972838.1324406","1765972838.1323054","/home/samuchair/ros2_ws/install/samuchair/lib/python3.12/site-packages/samuchair/mainNode.py","callback_handleServiceResponse","20","142","Estoy en el servicio llamado desde mainNode","mainNode"
"1765972838.350496","1765972838.3503954","/home/samuchair/ros2_ws/install/samuchair/lib/python3.12/site-packages/samuchair/jBNode.py","jb_callback","20","38","Comando Joystick Bluetooth: 0","JoystickBluetooth"
"1765972838.3509316","1765972838.3508193","/home/samuchair/ros2_ws/install/samuchair/lib/python3.12/site-packages/samuchair/mainNode.py","callback_subJoy","20","82","Comando Joystick Bluetooth: 0","mainNode"
"1765972838.3524055","1765972838.3515208","/home/samuchair/ros2_ws/install/samuchair/lib/python3.12/site-packages/samuchair/jBNode.py","jb_callback","20","38","Comando Joystick Bluetooth: 3","JoystickBluetooth"
"1765972838.352868","1765972838.352744","/home/samuchair/ros2_ws/install/samuchair/lib/python3.12/site-packages/samuchair/mainNode.py","callback_subJoy","20","82","Comando Joystick Bluetooth: 3","mainNode"
"1765972838.353002","1765972838.3528807","/home/samuchair/ros2_ws/install/samuchair/lib/python3.12/site-packages/samuchair/arduinoNode.py","handle_joystick_silla","20","61","Enviando comando al Arduino: velocidad","Joystick"
"1765972838.6553605","1765972838.6551619","/home/samuchair/ros2_ws/install/samuchair/lib/python3.12/site-packages/samuchair/mainNode.py","callback_handleServiceResponse","20","142","Estoy en el servicio llamado desde mainNode","mainNode"
"1765972838.8562028","1765972838.8560987","/home/samuchair/ros2_ws/install/samuchair/lib/python3.12/site-packages/samuchair/arduinoNode.py","handle_joystick_silla","20","61","Enviando comando al Arduino: velocidad","Joystick"
"1765972838.875533","1765972838.8754299","/home/samuchair/ros2_ws/install/samuchair/lib/python3.12/site-packages/samuchair/jBNode.py","jb_callback","20","38","Comando Joystick Bluetooth: 10","JoystickBluetooth"
"1765972838.8758602","1765972838.8757648","/home/samuchair/ros2_ws/install/samuchair/lib/python3.12/site-packages/samuchair/mainNode.py","callback_subJoy","20","82","Comando Joystick Bluetooth: 10","mainNode"
"1765972839.0925028","1765972839.0923874","/home/samuchair/ros2_ws/install/samuchair/lib/python3.12/site-packages/samuchair/webcamNode.py","timer_callback","20","61","Frame: 51","webcam"
"1765972839.100113","1765972839.1000261","/home/samuchair/ros2_ws/install/samuchair/lib/python3.12/site-packages/samuchair/jBNode.py","jb_callback","20","38","Comando Joystick Bluetooth: 9","JoystickBluetooth"
"1765972839.100479","1765972839.1003804","/home/samuchair/ros2_ws/install/samuchair/lib/python3.12/site-packages/samuchair/mainNode.py","callback_subJoy","20","82","Comando Joystick Bluetooth: 9","mainNode"
"1765972839.1379254","1765972839.1378326","/home/samuchair/ros2_ws/install/samuchair/lib/python3.12/site-packages/samuchair/jBNode.py","jb_callback","20","38","Comando Joystick Bluetooth: 10","JoystickBluetooth"
"1765972839.138261","1765972839.1381593","/home/samuchair/ros2_ws/install/samuchair/lib/python3.12/site-packages/samuchair/mainNode.py","callback_subJoy","20","82","Comando Joystick Bluetooth: 10","mainNode"
"1765972839.158396","1765972839.1581733","/home/samuchair/ros2_ws/install/samuchair/lib/python3.12/site-packages/samuchair/arduinoNode.py","handle_joystick_silla","20","61","Enviando comando al Arduino: velocidad","Joystick"
"1765972839.1584222","1765972839.1581712","/home/samuchair/ros2_ws/install/samuchair/lib/python3.12/site-packages/samuchair/mainNode.py","callback_handleServiceResponse","20","142","Estoy en el servicio llamado desde mainNode","mainNode"
"1765972839.250412","1765972839.250284","/home/samuchair/ros2_ws/install/samuchair/lib/python3.12/site-packages/samuchair/jBNode.py","jb_callback","20","38","Comando Joystick Bluetooth: 3","JoystickBluetooth"
"1765972839.2509391","1765972839.2506342","/home/samuchair/ros2_ws/install/samuchair/lib/python3.12/site-packages/samuchair/mainNode.py","callback_subJoy","20","82","Comando Joystick Bluetooth: 3","mainNode"
"1765972839.4605458","1765972839.460413","/home/samuchair/ros2_ws/install/samuchair/lib/python3.12/site-packages/samuchair/arduinoNode.py","handle_joystick_silla","20","61","Enviando comando al Arduino: velocidad","Joystick"
"1765972839.4605877","1765972839.4604702","/home/samuchair/ros2_ws/install/samuchair/lib/python3.12/site-packages/samuchair/mainNode.py","callback_handleServiceResponse","20","142","Estoy en el servicio llamado desde mainNode","mainNode"
"1765972839.762972","1765972839.7627244","/home/samuchair/ros2_ws/install/samuchair/lib/python3.12/site-packages/samuchair/arduinoNode.py","handle_joystick_silla","20","61","Enviando comando al Arduino: velocidad","Joystick"
"1765972839.7630029","1765972839.762755","/home/samuchair/ros2_ws/install/samuchair/lib/python3.12/site-packages/samuchair/mainNode.py","callback_handleServiceResponse","20","142","Estoy en el servicio llamado desde mainNode","mainNode"
"1765972840.0651674","1765972840.0650194","/home/samuchair/ros2_ws/install/samuchair/lib/python3.12/site-packages/samuchair/mainNode.py","callback_handleServiceResponse","20","142","Estoy en el servicio llamado desde mainNode","mainNode"
"1765972840.065206","1765972840.0650828","/home/samuchair/ros2_ws/install/samuchair/lib/python3.12/site-packages/samuchair/arduinoNode.py","handle_joystick_silla","20","61","Enviando comando al Arduino: velocidad","Joystick"
"1765972840.3675349","1765972840.3674166","/home/samuchair/ros2_ws/install/samuchair/lib/python3.12/site-packages/samuchair/mainNode.py","callback_handleServiceResponse","20","142","Estoy en el servicio llamado desde mainNode","mainNode"
"1765972841.0921376","1765972841.0920327","/home/samuchair/ros2_ws/install/samuchair/lib/python3.12/site-packages/samuchair/webcamNode.py","timer_callback","20","61","Frame: 52","webcam"
"1765972841.7255852","1765972841.7254834","/home/samuchair/ros2_ws/install/samuchair/lib/python3.12/site-packages/samuchair/jBNode.py","jb_callback","20","38","Comando Joystick Bluetooth: 10","JoystickBluetooth"
"1765972841.7258503","1765972841.725747","/home/samuchair/ros2_ws/install/samuchair/lib/python3.12/site-packages/samuchair/mainNode.py","callback_subJoy","20","82","Comando Joystick Bluetooth: 10","mainNode"
"1765972841.7276907","1765972841.7275507","/home/samuchair/ros2_ws/install/samuchair/lib/python3.12/site-packages/samuchair/arduinoNode.py","handle_joystick_silla","20","61","Enviando comando al Arduino: velocidad","Joystick"
"1765972842.0300055","1765972842.0298796","/home/samuchair/ros2_ws/install/samuchair/lib/python3.12/site-packages/samuchair/mainNode.py","callback_handleServiceResponse","20","142","Estoy en el servicio llamado desde mainNode","mainNode"
"1765972842.138011","1765972842.137897","/home/samuchair/ros2_ws/install/samuchair/lib/python3.12/site-packages/samuchair/jBNode.py","jb_callback","20","38","Comando Joystick Bluetooth: 9","JoystickBluetooth"
"1765972842.1385076","1765972842.1383483","/home/samuchair/ros2_ws/install/samuchair/lib/python3.12/site-packages/samuchair/mainNode.py","callback_subJoy","20","82","Comando Joystick Bluetooth: 9","mainNode"
"1765972842.1402361","1765972842.1401093","/home/samuchair/ros2_ws/install/samuchair/lib/python3.12/site-packages/samuchair/arduinoNode.py","handle_joystick_silla","20","61","Enviando comando al Arduino: velocidad","Joystick"
"1765972842.4426398","1765972842.4424596","/home/samuchair/ros2_ws/install/samuchair/lib/python3.12/site-packages/samuchair/mainNode.py","callback_handleServiceResponse","20","142","Estoy en el servicio llamado desde mainNode","mainNode"
"1765972842.9256034","1765972842.925458","/home/samuchair/ros2_ws/install/samuchair/lib/python3.12/site-packages/samuchair/jBNode.py","jb_callback","20","38","Comando Joystick Bluetooth: 10","JoystickBluetooth"
"1765972842.925936","1765972842.9258366","/home/samuchair/ros2_ws/install/samuchair/lib/python3.12/site-packages/samuchair/mainNode.py","callback_subJoy","20","82","Comando Joystick Bluetooth: 10","mainNode"
"1765972842.9276805","1765972842.927556","/home/samuchair/ros2_ws/install/samuchair/lib/python3.12/site-packages/samuchair/arduinoNode.py","handle_joystick_silla","20","61","Enviando comando al Arduino: velocidad","Joystick"
"1765972842.9630778","1765972842.9629145","/home/samuchair/ros2_ws/install/samuchair/lib/python3.12/site-packages/samuchair/jBNode.py","jb_callback","20","38","Comando Joystick Bluetooth: 3","JoystickBluetooth"
"1765972842.963439","1765972842.9633224","/home/samuchair/ros2_ws/install/samuchair/lib/python3.12/site-packages/samuchair/mainNode.py","callback_subJoy","20","82","Comando Joystick Bluetooth: 3","mainNode"
"1765972843.0927489","1765972843.092634","/home/samuchair/ros2_ws/install/samuchair/lib/python3.12/site-packages/samuchair/webcamNode.py","timer_callback","20","61","Frame: 53","webcam"
"1765972843.2300932","1765972843.2299597","/home/samuchair/ros2_ws/install/samuchair/lib/python3.12/site-packages/samuchair/mainNode.py","callback_handleServiceResponse","20","142","Estoy en el servicio llamado desde mainNode","mainNode"
"1765972843.230473","1765972843.2301338","/home/samuchair/ros2_ws/install/samuchair/lib/python3.12/site-packages/samuchair/arduinoNode.py","handle_joystick_silla","20","61","Enviando comando al Arduino: velocidad","Joystick"
"1765972843.5326984","1765972843.5325654","/home/samuchair/ros2_ws/install/samuchair/lib/python3.12/site-packages/samuchair/mainNode.py","callback_handleServiceResponse","20","142","Estoy en el servicio llamado desde mainNode","mainNode"
"1765972844.5380878","1765972844.5379822","/home/samuchair/ros2_ws/install/samuchair/lib/python3.12/site-packages/samuchair/jBNode.py","jb_callback","20","38","Comando Joystick Bluetooth: 12","JoystickBluetooth"
"1765972844.5384681","1765972844.5383623","/home/samuchair/ros2_ws/install/samuchair/lib/python3.12/site-packages/samuchair/mainNode.py","callback_subJoy","20","82","Comando Joystick Bluetooth: 12","mainNode"
"1765972844.5401108","1765972844.5399761","/home/samuchair/ros2_ws/install/samuchair/lib/python3.12/site-packages/samuchair/arduinoNode.py","handle_joystick_silla","20","61","Enviando comando al Arduino: velocidad","Joystick"
"1765972844.8424854","1765972844.8423722","/home/samuchair/ros2_ws/install/samuchair/lib/python3.12/site-packages/samuchair/mainNode.py","callback_handleServiceResponse","20","142","Estoy en el servicio llamado desde mainNode","mainNode"
"1765972845.0255508","1765972845.0254478","/home/samuchair/ros2_ws/install/samuchair/lib/python3.12/site-packages/samuchair/jBNode.py","jb_callback","20","38","Comando Joystick Bluetooth: 3","JoystickBluetooth"
"1765972845.0259407","1765972845.0258317","/home/samuchair/ros2_ws/install/samuchair/lib/python3.12/site-packages/samuchair/mainNode.py","callback_subJoy","20","82","Comando Joystick Bluetooth: 3","mainNode"
"1765972845.043407","1765972845.0432827","/home/samuchair/ros2_ws/install/samuchair/lib/python3.12/site-packages/samuchair/arduinoNode.py","handle_joystick_silla","20","61","Enviando comando al Arduino: velocidad","Joystick"
"1765972845.0921733","1765972845.0920737","/home/samuchair/ros2_ws/install/samuchair/lib/python3.12/site-packages/samuchair/webcamNode.py","timer_callback","20","61","Frame: 54","webcam"
"1765972845.3456578","1765972845.3455455","/home/samuchair/ros2_ws/install/samuchair/lib/python3.12/site-packages/samuchair/mainNode.py","callback_handleServiceResponse","20","142","Estoy en el servicio llamado desde mainNode","mainNode"
"1765972845.3629682","1765972845.3628738","/home/samuchair/ros2_ws/install/samuchair/lib/python3.12/site-packages/samuchair/jBNode.py","jb_callback","20","38","Comando Joystick Bluetooth: 10","JoystickBluetooth"
"1765972845.3631682","1765972845.3630803","/home/samuchair/ros2_ws/install/samuchair/lib/python3.12/site-packages/samuchair/mainNode.py","callback_subJoy","20","82","Comando Joystick Bluetooth: 10","mainNode"
"1765972845.364683","1765972845.3645263","/home/samuchair/ros2_ws/install/samuchair/lib/python3.12/site-packages/samuchair/arduinoNode.py","handle_joystick_silla","20","61","Enviando comando al Arduino: velocidad","Joystick"
"1765972845.6669896","1765972845.6668658","/home/samuchair/ros2_ws/install/samuchair/lib/python3.12/site-packages/samuchair/mainNode.py","callback_handleServiceResponse","20","142","Estoy en el servicio llamado desde mainNode","mainNode"
"1765972846.3756385","1765972846.3755295","/home/samuchair/ros2_ws/install/samuchair/lib/python3.12/site-packages/samuchair/jBNode.py","jb_callback","20","38","Comando Joystick Bluetooth: 9","JoystickBluetooth"
"1765972846.3759434","1765972846.3758416","/home/samuchair/ros2_ws/install/samuchair/lib/python3.12/site-packages/samuchair/mainNode.py","callback_subJoy","20","82","Comando Joystick Bluetooth: 9","mainNode"
"1765972846.37762","1765972846.3774967","/home/samuchair/ros2_ws/install/samuchair/lib/python3.12/site-packages/samuchair/arduinoNode.py","handle_joystick_silla","20","61","Enviando comando al Arduino: velocidad","Joystick"
"1765972846.679976","1765972846.6798532","/home/samuchair/ros2_ws/install/samuchair/lib/python3.12/site-packages/samuchair/mainNode.py","callback_handleServiceResponse","20","142","Estoy en el servicio llamado desde mainNode","mainNode"
"1765972846.9201355","1765972846.9200587","/home/samuchair/ros2_ws/install/samuchair/lib/python3.12/site-packages/samuchair/secondarytaskNode.py","timer_callback","20","220","Publicado: ""0""","ST"
"1765972846.9210446","1765972846.9209566","/home/samuchair/ros2_ws/install/samuchair/lib/python3.12/site-packages/samuchair/secondarytaskNode.py","start_random_timer","20","180","Dato publicado ST: 5.230545063683044","ST"
"1765972847.0529163","1765972847.0528271","/home/samuchair/ros2_ws/install/samuchair/lib/python3.12/site-packages/samuchair/secondarytaskNode.py","timer_lectura","20","203","Dato medido ST: 0.004012584686279297","ST"
"1765972847.0928864","1765972847.0927842","/home/samuchair/ros2_ws/install/samuchair/lib/python3.12/site-packages/samuchair/webcamNode.py","timer_callback","20","61","Frame: 55","webcam"
"1765972847.2756982","1765972847.2755516","/home/samuchair/ros2_ws/install/samuchair/lib/python3.12/site-packages/samuchair/jBNode.py","jb_callback","20","38","Comando Joystick Bluetooth: 10","JoystickBluetooth"
"1765972847.2759843","1765972847.2758825","/home/samuchair/ros2_ws/install/samuchair/lib/python3.12/site-packages/samuchair/mainNode.py","callback_subJoy","20","82","Comando Joystick Bluetooth: 10","mainNode"
"1765972847.2778306","1765972847.2776794","/home/samuchair/ros2_ws/install/samuchair/lib/python3.12/site-packages/samuchair/arduinoNode.py","handle_joystick_silla","20","61","Enviando comando al Arduino: velocidad","Joystick"
"1765972847.3130999","1765972847.312999","/home/samuchair/ros2_ws/install/samuchair/lib/python3.12/site-packages/samuchair/jBNode.py","jb_callback","20","38","Comando Joystick Bluetooth: 3","JoystickBluetooth"
"1765972847.3135033","1765972847.3133917","/home/samuchair/ros2_ws/install/samuchair/lib/python3.12/site-packages/samuchair/mainNode.py","callback_subJoy","20","82","Comando Joystick Bluetooth: 3","mainNode"
"1765972847.5801606","1765972847.5800254","/home/samuchair/ros2_ws/install/samuchair/lib/python3.12/site-packages/samuchair/mainNode.py","callback_handleServiceResponse","20","142","Estoy en el servicio llamado desde mainNode","mainNode"
"1765972847.5805628","1765972847.5802891","/home/samuchair/ros2_ws/install/samuchair/lib/python3.12/site-packages/samuchair/arduinoNode.py","handle_joystick_silla","20","61","Enviando comando al Arduino: velocidad","Joystick"
"1765972847.6131115","1765972847.6130044","/home/samuchair/ros2_ws/install/samuchair/lib/python3.12/site-packages/samuchair/jBNode.py","jb_callback","20","38","Comando Joystick Bluetooth: 12","JoystickBluetooth"
"1765972847.61344","1765972847.6133296","/home/samuchair/ros2_ws/install/samuchair/lib/python3.12/site-packages/samuchair/mainNode.py","callback_subJoy","20","82","Comando Joystick Bluetooth: 12","mainNode"
"1765972847.88275","1765972847.8826108","/home/samuchair/ros2_ws/install/samuchair/lib/python3.12/site-packages/samuchair/arduinoNode.py","handle_joystick_silla","20","61","Enviando comando al Arduino: velocidad","Joystick"
"1765972847.882785","1765972847.8826084","/home/samuchair/ros2_ws/install/samuchair/lib/python3.12/site-packages/samuchair/mainNode.py","callback_handleServiceResponse","20","142","Estoy en el servicio llamado desde mainNode","mainNode"
"1765972848.1851196","1765972848.1850038","/home/samuchair/ros2_ws/install/samuchair/lib/python3.12/site-packages/samuchair/mainNode.py","callback_handleServiceResponse","20","142","Estoy en el servicio llamado desde mainNode","mainNode"
"1765972848.2506309","1765972848.250525","/home/samuchair/ros2_ws/install/samuchair/lib/python3.12/site-packages/samuchair/jBNode.py","jb_callback","20","38","Comando Joystick Bluetooth: 3","JoystickBluetooth"
"1765972848.250937","1765972848.2508328","/home/samuchair/ros2_ws/install/samuchair/lib/python3.12/site-packages/samuchair/mainNode.py","callback_subJoy","20","82","Comando Joystick Bluetooth: 3","mainNode"
"1765972848.2525938","1765972848.2524638","/home/samuchair/ros2_ws/install/samuchair/lib/python3.12/site-packages/samuchair/arduinoNode.py","handle_joystick_silla","20","61","Enviando comando al Arduino: velocidad","Joystick"
"1765972848.5548224","1765972848.5546908","/home/samuchair/ros2_ws/install/samuchair/lib/python3.12/site-packages/samuchair/mainNode.py","callback_handleServiceResponse","20","142","Estoy en el servicio llamado desde mainNode","mainNode"
"1765972849.0926034","1765972849.092516","/home/samuchair/ros2_ws/install/samuchair/lib/python3.12/site-packages/samuchair/webcamNode.py","timer_callback","20","61","Frame: 56","webcam"
"1765972849.3756819","1765972849.375577","/home/samuchair/ros2_ws/install/samuchair/lib/python3.12/site-packages/samuchair/jBNode.py","jb_callback","20","38","Comando Joystick Bluetooth: 12","JoystickBluetooth"
"1765972849.3759992","1765972849.375894","/home/samuchair/ros2_ws/install/samuchair/lib/python3.12/site-packages/samuchair/mainNode.py","callback_subJoy","20","82","Comando Joystick Bluetooth: 12","mainNode"
"1765972849.377616","1765972849.3774912","/home/samuchair/ros2_ws/install/samuchair/lib/python3.12/site-packages/samuchair/arduinoNode.py","handle_joystick_silla","20","61","Enviando comando al Arduino: velocidad","Joystick"
"1765972849.45063","1765972849.4505305","/home/samuchair/ros2_ws/install/samuchair/lib/python3.12/site-packages/samuchair/jBNode.py","jb_callback","20","38","Comando Joystick Bluetooth: 6","JoystickBluetooth"
"1765972849.4509928","1765972849.4508948","/home/samuchair/ros2_ws/install/samuchair/lib/python3.12/site-packages/samuchair/mainNode.py","callback_subJoy","20","82","Comando Joystick Bluetooth: 6","mainNode"
"1765972849.679846","1765972849.6797283","/home/samuchair/ros2_ws/install/samuchair/lib/python3.12/site-packages/samuchair/arduinoNode.py","handle_joystick_silla","20","61","Enviando comando al Arduino: velocidad","Joystick"
"1765972849.6801598","1765972849.6799564","/home/samuchair/ros2_ws/install/samuchair/lib/python3.12/site-packages/samuchair/mainNode.py","callback_handleServiceResponse","20","142","Estoy en el servicio llamado desde mainNode","mainNode"
"1765972849.9822133","1765972849.982105","/home/samuchair/ros2_ws/install/samuchair/lib/python3.12/site-packages/samuchair/mainNode.py","callback_handleServiceResponse","20","142","Estoy en el servicio llamado desde mainNode","mainNode"
"1765972850.5006447","1765972850.5005426","/home/samuchair/ros2_ws/install/samuchair/lib/python3.12/site-packages/samuchair/jBNode.py","jb_callback","20","38","Comando Joystick Bluetooth: 0","JoystickBluetooth"
"1765972850.5010269","1765972850.500918","/home/samuchair/ros2_ws/install/samuchair/lib/python3.12/site-packages/samuchair/mainNode.py","callback_subJoy","20","82","Comando Joystick Bluetooth: 0","mainNode"
"1765972850.501719","1765972850.5015984","/home/samuchair/ros2_ws/install/samuchair/lib/python3.12/site-packages/samuchair/jBNode.py","jb_callback","20","38","Comando Joystick Bluetooth: 3","JoystickBluetooth"
"1765972850.5028605","1765972850.5027368","/home/samuchair/ros2_ws/install/samuchair/lib/python3.12/site-packages/samuchair/arduinoNode.py","handle_joystick_silla","20","61","Enviando comando al Arduino: velocidad","Joystick"
"1765972850.5033395","1765972850.5031195","/home/samuchair/ros2_ws/install/samuchair/lib/python3.12/site-packages/samuchair/mainNode.py","callback_subJoy","20","82","Comando Joystick Bluetooth: 3","mainNode"
"1765972850.650648","1765972850.6505303","/home/samuchair/ros2_ws/install/samuchair/lib/python3.12/site-packages/samuchair/jBNode.py","jb_callback","20","38","Comando Joystick Bluetooth: 10","JoystickBluetooth"
"1765972850.651001","1765972850.6508827","/home/samuchair/ros2_ws/install/samuchair/lib/python3.12/site-packages/samuchair/mainNode.py","callback_subJoy","20","82","Comando Joystick Bluetooth: 10","mainNode"
"1765972850.7256124","1765972850.7255075","/home/samuchair/ros2_ws/install/samuchair/lib/python3.12/site-packages/samuchair/jBNode.py","jb_callback","20","38","Comando Joystick Bluetooth: 9","JoystickBluetooth"
"1765972850.7258925","1765972850.7257936","/home/samuchair/ros2_ws/install/samuchair/lib/python3.12/site-packages/samuchair/mainNode.py","callback_subJoy","20","82","Comando Joystick Bluetooth: 9","mainNode"
"1765972850.8006575","1765972850.800565","/home/samuchair/ros2_ws/install/samuchair/lib/python3.12/site-packages/samuchair/jBNode.py","jb_callback","20","38","Comando Joystick Bluetooth: 0","JoystickBluetooth"
"1765972850.801012","1765972850.8009162","/home/samuchair/ros2_ws/install/samuchair/lib/python3.12/site-packages/samuchair/mainNode.py","callback_subJoy","20","82","Comando Joystick Bluetooth: 0","mainNode"
"1765972850.8049626","1765972850.8048604","/home/samuchair/ros2_ws/install/samuchair/lib/python3.12/site-packages/samuchair/mainNode.py","callback_handleServiceResponse","20","142","Estoy en el servicio llamado desde mainNode","mainNode"
"1765972851.0060863","1765972851.0059342","/home/samuchair/ros2_ws/install/samuchair/lib/python3.12/site-packages/samuchair/arduinoNode.py","handle_joystick_silla","20","61","Enviando comando al Arduino: velocidad","Joystick"
"1765972851.0915778","1765972851.091472","/home/samuchair/ros2_ws/install/samuchair/lib/python3.12/site-packages/samuchair/webcamNode.py","timer_callback","20","61","Frame: 57","webcam"
"1765972851.308427","1765972851.3081715","/home/samuchair/ros2_ws/install/samuchair/lib/python3.12/site-packages/samuchair/arduinoNode.py","handle_joystick_silla","20","61","Enviando comando al Arduino: velocidad","Joystick"
"1765972851.3084629","1765972851.3082068","/home/samuchair/ros2_ws/install/samuchair/lib/python3.12/site-packages/samuchair/mainNode.py","callback_handleServiceResponse","20","142","Estoy en el servicio llamado desde mainNode","mainNode"
"1765972851.3255923","1765972851.3254933","/home/samuchair/ros2_ws/install/samuchair/lib/python3.12/site-packages/samuchair/jBNode.py","jb_callback","20","38","Comando Joystick Bluetooth: 9","JoystickBluetooth"
"1765972851.325829","1765972851.325731","/home/samuchair/ros2_ws/install/samuchair/lib/python3.12/site-packages/samuchair/mainNode.py","callback_subJoy","20","82","Comando Joystick Bluetooth: 9","mainNode"
"1765972851.5881815","1765972851.5880811","/home/samuchair/ros2_ws/install/samuchair/lib/python3.12/site-packages/samuchair/jBNode.py","jb_callback","20","38","Comando Joystick Bluetooth: 0","JoystickBluetooth"
"1765972851.588459","1765972851.5883608","/home/samuchair/ros2_ws/install/samuchair/lib/python3.12/site-packages/samuchair/mainNode.py","callback_subJoy","20","82","Comando Joystick Bluetooth: 0","mainNode"
"1765972851.6104958","1765972851.6103404","/home/samuchair/ros2_ws/install/samuchair/lib/python3.12/site-packages/samuchair/mainNode.py","callback_handleServiceResponse","20","142","Estoy en el servicio llamado desde mainNode","mainNode"
"1765972851.6106055","1765972851.610375","/home/samuchair/ros2_ws/install/samuchair/lib/python3.12/site-packages/samuchair/arduinoNode.py","handle_joystick_silla","20","61","Enviando comando al Arduino: velocidad","Joystick"
"1765972851.9127886","1765972851.9125977","/home/samuchair/ros2_ws/install/samuchair/lib/python3.12/site-packages/samuchair/arduinoNode.py","handle_joystick_silla","20","61","Enviando comando al Arduino: velocidad","Joystick"
"1765972851.9128628","1765972851.912633","/home/samuchair/ros2_ws/install/samuchair/lib/python3.12/site-packages/samuchair/mainNode.py","callback_handleServiceResponse","20","142","Estoy en el servicio llamado desde mainNode","mainNode"
"1765972851.9255724","1765972851.9254742","/home/samuchair/ros2_ws/install/samuchair/lib/python3.12/site-packages/samuchair/jBNode.py","jb_callback","20","38","Comando Joystick Bluetooth: 9","JoystickBluetooth"
"1765972851.9258223","1765972851.9257267","/home/samuchair/ros2_ws/install/samuchair/lib/python3.12/site-packages/samuchair/mainNode.py","callback_subJoy","20","82","Comando Joystick Bluetooth: 9","mainNode"
"1765972852.215391","1765972852.2150745","/home/samuchair/ros2_ws/install/samuchair/lib/python3.12/site-packages/samuchair/mainNode.py","callback_handleServiceResponse","20","142","Estoy en el servicio llamado desde mainNode","mainNode"
"1765972852.2154245","1765972852.2151706","/home/samuchair/ros2_ws/install/samuchair/lib/python3.12/site-packages/samuchair/arduinoNode.py","handle_joystick_silla","20","61","Enviando comando al Arduino: velocidad","Joystick"
"1765972852.263181","1765972852.263046","/home/samuchair/ros2_ws/install/samuchair/lib/python3.12/site-packages/samuchair/jBNode.py","jb_callback","20","38","Comando Joystick Bluetooth: 0","JoystickBluetooth"
"1765972852.2634919","1765972852.2633734","/home/samuchair/ros2_ws/install/samuchair/lib/python3.12/site-packages/samuchair/mainNode.py","callback_subJoy","20","82","Comando Joystick Bluetooth: 0","mainNode"
"1765972852.5175896","1765972852.5174518","/home/samuchair/ros2_ws/install/samuchair/lib/python3.12/site-packages/samuchair/arduinoNode.py","handle_joystick_silla","20","61","Enviando comando al Arduino: velocidad","Joystick"
"1765972852.517628","1765972852.5175102","/home/samuchair/ros2_ws/install/samuchair/lib/python3.12/site-packages/samuchair/mainNode.py","callback_handleServiceResponse","20","142","Estoy en el servicio llamado desde mainNode","mainNode"
"1765972852.5256464","1765972852.5255446","/home/samuchair/ros2_ws/install/samuchair/lib/python3.12/site-packages/samuchair/jBNode.py","jb_callback","20","38","Comando Joystick Bluetooth: 9","JoystickBluetooth"
"1765972852.5260496","1765972852.5259001","/home/samuchair/ros2_ws/install/samuchair/lib/python3.12/site-packages/samuchair/mainNode.py","callback_subJoy","20","82","Comando Joystick Bluetooth: 9","mainNode"
"1765972852.6271052","1765972852.626973","/home/samuchair/ros2_ws/install/samuchair/lib/python3.12/site-packages/samuchair/secondarytaskNode.py","timer_callback","20","220","Publicado: ""0""","ST"
"1765972852.6282542","1765972852.628155","/home/samuchair/ros2_ws/install/samuchair/lib/python3.12/site-packages/samuchair/secondarytaskNode.py","start_random_timer","20","180","Dato publicado ST: 9.081199136388062","ST"
"1765972852.8198774","1765972852.8197305","/home/samuchair/ros2_ws/install/samuchair/lib/python3.12/site-packages/samuchair/arduinoNode.py","handle_joystick_silla","20","61","Enviando comando al Arduino: velocidad","Joystick"
"1765972852.819917","1765972852.8197734","/home/samuchair/ros2_ws/install/samuchair/lib/python3.12/site-packages/samuchair/mainNode.py","callback_handleServiceResponse","20","142","Estoy en el servicio llamado desde mainNode","mainNode"
"1765972852.938093","1765972852.937991","/home/samuchair/ros2_ws/install/samuchair/lib/python3.12/site-packages/samuchair/jBNode.py","jb_callback","20","38","Comando Joystick Bluetooth: 0","JoystickBluetooth"
"1765972852.9384997","1765972852.938381","/home/samuchair/ros2_ws/install/samuchair/lib/python3.12/site-packages/samuchair/mainNode.py","callback_subJoy","20","82","Comando Joystick Bluetooth: 0","mainNode"
"1765972853.0531256","1765972853.0530317","/home/samuchair/ros2_ws/install/samuchair/lib/python3.12/site-packages/samuchair/secondarytaskNode.py","timer_lectura","20","203","Dato medido ST: 0.0574040412902832","ST"
"1765972853.0925362","1765972853.0924528","/home/samuchair/ros2_ws/install/samuchair/lib/python3.12/site-packages/samuchair/webcamNode.py","timer_callback","20","61","Frame: 58","webcam"
"1765972853.122133","1765972853.1219954","/home/samuchair/ros2_ws/install/samuchair/lib/python3.12/site-packages/samuchair/arduinoNode.py","handle_joystick_silla","20","61","Enviando comando al Arduino: velocidad","Joystick"
"1765972853.122171","1765972853.1220508","/home/samuchair/ros2_ws/install/samuchair/lib/python3.12/site-packages/samuchair/mainNode.py","callback_handleServiceResponse","20","142","Estoy en el servicio llamado desde mainNode","mainNode"
"1765972853.1631198","1765972853.1630168","/home/samuchair/ros2_ws/install/samuchair/lib/python3.12/site-packages/samuchair/jBNode.py","jb_callback","20","38","Comando Joystick Bluetooth: 9","JoystickBluetooth"
"1765972853.163652","1765972853.1634853","/home/samuchair/ros2_ws/install/samuchair/lib/python3.12/site-packages/samuchair/mainNode.py","callback_subJoy","20","82","Comando Joystick Bluetooth: 9","mainNode"
"1765972853.4243445","1765972853.4242175","/home/samuchair/ros2_ws/install/samuchair/lib/python3.12/site-packages/samuchair/arduinoNode.py","handle_joystick_silla","20","61","Enviando comando al Arduino: velocidad","Joystick"
"1765972853.4246888","1765972853.4244587","/home/samuchair/ros2_ws/install/samuchair/lib/python3.12/site-packages/samuchair/mainNode.py","callback_handleServiceResponse","20","142","Estoy en el servicio llamado desde mainNode","mainNode"
"1765972853.7266164","1765972853.7264755","/home/samuchair/ros2_ws/install/samuchair/lib/python3.12/site-packages/samuchair/mainNode.py","callback_handleServiceResponse","20","142","Estoy en el servicio llamado desde mainNode","mainNode"
"1765972853.7266557","1765972853.7265542","/home/samuchair/ros2_ws/install/samuchair/lib/python3.12/site-packages/samuchair/arduinoNode.py","handle_joystick_silla","20","61","Enviando comando al Arduino: velocidad","Joystick"
"1765972854.0288014","1765972854.0286787","/home/samuchair/ros2_ws/install/samuchair/lib/python3.12/site-packages/samuchair/arduinoNode.py","handle_joystick_silla","20","61","Enviando comando al Arduino: velocidad","Joystick"
"1765972854.0289593","1765972854.0288355","/home/samuchair/ros2_ws/install/samuchair/lib/python3.12/site-packages/samuchair/mainNode.py","callback_handleServiceResponse","20","142","Estoy en el servicio llamado desde mainNode","mainNode"
"1765972854.3310933","1765972854.3309703","/home/samuchair/ros2_ws/install/samuchair/lib/python3.12/site-packages/samuchair/mainNode.py","callback_handleServiceResponse","20","142","Estoy en el servicio llamado desde mainNode","mainNode"
"1765972854.8884006","1765972854.8883045","/home/samuchair/ros2_ws/install/samuchair/lib/python3.12/site-packages/samuchair/jBNode.py","jb_callback","20","38","Comando Joystick Bluetooth: 0","JoystickBluetooth"
"1765972854.8888934","1765972854.8887746","/home/samuchair/ros2_ws/install/samuchair/lib/python3.12/site-packages/samuchair/mainNode.py","callback_subJoy","20","82","Comando Joystick Bluetooth: 0","mainNode"
"1765972854.8905342","1765972854.890407","/home/samuchair/ros2_ws/install/samuchair/lib/python3.12/site-packages/samuchair/arduinoNode.py","handle_joystick_silla","20","61","Enviando comando al Arduino: velocidad","Joystick"
"1765972855.0920012","1765972855.0919201","/home/samuchair/ros2_ws/install/samuchair/lib/python3.12/site-packages/samuchair/webcamNode.py","timer_callback","20","61","Frame: 59","webcam"
"1765972855.1929677","1765972855.1928425","/home/samuchair/ros2_ws/install/samuchair/lib/python3.12/site-packages/samuchair/mainNode.py","callback_handleServiceResponse","20","142","Estoy en el servicio llamado desde mainNode","mainNode"
"1765972855.3873641","1765972855.3872313","/home/samuchair/ros2_ws/install/samuchair/lib/python3.12/site-packages/samuchair/movilNode.py","timer_callback","20","239","Dato publicado Fase Ejecucion: 30","Movil"
"1765972855.3877475","1765972855.387474","/home/samuchair/ros2_ws/install/samuchair/lib/python3.12/site-packages/samuchair/mainNode.py","callback_subMovilEjecucion","20","137","Comando Movil Ejecucion: 30","mainNode"
"1765972856.2382352","1765972856.2381008","/home/samuchair/ros2_ws/install/samuchair/lib/python3.12/site-packages/samuchair/jBNode.py","jb_callback","20","38","Comando Joystick Bluetooth: 9","JoystickBluetooth"
"1765972856.2386196","1765972856.2385168","/home/samuchair/ros2_ws/install/samuchair/lib/python3.12/site-packages/samuchair/mainNode.py","callback_subJoy","20","82","Comando Joystick Bluetooth: 9","mainNode"
"1765972856.2402146","1765972856.2400951","/home/samuchair/ros2_ws/install/samuchair/lib/python3.12/site-packages/samuchair/arduinoNode.py","handle_joystick_silla","20","61","Enviando comando al Arduino: velocidad","Joystick"
"1765972856.3882077","1765972856.3880827","/home/samuchair/ros2_ws/install/samuchair/lib/python3.12/site-packages/samuchair/jBNode.py","jb_callback","20","38","Comando Joystick Bluetooth: 10","JoystickBluetooth"
"1765972856.3886364","1765972856.3884923","/home/samuchair/ros2_ws/install/samuchair/lib/python3.12/site-packages/samuchair/mainNode.py","callback_subJoy","20","82","Comando Joystick Bluetooth: 10","mainNode"
"1765972856.5425212","1765972856.542353","/home/samuchair/ros2_ws/install/samuchair/lib/python3.12/site-packages/samuchair/arduinoNode.py","handle_joystick_silla","20","61","Enviando comando al Arduino: velocidad","Joystick"
"1765972856.542633","1765972856.542391","/home/samuchair/ros2_ws/install/samuchair/lib/python3.12/site-packages/samuchair/mainNode.py","callback_handleServiceResponse","20","142","Estoy en el servicio llamado desde mainNode","mainNode"
"1765972856.8447397","1765972856.8446283","/home/samuchair/ros2_ws/install/samuchair/lib/python3.12/site-packages/samuchair/mainNode.py","callback_handleServiceResponse","20","142","Estoy en el servicio llamado desde mainNode","mainNode"
"1765972857.5882342","1765972857.5881343","/home/samuchair/ros2_ws/install/samuchair/lib/python3.12/site-packages/samuchair/jBNode.py","jb_callback","20","38","Comando Joystick Bluetooth: 3","JoystickBluetooth"
"1765972857.5887508","1765972857.5886273","/home/samuchair/ros2_ws/install/samuchair/lib/python3.12/site-packages/samuchair/mainNode.py","callback_subJoy","20","82","Comando Joystick Bluetooth: 3","mainNode"
"1765972857.5903964","1765972857.5902517","/home/samuchair/ros2_ws/install/samuchair/lib/python3.12/site-packages/samuchair/arduinoNode.py","handle_joystick_silla","20","61","Enviando comando al Arduino: velocidad","Joystick"
"1765972857.8927317","1765972857.8926141","/home/samuchair/ros2_ws/install/samuchair/lib/python3.12/site-packages/samuchair/mainNode.py","callback_handleServiceResponse","20","142","Estoy en el servicio llamado desde mainNode","mainNode"
"1765972858.6007633","1765972858.6006553","/home/samuchair/ros2_ws/install/samuchair/lib/python3.12/site-packages/samuchair/jBNode.py","jb_callback","20","38","Comando Joystick Bluetooth: 10","JoystickBluetooth"
"1765972858.6011593","1765972858.6010554","/home/samuchair/ros2_ws/install/samuchair/lib/python3.12/site-packages/samuchair/mainNode.py","callback_subJoy","20","82","Comando Joystick Bluetooth: 10","mainNode"
"1765972858.6028273","1765972858.6027083","/home/samuchair/ros2_ws/install/samuchair/lib/python3.12/site-packages/samuchair/arduinoNode.py","handle_joystick_silla","20","61","Enviando comando al Arduino: velocidad","Joystick"
"1765972858.9052992","1765972858.9051702","/home/samuchair/ros2_ws/install/samuchair/lib/python3.12/site-packages/samuchair/mainNode.py","callback_handleServiceResponse","20","142","Estoy en el servicio llamado desde mainNode","mainNode"
"1765972861.2632546","1765972861.2631495","/home/samuchair/ros2_ws/install/samuchair/lib/python3.12/site-packages/samuchair/jBNode.py","jb_callback","20","38","Comando Joystick Bluetooth: 3","JoystickBluetooth"
"1765972861.2637002","1765972861.2635698","/home/samuchair/ros2_ws/install/samuchair/lib/python3.12/site-packages/samuchair/mainNode.py","callback_subJoy","20","82","Comando Joystick Bluetooth: 3","mainNode"
"1765972861.2642524","1765972861.2641313","/home/samuchair/ros2_ws/install/samuchair/lib/python3.12/site-packages/samuchair/jBNode.py","jb_callback","20","38","Comando Joystick Bluetooth: 0","JoystickBluetooth"
"1765972861.2655199","1765972861.26535","/home/samuchair/ros2_ws/install/samuchair/lib/python3.12/site-packages/samuchair/mainNode.py","callback_subJoy","20","82","Comando Joystick Bluetooth: 0","mainNode"
"1765972861.2658212","1765972861.2655573","/home/samuchair/ros2_ws/install/samuchair/lib/python3.12/site-packages/samuchair/arduinoNode.py","handle_joystick_silla","20","61","Enviando comando al Arduino: velocidad","Joystick"
"1765972861.5680258","1765972861.5678802","/home/samuchair/ros2_ws/install/samuchair/lib/python3.12/site-packages/samuchair/arduinoNode.py","handle_joystick_silla","20","61","Enviando comando al Arduino: velocidad","Joystick"
"1765972861.5683796","1765972861.5680535","/home/samuchair/ros2_ws/install/samuchair/lib/python3.12/site-packages/samuchair/mainNode.py","callback_handleServiceResponse","20","142","Estoy en el servicio llamado desde mainNode","mainNode"
"1765972861.6008534","1765972861.6006436","/home/samuchair/ros2_ws/install/samuchair/lib/python3.12/site-packages/samuchair/jBNode.py","jb_callback","20","38","Comando Joystick Bluetooth: 9","JoystickBluetooth"
"1765972861.6012366","1765972861.601082","/home/samuchair/ros2_ws/install/samuchair/lib/python3.12/site-packages/samuchair/mainNode.py","callback_subJoy","20","82","Comando Joystick Bluetooth: 9","mainNode"
"1765972861.870339","1765972861.8701832","/home/samuchair/ros2_ws/install/samuchair/lib/python3.12/site-packages/samuchair/arduinoNode.py","handle_joystick_silla","20","61","Enviando comando al Arduino: velocidad","Joystick"
"1765972861.8703766","1765972861.8702729","/home/samuchair/ros2_ws/install/samuchair/lib/python3.12/site-packages/samuchair/mainNode.py","callback_handleServiceResponse","20","142","Estoy en el servicio llamado desde mainNode","mainNode"
"1765972862.1728144","1765972862.1726775","/home/samuchair/ros2_ws/install/samuchair/lib/python3.12/site-packages/samuchair/mainNode.py","callback_handleServiceResponse","20","142","Estoy en el servicio llamado desde mainNode","mainNode"
"1765972862.1738396","1765972862.1737235","/home/samuchair/ros2_ws/install/samuchair/lib/python3.12/site-packages/samuchair/secondarytaskNode.py","timer_callback","20","220","Publicado: ""0""","ST"
"1765972862.174802","1765972862.1747093","/home/samuchair/ros2_ws/install/samuchair/lib/python3.12/site-packages/samuchair/secondarytaskNode.py","start_random_timer","20","180","Dato publicado ST: 8.00066424006423","ST"
"1765972862.838442","1765972862.8382287","/home/samuchair/ros2_ws/install/samuchair/lib/python3.12/site-packages/samuchair/jBNode.py","jb_callback","20","38","Comando Joystick Bluetooth: 0","JoystickBluetooth"
"1765972862.8389227","1765972862.838736","/home/samuchair/ros2_ws/install/samuchair/lib/python3.12/site-packages/samuchair/mainNode.py","callback_subJoy","20","82","Comando Joystick Bluetooth: 0","mainNode"
"1765972862.8406942","1765972862.840567","/home/samuchair/ros2_ws/install/samuchair/lib/python3.12/site-packages/samuchair/arduinoNode.py","handle_joystick_silla","20","61","Enviando comando al Arduino: velocidad","Joystick"
"1765972863.0258012","1765972863.0257003","/home/samuchair/ros2_ws/install/samuchair/lib/python3.12/site-packages/samuchair/jBNode.py","jb_callback","20","38","Comando Joystick Bluetooth: 3","JoystickBluetooth"
"1765972863.0262723","1765972863.026147","/home/samuchair/ros2_ws/install/samuchair/lib/python3.12/site-packages/samuchair/mainNode.py","callback_subJoy","20","82","Comando Joystick Bluetooth: 3","mainNode"
"1765972863.0531557","1765972863.0530431","/home/samuchair/ros2_ws/install/samuchair/lib/python3.12/site-packages/samuchair/secondarytaskNode.py","timer_lectura","20","203","Dato medido ST: 0.11117219924926758","ST"
"1765972863.1383338","1765972863.1382124","/home/samuchair/ros2_ws/install/samuchair/lib/python3.12/site-packages/samuchair/jBNode.py","jb_callback","20","38","Comando Joystick Bluetooth: 12","JoystickBluetooth"
"1765972863.139004","1765972863.1386645","/home/samuchair/ros2_ws/install/samuchair/lib/python3.12/site-packages/samuchair/mainNode.py","callback_subJoy","20","82","Comando Joystick Bluetooth: 12","mainNode"
"1765972863.142867","1765972863.1427305","/home/samuchair/ros2_ws/install/samuchair/lib/python3.12/site-packages/samuchair/arduinoNode.py","handle_joystick_silla","20","61","Enviando comando al Arduino: velocidad","Joystick"
"1765972863.1429036","1765972863.1427271","/home/samuchair/ros2_ws/install/samuchair/lib/python3.12/site-packages/samuchair/mainNode.py","callback_handleServiceResponse","20","142","Estoy en el servicio llamado desde mainNode","mainNode"
"1765972863.4451663","1765972863.4449837","/home/samuchair/ros2_ws/install/samuchair/lib/python3.12/site-packages/samuchair/arduinoNode.py","handle_joystick_silla","20","61","Enviando comando al Arduino: velocidad","Joystick"
"1765972863.4452372","1765972863.445011","/home/samuchair/ros2_ws/install/samuchair/lib/python3.12/site-packages/samuchair/mainNode.py","callback_handleServiceResponse","20","142","Estoy en el servicio llamado desde mainNode","mainNode"
"1765972863.475787","1765972863.4756832","/home/samuchair/ros2_ws/install/samuchair/lib/python3.12/site-packages/samuchair/jBNode.py","jb_callback","20","38","Comando Joystick Bluetooth: 6","JoystickBluetooth"
"1765972863.4761484","1765972863.4760468","/home/samuchair/ros2_ws/install/samuchair/lib/python3.12/site-packages/samuchair/mainNode.py","callback_subJoy","20","82","Comando Joystick Bluetooth: 6","mainNode"
"1765972863.5132754","1765972863.5131662","/home/samuchair/ros2_ws/install/samuchair/lib/python3.12/site-packages/samuchair/jBNode.py","jb_callback","20","38","Comando Joystick Bluetooth: 12","JoystickBluetooth"
"1765972863.5136077","1765972863.51351","/home/samuchair/ros2_ws/install/samuchair/lib/python3.12/site-packages/samuchair/mainNode.py","callback_subJoy","20","82","Comando Joystick Bluetooth: 12","mainNode"
"1765972863.663293","1765972863.6631765","/home/samuchair/ros2_ws/install/samuchair/lib/python3.12/site-packages/samuchair/jBNode.py","jb_callback","20","38","Comando Joystick Bluetooth: 6","JoystickBluetooth"
"1765972863.663711","1765972863.6636033","/home/samuchair/ros2_ws/install/samuchair/lib/python3.12/site-packages/samuchair/mainNode.py","callback_subJoy","20","82","Comando Joystick Bluetooth: 6","mainNode"
"1765972863.7474868","1765972863.7473066","/home/samuchair/ros2_ws/install/samuchair/lib/python3.12/site-packages/samuchair/arduinoNode.py","handle_joystick_silla","20","61","Enviando comando al Arduino: velocidad","Joystick"
"1765972863.747522","1765972863.7473028","/home/samuchair/ros2_ws/install/samuchair/lib/python3.12/site-packages/samuchair/mainNode.py","callback_handleServiceResponse","20","142","Estoy en el servicio llamado desde mainNode","mainNode"
"1765972864.0497305","1765972864.0495894","/home/samuchair/ros2_ws/install/samuchair/lib/python3.12/site-packages/samuchair/arduinoNode.py","handle_joystick_silla","20","61","Enviando comando al Arduino: velocidad","Joystick"
"1765972864.0497687","1765972864.0496516","/home/samuchair/ros2_ws/install/samuchair/lib/python3.12/site-packages/samuchair/mainNode.py","callback_handleServiceResponse","20","142","Estoy en el servicio llamado desde mainNode","mainNode"
"1765972864.3519745","1765972864.3518577","/home/samuchair/ros2_ws/install/samuchair/lib/python3.12/site-packages/samuchair/mainNode.py","callback_handleServiceResponse","20","142","Estoy en el servicio llamado desde mainNode","mainNode"
"1765972864.3522983","1765972864.3519413","/home/samuchair/ros2_ws/install/samuchair/lib/python3.12/site-packages/samuchair/arduinoNode.py","handle_joystick_silla","20","61","Enviando comando al Arduino: velocidad","Joystick"
"1765972864.6543398","1765972864.6542258","/home/samuchair/ros2_ws/install/samuchair/lib/python3.12/site-packages/samuchair/mainNode.py","callback_handleServiceResponse","20","142","Estoy en el servicio llamado desde mainNode","mainNode"
"1765972865.3507905","1765972865.3506877","/home/samuchair/ros2_ws/install/samuchair/lib/python3.12/site-packages/samuchair/jBNode.py","jb_callback","20","38","Comando Joystick Bluetooth: 0","JoystickBluetooth"
"1765972865.3514035","1765972865.35106","/home/samuchair/ros2_ws/install/samuchair/lib/python3.12/site-packages/samuchair/mainNode.py","callback_subJoy","20","82","Comando Joystick Bluetooth: 0","mainNode"
"1765972865.3528173","1765972865.352702","/home/samuchair/ros2_ws/install/samuchair/lib/python3.12/site-packages/samuchair/arduinoNode.py","handle_joystick_silla","20","61","Enviando comando al Arduino: velocidad","Joystick"
"1765972865.6551135","1765972865.6549869","/home/samuchair/ros2_ws/install/samuchair/lib/python3.12/site-packages/samuchair/mainNode.py","callback_handleServiceResponse","20","142","Estoy en el servicio llamado desde mainNode","mainNode"
"1765972865.9883668","1765972865.988249","/home/samuchair/ros2_ws/install/samuchair/lib/python3.12/site-packages/samuchair/jBNode.py","jb_callback","20","38","Comando Joystick Bluetooth: 9","JoystickBluetooth"
"1765972865.988736","1765972865.9886363","/home/samuchair/ros2_ws/install/samuchair/lib/python3.12/site-packages/samuchair/mainNode.py","callback_subJoy","20","82","Comando Joystick Bluetooth: 9","mainNode"
"1765972865.9902098","1765972865.9900942","/home/samuchair/ros2_ws/install/samuchair/lib/python3.12/site-packages/samuchair/arduinoNode.py","handle_joystick_silla","20","61","Enviando comando al Arduino: velocidad","Joystick"
"1765972866.250792","1765972866.2506912","/home/samuchair/ros2_ws/install/samuchair/lib/python3.12/site-packages/samuchair/jBNode.py","jb_callback","20","38","Comando Joystick Bluetooth: 10","JoystickBluetooth"
"1765972866.2512598","1765972866.2511413","/home/samuchair/ros2_ws/install/samuchair/lib/python3.12/site-packages/samuchair/mainNode.py","callback_subJoy","20","82","Comando Joystick Bluetooth: 10","mainNode"
"1765972866.2925274","1765972866.2923746","/home/samuchair/ros2_ws/install/samuchair/lib/python3.12/site-packages/samuchair/arduinoNode.py","handle_joystick_silla","20","61","Enviando comando al Arduino: velocidad","Joystick"
"1765972866.292563","1765972866.2923737","/home/samuchair/ros2_ws/install/samuchair/lib/python3.12/site-packages/samuchair/mainNode.py","callback_handleServiceResponse","20","142","Estoy en el servicio llamado desde mainNode","mainNode"
"1765972866.588392","1765972866.5882933","/home/samuchair/ros2_ws/install/samuchair/lib/python3.12/site-packages/samuchair/jBNode.py","jb_callback","20","38","Comando Joystick Bluetooth: 3","JoystickBluetooth"
"1765972866.5889668","1765972866.5888467","/home/samuchair/ros2_ws/install/samuchair/lib/python3.12/site-packages/samuchair/mainNode.py","callback_subJoy","20","82","Comando Joystick Bluetooth: 3","mainNode"
"1765972866.5947976","1765972866.594621","/home/samuchair/ros2_ws/install/samuchair/lib/python3.12/site-packages/samuchair/mainNode.py","callback_handleServiceResponse","20","142","Estoy en el servicio llamado desde mainNode","mainNode"
"1765972866.5948272","1765972866.5946212","/home/samuchair/ros2_ws/install/samuchair/lib/python3.12/site-packages/samuchair/arduinoNode.py","handle_joystick_silla","20","61","Enviando comando al Arduino: velocidad","Joystick"
"1765972866.8970032","1765972866.8968642","/home/samuchair/ros2_ws/install/samuchair/lib/python3.12/site-packages/samuchair/mainNode.py","callback_handleServiceResponse","20","142","Estoy en el servicio llamado desde mainNode","mainNode"
"1765972867.4509008","1765972867.450792","/home/samuchair/ros2_ws/install/samuchair/lib/python3.12/site-packages/samuchair/jBNode.py","jb_callback","20","38","Comando Joystick Bluetooth: 10","JoystickBluetooth"
"1765972867.4513865","1765972867.4512522","/home/samuchair/ros2_ws/install/samuchair/lib/python3.12/site-packages/samuchair/mainNode.py","callback_subJoy","20","82","Comando Joystick Bluetooth: 10","mainNode"
"1765972867.4530225","1765972867.4528947","/home/samuchair/ros2_ws/install/samuchair/lib/python3.12/site-packages/samuchair/arduinoNode.py","handle_joystick_silla","20","61","Enviando comando al Arduino: velocidad","Joystick"
"1765972867.755308","1765972867.7551682","/home/samuchair/ros2_ws/install/samuchair/lib/python3.12/site-packages/samuchair/mainNode.py","callback_handleServiceResponse","20","142","Estoy en el servicio llamado desde mainNode","mainNode"
"1765972867.9384131","1765972867.9383066","/home/samuchair/ros2_ws/install/samuchair/lib/python3.12/site-packages/samuchair/jBNode.py","jb_callback","20","38","Comando Joystick Bluetooth: 3","JoystickBluetooth"
"1765972867.9388475","1765972867.938703","/home/samuchair/ros2_ws/install/samuchair/lib/python3.12/site-packages/samuchair/mainNode.py","callback_subJoy","20","82","Comando Joystick Bluetooth: 3","mainNode"
"1765972867.940442","1765972867.9403281","/home/samuchair/ros2_ws/install/samuchair/lib/python3.12/site-packages/samuchair/arduinoNode.py","handle_joystick_silla","20","61","Enviando comando al Arduino: velocidad","Joystick"
"1765972868.2427158","1765972868.2425888","/home/samuchair/ros2_ws/install/samuchair/lib/python3.12/site-packages/samuchair/mainNode.py","callback_handleServiceResponse","20","142","Estoy en el servicio llamado desde mainNode","mainNode"
"1765972868.2758603","1765972868.275762","/home/samuchair/ros2_ws/install/samuchair/lib/python3.12/site-packages/samuchair/jBNode.py","jb_callback","20","38","Comando Joystick Bluetooth: 10","JoystickBluetooth"
"1765972868.2761147","1765972868.276017","/home/samuchair/ros2_ws/install/samuchair/lib/python3.12/site-packages/samuchair/mainNode.py","callback_subJoy","20","82","Comando Joystick Bluetooth: 10","mainNode"
"1765972868.2777357","1765972868.2776196","/home/samuchair/ros2_ws/install/samuchair/lib/python3.12/site-packages/samuchair/arduinoNode.py","handle_joystick_silla","20","61","Enviando comando al Arduino: velocidad","Joystick"
"1765972868.5008647","1765972868.5007608","/home/samuchair/ros2_ws/install/samuchair/lib/python3.12/site-packages/samuchair/jBNode.py","jb_callback","20","38","Comando Joystick Bluetooth: 9","JoystickBluetooth"
"1765972868.5012743","1765972868.501148","/home/samuchair/ros2_ws/install/samuchair/lib/python3.12/site-packages/samuchair/mainNode.py","callback_subJoy","20","82","Comando Joystick Bluetooth: 9","mainNode"
"1765972868.5800645","1765972868.5799282","/home/samuchair/ros2_ws/install/samuchair/lib/python3.12/site-packages/samuchair/mainNode.py","callback_handleServiceResponse","20","142","Estoy en el servicio llamado desde mainNode","mainNode"
"1765972868.7810564","1765972868.7808998","/home/samuchair/ros2_ws/install/samuchair/lib/python3.12/site-packages/samuchair/arduinoNode.py","handle_joystick_silla","20","61","Enviando comando al Arduino: velocidad","Joystick"
"1765972869.083435","1765972869.0833037","/home/samuchair/ros2_ws/install/samuchair/lib/python3.12/site-packages/samuchair/mainNode.py","callback_handleServiceResponse","20","142","Estoy en el servicio llamado desde mainNode","mainNode"
"1765972869.5508864","1765972869.5507746","/home/samuchair/ros2_ws/install/samuchair/lib/python3.12/site-packages/samuchair/jBNode.py","jb_callback","20","38","Comando Joystick Bluetooth: 10","JoystickBluetooth"
"1765972869.5513868","1765972869.551255","/home/samuchair/ros2_ws/install/samuchair/lib/python3.12/site-packages/samuchair/mainNode.py","callback_subJoy","20","82","Comando Joystick Bluetooth: 10","mainNode"
"1765972869.5529735","1765972869.5528545","/home/samuchair/ros2_ws/install/samuchair/lib/python3.12/site-packages/samuchair/arduinoNode.py","handle_joystick_silla","20","61","Enviando comando al Arduino: velocidad","Joystick"
"1765972869.7008643","1765972869.7007623","/home/samuchair/ros2_ws/install/samuchair/lib/python3.12/site-packages/samuchair/jBNode.py","jb_callback","20","38","Comando Joystick Bluetooth: 3","JoystickBluetooth"
"1765972869.7014692","1765972869.7011442","/home/samuchair/ros2_ws/install/samuchair/lib/python3.12/site-packages/samuchair/mainNode.py","callback_subJoy","20","82","Comando Joystick Bluetooth: 3","mainNode"
"1765972869.8552287","1765972869.8550932","/home/samuchair/ros2_ws/install/samuchair/lib/python3.12/site-packages/samuchair/arduinoNode.py","handle_joystick_silla","20","61","Enviando comando al Arduino: velocidad","Joystick"
"1765972869.8555748","1765972869.8552032","/home/samuchair/ros2_ws/install/samuchair/lib/python3.12/site-packages/samuchair/mainNode.py","callback_handleServiceResponse","20","142","Estoy en el servicio llamado desde mainNode","mainNode"
"1765972870.1576104","1765972870.1574738","/home/samuchair/ros2_ws/install/samuchair/lib/python3.12/site-packages/samuchair/mainNode.py","callback_handleServiceResponse","20","142","Estoy en el servicio llamado desde mainNode","mainNode"
"1765972870.4134574","1765972870.4133067","/home/samuchair/ros2_ws/install/samuchair/lib/python3.12/site-packages/samuchair/jBNode.py","jb_callback","20","38","Comando Joystick Bluetooth: 10","JoystickBluetooth"
"1765972870.413814","1765972870.4137063","/home/samuchair/ros2_ws/install/samuchair/lib/python3.12/site-packages/samuchair/mainNode.py","callback_subJoy","20","82","Comando Joystick Bluetooth: 10","mainNode"
"1765972870.4153988","1765972870.4152818","/home/samuchair/ros2_ws/install/samuchair/lib/python3.12/site-packages/samuchair/arduinoNode.py","handle_joystick_silla","20","61","Enviando comando al Arduino: velocidad","Joystick"
"1765972870.63777","1765972870.637669","/home/samuchair/ros2_ws/install/samuchair/lib/python3.12/site-packages/samuchair/secondarytaskNode.py","timer_callback","20","220","Publicado: ""0""","ST"
"1765972870.6388216","1765972870.6387331","/home/samuchair/ros2_ws/install/samuchair/lib/python3.12/site-packages/samuchair/secondarytaskNode.py","start_random_timer","20","180","Dato publicado ST: 13.517086814215363","ST"
"1765972870.717717","1765972870.7175827","/home/samuchair/ros2_ws/install/samuchair/lib/python3.12/site-packages/samuchair/mainNode.py","callback_handleServiceResponse","20","142","Estoy en el servicio llamado desde mainNode","mainNode"
"1765972871.0134656","1765972871.0133624","/home/samuchair/ros2_ws/install/samuchair/lib/python3.12/site-packages/samuchair/jBNode.py","jb_callback","20","38","Comando Joystick Bluetooth: 3","JoystickBluetooth"
"1765972871.0139182","1765972871.0137963","/home/samuchair/ros2_ws/install/samuchair/lib/python3.12/site-packages/samuchair/mainNode.py","callback_subJoy","20","82","Comando Joystick Bluetooth: 3","mainNode"
"1765972871.0155892","1765972871.0154703","/home/samuchair/ros2_ws/install/samuchair/lib/python3.12/site-packages/samuchair/arduinoNode.py","handle_joystick_silla","20","61","Enviando comando al Arduino: velocidad","Joystick"
"1765972871.0530958","1765972871.053005","/home/samuchair/ros2_ws/install/samuchair/lib/python3.12/site-packages/samuchair/secondarytaskNode.py","timer_lectura","20","203","Dato medido ST: 0.09557414054870605","ST"
"1765972871.318044","1765972871.3178833","/home/samuchair/ros2_ws/install/samuchair/lib/python3.12/site-packages/samuchair/mainNode.py","callback_handleServiceResponse","20","142","Estoy en el servicio llamado desde mainNode","mainNode"
"1765972872.4385066","1765972872.4383686","/home/samuchair/ros2_ws/install/samuchair/lib/python3.12/site-packages/samuchair/jBNode.py","jb_callback","20","38","Comando Joystick Bluetooth: 10","JoystickBluetooth"
"1765972872.438951","1765972872.438828","/home/samuchair/ros2_ws/install/samuchair/lib/python3.12/site-packages/samuchair/mainNode.py","callback_subJoy","20","82","Comando Joystick Bluetooth: 10","mainNode"
"1765972872.4406679","1765972872.4405417","/home/samuchair/ros2_ws/install/samuchair/lib/python3.12/site-packages/samuchair/arduinoNode.py","handle_joystick_silla","20","61","Enviando comando al Arduino: velocidad","Joystick"
"1765972872.7429614","1765972872.742825","/home/samuchair/ros2_ws/install/samuchair/lib/python3.12/site-packages/samuchair/mainNode.py","callback_handleServiceResponse","20","142","Estoy en el servicio llamado desde mainNode","mainNode"
"1765972872.7759423","1765972872.775839","/home/samuchair/ros2_ws/install/samuchair/lib/python3.12/site-packages/samuchair/jBNode.py","jb_callback","20","38","Comando Joystick Bluetooth: 9","JoystickBluetooth"
"1765972872.7762969","1765972872.776176","/home/samuchair/ros2_ws/install/samuchair/lib/python3.12/site-packages/samuchair/mainNode.py","callback_subJoy","20","82","Comando Joystick Bluetooth: 9","mainNode"
"1765972872.77795","1765972872.7778294","/home/samuchair/ros2_ws/install/samuchair/lib/python3.12/site-packages/samuchair/arduinoNode.py","handle_joystick_silla","20","61","Enviando comando al Arduino: velocidad","Joystick"
"1765972873.080354","1765972873.0802035","/home/samuchair/ros2_ws/install/samuchair/lib/python3.12/site-packages/samuchair/mainNode.py","callback_handleServiceResponse","20","142","Estoy en el servicio llamado desde mainNode","mainNode"
"1765972873.8635213","1765972873.8634164","/home/samuchair/ros2_ws/install/samuchair/lib/python3.12/site-packages/samuchair/jBNode.py","jb_callback","20","38","Comando Joystick Bluetooth: 10","JoystickBluetooth"
"1765972873.8639712","1765972873.8638208","/home/samuchair/ros2_ws/install/samuchair/lib/python3.12/site-packages/samuchair/mainNode.py","callback_subJoy","20","82","Comando Joystick Bluetooth: 10","mainNode"
"1765972873.8655965","1765972873.86547","/home/samuchair/ros2_ws/install/samuchair/lib/python3.12/site-packages/samuchair/arduinoNode.py","handle_joystick_silla","20","61","Enviando comando al Arduino: velocidad","Joystick"
"1765972873.900909","1765972873.900804","/home/samuchair/ros2_ws/install/samuchair/lib/python3.12/site-packages/samuchair/jBNode.py","jb_callback","20","38","Comando Joystick Bluetooth: 3","JoystickBluetooth"
"1765972873.9013135","1765972873.9011917","/home/samuchair/ros2_ws/install/samuchair/lib/python3.12/site-packages/samuchair/mainNode.py","callback_subJoy","20","82","Comando Joystick Bluetooth: 3","mainNode"
"1765972874.1678889","1765972874.1677468","/home/samuchair/ros2_ws/install/samuchair/lib/python3.12/site-packages/samuchair/arduinoNode.py","handle_joystick_silla","20","61","Enviando comando al Arduino: velocidad","Joystick"
"1765972874.1679265","1765972874.1678038","/home/samuchair/ros2_ws/install/samuchair/lib/python3.12/site-packages/samuchair/mainNode.py","callback_handleServiceResponse","20","142","Estoy en el servicio llamado desde mainNode","mainNode"
"1765972874.4702356","1765972874.4701004","/home/samuchair/ros2_ws/install/samuchair/lib/python3.12/site-packages/samuchair/mainNode.py","callback_handleServiceResponse","20","142","Estoy en el servicio llamado desde mainNode","mainNode"
"1765972874.9509778","1765972874.950875","/home/samuchair/ros2_ws/install/samuchair/lib/python3.12/site-packages/samuchair/jBNode.py","jb_callback","20","38","Comando Joystick Bluetooth: 10","JoystickBluetooth"
"1765972874.9513943","1765972874.951279","/home/samuchair/ros2_ws/install/samuchair/lib/python3.12/site-packages/samuchair/mainNode.py","callback_subJoy","20","82","Comando Joystick Bluetooth: 10","mainNode"
"1765972874.9530346","1765972874.9529142","/home/samuchair/ros2_ws/install/samuchair/lib/python3.12/site-packages/samuchair/arduinoNode.py","handle_joystick_silla","20","61","Enviando comando al Arduino: velocidad","Joystick"
"1765972875.2554135","1765972875.2552812","/home/samuchair/ros2_ws/install/samuchair/lib/python3.12/site-packages/samuchair/mainNode.py","callback_handleServiceResponse","20","142","Estoy en el servicio llamado desde mainNode","mainNode"
"1765972875.363476","1765972875.3633802","/home/samuchair/ros2_ws/install/samuchair/lib/python3.12/site-packages/samuchair/jBNode.py","jb_callback","20","38","Comando Joystick Bluetooth: 3","JoystickBluetooth"
"1765972875.3638353","1765972875.3637376","/home/samuchair/ros2_ws/install/samuchair/lib/python3.12/site-packages/samuchair/mainNode.py","callback_subJoy","20","82","Comando Joystick Bluetooth: 3","mainNode"
"1765972875.365439","1765972875.3653128","/home/samuchair/ros2_ws/install/samuchair/lib/python3.12/site-packages/samuchair/arduinoNode.py","handle_joystick_silla","20","61","Enviando comando al Arduino: velocidad","Joystick"
"1765972875.667734","1765972875.667622","/home/samuchair/ros2_ws/install/samuchair/lib/python3.12/site-packages/samuchair/mainNode.py","callback_handleServiceResponse","20","142","Estoy en el servicio llamado desde mainNode","mainNode"
"1765972877.0885658","1765972877.0884645","/home/samuchair/ros2_ws/install/samuchair/lib/python3.12/site-packages/samuchair/jBNode.py","jb_callback","20","38","Comando Joystick Bluetooth: 0","JoystickBluetooth"
"1765972877.088965","1765972877.0888689","/home/samuchair/ros2_ws/install/samuchair/lib/python3.12/site-packages/samuchair/mainNode.py","callback_subJoy","20","82","Comando Joystick Bluetooth: 0","mainNode"
"1765972877.0906134","1765972877.0904808","/home/samuchair/ros2_ws/install/samuchair/lib/python3.12/site-packages/samuchair/arduinoNode.py","handle_joystick_silla","20","61","Enviando comando al Arduino: velocidad","Joystick"
"1765972877.3928626","1765972877.3927402","/home/samuchair/ros2_ws/install/samuchair/lib/python3.12/site-packages/samuchair/mainNode.py","callback_handleServiceResponse","20","142","Estoy en el servicio llamado desde mainNode","mainNode"
"1765972882.7136242","1765972882.7135298","/home/samuchair/ros2_ws/install/samuchair/lib/python3.12/site-packages/samuchair/jBNode.py","jb_callback","20","38","Comando Joystick Bluetooth: 3","JoystickBluetooth"
"1765972882.7139323","1765972882.713836","/home/samuchair/ros2_ws/install/samuchair/lib/python3.12/site-packages/samuchair/mainNode.py","callback_subJoy","20","82","Comando Joystick Bluetooth: 3","mainNode"
"1765972882.7155318","1765972882.7154105","/home/samuchair/ros2_ws/install/samuchair/lib/python3.12/site-packages/samuchair/arduinoNode.py","handle_joystick_silla","20","61","Enviando comando al Arduino: velocidad","Joystick"
"1765972883.017882","1765972883.0177548","/home/samuchair/ros2_ws/install/samuchair/lib/python3.12/site-packages/samuchair/mainNode.py","callback_handleServiceResponse","20","142","Estoy en el servicio llamado desde mainNode","mainNode"
"1765972883.4636505","1765972883.463542","/home/samuchair/ros2_ws/install/samuchair/lib/python3.12/site-packages/samuchair/jBNode.py","jb_callback","20","38","Comando Joystick Bluetooth: 0","JoystickBluetooth"
"1765972883.4640388","1765972883.4639351","/home/samuchair/ros2_ws/install/samuchair/lib/python3.12/site-packages/samuchair/mainNode.py","callback_subJoy","20","82","Comando Joystick Bluetooth: 0","mainNode"
"1765972883.4656582","1765972883.465536","/home/samuchair/ros2_ws/install/samuchair/lib/python3.12/site-packages/samuchair/arduinoNode.py","handle_joystick_silla","20","61","Enviando comando al Arduino: velocidad","Joystick"
"1765972883.7679374","1765972883.767798","/home/samuchair/ros2_ws/install/samuchair/lib/python3.12/site-packages/samuchair/mainNode.py","callback_handleServiceResponse","20","142","Estoy en el servicio llamado desde mainNode","mainNode"
"1765972883.9135902","1765972883.91349","/home/samuchair/ros2_ws/install/samuchair/lib/python3.12/site-packages/samuchair/jBNode.py","jb_callback","20","38","Comando Joystick Bluetooth: 6","JoystickBluetooth"
"1765972883.914106","1765972883.9139874","/home/samuchair/ros2_ws/install/samuchair/lib/python3.12/site-packages/samuchair/mainNode.py","callback_subJoy","20","82","Comando Joystick Bluetooth: 6","mainNode"
"1765972883.9156897","1765972883.915571","/home/samuchair/ros2_ws/install/samuchair/lib/python3.12/site-packages/samuchair/arduinoNode.py","handle_joystick_silla","20","61","Enviando comando al Arduino: velocidad","Joystick"
"1765972884.2181504","1765972884.2180235","/home/samuchair/ros2_ws/install/samuchair/lib/python3.12/site-packages/samuchair/mainNode.py","callback_handleServiceResponse","20","142","Estoy en el servicio llamado desde mainNode","mainNode"
"1765972884.621726","1765972884.6216333","/home/samuchair/ros2_ws/install/samuchair/lib/python3.12/site-packages/samuchair/secondarytaskNode.py","timer_callback","20","220","Publicado: ""1""","ST"
"1765972884.6227677","1765972884.622674","/home/samuchair/ros2_ws/install/samuchair/lib/python3.12/site-packages/samuchair/secondarytaskNode.py","start_random_timer","20","180","Dato publicado ST: 6.677556379001999","ST"
"1765972884.7761424","1765972884.7760444","/home/samuchair/ros2_ws/install/samuchair/lib/python3.12/site-packages/samuchair/jBNode.py","jb_callback","20","38","Comando Joystick Bluetooth: 0","JoystickBluetooth"
"1765972884.7765222","1765972884.776421","/home/samuchair/ros2_ws/install/samuchair/lib/python3.12/site-packages/samuchair/mainNode.py","callback_subJoy","20","82","Comando Joystick Bluetooth: 0","mainNode"
"1765972884.778139","1765972884.778008","/home/samuchair/ros2_ws/install/samuchair/lib/python3.12/site-packages/samuchair/arduinoNode.py","handle_joystick_silla","20","61","Enviando comando al Arduino: velocidad","Joystick"
"1765972885.0530486","1765972885.0529444","/home/samuchair/ros2_ws/install/samuchair/lib/python3.12/site-packages/samuchair/secondarytaskNode.py","timer_lectura","20","203","Dato medido ST: 0.06441378593444824","ST"
"1765972885.080534","1765972885.0803995","/home/samuchair/ros2_ws/install/samuchair/lib/python3.12/site-packages/samuchair/mainNode.py","callback_handleServiceResponse","20","142","Estoy en el servicio llamado desde mainNode","mainNode"
"1765972885.2635722","1765972885.2634819","/home/samuchair/ros2_ws/install/samuchair/lib/python3.12/site-packages/samuchair/jBNode.py","jb_callback","20","38","Comando Joystick Bluetooth: 9","JoystickBluetooth"
"1765972885.2638946","1765972885.2638097","/home/samuchair/ros2_ws/install/samuchair/lib/python3.12/site-packages/samuchair/mainNode.py","callback_subJoy","20","82","Comando Joystick Bluetooth: 9","mainNode"
"1765972885.2653904","1765972885.265272","/home/samuchair/ros2_ws/install/samuchair/lib/python3.12/site-packages/samuchair/arduinoNode.py","handle_joystick_silla","20","61","Enviando comando al Arduino: velocidad","Joystick"
"1765972885.526181","1765972885.526046","/home/samuchair/ros2_ws/install/samuchair/lib/python3.12/site-packages/samuchair/jBNode.py","jb_callback","20","38","Comando Joystick Bluetooth: 0","JoystickBluetooth"
"1765972885.5266235","1765972885.5264997","/home/samuchair/ros2_ws/install/samuchair/lib/python3.12/site-packages/samuchair/mainNode.py","callback_subJoy","20","82","Comando Joystick Bluetooth: 0","mainNode"
"1765972885.5676506","1765972885.5674932","/home/samuchair/ros2_ws/install/samuchair/lib/python3.12/site-packages/samuchair/mainNode.py","callback_handleServiceResponse","20","142","Estoy en el servicio llamado desde mainNode","mainNode"
"1765972885.5676856","1765972885.5674932","/home/samuchair/ros2_ws/install/samuchair/lib/python3.12/site-packages/samuchair/arduinoNode.py","handle_joystick_silla","20","61","Enviando comando al Arduino: velocidad","Joystick"
"1765972885.8700936","1765972885.869966","/home/samuchair/ros2_ws/install/samuchair/lib/python3.12/site-packages/samuchair/mainNode.py","callback_handleServiceResponse","20","142","Estoy en el servicio llamado desde mainNode","mainNode"
"1765972886.9886835","1765972886.9885774","/home/samuchair/ros2_ws/install/samuchair/lib/python3.12/site-packages/samuchair/jBNode.py","jb_callback","20","38","Comando Joystick Bluetooth: 6","JoystickBluetooth"
"1765972886.9892027","1765972886.9890475","/home/samuchair/ros2_ws/install/samuchair/lib/python3.12/site-packages/samuchair/mainNode.py","callback_subJoy","20","82","Comando Joystick Bluetooth: 6","mainNode"
"1765972886.990932","1765972886.9907968","/home/samuchair/ros2_ws/install/samuchair/lib/python3.12/site-packages/samuchair/arduinoNode.py","handle_joystick_silla","20","61","Enviando comando al Arduino: velocidad","Joystick"
"1765972887.2511954","1765972887.2510839","/home/samuchair/ros2_ws/install/samuchair/lib/python3.12/site-packages/samuchair/jBNode.py","jb_callback","20","38","Comando Joystick Bluetooth: 0","JoystickBluetooth"
"1765972887.2517157","1765972887.2515955","/home/samuchair/ros2_ws/install/samuchair/lib/python3.12/site-packages/samuchair/mainNode.py","callback_subJoy","20","82","Comando Joystick Bluetooth: 0","mainNode"
"1765972887.2931488","1765972887.2930167","/home/samuchair/ros2_ws/install/samuchair/lib/python3.12/site-packages/samuchair/arduinoNode.py","handle_joystick_silla","20","61","Enviando comando al Arduino: velocidad","Joystick"
"1765972887.2931855","1765972887.293076","/home/samuchair/ros2_ws/install/samuchair/lib/python3.12/site-packages/samuchair/mainNode.py","callback_handleServiceResponse","20","142","Estoy en el servicio llamado desde mainNode","mainNode"
"1765972887.5954373","1765972887.5953112","/home/samuchair/ros2_ws/install/samuchair/lib/python3.12/site-packages/samuchair/mainNode.py","callback_handleServiceResponse","20","142","Estoy en el servicio llamado desde mainNode","mainNode"
"1765972887.626161","1765972887.626032","/home/samuchair/ros2_ws/install/samuchair/lib/python3.12/site-packages/samuchair/jBNode.py","jb_callback","20","38","Comando Joystick Bluetooth: 3","JoystickBluetooth"
"1765972887.626497","1765972887.6264102","/home/samuchair/ros2_ws/install/samuchair/lib/python3.12/site-packages/samuchair/mainNode.py","callback_subJoy","20","82","Comando Joystick Bluetooth: 3","mainNode"
"1765972887.6281874","1765972887.6280513","/home/samuchair/ros2_ws/install/samuchair/lib/python3.12/site-packages/samuchair/arduinoNode.py","handle_joystick_silla","20","61","Enviando comando al Arduino: velocidad","Joystick"
"1765972887.9305909","1765972887.930455","/home/samuchair/ros2_ws/install/samuchair/lib/python3.12/site-packages/samuchair/mainNode.py","callback_handleServiceResponse","20","142","Estoy en el servicio llamado desde mainNode","mainNode"
"1765972887.9636636","1765972887.963535","/home/samuchair/ros2_ws/install/samuchair/lib/python3.12/site-packages/samuchair/jBNode.py","jb_callback","20","38","Comando Joystick Bluetooth: 10","JoystickBluetooth"
"1765972887.9639065","1765972887.963811","/home/samuchair/ros2_ws/install/samuchair/lib/python3.12/site-packages/samuchair/mainNode.py","callback_subJoy","20","82","Comando Joystick Bluetooth: 10","mainNode"
"1765972887.9655137","1765972887.965389","/home/samuchair/ros2_ws/install/samuchair/lib/python3.12/site-packages/samuchair/arduinoNode.py","handle_joystick_silla","20","61","Enviando comando al Arduino: velocidad","Joystick"
"1765972888.2677264","1765972888.2676065","/home/samuchair/ros2_ws/install/samuchair/lib/python3.12/site-packages/samuchair/mainNode.py","callback_handleServiceResponse","20","142","Estoy en el servicio llamado desde mainNode","mainNode"
"1765972888.863677","1765972888.863584","/home/samuchair/ros2_ws/install/samuchair/lib/python3.12/site-packages/samuchair/jBNode.py","jb_callback","20","38","Comando Joystick Bluetooth: 9","JoystickBluetooth"
"1765972888.8640275","1765972888.8639333","/home/samuchair/ros2_ws/install/samuchair/lib/python3.12/site-packages/samuchair/mainNode.py","callback_subJoy","20","82","Comando Joystick Bluetooth: 9","mainNode"
"1765972888.8656342","1765972888.865514","/home/samuchair/ros2_ws/install/samuchair/lib/python3.12/site-packages/samuchair/arduinoNode.py","handle_joystick_silla","20","61","Enviando comando al Arduino: velocidad","Joystick"
"1765972889.1679227","1765972889.1678143","/home/samuchair/ros2_ws/install/samuchair/lib/python3.12/site-packages/samuchair/mainNode.py","callback_handleServiceResponse","20","142","Estoy en el servicio llamado desde mainNode","mainNode"
"1765972889.2761996","1765972889.276102","/home/samuchair/ros2_ws/install/samuchair/lib/python3.12/site-packages/samuchair/jBNode.py","jb_callback","20","38","Comando Joystick Bluetooth: 0","JoystickBluetooth"
"1765972889.27659","1765972889.276438","/home/samuchair/ros2_ws/install/samuchair/lib/python3.12/site-packages/samuchair/mainNode.py","callback_subJoy","20","82","Comando Joystick Bluetooth: 0","mainNode"
"1765972889.2783258","1765972889.2781777","/home/samuchair/ros2_ws/install/samuchair/lib/python3.12/site-packages/samuchair/arduinoNode.py","handle_joystick_silla","20","61","Enviando comando al Arduino: velocidad","Joystick"
"1765972889.5806732","1765972889.5805295","/home/samuchair/ros2_ws/install/samuchair/lib/python3.12/site-packages/samuchair/mainNode.py","callback_handleServiceResponse","20","142","Estoy en el servicio llamado desde mainNode","mainNode"
"1765972891.7746093","1765972891.7745187","/home/samuchair/ros2_ws/install/samuchair/lib/python3.12/site-packages/samuchair/secondarytaskNode.py","timer_callback","20","220","Publicado: ""0""","ST"
"1765972891.775633","1765972891.7755413","/home/samuchair/ros2_ws/install/samuchair/lib/python3.12/site-packages/samuchair/secondarytaskNode.py","start_random_timer","20","180","Dato publicado ST: 5.785248396094158","ST"
"1765972892.0137718","1765972892.01367","/home/samuchair/ros2_ws/install/samuchair/lib/python3.12/site-packages/samuchair/jBNode.py","jb_callback","20","38","Comando Joystick Bluetooth: 3","JoystickBluetooth"
"1765972892.0141542","1765972892.014055","/home/samuchair/ros2_ws/install/samuchair/lib/python3.12/site-packages/samuchair/mainNode.py","callback_subJoy","20","82","Comando Joystick Bluetooth: 3","mainNode"
"1765972892.015809","1765972892.015694","/home/samuchair/ros2_ws/install/samuchair/lib/python3.12/site-packages/samuchair/arduinoNode.py","handle_joystick_silla","20","61","Enviando comando al Arduino: velocidad","Joystick"
"1765972892.0529766","1765972892.0528843","/home/samuchair/ros2_ws/install/samuchair/lib/python3.12/site-packages/samuchair/secondarytaskNode.py","timer_lectura","20","203","Dato medido ST: 0.07980799674987793","ST"
"1765972892.318158","1765972892.31802","/home/samuchair/ros2_ws/install/samuchair/lib/python3.12/site-packages/samuchair/mainNode.py","callback_handleServiceResponse","20","142","Estoy en el servicio llamado desde mainNode","mainNode"
"1765972892.6886969","1765972892.688599","/home/samuchair/ros2_ws/install/samuchair/lib/python3.12/site-packages/samuchair/jBNode.py","jb_callback","20","38","Comando Joystick Bluetooth: 10","JoystickBluetooth"
"1765972892.6890156","1765972892.688922","/home/samuchair/ros2_ws/install/samuchair/lib/python3.12/site-packages/samuchair/mainNode.py","callback_subJoy","20","82","Comando Joystick Bluetooth: 10","mainNode"
"1765972892.7607899","1765972892.7606435","/home/samuchair/ros2_ws/install/samuchair/lib/python3.12/site-packages/samuchair/arduinoNode.py","handle_joystick_silla","20","61","Enviando comando al Arduino: velocidad","Joystick"
"1765972892.7637608","1765972892.7635906","/home/samuchair/ros2_ws/install/samuchair/lib/python3.12/site-packages/samuchair/jBNode.py","jb_callback","20","38","Comando Joystick Bluetooth: 9","JoystickBluetooth"
"1765972892.7640884","1765972892.7639494","/home/samuchair/ros2_ws/install/samuchair/lib/python3.12/site-packages/samuchair/mainNode.py","callback_subJoy","20","82","Comando Joystick Bluetooth: 9","mainNode"
"1765972893.0629935","1765972893.062845","/home/samuchair/ros2_ws/install/samuchair/lib/python3.12/site-packages/samuchair/arduinoNode.py","handle_joystick_silla","20","61","Enviando comando al Arduino: velocidad","Joystick"
"1765972893.0630298","1765972893.0628526","/home/samuchair/ros2_ws/install/samuchair/lib/python3.12/site-packages/samuchair/mainNode.py","callback_handleServiceResponse","20","142","Estoy en el servicio llamado desde mainNode","mainNode"
"1765972893.3653154","1765972893.3651628","/home/samuchair/ros2_ws/install/samuchair/lib/python3.12/site-packages/samuchair/mainNode.py","callback_handleServiceResponse","20","142","Estoy en el servicio llamado desde mainNode","mainNode"
"1765972893.6263237","1765972893.6262093","/home/samuchair/ros2_ws/install/samuchair/lib/python3.12/site-packages/samuchair/jBNode.py","jb_callback","20","38","Comando Joystick Bluetooth: 10","JoystickBluetooth"
"1765972893.626704","1765972893.6265984","/home/samuchair/ros2_ws/install/samuchair/lib/python3.12/site-packages/samuchair/mainNode.py","callback_subJoy","20","82","Comando Joystick Bluetooth: 10","mainNode"
"1765972893.6283066","1765972893.6281884","/home/samuchair/ros2_ws/install/samuchair/lib/python3.12/site-packages/samuchair/arduinoNode.py","handle_joystick_silla","20","61","Enviando comando al Arduino: velocidad","Joystick"
"1765972893.9306686","1765972893.9305375","/home/samuchair/ros2_ws/install/samuchair/lib/python3.12/site-packages/samuchair/mainNode.py","callback_handleServiceResponse","20","142","Estoy en el servicio llamado desde mainNode","mainNode"
"1765972894.0387788","1765972894.038676","/home/samuchair/ros2_ws/install/samuchair/lib/python3.12/site-packages/samuchair/jBNode.py","jb_callback","20","38","Comando Joystick Bluetooth: 3","JoystickBluetooth"
"1765972894.0391364","1765972894.0390236","/home/samuchair/ros2_ws/install/samuchair/lib/python3.12/site-packages/samuchair/mainNode.py","callback_subJoy","20","82","Comando Joystick Bluetooth: 3","mainNode"
"1765972894.0407875","1765972894.0406587","/home/samuchair/ros2_ws/install/samuchair/lib/python3.12/site-packages/samuchair/arduinoNode.py","handle_joystick_silla","20","61","Enviando comando al Arduino: velocidad","Joystick"
"1765972894.0762904","1765972894.0761702","/home/samuchair/ros2_ws/install/samuchair/lib/python3.12/site-packages/samuchair/jBNode.py","jb_callback","20","38","Comando Joystick Bluetooth: 12","JoystickBluetooth"
"1765972894.0767417","1765972894.0766172","/home/samuchair/ros2_ws/install/samuchair/lib/python3.12/site-packages/samuchair/mainNode.py","callback_subJoy","20","82","Comando Joystick Bluetooth: 12","mainNode"
"1765972894.1512387","1765972894.1511426","/home/samuchair/ros2_ws/install/samuchair/lib/python3.12/site-packages/samuchair/jBNode.py","jb_callback","20","38","Comando Joystick Bluetooth: 6","JoystickBluetooth"
"1765972894.1516166","1765972894.1515148","/home/samuchair/ros2_ws/install/samuchair/lib/python3.12/site-packages/samuchair/mainNode.py","callback_subJoy","20","82","Comando Joystick Bluetooth: 6","mainNode"
"1765972894.1887367","1765972894.1886368","/home/samuchair/ros2_ws/install/samuchair/lib/python3.12/site-packages/samuchair/jBNode.py","jb_callback","20","38","Comando Joystick Bluetooth: 0","JoystickBluetooth"
"1765972894.189186","1765972894.189032","/home/samuchair/ros2_ws/install/samuchair/lib/python3.12/site-packages/samuchair/mainNode.py","callback_subJoy","20","82","Comando Joystick Bluetooth: 0","mainNode"
"1765972894.3430982","1765972894.342965","/home/samuchair/ros2_ws/install/samuchair/lib/python3.12/site-packages/samuchair/mainNode.py","callback_handleServiceResponse","20","142","Estoy en el servicio llamado desde mainNode","mainNode"
"1765972894.3431313","1765972894.343053","/home/samuchair/ros2_ws/install/samuchair/lib/python3.12/site-packages/samuchair/arduinoNode.py","handle_joystick_silla","20","61","Enviando comando al Arduino: velocidad","Joystick"
"1765972894.3762941","1765972894.376178","/home/samuchair/ros2_ws/install/samuchair/lib/python3.12/site-packages/samuchair/jBNode.py","jb_callback","20","38","Comando Joystick Bluetooth: 3","JoystickBluetooth"
"1765972894.3767066","1765972894.3765914","/home/samuchair/ros2_ws/install/samuchair/lib/python3.12/site-packages/samuchair/mainNode.py","callback_subJoy","20","82","Comando Joystick Bluetooth: 3","mainNode"
"1765972894.6453176","1765972894.6452043","/home/samuchair/ros2_ws/install/samuchair/lib/python3.12/site-packages/samuchair/arduinoNode.py","handle_joystick_silla","20","61","Enviando comando al Arduino: velocidad","Joystick"
"1765972894.645611","1765972894.645326","/home/samuchair/ros2_ws/install/samuchair/lib/python3.12/site-packages/samuchair/mainNode.py","callback_handleServiceResponse","20","142","Estoy en el servicio llamado desde mainNode","mainNode"
"1765972894.947644","1765972894.9475029","/home/samuchair/ros2_ws/install/samuchair/lib/python3.12/site-packages/samuchair/arduinoNode.py","handle_joystick_silla","20","61","Enviando comando al Arduino: velocidad","Joystick"
"1765972894.9476845","1765972894.9475882","/home/samuchair/ros2_ws/install/samuchair/lib/python3.12/site-packages/samuchair/mainNode.py","callback_handleServiceResponse","20","142","Estoy en el servicio llamado desde mainNode","mainNode"
"1765972895.1262856","1765972895.1261744","/home/samuchair/ros2_ws/install/samuchair/lib/python3.12/site-packages/samuchair/jBNode.py","jb_callback","20","38","Comando Joystick Bluetooth: 10","JoystickBluetooth"
"1765972895.1268034","1765972895.1266868","/home/samuchair/ros2_ws/install/samuchair/lib/python3.12/site-packages/samuchair/mainNode.py","callback_subJoy","20","82","Comando Joystick Bluetooth: 10","mainNode"
"1765972895.24989","1765972895.2497704","/home/samuchair/ros2_ws/install/samuchair/lib/python3.12/site-packages/samuchair/arduinoNode.py","handle_joystick_silla","20","61","Enviando comando al Arduino: velocidad","Joystick"
"1765972895.2501032","1765972895.249964","/home/samuchair/ros2_ws/install/samuchair/lib/python3.12/site-packages/samuchair/mainNode.py","callback_handleServiceResponse","20","142","Estoy en el servicio llamado desde mainNode","mainNode"
"1765972895.552114","1765972895.551988","/home/samuchair/ros2_ws/install/samuchair/lib/python3.12/site-packages/samuchair/arduinoNode.py","handle_joystick_silla","20","61","Enviando comando al Arduino: velocidad","Joystick"
"1765972895.552284","1765972895.5521033","/home/samuchair/ros2_ws/install/samuchair/lib/python3.12/site-packages/samuchair/mainNode.py","callback_handleServiceResponse","20","142","Estoy en el servicio llamado desde mainNode","mainNode"
"1765972895.8545818","1765972895.854443","/home/samuchair/ros2_ws/install/samuchair/lib/python3.12/site-packages/samuchair/mainNode.py","callback_handleServiceResponse","20","142","Estoy en el servicio llamado desde mainNode","mainNode"
"1765972896.6639245","1765972896.663727","/home/samuchair/ros2_ws/install/samuchair/lib/python3.12/site-packages/samuchair/jBNode.py","jb_callback","20","38","Comando Joystick Bluetooth: 3","JoystickBluetooth"
"1765972896.6644833","1765972896.664117","/home/samuchair/ros2_ws/install/samuchair/lib/python3.12/site-packages/samuchair/mainNode.py","callback_subJoy","20","82","Comando Joystick Bluetooth: 3","mainNode"
"1765972896.665979","1765972896.66586","/home/samuchair/ros2_ws/install/samuchair/lib/python3.12/site-packages/samuchair/arduinoNode.py","handle_joystick_silla","20","61","Enviando comando al Arduino: velocidad","Joystick"
"1765972896.968364","1765972896.968218","/home/samuchair/ros2_ws/install/samuchair/lib/python3.12/site-packages/samuchair/mainNode.py","callback_handleServiceResponse","20","142","Estoy en el servicio llamado desde mainNode","mainNode"
"1765972897.9389427","1765972897.938768","/home/samuchair/ros2_ws/install/samuchair/lib/python3.12/site-packages/samuchair/jBNode.py","jb_callback","20","38","Comando Joystick Bluetooth: 10","JoystickBluetooth"
"1765972897.9397361","1765972897.9391875","/home/samuchair/ros2_ws/install/samuchair/lib/python3.12/site-packages/samuchair/mainNode.py","callback_subJoy","20","82","Comando Joystick Bluetooth: 10","mainNode"
"1765972897.94115","1765972897.9410121","/home/samuchair/ros2_ws/install/samuchair/lib/python3.12/site-packages/samuchair/arduinoNode.py","handle_joystick_silla","20","61","Enviando comando al Arduino: velocidad","Joystick"
"1765972898.0252964","1765972898.0251904","/home/samuchair/ros2_ws/install/samuchair/lib/python3.12/site-packages/samuchair/secondarytaskNode.py","timer_callback","20","220","Publicado: ""0""","ST"
"1765972898.0263257","1765972898.0261986","/home/samuchair/ros2_ws/install/samuchair/lib/python3.12/site-packages/samuchair/secondarytaskNode.py","start_random_timer","20","180","Dato publicado ST: 9.212221737783786","ST"
"1765972898.1264124","1765972898.1262877","/home/samuchair/ros2_ws/install/samuchair/lib/python3.12/site-packages/samuchair/jBNode.py","jb_callback","20","38","Comando Joystick Bluetooth: 9","JoystickBluetooth"
"1765972898.126998","1765972898.1268446","/home/samuchair/ros2_ws/install/samuchair/lib/python3.12/site-packages/samuchair/mainNode.py","callback_subJoy","20","82","Comando Joystick Bluetooth: 9","mainNode"
"1765972898.2434273","1765972898.2432737","/home/samuchair/ros2_ws/install/samuchair/lib/python3.12/site-packages/samuchair/arduinoNode.py","handle_joystick_silla","20","61","Enviando comando al Arduino: velocidad","Joystick"
"1765972898.2434652","1765972898.2433426","/home/samuchair/ros2_ws/install/samuchair/lib/python3.12/site-packages/samuchair/mainNode.py","callback_handleServiceResponse","20","142","Estoy en el servicio llamado desde mainNode","mainNode"
"1765972898.5456982","1765972898.5455718","/home/samuchair/ros2_ws/install/samuchair/lib/python3.12/site-packages/samuchair/mainNode.py","callback_handleServiceResponse","20","142","Estoy en el servicio llamado desde mainNode","mainNode"
"1765972899.0529962","1765972899.0528872","/home/samuchair/ros2_ws/install/samuchair/lib/python3.12/site-packages/samuchair/secondarytaskNode.py","timer_lectura","20","203","Dato medido ST: 0.1014716625213623","ST"
"1765972899.3263848","1765972899.3262413","/home/samuchair/ros2_ws/install/samuchair/lib/python3.12/site-packages/samuchair/jBNode.py","jb_callback","20","38","Comando Joystick Bluetooth: 10","JoystickBluetooth"
"1765972899.326795","1765972899.3266838","/home/samuchair/ros2_ws/install/samuchair/lib/python3.12/site-packages/samuchair/mainNode.py","callback_subJoy","20","82","Comando Joystick Bluetooth: 10","mainNode"
"1765972899.3284857","1765972899.328327","/home/samuchair/ros2_ws/install/samuchair/lib/python3.12/site-packages/samuchair/arduinoNode.py","handle_joystick_silla","20","61","Enviando comando al Arduino: velocidad","Joystick"
"1765972899.4012797","1765972899.4011657","/home/samuchair/ros2_ws/install/samuchair/lib/python3.12/site-packages/samuchair/jBNode.py","jb_callback","20","38","Comando Joystick Bluetooth: 3","JoystickBluetooth"
"1765972899.4017015","1765972899.401594","/home/samuchair/ros2_ws/install/samuchair/lib/python3.12/site-packages/samuchair/mainNode.py","callback_subJoy","20","82","Comando Joystick Bluetooth: 3","mainNode"
"1765972899.630929","1765972899.6307745","/home/samuchair/ros2_ws/install/samuchair/lib/python3.12/site-packages/samuchair/mainNode.py","callback_handleServiceResponse","20","142","Estoy en el servicio llamado desde mainNode","mainNode"
"1765972899.6309638","1765972899.6308012","/home/samuchair/ros2_ws/install/samuchair/lib/python3.12/site-packages/samuchair/arduinoNode.py","handle_joystick_silla","20","61","Enviando comando al Arduino: velocidad","Joystick"
"1765972899.9333174","1765972899.9331853","/home/samuchair/ros2_ws/install/samuchair/lib/python3.12/site-packages/samuchair/mainNode.py","callback_handleServiceResponse","20","142","Estoy en el servicio llamado desde mainNode","mainNode"
"1765972900.5639184","1765972900.5638115","/home/samuchair/ros2_ws/install/samuchair/lib/python3.12/site-packages/samuchair/jBNode.py","jb_callback","20","38","Comando Joystick Bluetooth: 10","JoystickBluetooth"
"1765972900.564301","1765972900.5641892","/home/samuchair/ros2_ws/install/samuchair/lib/python3.12/site-packages/samuchair/mainNode.py","callback_subJoy","20","82","Comando Joystick Bluetooth: 10","mainNode"
"1765972900.5660253","1765972900.5658958","/home/samuchair/ros2_ws/install/samuchair/lib/python3.12/site-packages/samuchair/arduinoNode.py","handle_joystick_silla","20","61","Enviando comando al Arduino: velocidad","Joystick"
"1765972900.8682976","1765972900.8681636","/home/samuchair/ros2_ws/install/samuchair/lib/python3.12/site-packages/samuchair/mainNode.py","callback_handleServiceResponse","20","142","Estoy en el servicio llamado desde mainNode","mainNode"
"1765972901.0139062","1765972901.0138035","/home/samuchair/ros2_ws/install/samuchair/lib/python3.12/site-packages/samuchair/jBNode.py","jb_callback","20","38","Comando Joystick Bluetooth: 3","JoystickBluetooth"
"1765972901.014428","1765972901.014187","/home/samuchair/ros2_ws/install/samuchair/lib/python3.12/site-packages/samuchair/mainNode.py","callback_subJoy","20","82","Comando Joystick Bluetooth: 3","mainNode"
"1765972901.01498","1765972901.0148065","/home/samuchair/ros2_ws/install/samuchair/lib/python3.12/site-packages/samuchair/jBNode.py","jb_callback","20","38","Comando Joystick Bluetooth: 0","JoystickBluetooth"
"1765972901.0161908","1765972901.0160236","/home/samuchair/ros2_ws/install/samuchair/lib/python3.12/site-packages/samuchair/mainNode.py","callback_subJoy","20","82","Comando Joystick Bluetooth: 0","mainNode"
"1765972901.0163252","1765972901.0161479","/home/samuchair/ros2_ws/install/samuchair/lib/python3.12/site-packages/samuchair/arduinoNode.py","handle_joystick_silla","20","61","Enviando comando al Arduino: velocidad","Joystick"
"1765972901.2389026","1765972901.2387862","/home/samuchair/ros2_ws/install/samuchair/lib/python3.12/site-packages/samuchair/jBNode.py","jb_callback","20","38","Comando Joystick Bluetooth: 9","JoystickBluetooth"
"1765972901.239354","1765972901.23923","/home/samuchair/ros2_ws/install/samuchair/lib/python3.12/site-packages/samuchair/mainNode.py","callback_subJoy","20","82","Comando Joystick Bluetooth: 9","mainNode"
"1765972901.3186033","1765972901.3184612","/home/samuchair/ros2_ws/install/samuchair/lib/python3.12/site-packages/samuchair/mainNode.py","callback_handleServiceResponse","20","142","Estoy en el servicio llamado desde mainNode","mainNode"
"1765972901.3190165","1765972901.3186235","/home/samuchair/ros2_ws/install/samuchair/lib/python3.12/site-packages/samuchair/arduinoNode.py","handle_joystick_silla","20","61","Enviando comando al Arduino: velocidad","Joystick"
"1765972901.6211326","1765972901.6209953","/home/samuchair/ros2_ws/install/samuchair/lib/python3.12/site-packages/samuchair/mainNode.py","callback_handleServiceResponse","20","142","Estoy en el servicio llamado desde mainNode","mainNode"
"1765972901.6215029","1765972901.6211774","/home/samuchair/ros2_ws/install/samuchair/lib/python3.12/site-packages/samuchair/arduinoNode.py","handle_joystick_silla","20","61","Enviando comando al Arduino: velocidad","Joystick"
"1765972901.9237342","1765972901.9235985","/home/samuchair/ros2_ws/install/samuchair/lib/python3.12/site-packages/samuchair/mainNode.py","callback_handleServiceResponse","20","142","Estoy en el servicio llamado desde mainNode","mainNode"
"1765972905.2890103","1765972905.288902","/home/samuchair/ros2_ws/install/samuchair/lib/python3.12/site-packages/samuchair/jBNode.py","jb_callback","20","38","Comando Joystick Bluetooth: 0","JoystickBluetooth"
"1765972905.289505","1765972905.2893798","/home/samuchair/ros2_ws/install/samuchair/lib/python3.12/site-packages/samuchair/mainNode.py","callback_subJoy","20","82","Comando Joystick Bluetooth: 0","mainNode"
"1765972905.2911098","1765972905.2909884","/home/samuchair/ros2_ws/install/samuchair/lib/python3.12/site-packages/samuchair/arduinoNode.py","handle_joystick_silla","20","61","Enviando comando al Arduino: velocidad","Joystick"
"1765972905.5940514","1765972905.59392","/home/samuchair/ros2_ws/install/samuchair/lib/python3.12/site-packages/samuchair/mainNode.py","callback_handleServiceResponse","20","142","Estoy en el servicio llamado desde mainNode","mainNode"
"1765972906.526504","1765972906.5264077","/home/samuchair/ros2_ws/install/samuchair/lib/python3.12/site-packages/samuchair/jBNode.py","jb_callback","20","38","Comando Joystick Bluetooth: 9","JoystickBluetooth"
"1765972906.5269103","1765972906.5267973","/home/samuchair/ros2_ws/install/samuchair/lib/python3.12/site-packages/samuchair/mainNode.py","callback_subJoy","20","82","Comando Joystick Bluetooth: 9","mainNode"
"1765972906.5285475","1765972906.5284226","/home/samuchair/ros2_ws/install/samuchair/lib/python3.12/site-packages/samuchair/arduinoNode.py","handle_joystick_silla","20","61","Enviando comando al Arduino: velocidad","Joystick"
"1765972906.8308375","1765972906.8307025","/home/samuchair/ros2_ws/install/samuchair/lib/python3.12/site-packages/samuchair/mainNode.py","callback_handleServiceResponse","20","142","Estoy en el servicio llamado desde mainNode","mainNode"
"1765972907.6999032","1765972907.6998088","/home/samuchair/ros2_ws/install/samuchair/lib/python3.12/site-packages/samuchair/secondarytaskNode.py","timer_callback","20","220","Publicado: ""1""","ST"
"1765972907.7008362","1765972907.7007194","/home/samuchair/ros2_ws/install/samuchair/lib/python3.12/site-packages/samuchair/secondarytaskNode.py","start_random_timer","20","180","Dato publicado ST: 12.67254388617505","ST"
"1765972908.053005","1765972908.0529113","/home/samuchair/ros2_ws/install/samuchair/lib/python3.12/site-packages/samuchair/secondarytaskNode.py","timer_lectura","20","203","Dato medido ST: 0.027289390563964844","ST"
"1765972914.251727","1765972914.2516189","/home/samuchair/ros2_ws/install/samuchair/lib/python3.12/site-packages/samuchair/jBNode.py","jb_callback","20","38","Comando Joystick Bluetooth: 0","JoystickBluetooth"
"1765972914.2521012","1765972914.2519941","/home/samuchair/ros2_ws/install/samuchair/lib/python3.12/site-packages/samuchair/mainNode.py","callback_subJoy","20","82","Comando Joystick Bluetooth: 0","mainNode"
"1765972914.253758","1765972914.2536216","/home/samuchair/ros2_ws/install/samuchair/lib/python3.12/site-packages/samuchair/arduinoNode.py","handle_joystick_silla","20","61","Enviando comando al Arduino: velocidad","Joystick"
"1765972914.556093","1765972914.5559542","/home/samuchair/ros2_ws/install/samuchair/lib/python3.12/site-packages/samuchair/mainNode.py","callback_handleServiceResponse","20","142","Estoy en el servicio llamado desde mainNode","mainNode"
"1765972915.1140945","1765972915.1139917","/home/samuchair/ros2_ws/install/samuchair/lib/python3.12/site-packages/samuchair/jBNode.py","jb_callback","20","38","Comando Joystick Bluetooth: 3","JoystickBluetooth"
"1765972915.1144686","1765972915.1143615","/home/samuchair/ros2_ws/install/samuchair/lib/python3.12/site-packages/samuchair/mainNode.py","callback_subJoy","20","82","Comando Joystick Bluetooth: 3","mainNode"
"1765972915.1161034","1765972915.1159692","/home/samuchair/ros2_ws/install/samuchair/lib/python3.12/site-packages/samuchair/arduinoNode.py","handle_joystick_silla","20","61","Enviando comando al Arduino: velocidad","Joystick"
"1765972915.4182732","1765972915.4181383","/home/samuchair/ros2_ws/install/samuchair/lib/python3.12/site-packages/samuchair/mainNode.py","callback_handleServiceResponse","20","142","Estoy en el servicio llamado desde mainNode","mainNode"
"1765972916.6891603","1765972916.6890557","/home/samuchair/ros2_ws/install/samuchair/lib/python3.12/site-packages/samuchair/jBNode.py","jb_callback","20","38","Comando Joystick Bluetooth: 0","JoystickBluetooth"
"1765972916.689447","1765972916.6893165","/home/samuchair/ros2_ws/install/samuchair/lib/python3.12/site-packages/samuchair/mainNode.py","callback_subJoy","20","82","Comando Joystick Bluetooth: 0","mainNode"
"1765972916.7608204","1765972916.7606664","/home/samuchair/ros2_ws/install/samuchair/lib/python3.12/site-packages/samuchair/arduinoNode.py","handle_joystick_silla","20","61","Enviando comando al Arduino: velocidad","Joystick"
"1765972917.0630565","1765972917.0629234","/home/samuchair/ros2_ws/install/samuchair/lib/python3.12/site-packages/samuchair/mainNode.py","callback_handleServiceResponse","20","142","Estoy en el servicio llamado desde mainNode","mainNode"
"1765972917.2141578","1765972917.2140393","/home/samuchair/ros2_ws/install/samuchair/lib/python3.12/site-packages/samuchair/jBNode.py","jb_callback","20","38","Comando Joystick Bluetooth: 5","JoystickBluetooth"
"1765972917.214515","1765972917.214411","/home/samuchair/ros2_ws/install/samuchair/lib/python3.12/site-packages/samuchair/mainNode.py","callback_subJoy","20","82","Comando Joystick Bluetooth: 5","mainNode"
"1765972917.2162046","1765972917.2160802","/home/samuchair/ros2_ws/install/samuchair/lib/python3.12/site-packages/samuchair/arduinoNode.py","handle_joystick_silla","20","61","Enviando comando al Arduino: velocidad","Joystick"
"1765972917.5185597","1765972917.5184228","/home/samuchair/ros2_ws/install/samuchair/lib/python3.12/site-packages/samuchair/mainNode.py","callback_handleServiceResponse","20","142","Estoy en el servicio llamado desde mainNode","mainNode"
"1765972918.9767473","1765972918.9766371","/home/samuchair/ros2_ws/install/samuchair/lib/python3.12/site-packages/samuchair/jBNode.py","jb_callback","20","38","Comando Joystick Bluetooth: 0","JoystickBluetooth"
"1765972918.9770713","1765972918.9769652","/home/samuchair/ros2_ws/install/samuchair/lib/python3.12/site-packages/samuchair/mainNode.py","callback_subJoy","20","82","Comando Joystick Bluetooth: 0","mainNode"
"1765972918.978738","1765972918.9786224","/home/samuchair/ros2_ws/install/samuchair/lib/python3.12/site-packages/samuchair/arduinoNode.py","handle_joystick_silla","20","61","Enviando comando al Arduino: velocidad","Joystick"
"1765972919.281183","1765972919.2810588","/home/samuchair/ros2_ws/install/samuchair/lib/python3.12/site-packages/samuchair/mainNode.py","callback_handleServiceResponse","20","142","Estoy en el servicio llamado desde mainNode","mainNode"
"1765972920.8359687","1765972920.8358815","/home/samuchair/ros2_ws/install/samuchair/lib/python3.12/site-packages/samuchair/secondarytaskNode.py","timer_callback","20","220","Publicado: ""0""","ST"
"1765972920.8369448","1765972920.8368604","/home/samuchair/ros2_ws/install/samuchair/lib/python3.12/site-packages/samuchair/secondarytaskNode.py","start_random_timer","20","180","Dato publicado ST: 9.900486643399772","ST"
"1765972921.053001","1765972921.052898","/home/samuchair/ros2_ws/install/samuchair/lib/python3.12/site-packages/samuchair/secondarytaskNode.py","timer_lectura","20","203","Dato medido ST: 0.07593536376953125","ST"
"1765972925.2768648","1765972925.27676","/home/samuchair/ros2_ws/install/samuchair/lib/python3.12/site-packages/samuchair/jBNode.py","jb_callback","20","38","Comando Joystick Bluetooth: 9","JoystickBluetooth"
"1765972925.277739","1765972925.277159","/home/samuchair/ros2_ws/install/samuchair/lib/python3.12/site-packages/samuchair/mainNode.py","callback_subJoy","20","82","Comando Joystick Bluetooth: 9","mainNode"
"1765972925.278193","1765972925.2779062","/home/samuchair/ros2_ws/install/samuchair/lib/python3.12/site-packages/samuchair/jBNode.py","jb_callback","20","38","Comando Joystick Bluetooth: 10","JoystickBluetooth"
"1765972925.2793362","1765972925.2792022","/home/samuchair/ros2_ws/install/samuchair/lib/python3.12/site-packages/samuchair/mainNode.py","callback_subJoy","20","82","Comando Joystick Bluetooth: 10","mainNode"
"1765972925.2799091","1765972925.2796226","/home/samuchair/ros2_ws/install/samuchair/lib/python3.12/site-packages/samuchair/arduinoNode.py","handle_joystick_silla","20","61","Enviando comando al Arduino: velocidad","Joystick"
"1765972925.3518174","1765972925.3516688","/home/samuchair/ros2_ws/install/samuchair/lib/python3.12/site-packages/samuchair/jBNode.py","jb_callback","20","38","Comando Joystick Bluetooth: 3","JoystickBluetooth"
"1765972925.3520803","1765972925.3519886","/home/samuchair/ros2_ws/install/samuchair/lib/python3.12/site-packages/samuchair/mainNode.py","callback_subJoy","20","82","Comando Joystick Bluetooth: 3","mainNode"
"1765972925.5821629","1765972925.5820277","/home/samuchair/ros2_ws/install/samuchair/lib/python3.12/site-packages/samuchair/mainNode.py","callback_handleServiceResponse","20","142","Estoy en el servicio llamado desde mainNode","mainNode"
"1765972925.5824118","1765972925.5822928","/home/samuchair/ros2_ws/install/samuchair/lib/python3.12/site-packages/samuchair/arduinoNode.py","handle_joystick_silla","20","61","Enviando comando al Arduino: velocidad","Joystick"
"1765972925.8848584","1765972925.8846893","/home/samuchair/ros2_ws/install/samuchair/lib/python3.12/site-packages/samuchair/mainNode.py","callback_handleServiceResponse","20","142","Estoy en el servicio llamado desde mainNode","mainNode"
"1765972925.8848934","1765972925.8846915","/home/samuchair/ros2_ws/install/samuchair/lib/python3.12/site-packages/samuchair/arduinoNode.py","handle_joystick_silla","20","61","Enviando comando al Arduino: velocidad","Joystick"
"1765972926.1871705","1765972926.1870482","/home/samuchair/ros2_ws/install/samuchair/lib/python3.12/site-packages/samuchair/mainNode.py","callback_handleServiceResponse","20","142","Estoy en el servicio llamado desde mainNode","mainNode"
"1765972928.9893672","1765972928.9892511","/home/samuchair/ros2_ws/install/samuchair/lib/python3.12/site-packages/samuchair/jBNode.py","jb_callback","20","38","Comando Joystick Bluetooth: 10","JoystickBluetooth"
"1765972928.989742","1765972928.9896326","/home/samuchair/ros2_ws/install/samuchair/lib/python3.12/site-packages/samuchair/mainNode.py","callback_subJoy","20","82","Comando Joystick Bluetooth: 10","mainNode"
"1765972928.9914186","1765972928.9912932","/home/samuchair/ros2_ws/install/samuchair/lib/python3.12/site-packages/samuchair/arduinoNode.py","handle_joystick_silla","20","61","Enviando comando al Arduino: velocidad","Joystick"
"1765972929.2519038","1765972929.251795","/home/samuchair/ros2_ws/install/samuchair/lib/python3.12/site-packages/samuchair/jBNode.py","jb_callback","20","38","Comando Joystick Bluetooth: 9","JoystickBluetooth"
"1765972929.252219","1765972929.252114","/home/samuchair/ros2_ws/install/samuchair/lib/python3.12/site-packages/samuchair/mainNode.py","callback_subJoy","20","82","Comando Joystick Bluetooth: 9","mainNode"
"1765972929.2937324","1765972929.2935753","/home/samuchair/ros2_ws/install/samuchair/lib/python3.12/site-packages/samuchair/arduinoNode.py","handle_joystick_silla","20","61","Enviando comando al Arduino: velocidad","Joystick"
"1765972929.2938395","1765972929.2935746","/home/samuchair/ros2_ws/install/samuchair/lib/python3.12/site-packages/samuchair/mainNode.py","callback_handleServiceResponse","20","142","Estoy en el servicio llamado desde mainNode","mainNode"
"1765972929.5960438","1765972929.5959194","/home/samuchair/ros2_ws/install/samuchair/lib/python3.12/site-packages/samuchair/mainNode.py","callback_handleServiceResponse","20","142","Estoy en el servicio llamado desde mainNode","mainNode"
"1765972930.4143193","1765972930.4142082","/home/samuchair/ros2_ws/install/samuchair/lib/python3.12/site-packages/samuchair/jBNode.py","jb_callback","20","38","Comando Joystick Bluetooth: 0","JoystickBluetooth"
"1765972930.4146922","1765972930.4145885","/home/samuchair/ros2_ws/install/samuchair/lib/python3.12/site-packages/samuchair/mainNode.py","callback_subJoy","20","82","Comando Joystick Bluetooth: 0","mainNode"
"1765972930.4154127","1765972930.4152184","/home/samuchair/ros2_ws/install/samuchair/lib/python3.12/site-packages/samuchair/jBNode.py","jb_callback","20","38","Comando Joystick Bluetooth: 3","JoystickBluetooth"
"1765972930.4169018","1765972930.416384","/home/samuchair/ros2_ws/install/samuchair/lib/python3.12/site-packages/samuchair/mainNode.py","callback_subJoy","20","82","Comando Joystick Bluetooth: 3","mainNode"
"1765972930.4169352","1765972930.4166265","/home/samuchair/ros2_ws/install/samuchair/lib/python3.12/site-packages/samuchair/arduinoNode.py","handle_joystick_silla","20","61","Enviando comando al Arduino: velocidad","Joystick"
"1765972930.7189958","1765972930.7188318","/home/samuchair/ros2_ws/install/samuchair/lib/python3.12/site-packages/samuchair/arduinoNode.py","handle_joystick_silla","20","61","Enviando comando al Arduino: velocidad","Joystick"
"1765972930.7190564","1765972930.7188315","/home/samuchair/ros2_ws/install/samuchair/lib/python3.12/site-packages/samuchair/mainNode.py","callback_handleServiceResponse","20","142","Estoy en el servicio llamado desde mainNode","mainNode"
"1765972931.0213084","1765972931.0211704","/home/samuchair/ros2_ws/install/samuchair/lib/python3.12/site-packages/samuchair/mainNode.py","callback_handleServiceResponse","20","142","Estoy en el servicio llamado desde mainNode","mainNode"
"1765972931.2014751","1765972931.2013845","/home/samuchair/ros2_ws/install/samuchair/lib/python3.12/site-packages/samuchair/secondarytaskNode.py","timer_callback","20","220","Publicado: ""0""","ST"
"1765972931.202544","1765972931.2024503","/home/samuchair/ros2_ws/install/samuchair/lib/python3.12/site-packages/samuchair/secondarytaskNode.py","start_random_timer","20","180","Dato publicado ST: 12.27718615966703","ST"
"1765972932.053116","1765972932.0529857","/home/samuchair/ros2_ws/install/samuchair/lib/python3.12/site-packages/samuchair/secondarytaskNode.py","timer_lectura","20","203","Dato medido ST: 0.07904052734375","ST"
"1765972932.3643832","1765972932.364278","/home/samuchair/ros2_ws/install/samuchair/lib/python3.12/site-packages/samuchair/jBNode.py","jb_callback","20","38","Comando Joystick Bluetooth: 10","JoystickBluetooth"
"1765972932.3646967","1765972932.3646028","/home/samuchair/ros2_ws/install/samuchair/lib/python3.12/site-packages/samuchair/mainNode.py","callback_subJoy","20","82","Comando Joystick Bluetooth: 10","mainNode"
"1765972932.3664","1765972932.3662765","/home/samuchair/ros2_ws/install/samuchair/lib/python3.12/site-packages/samuchair/arduinoNode.py","handle_joystick_silla","20","61","Enviando comando al Arduino: velocidad","Joystick"
"1765972932.6685314","1765972932.6684232","/home/samuchair/ros2_ws/install/samuchair/lib/python3.12/site-packages/samuchair/mainNode.py","callback_handleServiceResponse","20","142","Estoy en el servicio llamado desde mainNode","mainNode"
"1765972933.001919","1765972933.001802","/home/samuchair/ros2_ws/install/samuchair/lib/python3.12/site-packages/samuchair/jBNode.py","jb_callback","20","38","Comando Joystick Bluetooth: 3","JoystickBluetooth"
"1765972933.002255","1765972933.0021534","/home/samuchair/ros2_ws/install/samuchair/lib/python3.12/site-packages/samuchair/mainNode.py","callback_subJoy","20","82","Comando Joystick Bluetooth: 3","mainNode"
"1765972933.0040438","1765972933.003918","/home/samuchair/ros2_ws/install/samuchair/lib/python3.12/site-packages/samuchair/arduinoNode.py","handle_joystick_silla","20","61","Enviando comando al Arduino: velocidad","Joystick"
"1765972933.306391","1765972933.3062563","/home/samuchair/ros2_ws/install/samuchair/lib/python3.12/site-packages/samuchair/mainNode.py","callback_handleServiceResponse","20","142","Estoy en el servicio llamado desde mainNode","mainNode"
"1765972934.314464","1765972934.3143327","/home/samuchair/ros2_ws/install/samuchair/lib/python3.12/site-packages/samuchair/jBNode.py","jb_callback","20","38","Comando Joystick Bluetooth: 0","JoystickBluetooth"
"1765972934.314755","1765972934.314656","/home/samuchair/ros2_ws/install/samuchair/lib/python3.12/site-packages/samuchair/mainNode.py","callback_subJoy","20","82","Comando Joystick Bluetooth: 0","mainNode"
"1765972934.316619","1765972934.3164952","/home/samuchair/ros2_ws/install/samuchair/lib/python3.12/site-packages/samuchair/arduinoNode.py","handle_joystick_silla","20","61","Enviando comando al Arduino: velocidad","Joystick"
"1765972934.6189878","1765972934.6188488","/home/samuchair/ros2_ws/install/samuchair/lib/python3.12/site-packages/samuchair/mainNode.py","callback_handleServiceResponse","20","142","Estoy en el servicio llamado desde mainNode","mainNode"
"1765972934.6518953","1765972934.651794","/home/samuchair/ros2_ws/install/samuchair/lib/python3.12/site-packages/samuchair/jBNode.py","jb_callback","20","38","Comando Joystick Bluetooth: 9","JoystickBluetooth"
"1765972934.6521175","1765972934.6519935","/home/samuchair/ros2_ws/install/samuchair/lib/python3.12/site-packages/samuchair/mainNode.py","callback_subJoy","20","82","Comando Joystick Bluetooth: 9","mainNode"
"1765972934.8203216","1765972934.8201365","/home/samuchair/ros2_ws/install/samuchair/lib/python3.12/site-packages/samuchair/arduinoNode.py","handle_joystick_silla","20","61","Enviando comando al Arduino: velocidad","Joystick"
"1765972935.1226666","1765972935.1225374","/home/samuchair/ros2_ws/install/samuchair/lib/python3.12/site-packages/samuchair/mainNode.py","callback_handleServiceResponse","20","142","Estoy en el servicio llamado desde mainNode","mainNode"
"1765972936.4895217","1765972936.4894166","/home/samuchair/ros2_ws/install/samuchair/lib/python3.12/site-packages/samuchair/jBNode.py","jb_callback","20","38","Comando Joystick Bluetooth: 0","JoystickBluetooth"
"1765972936.4898777","1765972936.4897764","/home/samuchair/ros2_ws/install/samuchair/lib/python3.12/site-packages/samuchair/mainNode.py","callback_subJoy","20","82","Comando Joystick Bluetooth: 0","mainNode"
"1765972936.4915516","1765972936.491416","/home/samuchair/ros2_ws/install/samuchair/lib/python3.12/site-packages/samuchair/arduinoNode.py","handle_joystick_silla","20","61","Enviando comando al Arduino: velocidad","Joystick"
"1765972936.7938662","1765972936.7937367","/home/samuchair/ros2_ws/install/samuchair/lib/python3.12/site-packages/samuchair/mainNode.py","callback_handleServiceResponse","20","142","Estoy en el servicio llamado desde mainNode","mainNode"
"1765972937.7647119","1765972937.7645192","/home/samuchair/ros2_ws/install/samuchair/lib/python3.12/site-packages/samuchair/jBNode.py","jb_callback","20","38","Comando Joystick Bluetooth: 3","JoystickBluetooth"
"1765972937.7648835","1765972937.7647479","/home/samuchair/ros2_ws/install/samuchair/lib/python3.12/site-packages/samuchair/mainNode.py","callback_subJoy","20","82","Comando Joystick Bluetooth: 3","mainNode"
"1765972937.7665787","1765972937.766446","/home/samuchair/ros2_ws/install/samuchair/lib/python3.12/site-packages/samuchair/arduinoNode.py","handle_joystick_silla","20","61","Enviando comando al Arduino: velocidad","Joystick"
"1765972938.068825","1765972938.0686967","/home/samuchair/ros2_ws/install/samuchair/lib/python3.12/site-packages/samuchair/mainNode.py","callback_handleServiceResponse","20","142","Estoy en el servicio llamado desde mainNode","mainNode"
"1765972938.589479","1765972938.5893507","/home/samuchair/ros2_ws/install/samuchair/lib/python3.12/site-packages/samuchair/jBNode.py","jb_callback","20","38","Comando Joystick Bluetooth: 0","JoystickBluetooth"
"1765972938.5898056","1765972938.5897088","/home/samuchair/ros2_ws/install/samuchair/lib/python3.12/site-packages/samuchair/mainNode.py","callback_subJoy","20","82","Comando Joystick Bluetooth: 0","mainNode"
"1765972938.5914302","1765972938.5912745","/home/samuchair/ros2_ws/install/samuchair/lib/python3.12/site-packages/samuchair/arduinoNode.py","handle_joystick_silla","20","61","Enviando comando al Arduino: velocidad","Joystick"
"1765972938.8936718","1765972938.893555","/home/samuchair/ros2_ws/install/samuchair/lib/python3.12/site-packages/samuchair/mainNode.py","callback_handleServiceResponse","20","142","Estoy en el servicio llamado desde mainNode","mainNode"
"1765972939.0019844","1765972939.0018816","/home/samuchair/ros2_ws/install/samuchair/lib/python3.12/site-packages/samuchair/jBNode.py","jb_callback","20","38","Comando Joystick Bluetooth: 5","JoystickBluetooth"
"1765972939.0023386","1765972939.0022163","/home/samuchair/ros2_ws/install/samuchair/lib/python3.12/site-packages/samuchair/mainNode.py","callback_subJoy","20","82","Comando Joystick Bluetooth: 5","mainNode"
"1765972939.0040534","1765972939.0039225","/home/samuchair/ros2_ws/install/samuchair/lib/python3.12/site-packages/samuchair/arduinoNode.py","handle_joystick_silla","20","61","Enviando comando al Arduino: velocidad","Joystick"
"1765972939.0394995","1765972939.039367","/home/samuchair/ros2_ws/install/samuchair/lib/python3.12/site-packages/samuchair/jBNode.py","jb_callback","20","38","Comando Joystick Bluetooth: 0","JoystickBluetooth"
"1765972939.039957","1765972939.039775","/home/samuchair/ros2_ws/install/samuchair/lib/python3.12/site-packages/samuchair/mainNode.py","callback_subJoy","20","82","Comando Joystick Bluetooth: 0","mainNode"
"1765972939.3064973","1765972939.3063354","/home/samuchair/ros2_ws/install/samuchair/lib/python3.12/site-packages/samuchair/mainNode.py","callback_handleServiceResponse","20","142","Estoy en el servicio llamado desde mainNode","mainNode"
"1765972939.3065348","1765972939.3064172","/home/samuchair/ros2_ws/install/samuchair/lib/python3.12/site-packages/samuchair/arduinoNode.py","handle_joystick_silla","20","61","Enviando comando al Arduino: velocidad","Joystick"
"1765972939.5646298","1765972939.5645275","/home/samuchair/ros2_ws/install/samuchair/lib/python3.12/site-packages/samuchair/jBNode.py","jb_callback","20","38","Comando Joystick Bluetooth: 5","JoystickBluetooth"
"1765972939.564926","1765972939.5648253","/home/samuchair/ros2_ws/install/samuchair/lib/python3.12/site-packages/samuchair/mainNode.py","callback_subJoy","20","82","Comando Joystick Bluetooth: 5","mainNode"
"1765972939.6087792","1765972939.6086156","/home/samuchair/ros2_ws/install/samuchair/lib/python3.12/site-packages/samuchair/mainNode.py","callback_handleServiceResponse","20","142","Estoy en el servicio llamado desde mainNode","mainNode"
"1765972939.6088398","1765972939.6086326","/home/samuchair/ros2_ws/install/samuchair/lib/python3.12/site-packages/samuchair/arduinoNode.py","handle_joystick_silla","20","61","Enviando comando al Arduino: velocidad","Joystick"
"1765972939.9110854","1765972939.9109461","/home/samuchair/ros2_ws/install/samuchair/lib/python3.12/site-packages/samuchair/mainNode.py","callback_handleServiceResponse","20","142","Estoy en el servicio llamado desde mainNode","mainNode"
"1765972940.3519692","1765972940.3518462","/home/samuchair/ros2_ws/install/samuchair/lib/python3.12/site-packages/samuchair/jBNode.py","jb_callback","20","38","Comando Joystick Bluetooth: 0","JoystickBluetooth"
"1765972940.352362","1765972940.3521624","/home/samuchair/ros2_ws/install/samuchair/lib/python3.12/site-packages/samuchair/mainNode.py","callback_subJoy","20","82","Comando Joystick Bluetooth: 0","mainNode"
"1765972940.3539498","1765972940.3538342","/home/samuchair/ros2_ws/install/samuchair/lib/python3.12/site-packages/samuchair/arduinoNode.py","handle_joystick_silla","20","61","Enviando comando al Arduino: velocidad","Joystick"
"1765972940.6562386","1765972940.65612","/home/samuchair/ros2_ws/install/samuchair/lib/python3.12/site-packages/samuchair/mainNode.py","callback_handleServiceResponse","20","142","Estoy en el servicio llamado desde mainNode","mainNode"
"1765972940.8020205","1765972940.8019125","/home/samuchair/ros2_ws/install/samuchair/lib/python3.12/site-packages/samuchair/jBNode.py","jb_callback","20","38","Comando Joystick Bluetooth: 9","JoystickBluetooth"
"1765972940.8023257","1765972940.8022118","/home/samuchair/ros2_ws/install/samuchair/lib/python3.12/site-packages/samuchair/mainNode.py","callback_subJoy","20","82","Comando Joystick Bluetooth: 9","mainNode"
"1765972940.8574526","1765972940.8573165","/home/samuchair/ros2_ws/install/samuchair/lib/python3.12/site-packages/samuchair/arduinoNode.py","handle_joystick_silla","20","61","Enviando comando al Arduino: velocidad","Joystick"
"1765972941.159717","1765972941.1596007","/home/samuchair/ros2_ws/install/samuchair/lib/python3.12/site-packages/samuchair/mainNode.py","callback_handleServiceResponse","20","142","Estoy en el servicio llamado desde mainNode","mainNode"
"1765972941.7771142","1765972941.7770028","/home/samuchair/ros2_ws/install/samuchair/lib/python3.12/site-packages/samuchair/jBNode.py","jb_callback","20","38","Comando Joystick Bluetooth: 0","JoystickBluetooth"
"1765972941.7775264","1765972941.7774158","/home/samuchair/ros2_ws/install/samuchair/lib/python3.12/site-packages/samuchair/mainNode.py","callback_subJoy","20","82","Comando Joystick Bluetooth: 0","mainNode"
"1765972941.7791665","1765972941.7790415","/home/samuchair/ros2_ws/install/samuchair/lib/python3.12/site-packages/samuchair/arduinoNode.py","handle_joystick_silla","20","61","Enviando comando al Arduino: velocidad","Joystick"
"1765972942.0816524","1765972942.081478","/home/samuchair/ros2_ws/install/samuchair/lib/python3.12/site-packages/samuchair/mainNode.py","callback_handleServiceResponse","20","142","Estoy en el servicio llamado desde mainNode","mainNode"
"1765972942.3020394","1765972942.3019335","/home/samuchair/ros2_ws/install/samuchair/lib/python3.12/site-packages/samuchair/jBNode.py","jb_callback","20","38","Comando Joystick Bluetooth: 9","JoystickBluetooth"
"1765972942.3024538","1765972942.3023412","/home/samuchair/ros2_ws/install/samuchair/lib/python3.12/site-packages/samuchair/mainNode.py","callback_subJoy","20","82","Comando Joystick Bluetooth: 9","mainNode"
"1765972942.3040843","1765972942.3039641","/home/samuchair/ros2_ws/install/samuchair/lib/python3.12/site-packages/samuchair/arduinoNode.py","handle_joystick_silla","20","61","Enviando comando al Arduino: velocidad","Joystick"
"1765972942.6064959","1765972942.6063652","/home/samuchair/ros2_ws/install/samuchair/lib/python3.12/site-packages/samuchair/mainNode.py","callback_handleServiceResponse","20","142","Estoy en el servicio llamado desde mainNode","mainNode"
"1765972943.6520274","1765972943.6519194","/home/samuchair/ros2_ws/install/samuchair/lib/python3.12/site-packages/samuchair/jBNode.py","jb_callback","20","38","Comando Joystick Bluetooth: 0","JoystickBluetooth"
"1765972943.652389","1765972943.6522884","/home/samuchair/ros2_ws/install/samuchair/lib/python3.12/site-packages/samuchair/mainNode.py","callback_subJoy","20","82","Comando Joystick Bluetooth: 0","mainNode"
"1765972943.6540437","1765972943.653907","/home/samuchair/ros2_ws/install/samuchair/lib/python3.12/site-packages/samuchair/arduinoNode.py","handle_joystick_silla","20","61","Enviando comando al Arduino: velocidad","Joystick"
"1765972943.9440114","1765972943.9439118","/home/samuchair/ros2_ws/install/samuchair/lib/python3.12/site-packages/samuchair/secondarytaskNode.py","timer_callback","20","220","Publicado: ""0""","ST"
"1765972943.9449642","1765972943.9448795","/home/samuchair/ros2_ws/install/samuchair/lib/python3.12/site-packages/samuchair/secondarytaskNode.py","start_random_timer","20","180","Dato publicado ST: 11.078193237036933","ST"
"1765972943.9561863","1765972943.9560683","/home/samuchair/ros2_ws/install/samuchair/lib/python3.12/site-packages/samuchair/mainNode.py","callback_handleServiceResponse","20","142","Estoy en el servicio llamado desde mainNode","mainNode"
"1765972944.0529945","1765972944.0529091","/home/samuchair/ros2_ws/install/samuchair/lib/python3.12/site-packages/samuchair/secondarytaskNode.py","timer_lectura","20","203","Dato medido ST: 0.009116888046264648","ST"
"1765972944.3646338","1765972944.3645308","/home/samuchair/ros2_ws/install/samuchair/lib/python3.12/site-packages/samuchair/jBNode.py","jb_callback","20","38","Comando Joystick Bluetooth: 9","JoystickBluetooth"
"1765972944.3649745","1765972944.364865","/home/samuchair/ros2_ws/install/samuchair/lib/python3.12/site-packages/samuchair/mainNode.py","callback_subJoy","20","82","Comando Joystick Bluetooth: 9","mainNode"
"1765972944.36666","1765972944.366536","/home/samuchair/ros2_ws/install/samuchair/lib/python3.12/site-packages/samuchair/arduinoNode.py","handle_joystick_silla","20","61","Enviando comando al Arduino: velocidad","Joystick"
"1765972944.6689982","1765972944.6688976","/home/samuchair/ros2_ws/install/samuchair/lib/python3.12/site-packages/samuchair/mainNode.py","callback_handleServiceResponse","20","142","Estoy en el servicio llamado desde mainNode","mainNode"
"1765972945.077067","1765972945.0769598","/home/samuchair/ros2_ws/install/samuchair/lib/python3.12/site-packages/samuchair/jBNode.py","jb_callback","20","38","Comando Joystick Bluetooth: 0","JoystickBluetooth"
"1765972945.0773673","1765972945.0772567","/home/samuchair/ros2_ws/install/samuchair/lib/python3.12/site-packages/samuchair/mainNode.py","callback_subJoy","20","82","Comando Joystick Bluetooth: 0","mainNode"
"1765972945.0790088","1765972945.078883","/home/samuchair/ros2_ws/install/samuchair/lib/python3.12/site-packages/samuchair/arduinoNode.py","handle_joystick_silla","20","61","Enviando comando al Arduino: velocidad","Joystick"
"1765972945.3813994","1765972945.381258","/home/samuchair/ros2_ws/install/samuchair/lib/python3.12/site-packages/samuchair/mainNode.py","callback_handleServiceResponse","20","142","Estoy en el servicio llamado desde mainNode","mainNode"
"1765972945.8646863","1765972945.8645806","/home/samuchair/ros2_ws/install/samuchair/lib/python3.12/site-packages/samuchair/jBNode.py","jb_callback","20","38","Comando Joystick Bluetooth: 3","JoystickBluetooth"
"1765972945.8649256","1765972945.8648062","/home/samuchair/ros2_ws/install/samuchair/lib/python3.12/site-packages/samuchair/mainNode.py","callback_subJoy","20","82","Comando Joystick Bluetooth: 3","mainNode"
"1765972945.8665404","1765972945.8664155","/home/samuchair/ros2_ws/install/samuchair/lib/python3.12/site-packages/samuchair/arduinoNode.py","handle_joystick_silla","20","61","Enviando comando al Arduino: velocidad","Joystick"
"1765972946.1687725","1765972946.1686392","/home/samuchair/ros2_ws/install/samuchair/lib/python3.12/site-packages/samuchair/mainNode.py","callback_handleServiceResponse","20","142","Estoy en el servicio llamado desde mainNode","mainNode"
"1765972946.7647252","1765972946.7646065","/home/samuchair/ros2_ws/install/samuchair/lib/python3.12/site-packages/samuchair/jBNode.py","jb_callback","20","38","Comando Joystick Bluetooth: 0","JoystickBluetooth"
"1765972946.7650092","1765972946.7648683","/home/samuchair/ros2_ws/install/samuchair/lib/python3.12/site-packages/samuchair/mainNode.py","callback_subJoy","20","82","Comando Joystick Bluetooth: 0","mainNode"
"1765972946.7667084","1765972946.7665882","/home/samuchair/ros2_ws/install/samuchair/lib/python3.12/site-packages/samuchair/arduinoNode.py","handle_joystick_silla","20","61","Enviando comando al Arduino: velocidad","Joystick"
"1765972947.0689018","1765972947.0687823","/home/samuchair/ros2_ws/install/samuchair/lib/python3.12/site-packages/samuchair/mainNode.py","callback_handleServiceResponse","20","142","Estoy en el servicio llamado desde mainNode","mainNode"
"1765972947.1395445","1765972947.1394467","/home/samuchair/ros2_ws/install/samuchair/lib/python3.12/site-packages/samuchair/jBNode.py","jb_callback","20","38","Comando Joystick Bluetooth: 3","JoystickBluetooth"
"1765972947.1398811","1765972947.1397676","/home/samuchair/ros2_ws/install/samuchair/lib/python3.12/site-packages/samuchair/mainNode.py","callback_subJoy","20","82","Comando Joystick Bluetooth: 3","mainNode"
"1765972947.1415286","1765972947.1414106","/home/samuchair/ros2_ws/install/samuchair/lib/python3.12/site-packages/samuchair/arduinoNode.py","handle_joystick_silla","20","61","Enviando comando al Arduino: velocidad","Joystick"
"1765972947.214622","1765972947.214513","/home/samuchair/ros2_ws/install/samuchair/lib/python3.12/site-packages/samuchair/jBNode.py","jb_callback","20","38","Comando Joystick Bluetooth: 10","JoystickBluetooth"
"1765972947.2150414","1765972947.2148857","/home/samuchair/ros2_ws/install/samuchair/lib/python3.12/site-packages/samuchair/mainNode.py","callback_subJoy","20","82","Comando Joystick Bluetooth: 10","mainNode"
"1765972947.4438565","1765972947.4437077","/home/samuchair/ros2_ws/install/samuchair/lib/python3.12/site-packages/samuchair/arduinoNode.py","handle_joystick_silla","20","61","Enviando comando al Arduino: velocidad","Joystick"
"1765972947.4438927","1765972947.443715","/home/samuchair/ros2_ws/install/samuchair/lib/python3.12/site-packages/samuchair/mainNode.py","callback_handleServiceResponse","20","142","Estoy en el servicio llamado desde mainNode","mainNode"
"1765972947.5521595","1765972947.552017","/home/samuchair/ros2_ws/install/samuchair/lib/python3.12/site-packages/samuchair/jBNode.py","jb_callback","20","38","Comando Joystick Bluetooth: 3","JoystickBluetooth"
"1765972947.5524662","1765972947.552363","/home/samuchair/ros2_ws/install/samuchair/lib/python3.12/site-packages/samuchair/mainNode.py","callback_subJoy","20","82","Comando Joystick Bluetooth: 3","mainNode"
"1765972947.7461398","1765972947.7460012","/home/samuchair/ros2_ws/install/samuchair/lib/python3.12/site-packages/samuchair/mainNode.py","callback_handleServiceResponse","20","142","Estoy en el servicio llamado desde mainNode","mainNode"
"1765972947.7461765","1765972947.746063","/home/samuchair/ros2_ws/install/samuchair/lib/python3.12/site-packages/samuchair/arduinoNode.py","handle_joystick_silla","20","61","Enviando comando al Arduino: velocidad","Joystick"
"1765972948.0021555","1765972948.0020444","/home/samuchair/ros2_ws/install/samuchair/lib/python3.12/site-packages/samuchair/jBNode.py","jb_callback","20","38","Comando Joystick Bluetooth: 10","JoystickBluetooth"
"1765972948.0024917","1765972948.002386","/home/samuchair/ros2_ws/install/samuchair/lib/python3.12/site-packages/samuchair/mainNode.py","callback_subJoy","20","82","Comando Joystick Bluetooth: 10","mainNode"
"1765972948.0485454","1765972948.048398","/home/samuchair/ros2_ws/install/samuchair/lib/python3.12/site-packages/samuchair/mainNode.py","callback_handleServiceResponse","20","142","Estoy en el servicio llamado desde mainNode","mainNode"
"1765972948.0488892","1765972948.04854","/home/samuchair/ros2_ws/install/samuchair/lib/python3.12/site-packages/samuchair/arduinoNode.py","handle_joystick_silla","20","61","Enviando comando al Arduino: velocidad","Joystick"
"1765972948.3509421","1765972948.350839","/home/samuchair/ros2_ws/install/samuchair/lib/python3.12/site-packages/samuchair/mainNode.py","callback_handleServiceResponse","20","142","Estoy en el servicio llamado desde mainNode","mainNode"
"1765972948.4896579","1765972948.4895494","/home/samuchair/ros2_ws/install/samuchair/lib/python3.12/site-packages/samuchair/jBNode.py","jb_callback","20","38","Comando Joystick Bluetooth: 3","JoystickBluetooth"
"1765972948.4899993","1765972948.4898937","/home/samuchair/ros2_ws/install/samuchair/lib/python3.12/site-packages/samuchair/mainNode.py","callback_subJoy","20","82","Comando Joystick Bluetooth: 3","mainNode"
"1765972948.4916744","1765972948.4915497","/home/samuchair/ros2_ws/install/samuchair/lib/python3.12/site-packages/samuchair/arduinoNode.py","handle_joystick_silla","20","61","Enviando comando al Arduino: velocidad","Joystick"
"1765972948.7939632","1765972948.79383","/home/samuchair/ros2_ws/install/samuchair/lib/python3.12/site-packages/samuchair/mainNode.py","callback_handleServiceResponse","20","142","Estoy en el servicio llamado desde mainNode","mainNode"
"1765972949.6520994","1765972949.6519694","/home/samuchair/ros2_ws/install/samuchair/lib/python3.12/site-packages/samuchair/jBNode.py","jb_callback","20","38","Comando Joystick Bluetooth: 10","JoystickBluetooth"
"1765972949.6523848","1765972949.6522958","/home/samuchair/ros2_ws/install/samuchair/lib/python3.12/site-packages/samuchair/mainNode.py","callback_subJoy","20","82","Comando Joystick Bluetooth: 10","mainNode"
"1765972949.6539702","1765972949.6538491","/home/samuchair/ros2_ws/install/samuchair/lib/python3.12/site-packages/samuchair/arduinoNode.py","handle_joystick_silla","20","61","Enviando comando al Arduino: velocidad","Joystick"
"1765972949.7647214","1765972949.764611","/home/samuchair/ros2_ws/install/samuchair/lib/python3.12/site-packages/samuchair/jBNode.py","jb_callback","20","38","Comando Joystick Bluetooth: 9","JoystickBluetooth"
"1765972949.7649977","1765972949.7648907","/home/samuchair/ros2_ws/install/samuchair/lib/python3.12/site-packages/samuchair/mainNode.py","callback_subJoy","20","82","Comando Joystick Bluetooth: 9","mainNode"
"1765972949.8020983","1765972949.8019974","/home/samuchair/ros2_ws/install/samuchair/lib/python3.12/site-packages/samuchair/jBNode.py","jb_callback","20","38","Comando Joystick Bluetooth: 0","JoystickBluetooth"
"1765972949.8023803","1765972949.8022828","/home/samuchair/ros2_ws/install/samuchair/lib/python3.12/site-packages/samuchair/mainNode.py","callback_subJoy","20","82","Comando Joystick Bluetooth: 0","mainNode"
"1765972949.9562542","1765972949.9560812","/home/samuchair/ros2_ws/install/samuchair/lib/python3.12/site-packages/samuchair/arduinoNode.py","handle_joystick_silla","20","61","Enviando comando al Arduino: velocidad","Joystick"
"1765972949.9562962","1765972949.9561067","/home/samuchair/ros2_ws/install/samuchair/lib/python3.12/site-packages/samuchair/mainNode.py","callback_handleServiceResponse","20","142","Estoy en el servicio llamado desde mainNode","mainNode"
"1765972950.25849","1765972950.258325","/home/samuchair/ros2_ws/install/samuchair/lib/python3.12/site-packages/samuchair/arduinoNode.py","handle_joystick_silla","20","61","Enviando comando al Arduino: velocidad","Joystick"
"1765972950.2585287","1765972950.2583642","/home/samuchair/ros2_ws/install/samuchair/lib/python3.12/site-packages/samuchair/mainNode.py","callback_handleServiceResponse","20","142","Estoy en el servicio llamado desde mainNode","mainNode"
"1765972950.5607538","1765972950.560619","/home/samuchair/ros2_ws/install/samuchair/lib/python3.12/site-packages/samuchair/mainNode.py","callback_handleServiceResponse","20","142","Estoy en el servicio llamado desde mainNode","mainNode"
"1765972952.2396975","1765972952.239598","/home/samuchair/ros2_ws/install/samuchair/lib/python3.12/site-packages/samuchair/jBNode.py","jb_callback","20","38","Comando Joystick Bluetooth: 3","JoystickBluetooth"
"1765972952.2400205","1765972952.2399178","/home/samuchair/ros2_ws/install/samuchair/lib/python3.12/site-packages/samuchair/mainNode.py","callback_subJoy","20","82","Comando Joystick Bluetooth: 3","mainNode"
"1765972952.2416575","1765972952.2415357","/home/samuchair/ros2_ws/install/samuchair/lib/python3.12/site-packages/samuchair/arduinoNode.py","handle_joystick_silla","20","61","Enviando comando al Arduino: velocidad","Joystick"
"1765972952.2772858","1765972952.2771745","/home/samuchair/ros2_ws/install/samuchair/lib/python3.12/site-packages/samuchair/jBNode.py","jb_callback","20","38","Comando Joystick Bluetooth: 10","JoystickBluetooth"
"1765972952.2775888","1765972952.2774854","/home/samuchair/ros2_ws/install/samuchair/lib/python3.12/site-packages/samuchair/mainNode.py","callback_subJoy","20","82","Comando Joystick Bluetooth: 10","mainNode"
"1765972952.5439231","1765972952.5437858","/home/samuchair/ros2_ws/install/samuchair/lib/python3.12/site-packages/samuchair/arduinoNode.py","handle_joystick_silla","20","61","Enviando comando al Arduino: velocidad","Joystick"
"1765972952.54405","1765972952.5439007","/home/samuchair/ros2_ws/install/samuchair/lib/python3.12/site-packages/samuchair/mainNode.py","callback_handleServiceResponse","20","142","Estoy en el servicio llamado desde mainNode","mainNode"
"1765972952.846315","1765972952.8461683","/home/samuchair/ros2_ws/install/samuchair/lib/python3.12/site-packages/samuchair/mainNode.py","callback_handleServiceResponse","20","142","Estoy en el servicio llamado desde mainNode","mainNode"
"1765972953.064721","1765972953.0645728","/home/samuchair/ros2_ws/install/samuchair/lib/python3.12/site-packages/samuchair/jBNode.py","jb_callback","20","38","Comando Joystick Bluetooth: 3","JoystickBluetooth"
"1765972953.0650167","1765972953.0649176","/home/samuchair/ros2_ws/install/samuchair/lib/python3.12/site-packages/samuchair/mainNode.py","callback_subJoy","20","82","Comando Joystick Bluetooth: 3","mainNode"
"1765972953.066588","1765972953.0664675","/home/samuchair/ros2_ws/install/samuchair/lib/python3.12/site-packages/samuchair/arduinoNode.py","handle_joystick_silla","20","61","Enviando comando al Arduino: velocidad","Joystick"
"1765972953.2147365","1765972953.2146301","/home/samuchair/ros2_ws/install/samuchair/lib/python3.12/site-packages/samuchair/jBNode.py","jb_callback","20","38","Comando Joystick Bluetooth: 0","JoystickBluetooth"
"1765972953.2150612","1765972953.21496","/home/samuchair/ros2_ws/install/samuchair/lib/python3.12/site-packages/samuchair/mainNode.py","callback_subJoy","20","82","Comando Joystick Bluetooth: 0","mainNode"
"1765972953.2521734","1765972953.252042","/home/samuchair/ros2_ws/install/samuchair/lib/python3.12/site-packages/samuchair/jBNode.py","jb_callback","20","38","Comando Joystick Bluetooth: 3","JoystickBluetooth"
"1765972953.2524664","1765972953.2523663","/home/samuchair/ros2_ws/install/samuchair/lib/python3.12/site-packages/samuchair/mainNode.py","callback_subJoy","20","82","Comando Joystick Bluetooth: 3","mainNode"
"1765972953.3272152","1765972953.327074","/home/samuchair/ros2_ws/install/samuchair/lib/python3.12/site-packages/samuchair/jBNode.py","jb_callback","20","38","Comando Joystick Bluetooth: 10","JoystickBluetooth"
"1765972953.3275678","1765972953.327456","/home/samuchair/ros2_ws/install/samuchair/lib/python3.12/site-packages/samuchair/mainNode.py","callback_subJoy","20","82","Comando Joystick Bluetooth: 10","mainNode"
"1765972953.3688834","1765972953.3687022","/home/samuchair/ros2_ws/install/samuchair/lib/python3.12/site-packages/samuchair/mainNode.py","callback_handleServiceResponse","20","142","Estoy en el servicio llamado desde mainNode","mainNode"
"1765972953.3689108","1765972953.368708","/home/samuchair/ros2_ws/install/samuchair/lib/python3.12/site-packages/samuchair/arduinoNode.py","handle_joystick_silla","20","61","Enviando comando al Arduino: velocidad","Joystick"
"1765972953.6711218","1765972953.6709902","/home/samuchair/ros2_ws/install/samuchair/lib/python3.12/site-packages/samuchair/arduinoNode.py","handle_joystick_silla","20","61","Enviando comando al Arduino: velocidad","Joystick"
"1765972953.6712124","1765972953.671029","/home/samuchair/ros2_ws/install/samuchair/lib/python3.12/site-packages/samuchair/mainNode.py","callback_handleServiceResponse","20","142","Estoy en el servicio llamado desde mainNode","mainNode"
"1765972953.9734702","1765972953.973328","/home/samuchair/ros2_ws/install/samuchair/lib/python3.12/site-packages/samuchair/arduinoNode.py","handle_joystick_silla","20","61","Enviando comando al Arduino: velocidad","Joystick"
"1765972953.9735074","1765972953.9733844","/home/samuchair/ros2_ws/install/samuchair/lib/python3.12/site-packages/samuchair/mainNode.py","callback_handleServiceResponse","20","142","Estoy en el servicio llamado desde mainNode","mainNode"
"1765972954.2757976","1765972954.2756565","/home/samuchair/ros2_ws/install/samuchair/lib/python3.12/site-packages/samuchair/mainNode.py","callback_handleServiceResponse","20","142","Estoy en el servicio llamado desde mainNode","mainNode"
"1765972954.8648236","1765972954.864669","/home/samuchair/ros2_ws/install/samuchair/lib/python3.12/site-packages/samuchair/jBNode.py","jb_callback","20","38","Comando Joystick Bluetooth: 9","JoystickBluetooth"
"1765972954.8650668","1765972954.8649592","/home/samuchair/ros2_ws/install/samuchair/lib/python3.12/site-packages/samuchair/mainNode.py","callback_subJoy","20","82","Comando Joystick Bluetooth: 9","mainNode"
"1765972954.8667424","1765972954.8666124","/home/samuchair/ros2_ws/install/samuchair/lib/python3.12/site-packages/samuchair/arduinoNode.py","handle_joystick_silla","20","61","Enviando comando al Arduino: velocidad","Joystick"
"1765972954.9773054","1765972954.9771636","/home/samuchair/ros2_ws/install/samuchair/lib/python3.12/site-packages/samuchair/jBNode.py","jb_callback","20","38","Comando Joystick Bluetooth: 10","JoystickBluetooth"
"1765972954.977625","1765972954.977516","/home/samuchair/ros2_ws/install/samuchair/lib/python3.12/site-packages/samuchair/mainNode.py","callback_subJoy","20","82","Comando Joystick Bluetooth: 10","mainNode"
"1765972955.1272817","1765972955.1271288","/home/samuchair/ros2_ws/install/samuchair/lib/python3.12/site-packages/samuchair/jBNode.py","jb_callback","20","38","Comando Joystick Bluetooth: 9","JoystickBluetooth"
"1765972955.1276646","1765972955.1275492","/home/samuchair/ros2_ws/install/samuchair/lib/python3.12/site-packages/samuchair/mainNode.py","callback_subJoy","20","82","Comando Joystick Bluetooth: 9","mainNode"
"1765972955.169079","1765972955.1689157","/home/samuchair/ros2_ws/install/samuchair/lib/python3.12/site-packages/samuchair/mainNode.py","callback_handleServiceResponse","20","142","Estoy en el servicio llamado desde mainNode","mainNode"
"1765972955.169156","1765972955.1689255","/home/samuchair/ros2_ws/install/samuchair/lib/python3.12/site-packages/samuchair/arduinoNode.py","handle_joystick_silla","20","61","Enviando comando al Arduino: velocidad","Joystick"
"1765972955.3521593","1765972955.3520477","/home/samuchair/ros2_ws/install/samuchair/lib/python3.12/site-packages/samuchair/jBNode.py","jb_callback","20","38","Comando Joystick Bluetooth: 10","JoystickBluetooth"
"1765972955.3525326","1765972955.3524325","/home/samuchair/ros2_ws/install/samuchair/lib/python3.12/site-packages/samuchair/mainNode.py","callback_subJoy","20","82","Comando Joystick Bluetooth: 10","mainNode"
"1765972955.4713633","1765972955.4711967","/home/samuchair/ros2_ws/install/samuchair/lib/python3.12/site-packages/samuchair/arduinoNode.py","handle_joystick_silla","20","61","Enviando comando al Arduino: velocidad","Joystick"
"1765972955.4713974","1765972955.4711974","/home/samuchair/ros2_ws/install/samuchair/lib/python3.12/site-packages/samuchair/mainNode.py","callback_handleServiceResponse","20","142","Estoy en el servicio llamado desde mainNode","mainNode"
"1765972955.4864266","1765972955.4863448","/home/samuchair/ros2_ws/install/samuchair/lib/python3.12/site-packages/samuchair/secondarytaskNode.py","timer_callback","20","220","Publicado: ""0""","ST"
"1765972955.487359","1765972955.487279","/home/samuchair/ros2_ws/install/samuchair/lib/python3.12/site-packages/samuchair/secondarytaskNode.py","start_random_timer","20","180","Dato publicado ST: 11.270021695635679","ST"
"1765972955.7736628","1765972955.7735248","/home/samuchair/ros2_ws/install/samuchair/lib/python3.12/site-packages/samuchair/mainNode.py","callback_handleServiceResponse","20","142","Estoy en el servicio llamado desde mainNode","mainNode"
"1765972955.7740774","1765972955.7737234","/home/samuchair/ros2_ws/install/samuchair/lib/python3.12/site-packages/samuchair/arduinoNode.py","handle_joystick_silla","20","61","Enviando comando al Arduino: velocidad","Joystick"
"1765972956.0527267","1765972956.0526495","/home/samuchair/ros2_ws/install/samuchair/lib/python3.12/site-packages/samuchair/secondarytaskNode.py","timer_lectura","20","203","Dato medido ST: 0.11512494087219238","ST"
"1765972956.0757527","1765972956.075651","/home/samuchair/ros2_ws/install/samuchair/lib/python3.12/site-packages/samuchair/mainNode.py","callback_handleServiceResponse","20","142","Estoy en el servicio llamado desde mainNode","mainNode"
"1765972957.0022476","1765972957.0021427","/home/samuchair/ros2_ws/install/samuchair/lib/python3.12/site-packages/samuchair/jBNode.py","jb_callback","20","38","Comando Joystick Bluetooth: 9","JoystickBluetooth"
"1765972957.002646","1765972957.0025373","/home/samuchair/ros2_ws/install/samuchair/lib/python3.12/site-packages/samuchair/mainNode.py","callback_subJoy","20","82","Comando Joystick Bluetooth: 9","mainNode"
"1765972957.0043037","1765972957.0041666","/home/samuchair/ros2_ws/install/samuchair/lib/python3.12/site-packages/samuchair/arduinoNode.py","handle_joystick_silla","20","61","Enviando comando al Arduino: velocidad","Joystick"
"1765972957.2648506","1765972957.2646966","/home/samuchair/ros2_ws/install/samuchair/lib/python3.12/site-packages/samuchair/jBNode.py","jb_callback","20","38","Comando Joystick Bluetooth: 10","JoystickBluetooth"
"1765972957.2651334","1765972957.265027","/home/samuchair/ros2_ws/install/samuchair/lib/python3.12/site-packages/samuchair/mainNode.py","callback_subJoy","20","82","Comando Joystick Bluetooth: 10","mainNode"
"1765972957.3065755","1765972957.3064601","/home/samuchair/ros2_ws/install/samuchair/lib/python3.12/site-packages/samuchair/mainNode.py","callback_handleServiceResponse","20","142","Estoy en el servicio llamado desde mainNode","mainNode"
"1765972957.3069773","1765972957.3068385","/home/samuchair/ros2_ws/install/samuchair/lib/python3.12/site-packages/samuchair/arduinoNode.py","handle_joystick_silla","20","61","Enviando comando al Arduino: velocidad","Joystick"
"1765972957.6093173","1765972957.6091855","/home/samuchair/ros2_ws/install/samuchair/lib/python3.12/site-packages/samuchair/mainNode.py","callback_handleServiceResponse","20","142","Estoy en el servicio llamado desde mainNode","mainNode"
"1765972958.46482","1765972958.4647057","/home/samuchair/ros2_ws/install/samuchair/lib/python3.12/site-packages/samuchair/jBNode.py","jb_callback","20","38","Comando Joystick Bluetooth: 3","JoystickBluetooth"
"1765972958.465153","1765972958.465051","/home/samuchair/ros2_ws/install/samuchair/lib/python3.12/site-packages/samuchair/mainNode.py","callback_subJoy","20","82","Comando Joystick Bluetooth: 3","mainNode"
"1765972958.466833","1765972958.4666805","/home/samuchair/ros2_ws/install/samuchair/lib/python3.12/site-packages/samuchair/arduinoNode.py","handle_joystick_silla","20","61","Enviando comando al Arduino: velocidad","Joystick"
"1765972958.7691085","1765972958.7689736","/home/samuchair/ros2_ws/install/samuchair/lib/python3.12/site-packages/samuchair/mainNode.py","callback_handleServiceResponse","20","142","Estoy en el servicio llamado desde mainNode","mainNode"
"1765972959.364796","1765972959.3646803","/home/samuchair/ros2_ws/install/samuchair/lib/python3.12/site-packages/samuchair/jBNode.py","jb_callback","20","38","Comando Joystick Bluetooth: 10","JoystickBluetooth"
"1765972959.3651435","1765972959.3650424","/home/samuchair/ros2_ws/install/samuchair/lib/python3.12/site-packages/samuchair/mainNode.py","callback_subJoy","20","82","Comando Joystick Bluetooth: 10","mainNode"
"1765972959.3668125","1765972959.3666832","/home/samuchair/ros2_ws/install/samuchair/lib/python3.12/site-packages/samuchair/arduinoNode.py","handle_joystick_silla","20","61","Enviando comando al Arduino: velocidad","Joystick"
"1765972959.4773445","1765972959.4772222","/home/samuchair/ros2_ws/install/samuchair/lib/python3.12/site-packages/samuchair/jBNode.py","jb_callback","20","38","Comando Joystick Bluetooth: 9","JoystickBluetooth"
"1765972959.4776661","1765972959.4775677","/home/samuchair/ros2_ws/install/samuchair/lib/python3.12/site-packages/samuchair/mainNode.py","callback_subJoy","20","82","Comando Joystick Bluetooth: 9","mainNode"
"1765972959.6690526","1765972959.668807","/home/samuchair/ros2_ws/install/samuchair/lib/python3.12/site-packages/samuchair/arduinoNode.py","handle_joystick_silla","20","61","Enviando comando al Arduino: velocidad","Joystick"
"1765972959.6690807","1765972959.6688423","/home/samuchair/ros2_ws/install/samuchair/lib/python3.12/site-packages/samuchair/mainNode.py","callback_handleServiceResponse","20","142","Estoy en el servicio llamado desde mainNode","mainNode"
"1765972959.971304","1765972959.9711666","/home/samuchair/ros2_ws/install/samuchair/lib/python3.12/site-packages/samuchair/mainNode.py","callback_handleServiceResponse","20","142","Estoy en el servicio llamado desde mainNode","mainNode"
"1765972960.7523227","1765972960.7521987","/home/samuchair/ros2_ws/install/samuchair/lib/python3.12/site-packages/samuchair/jBNode.py","jb_callback","20","38","Comando Joystick Bluetooth: 10","JoystickBluetooth"
"1765972960.7529202","1765972960.7525299","/home/samuchair/ros2_ws/install/samuchair/lib/python3.12/site-packages/samuchair/mainNode.py","callback_subJoy","20","82","Comando Joystick Bluetooth: 10","mainNode"
"1765972960.7545576","1765972960.7544239","/home/samuchair/ros2_ws/install/samuchair/lib/python3.12/site-packages/samuchair/arduinoNode.py","handle_joystick_silla","20","61","Enviando comando al Arduino: velocidad","Joystick"
"1765972960.8272908","1765972960.8271873","/home/samuchair/ros2_ws/install/samuchair/lib/python3.12/site-packages/samuchair/jBNode.py","jb_callback","20","38","Comando Joystick Bluetooth: 3","JoystickBluetooth"
"1765972960.8276944","1765972960.8275776","/home/samuchair/ros2_ws/install/samuchair/lib/python3.12/site-packages/samuchair/mainNode.py","callback_subJoy","20","82","Comando Joystick Bluetooth: 3","mainNode"
"1765972961.056836","1765972961.0566947","/home/samuchair/ros2_ws/install/samuchair/lib/python3.12/site-packages/samuchair/arduinoNode.py","handle_joystick_silla","20","61","Enviando comando al Arduino: velocidad","Joystick"
"1765972961.0568743","1765972961.0567732","/home/samuchair/ros2_ws/install/samuchair/lib/python3.12/site-packages/samuchair/mainNode.py","callback_handleServiceResponse","20","142","Estoy en el servicio llamado desde mainNode","mainNode"
"1765972961.3591082","1765972961.3589928","/home/samuchair/ros2_ws/install/samuchair/lib/python3.12/site-packages/samuchair/mainNode.py","callback_handleServiceResponse","20","142","Estoy en el servicio llamado desde mainNode","mainNode"
"1765972961.9523654","1765972961.9522412","/home/samuchair/ros2_ws/install/samuchair/lib/python3.12/site-packages/samuchair/jBNode.py","jb_callback","20","38","Comando Joystick Bluetooth: 10","JoystickBluetooth"
"1765972961.952687","1765972961.952584","/home/samuchair/ros2_ws/install/samuchair/lib/python3.12/site-packages/samuchair/mainNode.py","callback_subJoy","20","82","Comando Joystick Bluetooth: 10","mainNode"
"1765972961.954507","1765972961.9543726","/home/samuchair/ros2_ws/install/samuchair/lib/python3.12/site-packages/samuchair/arduinoNode.py","handle_joystick_silla","20","61","Enviando comando al Arduino: velocidad","Joystick"
"1765972962.2569156","1765972962.2567632","/home/samuchair/ros2_ws/install/samuchair/lib/python3.12/site-packages/samuchair/mainNode.py","callback_handleServiceResponse","20","142","Estoy en el servicio llamado desde mainNode","mainNode"
"1765972962.5523612","1765972962.5522337","/home/samuchair/ros2_ws/install/samuchair/lib/python3.12/site-packages/samuchair/jBNode.py","jb_callback","20","38","Comando Joystick Bluetooth: 3","JoystickBluetooth"
"1765972962.552744","1765972962.5526302","/home/samuchair/ros2_ws/install/samuchair/lib/python3.12/site-packages/samuchair/mainNode.py","callback_subJoy","20","82","Comando Joystick Bluetooth: 3","mainNode"
"1765972962.5544941","1765972962.554365","/home/samuchair/ros2_ws/install/samuchair/lib/python3.12/site-packages/samuchair/arduinoNode.py","handle_joystick_silla","20","61","Enviando comando al Arduino: velocidad","Joystick"
"1765972962.856853","1765972962.8567266","/home/samuchair/ros2_ws/install/samuchair/lib/python3.12/site-packages/samuchair/mainNode.py","callback_handleServiceResponse","20","142","Estoy en el servicio llamado desde mainNode","mainNode"
"1765972963.9023564","1765972963.9022434","/home/samuchair/ros2_ws/install/samuchair/lib/python3.12/site-packages/samuchair/jBNode.py","jb_callback","20","38","Comando Joystick Bluetooth: 10","JoystickBluetooth"
"1765972963.902676","1765972963.902582","/home/samuchair/ros2_ws/install/samuchair/lib/python3.12/site-packages/samuchair/mainNode.py","callback_subJoy","20","82","Comando Joystick Bluetooth: 10","mainNode"
"1765972963.9042745","1765972963.9041467","/home/samuchair/ros2_ws/install/samuchair/lib/python3.12/site-packages/samuchair/arduinoNode.py","handle_joystick_silla","20","61","Enviando comando al Arduino: velocidad","Joystick"
"1765972964.206684","1765972964.2065668","/home/samuchair/ros2_ws/install/samuchair/lib/python3.12/site-packages/samuchair/mainNode.py","callback_handleServiceResponse","20","142","Estoy en el servicio llamado desde mainNode","mainNode"
"1765972964.8774822","1765972964.8773756","/home/samuchair/ros2_ws/install/samuchair/lib/python3.12/site-packages/samuchair/jBNode.py","jb_callback","20","38","Comando Joystick Bluetooth: 9","JoystickBluetooth"
"1765972964.8777654","1765972964.8776586","/home/samuchair/ros2_ws/install/samuchair/lib/python3.12/site-packages/samuchair/mainNode.py","callback_subJoy","20","82","Comando Joystick Bluetooth: 9","mainNode"
"1765972964.879459","1765972964.8793414","/home/samuchair/ros2_ws/install/samuchair/lib/python3.12/site-packages/samuchair/arduinoNode.py","handle_joystick_silla","20","61","Enviando comando al Arduino: velocidad","Joystick"
"1765972965.1818216","1765972965.1817136","/home/samuchair/ros2_ws/install/samuchair/lib/python3.12/site-packages/samuchair/mainNode.py","callback_handleServiceResponse","20","142","Estoy en el servicio llamado desde mainNode","mainNode"
"1765972966.0024753","1765972966.0023737","/home/samuchair/ros2_ws/install/samuchair/lib/python3.12/site-packages/samuchair/jBNode.py","jb_callback","20","38","Comando Joystick Bluetooth: 10","JoystickBluetooth"
"1765972966.0028691","1765972966.0027585","/home/samuchair/ros2_ws/install/samuchair/lib/python3.12/site-packages/samuchair/mainNode.py","callback_subJoy","20","82","Comando Joystick Bluetooth: 10","mainNode"
"1765972966.0045345","1765972966.0044045","/home/samuchair/ros2_ws/install/samuchair/lib/python3.12/site-packages/samuchair/arduinoNode.py","handle_joystick_silla","20","61","Enviando comando al Arduino: velocidad","Joystick"
"1765972966.0398984","1765972966.039791","/home/samuchair/ros2_ws/install/samuchair/lib/python3.12/site-packages/samuchair/jBNode.py","jb_callback","20","38","Comando Joystick Bluetooth: 3","JoystickBluetooth"
"1765972966.0403202","1765972966.0401726","/home/samuchair/ros2_ws/install/samuchair/lib/python3.12/site-packages/samuchair/mainNode.py","callback_subJoy","20","82","Comando Joystick Bluetooth: 3","mainNode"
"1765972966.3069072","1765972966.3067667","/home/samuchair/ros2_ws/install/samuchair/lib/python3.12/site-packages/samuchair/mainNode.py","callback_handleServiceResponse","20","142","Estoy en el servicio llamado desde mainNode","mainNode"
"1765972966.3073292","1765972966.3068793","/home/samuchair/ros2_ws/install/samuchair/lib/python3.12/site-packages/samuchair/arduinoNode.py","handle_joystick_silla","20","61","Enviando comando al Arduino: velocidad","Joystick"
"1765972966.6093903","1765972966.6092303","/home/samuchair/ros2_ws/install/samuchair/lib/python3.12/site-packages/samuchair/mainNode.py","callback_handleServiceResponse","20","142","Estoy en el servicio llamado desde mainNode","mainNode"
"1765972967.221839","1765972967.2217586","/home/samuchair/ros2_ws/install/samuchair/lib/python3.12/site-packages/samuchair/secondarytaskNode.py","timer_callback","20","220","Publicado: ""0""","ST"
"1765972967.2228043","1765972967.2227154","/home/samuchair/ros2_ws/install/samuchair/lib/python3.12/site-packages/samuchair/secondarytaskNode.py","start_random_timer","20","180","Dato publicado ST: 11.732989591095713","ST"
"1765972967.2398944","1765972967.2397585","/home/samuchair/ros2_ws/install/samuchair/lib/python3.12/site-packages/samuchair/jBNode.py","jb_callback","20","38","Comando Joystick Bluetooth: 10","JoystickBluetooth"
"1765972967.2402544","1765972967.240149","/home/samuchair/ros2_ws/install/samuchair/lib/python3.12/site-packages/samuchair/mainNode.py","callback_subJoy","20","82","Comando Joystick Bluetooth: 10","mainNode"
"1765972967.2418802","1765972967.2417536","/home/samuchair/ros2_ws/install/samuchair/lib/python3.12/site-packages/samuchair/arduinoNode.py","handle_joystick_silla","20","61","Enviando comando al Arduino: velocidad","Joystick"
"1765972967.5442247","1765972967.5440896","/home/samuchair/ros2_ws/install/samuchair/lib/python3.12/site-packages/samuchair/mainNode.py","callback_handleServiceResponse","20","142","Estoy en el servicio llamado desde mainNode","mainNode"
"1765972967.6149657","1765972967.6148288","/home/samuchair/ros2_ws/install/samuchair/lib/python3.12/site-packages/samuchair/jBNode.py","jb_callback","20","38","Comando Joystick Bluetooth: 9","JoystickBluetooth"
"1765972967.6152775","1765972967.615163","/home/samuchair/ros2_ws/install/samuchair/lib/python3.12/site-packages/samuchair/mainNode.py","callback_subJoy","20","82","Comando Joystick Bluetooth: 9","mainNode"
"1765972967.6170049","1765972967.616874","/home/samuchair/ros2_ws/install/samuchair/lib/python3.12/site-packages/samuchair/arduinoNode.py","handle_joystick_silla","20","61","Enviando comando al Arduino: velocidad","Joystick"
"1765972967.9193895","1765972967.9192345","/home/samuchair/ros2_ws/install/samuchair/lib/python3.12/site-packages/samuchair/mainNode.py","callback_handleServiceResponse","20","142","Estoy en el servicio llamado desde mainNode","mainNode"
"1765972968.0529876","1765972968.052893","/home/samuchair/ros2_ws/install/samuchair/lib/python3.12/site-packages/samuchair/secondarytaskNode.py","timer_lectura","20","203","Dato medido ST: 0.02843761444091797","ST"
"1765972968.5905683","1765972968.5899277","/home/samuchair/ros2_ws/install/samuchair/lib/python3.12/site-packages/samuchair/jBNode.py","jb_callback","20","38","Comando Joystick Bluetooth: 0","JoystickBluetooth"
"1765972968.5906293","1765972968.5902407","/home/samuchair/ros2_ws/install/samuchair/lib/python3.12/site-packages/samuchair/mainNode.py","callback_subJoy","20","82","Comando Joystick Bluetooth: 0","mainNode"
"1765972968.59104","1765972968.5908668","/home/samuchair/ros2_ws/install/samuchair/lib/python3.12/site-packages/samuchair/jBNode.py","jb_callback","20","38","Comando Joystick Bluetooth: 3","JoystickBluetooth"
"1765972968.5923774","1765972968.5922346","/home/samuchair/ros2_ws/install/samuchair/lib/python3.12/site-packages/samuchair/mainNode.py","callback_subJoy","20","82","Comando Joystick Bluetooth: 3","mainNode"
"1765972968.5929627","1765972968.5927289","/home/samuchair/ros2_ws/install/samuchair/lib/python3.12/site-packages/samuchair/arduinoNode.py","handle_joystick_silla","20","61","Enviando comando al Arduino: velocidad","Joystick"
"1765972968.8954148","1765972968.895192","/home/samuchair/ros2_ws/install/samuchair/lib/python3.12/site-packages/samuchair/arduinoNode.py","handle_joystick_silla","20","61","Enviando comando al Arduino: velocidad","Joystick"
"1765972968.895451","1765972968.895192","/home/samuchair/ros2_ws/install/samuchair/lib/python3.12/site-packages/samuchair/mainNode.py","callback_handleServiceResponse","20","142","Estoy en el servicio llamado desde mainNode","mainNode"
"1765972969.197724","1765972969.197593","/home/samuchair/ros2_ws/install/samuchair/lib/python3.12/site-packages/samuchair/mainNode.py","callback_handleServiceResponse","20","142","Estoy en el servicio llamado desde mainNode","mainNode"
"1765972969.8650217","1765972969.8648796","/home/samuchair/ros2_ws/install/samuchair/lib/python3.12/site-packages/samuchair/jBNode.py","jb_callback","20","38","Comando Joystick Bluetooth: 10","JoystickBluetooth"
"1765972969.865379","1765972969.8652525","/home/samuchair/ros2_ws/install/samuchair/lib/python3.12/site-packages/samuchair/mainNode.py","callback_subJoy","20","82","Comando Joystick Bluetooth: 10","mainNode"
"1765972969.8671112","1765972969.8669868","/home/samuchair/ros2_ws/install/samuchair/lib/python3.12/site-packages/samuchair/arduinoNode.py","handle_joystick_silla","20","61","Enviando comando al Arduino: velocidad","Joystick"
"1765972970.0149145","1765972970.0148094","/home/samuchair/ros2_ws/install/samuchair/lib/python3.12/site-packages/samuchair/jBNode.py","jb_callback","20","38","Comando Joystick Bluetooth: 9","JoystickBluetooth"
"1765972970.0152564","1765972970.0151556","/home/samuchair/ros2_ws/install/samuchair/lib/python3.12/site-packages/samuchair/mainNode.py","callback_subJoy","20","82","Comando Joystick Bluetooth: 9","mainNode"
"1765972970.1695004","1765972970.1693552","/home/samuchair/ros2_ws/install/samuchair/lib/python3.12/site-packages/samuchair/arduinoNode.py","handle_joystick_silla","20","61","Enviando comando al Arduino: velocidad","Joystick"
"1765972970.1695282","1765972970.1693556","/home/samuchair/ros2_ws/install/samuchair/lib/python3.12/site-packages/samuchair/mainNode.py","callback_handleServiceResponse","20","142","Estoy en el servicio llamado desde mainNode","mainNode"
"1765972970.2774606","1765972970.2773745","/home/samuchair/ros2_ws/install/samuchair/lib/python3.12/site-packages/samuchair/jBNode.py","jb_callback","20","38","Comando Joystick Bluetooth: 10","JoystickBluetooth"
"1765972970.2778974","1765972970.2777495","/home/samuchair/ros2_ws/install/samuchair/lib/python3.12/site-packages/samuchair/mainNode.py","callback_subJoy","20","82","Comando Joystick Bluetooth: 10","mainNode"
"1765972970.4719298","1765972970.4717407","/home/samuchair/ros2_ws/install/samuchair/lib/python3.12/site-packages/samuchair/arduinoNode.py","handle_joystick_silla","20","61","Enviando comando al Arduino: velocidad","Joystick"
"1765972970.4719665","1765972970.4717522","/home/samuchair/ros2_ws/install/samuchair/lib/python3.12/site-packages/samuchair/mainNode.py","callback_handleServiceResponse","20","142","Estoy en el servicio llamado desde mainNode","mainNode"
"1765972970.6149528","1765972970.614851","/home/samuchair/ros2_ws/install/samuchair/lib/python3.12/site-packages/samuchair/jBNode.py","jb_callback","20","38","Comando Joystick Bluetooth: 3","JoystickBluetooth"
"1765972970.6152894","1765972970.615181","/home/samuchair/ros2_ws/install/samuchair/lib/python3.12/site-packages/samuchair/mainNode.py","callback_subJoy","20","82","Comando Joystick Bluetooth: 3","mainNode"
"1765972970.727464","1765972970.7273614","/home/samuchair/ros2_ws/install/samuchair/lib/python3.12/site-packages/samuchair/jBNode.py","jb_callback","20","38","Comando Joystick Bluetooth: 10","JoystickBluetooth"
"1765972970.7277243","1765972970.7276297","/home/samuchair/ros2_ws/install/samuchair/lib/python3.12/site-packages/samuchair/mainNode.py","callback_subJoy","20","82","Comando Joystick Bluetooth: 10","mainNode"
"1765972970.7741196","1765972970.7740004","/home/samuchair/ros2_ws/install/samuchair/lib/python3.12/site-packages/samuchair/mainNode.py","callback_handleServiceResponse","20","142","Estoy en el servicio llamado desde mainNode","mainNode"
"1765972970.9753897","1765972970.9752202","/home/samuchair/ros2_ws/install/samuchair/lib/python3.12/site-packages/samuchair/arduinoNode.py","handle_joystick_silla","20","61","Enviando comando al Arduino: velocidad","Joystick"
"1765972971.2777493","1765972971.2775967","/home/samuchair/ros2_ws/install/samuchair/lib/python3.12/site-packages/samuchair/mainNode.py","callback_handleServiceResponse","20","142","Estoy en el servicio llamado desde mainNode","mainNode"
"1765972971.2777884","1765972971.277653","/home/samuchair/ros2_ws/install/samuchair/lib/python3.12/site-packages/samuchair/arduinoNode.py","handle_joystick_silla","20","61","Enviando comando al Arduino: velocidad","Joystick"
"1765972971.5799716","1765972971.5798512","/home/samuchair/ros2_ws/install/samuchair/lib/python3.12/site-packages/samuchair/mainNode.py","callback_handleServiceResponse","20","142","Estoy en el servicio llamado desde mainNode","mainNode"
"1765972972.2275105","1765972972.2274096","/home/samuchair/ros2_ws/install/samuchair/lib/python3.12/site-packages/samuchair/jBNode.py","jb_callback","20","38","Comando Joystick Bluetooth: 3","JoystickBluetooth"
"1765972972.2279058","1765972972.227795","/home/samuchair/ros2_ws/install/samuchair/lib/python3.12/site-packages/samuchair/mainNode.py","callback_subJoy","20","82","Comando Joystick Bluetooth: 3","mainNode"
"1765972972.2296379","1765972972.2295032","/home/samuchair/ros2_ws/install/samuchair/lib/python3.12/site-packages/samuchair/arduinoNode.py","handle_joystick_silla","20","61","Enviando comando al Arduino: velocidad","Joystick"
"1765972972.2649374","1765972972.2648385","/home/samuchair/ros2_ws/install/samuchair/lib/python3.12/site-packages/samuchair/jBNode.py","jb_callback","20","38","Comando Joystick Bluetooth: 0","JoystickBluetooth"
"1765972972.26528","1765972972.2651732","/home/samuchair/ros2_ws/install/samuchair/lib/python3.12/site-packages/samuchair/mainNode.py","callback_subJoy","20","82","Comando Joystick Bluetooth: 0","mainNode"
"1765972972.5319176","1765972972.531776","/home/samuchair/ros2_ws/install/samuchair/lib/python3.12/site-packages/samuchair/arduinoNode.py","handle_joystick_silla","20","61","Enviando comando al Arduino: velocidad","Joystick"
"1765972972.5319555","1765972972.531847","/home/samuchair/ros2_ws/install/samuchair/lib/python3.12/site-packages/samuchair/mainNode.py","callback_handleServiceResponse","20","142","Estoy en el servicio llamado desde mainNode","mainNode"
"1765972972.8342028","1765972972.8340707","/home/samuchair/ros2_ws/install/samuchair/lib/python3.12/site-packages/samuchair/mainNode.py","callback_handleServiceResponse","20","142","Estoy en el servicio llamado desde mainNode","mainNode"
"1765972974.590082","1765972974.5899835","/home/samuchair/ros2_ws/install/samuchair/lib/python3.12/site-packages/samuchair/jBNode.py","jb_callback","20","38","Comando Joystick Bluetooth: 9","JoystickBluetooth"
"1765972974.5903676","1765972974.59025","/home/samuchair/ros2_ws/install/samuchair/lib/python3.12/site-packages/samuchair/mainNode.py","callback_subJoy","20","82","Comando Joystick Bluetooth: 9","mainNode"
"1765972974.591984","1765972974.5918534","/home/samuchair/ros2_ws/install/samuchair/lib/python3.12/site-packages/samuchair/arduinoNode.py","handle_joystick_silla","20","61","Enviando comando al Arduino: velocidad","Joystick"
"1765972974.894128","1765972974.8940003","/home/samuchair/ros2_ws/install/samuchair/lib/python3.12/site-packages/samuchair/mainNode.py","callback_handleServiceResponse","20","142","Estoy en el servicio llamado desde mainNode","mainNode"
"1765972977.7025843","1765972977.702488","/home/samuchair/ros2_ws/install/samuchair/lib/python3.12/site-packages/samuchair/jBNode.py","jb_callback","20","38","Comando Joystick Bluetooth: 0","JoystickBluetooth"
"1765972977.7029054","1765972977.7026749","/home/samuchair/ros2_ws/install/samuchair/lib/python3.12/site-packages/samuchair/mainNode.py","callback_subJoy","20","82","Comando Joystick Bluetooth: 0","mainNode"
"1765972977.7046487","1765972977.7045243","/home/samuchair/ros2_ws/install/samuchair/lib/python3.12/site-packages/samuchair/arduinoNode.py","handle_joystick_silla","20","61","Enviando comando al Arduino: velocidad","Joystick"
"1765972978.0070548","1765972978.0069225","/home/samuchair/ros2_ws/install/samuchair/lib/python3.12/site-packages/samuchair/mainNode.py","callback_handleServiceResponse","20","142","Estoy en el servicio llamado desde mainNode","mainNode"
"1765972979.4197023","1765972979.4195974","/home/samuchair/ros2_ws/install/samuchair/lib/python3.12/site-packages/samuchair/secondarytaskNode.py","timer_callback","20","220","Publicado: ""0""","ST"
"1765972979.4207175","1765972979.420626","/home/samuchair/ros2_ws/install/samuchair/lib/python3.12/site-packages/samuchair/secondarytaskNode.py","start_random_timer","20","180","Dato publicado ST: 8.006822290272087","ST"
"1765972979.7650204","1765972979.7649224","/home/samuchair/ros2_ws/install/samuchair/lib/python3.12/site-packages/samuchair/jBNode.py","jb_callback","20","38","Comando Joystick Bluetooth: 3","JoystickBluetooth"
"1765972979.765306","1765972979.7651923","/home/samuchair/ros2_ws/install/samuchair/lib/python3.12/site-packages/samuchair/mainNode.py","callback_subJoy","20","82","Comando Joystick Bluetooth: 3","mainNode"
"1765972979.7668896","1765972979.7667778","/home/samuchair/ros2_ws/install/samuchair/lib/python3.12/site-packages/samuchair/arduinoNode.py","handle_joystick_silla","20","61","Enviando comando al Arduino: velocidad","Joystick"
"1765972980.0530324","1765972980.052945","/home/samuchair/ros2_ws/install/samuchair/lib/python3.12/site-packages/samuchair/secondarytaskNode.py","timer_lectura","20","203","Dato medido ST: 0.1192171573638916","ST"
"1765972980.0689986","1765972980.068894","/home/samuchair/ros2_ws/install/samuchair/lib/python3.12/site-packages/samuchair/mainNode.py","callback_handleServiceResponse","20","142","Estoy en el servicio llamado desde mainNode","mainNode"
"1765972982.2776914","1765972982.2775655","/home/samuchair/ros2_ws/install/samuchair/lib/python3.12/site-packages/samuchair/jBNode.py","jb_callback","20","38","Comando Joystick Bluetooth: 10","JoystickBluetooth"
"1765972982.2782826","1765972982.2779508","/home/samuchair/ros2_ws/install/samuchair/lib/python3.12/site-packages/samuchair/mainNode.py","callback_subJoy","20","82","Comando Joystick Bluetooth: 10","mainNode"
"1765972982.2797835","1765972982.2796845","/home/samuchair/ros2_ws/install/samuchair/lib/python3.12/site-packages/samuchair/arduinoNode.py","handle_joystick_silla","20","61","Enviando comando al Arduino: velocidad","Joystick"
"1765972982.5821936","1765972982.5820317","/home/samuchair/ros2_ws/install/samuchair/lib/python3.12/site-packages/samuchair/mainNode.py","callback_handleServiceResponse","20","142","Estoy en el servicio llamado desde mainNode","mainNode"
"1765972987.9025543","1765972987.9024522","/home/samuchair/ros2_ws/install/samuchair/lib/python3.12/site-packages/samuchair/secondarytaskNode.py","timer_callback","20","220","Publicado: ""0""","ST"
"1765972987.9035869","1765972987.9034867","/home/samuchair/ros2_ws/install/samuchair/lib/python3.12/site-packages/samuchair/secondarytaskNode.py","start_random_timer","20","180","Dato publicado ST: 14.70315669712278","ST"
"1765972988.0530322","1765972988.0529337","/home/samuchair/ros2_ws/install/samuchair/lib/python3.12/site-packages/samuchair/secondarytaskNode.py","timer_lectura","20","203","Dato medido ST: 0.08484220504760742","ST"
"1765972989.7028198","1765972989.702606","/home/samuchair/ros2_ws/install/samuchair/lib/python3.12/site-packages/samuchair/jBNode.py","jb_callback","20","38","Comando Joystick Bluetooth: 3","JoystickBluetooth"
"1765972989.7031434","1765972989.7029037","/home/samuchair/ros2_ws/install/samuchair/lib/python3.12/site-packages/samuchair/mainNode.py","callback_subJoy","20","82","Comando Joystick Bluetooth: 3","mainNode"
"1765972989.7048368","1765972989.7047112","/home/samuchair/ros2_ws/install/samuchair/lib/python3.12/site-packages/samuchair/arduinoNode.py","handle_joystick_silla","20","61","Enviando comando al Arduino: velocidad","Joystick"
"1765972990.007277","1765972990.007128","/home/samuchair/ros2_ws/install/samuchair/lib/python3.12/site-packages/samuchair/mainNode.py","callback_handleServiceResponse","20","142","Estoy en el servicio llamado desde mainNode","mainNode"
"1765972997.2029305","1765972997.202771","/home/samuchair/ros2_ws/install/samuchair/lib/python3.12/site-packages/samuchair/jBNode.py","jb_callback","20","38","Comando Joystick Bluetooth: 10","JoystickBluetooth"
"1765972997.2034767","1765972997.203317","/home/samuchair/ros2_ws/install/samuchair/lib/python3.12/site-packages/samuchair/mainNode.py","callback_subJoy","20","82","Comando Joystick Bluetooth: 10","mainNode"
"1765972997.2050319","1765972997.204915","/home/samuchair/ros2_ws/install/samuchair/lib/python3.12/site-packages/samuchair/arduinoNode.py","handle_joystick_silla","20","61","Enviando comando al Arduino: velocidad","Joystick"
"1765972997.5075204","1765972997.507387","/home/samuchair/ros2_ws/install/samuchair/lib/python3.12/site-packages/samuchair/mainNode.py","callback_handleServiceResponse","20","142","Estoy en el servicio llamado desde mainNode","mainNode"
"1765972998.5153978","1765972998.5152953","/home/samuchair/ros2_ws/install/samuchair/lib/python3.12/site-packages/samuchair/jBNode.py","jb_callback","20","38","Comando Joystick Bluetooth: 9","JoystickBluetooth"
"1765972998.5159242","1765972998.5158012","/home/samuchair/ros2_ws/install/samuchair/lib/python3.12/site-packages/samuchair/mainNode.py","callback_subJoy","20","82","Comando Joystick Bluetooth: 9","mainNode"
"1765972998.517529","1765972998.5174096","/home/samuchair/ros2_ws/install/samuchair/lib/python3.12/site-packages/samuchair/arduinoNode.py","handle_joystick_silla","20","61","Enviando comando al Arduino: velocidad","Joystick"
"1765972998.819957","1765972998.819822","/home/samuchair/ros2_ws/install/samuchair/lib/python3.12/site-packages/samuchair/mainNode.py","callback_handleServiceResponse","20","142","Estoy en el servicio llamado desde mainNode","mainNode"
"1765973001.2529","1765973001.2527995","/home/samuchair/ros2_ws/install/samuchair/lib/python3.12/site-packages/samuchair/jBNode.py","jb_callback","20","38","Comando Joystick Bluetooth: 10","JoystickBluetooth"
"1765973001.2533607","1765973001.2532275","/home/samuchair/ros2_ws/install/samuchair/lib/python3.12/site-packages/samuchair/mainNode.py","callback_subJoy","20","82","Comando Joystick Bluetooth: 10","mainNode"
"1765973001.2549715","1765973001.2548537","/home/samuchair/ros2_ws/install/samuchair/lib/python3.12/site-packages/samuchair/arduinoNode.py","handle_joystick_silla","20","61","Enviando comando al Arduino: velocidad","Joystick"
"1765973001.290361","1765973001.2902439","/home/samuchair/ros2_ws/install/samuchair/lib/python3.12/site-packages/samuchair/jBNode.py","jb_callback","20","38","Comando Joystick Bluetooth: 9","JoystickBluetooth"
"1765973001.290807","1765973001.2906888","/home/samuchair/ros2_ws/install/samuchair/lib/python3.12/site-packages/samuchair/mainNode.py","callback_subJoy","20","82","Comando Joystick Bluetooth: 9","mainNode"
"1765973001.3278475","1765973001.327744","/home/samuchair/ros2_ws/install/samuchair/lib/python3.12/site-packages/samuchair/jBNode.py","jb_callback","20","38","Comando Joystick Bluetooth: 10","JoystickBluetooth"
"1765973001.3282585","1765973001.3281066","/home/samuchair/ros2_ws/install/samuchair/lib/python3.12/site-packages/samuchair/mainNode.py","callback_subJoy","20","82","Comando Joystick Bluetooth: 10","mainNode"
"1765973001.4778202","1765973001.4777157","/home/samuchair/ros2_ws/install/samuchair/lib/python3.12/site-packages/samuchair/jBNode.py","jb_callback","20","38","Comando Joystick Bluetooth: 9","JoystickBluetooth"
"1765973001.4782493","1765973001.478135","/home/samuchair/ros2_ws/install/samuchair/lib/python3.12/site-packages/samuchair/mainNode.py","callback_subJoy","20","82","Comando Joystick Bluetooth: 9","mainNode"
"1765973001.5572488","1765973001.5570908","/home/samuchair/ros2_ws/install/samuchair/lib/python3.12/site-packages/samuchair/arduinoNode.py","handle_joystick_silla","20","61","Enviando comando al Arduino: velocidad","Joystick"
"1765973001.557316","1765973001.5570958","/home/samuchair/ros2_ws/install/samuchair/lib/python3.12/site-packages/samuchair/mainNode.py","callback_handleServiceResponse","20","142","Estoy en el servicio llamado desde mainNode","mainNode"
"1765973001.8596818","1765973001.8594487","/home/samuchair/ros2_ws/install/samuchair/lib/python3.12/site-packages/samuchair/arduinoNode.py","handle_joystick_silla","20","61","Enviando comando al Arduino: velocidad","Joystick"
"1765973001.8597147","1765973001.8594668","/home/samuchair/ros2_ws/install/samuchair/lib/python3.12/site-packages/samuchair/mainNode.py","callback_handleServiceResponse","20","142","Estoy en el servicio llamado desde mainNode","mainNode"
"1765973002.161952","1765973002.161825","/home/samuchair/ros2_ws/install/samuchair/lib/python3.12/site-packages/samuchair/mainNode.py","callback_handleServiceResponse","20","142","Estoy en el servicio llamado desde mainNode","mainNode"
"1765973002.162122","1765973002.1618884","/home/samuchair/ros2_ws/install/samuchair/lib/python3.12/site-packages/samuchair/arduinoNode.py","handle_joystick_silla","20","61","Enviando comando al Arduino: velocidad","Joystick"
"1765973002.4643877","1765973002.464242","/home/samuchair/ros2_ws/install/samuchair/lib/python3.12/site-packages/samuchair/mainNode.py","callback_handleServiceResponse","20","142","Estoy en el servicio llamado desde mainNode","mainNode"
"1765973003.0706146","1765973003.0705175","/home/samuchair/ros2_ws/install/samuchair/lib/python3.12/site-packages/samuchair/secondarytaskNode.py","timer_callback","20","220","Publicado: ""1""","ST"
"1765973003.0716226","1765973003.0715373","/home/samuchair/ros2_ws/install/samuchair/lib/python3.12/site-packages/samuchair/secondarytaskNode.py","start_random_timer","20","180","Dato publicado ST: 11.369377375251055","ST"
"1765973004.0530236","1765973004.0529206","/home/samuchair/ros2_ws/install/samuchair/lib/python3.12/site-packages/samuchair/secondarytaskNode.py","timer_lectura","20","203","Dato medido ST: 0.021513938903808594","ST"
"1765973004.4404757","1765973004.4403658","/home/samuchair/ros2_ws/install/samuchair/lib/python3.12/site-packages/samuchair/jBNode.py","jb_callback","20","38","Comando Joystick Bluetooth: 0","JoystickBluetooth"
"1765973004.4409318","1765973004.440813","/home/samuchair/ros2_ws/install/samuchair/lib/python3.12/site-packages/samuchair/mainNode.py","callback_subJoy","20","82","Comando Joystick Bluetooth: 0","mainNode"
"1765973004.442605","1765973004.4424837","/home/samuchair/ros2_ws/install/samuchair/lib/python3.12/site-packages/samuchair/arduinoNode.py","handle_joystick_silla","20","61","Enviando comando al Arduino: velocidad","Joystick"
"1765973004.74495","1765973004.7448225","/home/samuchair/ros2_ws/install/samuchair/lib/python3.12/site-packages/samuchair/mainNode.py","callback_handleServiceResponse","20","142","Estoy en el servicio llamado desde mainNode","mainNode"
"1765973006.0904965","1765973006.09039","/home/samuchair/ros2_ws/install/samuchair/lib/python3.12/site-packages/samuchair/jBNode.py","jb_callback","20","38","Comando Joystick Bluetooth: 3","JoystickBluetooth"
"1765973006.0909529","1765973006.0908318","/home/samuchair/ros2_ws/install/samuchair/lib/python3.12/site-packages/samuchair/mainNode.py","callback_subJoy","20","82","Comando Joystick Bluetooth: 3","mainNode"
"1765973006.092564","1765973006.0924375","/home/samuchair/ros2_ws/install/samuchair/lib/python3.12/site-packages/samuchair/arduinoNode.py","handle_joystick_silla","20","61","Enviando comando al Arduino: velocidad","Joystick"
"1765973006.3948972","1765973006.39475","/home/samuchair/ros2_ws/install/samuchair/lib/python3.12/site-packages/samuchair/mainNode.py","callback_handleServiceResponse","20","142","Estoy en el servicio llamado desde mainNode","mainNode"
"1765973014.905304","1765973014.905145","/home/samuchair/ros2_ws/install/samuchair/lib/python3.12/site-packages/samuchair/secondarytaskNode.py","timer_callback","20","220","Publicado: ""1""","ST"
"1765973014.9063134","1765973014.9061823","/home/samuchair/ros2_ws/install/samuchair/lib/python3.12/site-packages/samuchair/secondarytaskNode.py","start_random_timer","20","180","Dato publicado ST: 6.224722835932711","ST"
"1765973015.0530708","1765973015.052969","/home/samuchair/ros2_ws/install/samuchair/lib/python3.12/site-packages/samuchair/secondarytaskNode.py","timer_lectura","20","203","Dato medido ST: 0.0914924144744873","ST"
"1765973017.0781586","1765973017.078049","/home/samuchair/ros2_ws/install/samuchair/lib/python3.12/site-packages/samuchair/jBNode.py","jb_callback","20","38","Comando Joystick Bluetooth: 10","JoystickBluetooth"
"1765973017.0788083","1765973017.0784643","/home/samuchair/ros2_ws/install/samuchair/lib/python3.12/site-packages/samuchair/mainNode.py","callback_subJoy","20","82","Comando Joystick Bluetooth: 10","mainNode"
"1765973017.0801768","1765973017.080036","/home/samuchair/ros2_ws/install/samuchair/lib/python3.12/site-packages/samuchair/arduinoNode.py","handle_joystick_silla","20","61","Enviando comando al Arduino: velocidad","Joystick"
"1765973017.3825","1765973017.3823743","/home/samuchair/ros2_ws/install/samuchair/lib/python3.12/site-packages/samuchair/mainNode.py","callback_handleServiceResponse","20","142","Estoy en el servicio llamado desde mainNode","mainNode"
"1765973021.5781708","1765973021.5780551","/home/samuchair/ros2_ws/install/samuchair/lib/python3.12/site-packages/samuchair/jBNode.py","jb_callback","20","38","Comando Joystick Bluetooth: 3","JoystickBluetooth"
"1765973021.5792258","1765973021.5785134","/home/samuchair/ros2_ws/install/samuchair/lib/python3.12/site-packages/samuchair/mainNode.py","callback_subJoy","20","82","Comando Joystick Bluetooth: 3","mainNode"
"1765973021.5792556","1765973021.5790625","/home/samuchair/ros2_ws/install/samuchair/lib/python3.12/site-packages/samuchair/jBNode.py","jb_callback","20","38","Comando Joystick Bluetooth: 0","JoystickBluetooth"
"1765973021.5804515","1765973021.5803335","/home/samuchair/ros2_ws/install/samuchair/lib/python3.12/site-packages/samuchair/mainNode.py","callback_subJoy","20","82","Comando Joystick Bluetooth: 0","mainNode"
"1765973021.58081","1765973021.5806885","/home/samuchair/ros2_ws/install/samuchair/lib/python3.12/site-packages/samuchair/arduinoNode.py","handle_joystick_silla","20","61","Enviando comando al Arduino: velocidad","Joystick"
"1765973021.5930216","1765973021.5929356","/home/samuchair/ros2_ws/install/samuchair/lib/python3.12/site-packages/samuchair/secondarytaskNode.py","timer_callback","20","220","Publicado: ""0""","ST"
"1765973021.5938463","1765973021.5937731","/home/samuchair/ros2_ws/install/samuchair/lib/python3.12/site-packages/samuchair/secondarytaskNode.py","start_random_timer","20","180","Dato publicado ST: 12.966074881781267","ST"
"1765973021.8832774","1765973021.8830943","/home/samuchair/ros2_ws/install/samuchair/lib/python3.12/site-packages/samuchair/arduinoNode.py","handle_joystick_silla","20","61","Enviando comando al Arduino: velocidad","Joystick"
"1765973021.8833127","1765973021.8830974","/home/samuchair/ros2_ws/install/samuchair/lib/python3.12/site-packages/samuchair/mainNode.py","callback_handleServiceResponse","20","142","Estoy en el servicio llamado desde mainNode","mainNode"
"1765973022.028234","1765973022.0281198","/home/samuchair/ros2_ws/install/samuchair/lib/python3.12/site-packages/samuchair/jBNode.py","jb_callback","20","38","Comando Joystick Bluetooth: 9","JoystickBluetooth"
"1765973022.028712","1765973022.0285661","/home/samuchair/ros2_ws/install/samuchair/lib/python3.12/site-packages/samuchair/mainNode.py","callback_subJoy","20","82","Comando Joystick Bluetooth: 9","mainNode"
"1765973022.0529034","1765973022.0528193","/home/samuchair/ros2_ws/install/samuchair/lib/python3.12/site-packages/samuchair/secondarytaskNode.py","timer_lectura","20","203","Dato medido ST: 0.059851884841918945","ST"
"1765973022.1856077","1765973022.1854622","/home/samuchair/ros2_ws/install/samuchair/lib/python3.12/site-packages/samuchair/arduinoNode.py","handle_joystick_silla","20","61","Enviando comando al Arduino: velocidad","Joystick"
"1765973022.1856437","1765973022.1854546","/home/samuchair/ros2_ws/install/samuchair/lib/python3.12/site-packages/samuchair/mainNode.py","callback_handleServiceResponse","20","142","Estoy en el servicio llamado desde mainNode","mainNode"
"1765973022.4875104","1765973022.487397","/home/samuchair/ros2_ws/install/samuchair/lib/python3.12/site-packages/samuchair/mainNode.py","callback_handleServiceResponse","20","142","Estoy en el servicio llamado desde mainNode","mainNode"
"1765973026.2283125","1765973026.228192","/home/samuchair/ros2_ws/install/samuchair/lib/python3.12/site-packages/samuchair/jBNode.py","jb_callback","20","38","Comando Joystick Bluetooth: 0","JoystickBluetooth"
"1765973026.2287583","1765973026.2286377","/home/samuchair/ros2_ws/install/samuchair/lib/python3.12/site-packages/samuchair/mainNode.py","callback_subJoy","20","82","Comando Joystick Bluetooth: 0","mainNode"
"1765973026.2304156","1765973026.2302964","/home/samuchair/ros2_ws/install/samuchair/lib/python3.12/site-packages/samuchair/arduinoNode.py","handle_joystick_silla","20","61","Enviando comando al Arduino: velocidad","Joystick"
"1765973026.532752","1765973026.5326183","/home/samuchair/ros2_ws/install/samuchair/lib/python3.12/site-packages/samuchair/mainNode.py","callback_handleServiceResponse","20","142","Estoy en el servicio llamado desde mainNode","mainNode"
"1765973026.9783282","1765973026.9781954","/home/samuchair/ros2_ws/install/samuchair/lib/python3.12/site-packages/samuchair/jBNode.py","jb_callback","20","38","Comando Joystick Bluetooth: 3","JoystickBluetooth"
"1765973026.9787903","1765973026.9786315","/home/samuchair/ros2_ws/install/samuchair/lib/python3.12/site-packages/samuchair/mainNode.py","callback_subJoy","20","82","Comando Joystick Bluetooth: 3","mainNode"
"1765973026.9804528","1765973026.9802945","/home/samuchair/ros2_ws/install/samuchair/lib/python3.12/site-packages/samuchair/arduinoNode.py","handle_joystick_silla","20","61","Enviando comando al Arduino: velocidad","Joystick"
"1765973027.282818","1765973027.282652","/home/samuchair/ros2_ws/install/samuchair/lib/python3.12/site-packages/samuchair/mainNode.py","callback_handleServiceResponse","20","142","Estoy en el servicio llamado desde mainNode","mainNode"
"1765973028.7408578","1765973028.7407513","/home/samuchair/ros2_ws/install/samuchair/lib/python3.12/site-packages/samuchair/jBNode.py","jb_callback","20","38","Comando Joystick Bluetooth: 0","JoystickBluetooth"
"1765973028.7411861","1765973028.7410824","/home/samuchair/ros2_ws/install/samuchair/lib/python3.12/site-packages/samuchair/mainNode.py","callback_subJoy","20","82","Comando Joystick Bluetooth: 0","mainNode"
"1765973028.7429237","1765973028.7427995","/home/samuchair/ros2_ws/install/samuchair/lib/python3.12/site-packages/samuchair/arduinoNode.py","handle_joystick_silla","20","61","Enviando comando al Arduino: velocidad","Joystick"
"1765973028.815827","1765973028.8157187","/home/samuchair/ros2_ws/install/samuchair/lib/python3.12/site-packages/samuchair/jBNode.py","jb_callback","20","38","Comando Joystick Bluetooth: 3","JoystickBluetooth"
"1765973028.8162482","1765973028.8161259","/home/samuchair/ros2_ws/install/samuchair/lib/python3.12/site-packages/samuchair/mainNode.py","callback_subJoy","20","82","Comando Joystick Bluetooth: 3","mainNode"
"1765973029.0454025","1765973029.0452254","/home/samuchair/ros2_ws/install/samuchair/lib/python3.12/site-packages/samuchair/mainNode.py","callback_handleServiceResponse","20","142","Estoy en el servicio llamado desde mainNode","mainNode"
"1765973029.0454378","1765973029.0452802","/home/samuchair/ros2_ws/install/samuchair/lib/python3.12/site-packages/samuchair/arduinoNode.py","handle_joystick_silla","20","61","Enviando comando al Arduino: velocidad","Joystick"
"1765973029.3476593","1765973029.3475432","/home/samuchair/ros2_ws/install/samuchair/lib/python3.12/site-packages/samuchair/mainNode.py","callback_handleServiceResponse","20","142","Estoy en el servicio llamado desde mainNode","mainNode"
"1765973031.178337","1765973031.1782131","/home/samuchair/ros2_ws/install/samuchair/lib/python3.12/site-packages/samuchair/jBNode.py","jb_callback","20","38","Comando Joystick Bluetooth: 0","JoystickBluetooth"
"1765973031.178789","1765973031.178669","/home/samuchair/ros2_ws/install/samuchair/lib/python3.12/site-packages/samuchair/mainNode.py","callback_subJoy","20","82","Comando Joystick Bluetooth: 0","mainNode"
"1765973031.1803894","1765973031.1802566","/home/samuchair/ros2_ws/install/samuchair/lib/python3.12/site-packages/samuchair/arduinoNode.py","handle_joystick_silla","20","61","Enviando comando al Arduino: velocidad","Joystick"
"1765973031.3658946","1765973031.3657856","/home/samuchair/ros2_ws/install/samuchair/lib/python3.12/site-packages/samuchair/jBNode.py","jb_callback","20","38","Comando Joystick Bluetooth: 9","JoystickBluetooth"
"1765973031.366396","1765973031.3662775","/home/samuchair/ros2_ws/install/samuchair/lib/python3.12/site-packages/samuchair/mainNode.py","callback_subJoy","20","82","Comando Joystick Bluetooth: 9","mainNode"
"1765973031.4826493","1765973031.4825113","/home/samuchair/ros2_ws/install/samuchair/lib/python3.12/site-packages/samuchair/arduinoNode.py","handle_joystick_silla","20","61","Enviando comando al Arduino: velocidad","Joystick"
"1765973031.482687","1765973031.482581","/home/samuchair/ros2_ws/install/samuchair/lib/python3.12/site-packages/samuchair/mainNode.py","callback_handleServiceResponse","20","142","Estoy en el servicio llamado desde mainNode","mainNode"
"1765973031.7850728","1765973031.784942","/home/samuchair/ros2_ws/install/samuchair/lib/python3.12/site-packages/samuchair/mainNode.py","callback_handleServiceResponse","20","142","Estoy en el servicio llamado desde mainNode","mainNode"
"1765973032.7159846","1765973032.7157867","/home/samuchair/ros2_ws/install/samuchair/lib/python3.12/site-packages/samuchair/jBNode.py","jb_callback","20","38","Comando Joystick Bluetooth: 0","JoystickBluetooth"
"1765973032.7166593","1765973032.716123","/home/samuchair/ros2_ws/install/samuchair/lib/python3.12/site-packages/samuchair/mainNode.py","callback_subJoy","20","82","Comando Joystick Bluetooth: 0","mainNode"
"1765973032.7183678","1765973032.718226","/home/samuchair/ros2_ws/install/samuchair/lib/python3.12/site-packages/samuchair/arduinoNode.py","handle_joystick_silla","20","61","Enviando comando al Arduino: velocidad","Joystick"
"1765973033.0207283","1765973033.020562","/home/samuchair/ros2_ws/install/samuchair/lib/python3.12/site-packages/samuchair/mainNode.py","callback_handleServiceResponse","20","142","Estoy en el servicio llamado desde mainNode","mainNode"
"1765973033.5033746","1765973033.5032606","/home/samuchair/ros2_ws/install/samuchair/lib/python3.12/site-packages/samuchair/jBNode.py","jb_callback","20","38","Comando Joystick Bluetooth: 5","JoystickBluetooth"
"1765973033.5038042","1765973033.5036974","/home/samuchair/ros2_ws/install/samuchair/lib/python3.12/site-packages/samuchair/mainNode.py","callback_subJoy","20","82","Comando Joystick Bluetooth: 5","mainNode"
"1765973033.5053947","1765973033.5052757","/home/samuchair/ros2_ws/install/samuchair/lib/python3.12/site-packages/samuchair/arduinoNode.py","handle_joystick_silla","20","61","Enviando comando al Arduino: velocidad","Joystick"
"1765973033.807761","1765973033.8076272","/home/samuchair/ros2_ws/install/samuchair/lib/python3.12/site-packages/samuchair/mainNode.py","callback_handleServiceResponse","20","142","Estoy en el servicio llamado desde mainNode","mainNode"
"1765973035.024762","1765973035.024622","/home/samuchair/ros2_ws/install/samuchair/lib/python3.12/site-packages/samuchair/secondarytaskNode.py","timer_callback","20","220","Publicado: ""0""","ST"
"1765973035.0258799","1765973035.0257745","/home/samuchair/ros2_ws/install/samuchair/lib/python3.12/site-packages/samuchair/secondarytaskNode.py","start_random_timer","20","180","Dato publicado ST: 10.431832643824261","ST"
"1765973035.0783873","1765973035.078283","/home/samuchair/ros2_ws/install/samuchair/lib/python3.12/site-packages/samuchair/jBNode.py","jb_callback","20","38","Comando Joystick Bluetooth: 15","JoystickBluetooth"
"1765973035.0788937","1765973035.0787804","/home/samuchair/ros2_ws/install/samuchair/lib/python3.12/site-packages/samuchair/mainNode.py","callback_subJoy","20","82","Comando Joystick Bluetooth: 15","mainNode"
"1765973035.0805335","1765973035.080413","/home/samuchair/ros2_ws/install/samuchair/lib/python3.12/site-packages/samuchair/arduinoNode.py","handle_joystick_silla","20","61","Enviando comando al Arduino: velocidad","Joystick"
"1765973035.382933","1765973035.3828044","/home/samuchair/ros2_ws/install/samuchair/lib/python3.12/site-packages/samuchair/mainNode.py","callback_handleServiceResponse","20","142","Estoy en el servicio llamado desde mainNode","mainNode"
"1765973035.4909205","1765973035.4908197","/home/samuchair/ros2_ws/install/samuchair/lib/python3.12/site-packages/samuchair/jBNode.py","jb_callback","20","38","Comando Joystick Bluetooth: 9","JoystickBluetooth"
"1765973035.4913907","1765973035.4912267","/home/samuchair/ros2_ws/install/samuchair/lib/python3.12/site-packages/samuchair/mainNode.py","callback_subJoy","20","82","Comando Joystick Bluetooth: 9","mainNode"
"1765973035.4929948","1765973035.4928653","/home/samuchair/ros2_ws/install/samuchair/lib/python3.12/site-packages/samuchair/arduinoNode.py","handle_joystick_silla","20","61","Enviando comando al Arduino: velocidad","Joystick"
"1765973035.5283532","1765973035.528246","/home/samuchair/ros2_ws/install/samuchair/lib/python3.12/site-packages/samuchair/jBNode.py","jb_callback","20","38","Comando Joystick Bluetooth: 15","JoystickBluetooth"
"1765973035.5288117","1765973035.5286982","/home/samuchair/ros2_ws/install/samuchair/lib/python3.12/site-packages/samuchair/mainNode.py","callback_subJoy","20","82","Comando Joystick Bluetooth: 15","mainNode"
"1765973035.795327","1765973035.795178","/home/samuchair/ros2_ws/install/samuchair/lib/python3.12/site-packages/samuchair/mainNode.py","callback_handleServiceResponse","20","142","Estoy en el servicio llamado desde mainNode","mainNode"
"1765973035.7953627","1765973035.7951672","/home/samuchair/ros2_ws/install/samuchair/lib/python3.12/site-packages/samuchair/arduinoNode.py","handle_joystick_silla","20","61","Enviando comando al Arduino: velocidad","Joystick"
"1765973036.0529954","1765973036.0528975","/home/samuchair/ros2_ws/install/samuchair/lib/python3.12/site-packages/samuchair/secondarytaskNode.py","timer_lectura","20","203","Dato medido ST: 0.06905484199523926","ST"
"1765973036.0976248","1765973036.097496","/home/samuchair/ros2_ws/install/samuchair/lib/python3.12/site-packages/samuchair/mainNode.py","callback_handleServiceResponse","20","142","Estoy en el servicio llamado desde mainNode","mainNode"
"1765973037.5159824","1765973037.515877","/home/samuchair/ros2_ws/install/samuchair/lib/python3.12/site-packages/samuchair/jBNode.py","jb_callback","20","38","Comando Joystick Bluetooth: 9","JoystickBluetooth"
"1765973037.516392","1765973037.516261","/home/samuchair/ros2_ws/install/samuchair/lib/python3.12/site-packages/samuchair/mainNode.py","callback_subJoy","20","82","Comando Joystick Bluetooth: 9","mainNode"
"1765973037.5180285","1765973037.5179098","/home/samuchair/ros2_ws/install/samuchair/lib/python3.12/site-packages/samuchair/arduinoNode.py","handle_joystick_silla","20","61","Enviando comando al Arduino: velocidad","Joystick"
"1765973037.5908966","1765973037.590802","/home/samuchair/ros2_ws/install/samuchair/lib/python3.12/site-packages/samuchair/jBNode.py","jb_callback","20","38","Comando Joystick Bluetooth: 0","JoystickBluetooth"
"1765973037.5913641","1765973037.5912323","/home/samuchair/ros2_ws/install/samuchair/lib/python3.12/site-packages/samuchair/mainNode.py","callback_subJoy","20","82","Comando Joystick Bluetooth: 0","mainNode"
"1765973037.6283782","1765973037.628282","/home/samuchair/ros2_ws/install/samuchair/lib/python3.12/site-packages/samuchair/jBNode.py","jb_callback","20","38","Comando Joystick Bluetooth: 6","JoystickBluetooth"
"1765973037.6287942","1765973037.6286416","/home/samuchair/ros2_ws/install/samuchair/lib/python3.12/site-packages/samuchair/mainNode.py","callback_subJoy","20","82","Comando Joystick Bluetooth: 6","mainNode"
"1765973037.820441","1765973037.820258","/home/samuchair/ros2_ws/install/samuchair/lib/python3.12/site-packages/samuchair/arduinoNode.py","handle_joystick_silla","20","61","Enviando comando al Arduino: velocidad","Joystick"
"1765973037.820477","1765973037.820258","/home/samuchair/ros2_ws/install/samuchair/lib/python3.12/site-packages/samuchair/mainNode.py","callback_handleServiceResponse","20","142","Estoy en el servicio llamado desde mainNode","mainNode"
"1765973038.1228132","1765973038.1226623","/home/samuchair/ros2_ws/install/samuchair/lib/python3.12/site-packages/samuchair/mainNode.py","callback_handleServiceResponse","20","142","Estoy en el servicio llamado desde mainNode","mainNode"
"1765973038.1231854","1765973038.1227777","/home/samuchair/ros2_ws/install/samuchair/lib/python3.12/site-packages/samuchair/arduinoNode.py","handle_joystick_silla","20","61","Enviando comando al Arduino: velocidad","Joystick"
"1765973038.425273","1765973038.4251354","/home/samuchair/ros2_ws/install/samuchair/lib/python3.12/site-packages/samuchair/mainNode.py","callback_handleServiceResponse","20","142","Estoy en el servicio llamado desde mainNode","mainNode"
"1765973038.67846","1765973038.6783466","/home/samuchair/ros2_ws/install/samuchair/lib/python3.12/site-packages/samuchair/jBNode.py","jb_callback","20","38","Comando Joystick Bluetooth: 17","JoystickBluetooth"
"1765973038.6789048","1765973038.6787953","/home/samuchair/ros2_ws/install/samuchair/lib/python3.12/site-packages/samuchair/mainNode.py","callback_subJoy","20","82","Comando Joystick Bluetooth: 17","mainNode"
"1765973038.6805172","1765973038.680398","/home/samuchair/ros2_ws/install/samuchair/lib/python3.12/site-packages/samuchair/arduinoNode.py","handle_joystick_silla","20","61","Enviando comando al Arduino: velocidad","Joystick"
"1765973038.9828725","1765973038.982743","/home/samuchair/ros2_ws/install/samuchair/lib/python3.12/site-packages/samuchair/mainNode.py","callback_handleServiceResponse","20","142","Estoy en el servicio llamado desde mainNode","mainNode"
"1765973039.8034952","1765973039.803383","/home/samuchair/ros2_ws/install/samuchair/lib/python3.12/site-packages/samuchair/jBNode.py","jb_callback","20","38","Comando Joystick Bluetooth: 6","JoystickBluetooth"
"1765973039.8039095","1765973039.8038003","/home/samuchair/ros2_ws/install/samuchair/lib/python3.12/site-packages/samuchair/mainNode.py","callback_subJoy","20","82","Comando Joystick Bluetooth: 6","mainNode"
"1765973039.805535","1765973039.8054256","/home/samuchair/ros2_ws/install/samuchair/lib/python3.12/site-packages/samuchair/arduinoNode.py","handle_joystick_silla","20","61","Enviando comando al Arduino: velocidad","Joystick"
"1765973039.878461","1765973039.8783534","/home/samuchair/ros2_ws/install/samuchair/lib/python3.12/site-packages/samuchair/jBNode.py","jb_callback","20","38","Comando Joystick Bluetooth: 0","JoystickBluetooth"
"1765973039.878902","1765973039.878787","/home/samuchair/ros2_ws/install/samuchair/lib/python3.12/site-packages/samuchair/mainNode.py","callback_subJoy","20","82","Comando Joystick Bluetooth: 0","mainNode"
"1765973040.1078792","1765973040.107684","/home/samuchair/ros2_ws/install/samuchair/lib/python3.12/site-packages/samuchair/arduinoNode.py","handle_joystick_silla","20","61","Enviando comando al Arduino: velocidad","Joystick"
"1765973040.1079175","1765973040.10773","/home/samuchair/ros2_ws/install/samuchair/lib/python3.12/site-packages/samuchair/mainNode.py","callback_handleServiceResponse","20","142","Estoy en el servicio llamado desde mainNode","mainNode"
"1765973040.4101663","1765973040.4100244","/home/samuchair/ros2_ws/install/samuchair/lib/python3.12/site-packages/samuchair/mainNode.py","callback_handleServiceResponse","20","142","Estoy en el servicio llamado desde mainNode","mainNode"
"1765973040.5160046","1765973040.5158942","/home/samuchair/ros2_ws/install/samuchair/lib/python3.12/site-packages/samuchair/jBNode.py","jb_callback","20","38","Comando Joystick Bluetooth: 3","JoystickBluetooth"
"1765973040.5164568","1765973040.5163343","/home/samuchair/ros2_ws/install/samuchair/lib/python3.12/site-packages/samuchair/mainNode.py","callback_subJoy","20","82","Comando Joystick Bluetooth: 3","mainNode"
"1765973040.5180972","1765973040.517971","/home/samuchair/ros2_ws/install/samuchair/lib/python3.12/site-packages/samuchair/arduinoNode.py","handle_joystick_silla","20","61","Enviando comando al Arduino: velocidad","Joystick"
"1765973040.8204744","1765973040.820344","/home/samuchair/ros2_ws/install/samuchair/lib/python3.12/site-packages/samuchair/mainNode.py","callback_handleServiceResponse","20","142","Estoy en el servicio llamado desde mainNode","mainNode"
"1765973041.0410275","1765973041.0409198","/home/samuchair/ros2_ws/install/samuchair/lib/python3.12/site-packages/samuchair/jBNode.py","jb_callback","20","38","Comando Joystick Bluetooth: 0","JoystickBluetooth"
"1765973041.0414197","1765973041.0413146","/home/samuchair/ros2_ws/install/samuchair/lib/python3.12/site-packages/samuchair/mainNode.py","callback_subJoy","20","82","Comando Joystick Bluetooth: 0","mainNode"
"1765973041.043016","1765973041.0428932","/home/samuchair/ros2_ws/install/samuchair/lib/python3.12/site-packages/samuchair/arduinoNode.py","handle_joystick_silla","20","61","Enviando comando al Arduino: velocidad","Joystick"
"1765973041.2285106","1765973041.2283933","/home/samuchair/ros2_ws/install/samuchair/lib/python3.12/site-packages/samuchair/jBNode.py","jb_callback","20","38","Comando Joystick Bluetooth: 5","JoystickBluetooth"
"1765973041.2289238","1765973041.2288256","/home/samuchair/ros2_ws/install/samuchair/lib/python3.12/site-packages/samuchair/mainNode.py","callback_subJoy","20","82","Comando Joystick Bluetooth: 5","mainNode"
"1765973041.345356","1765973041.3452227","/home/samuchair/ros2_ws/install/samuchair/lib/python3.12/site-packages/samuchair/mainNode.py","callback_handleServiceResponse","20","142","Estoy en el servicio llamado desde mainNode","mainNode"
"1765973041.3454998","1765973041.3454034","/home/samuchair/ros2_ws/install/samuchair/lib/python3.12/site-packages/samuchair/arduinoNode.py","handle_joystick_silla","20","61","Enviando comando al Arduino: velocidad","Joystick"
"1765973041.647789","1765973041.6476681","/home/samuchair/ros2_ws/install/samuchair/lib/python3.12/site-packages/samuchair/mainNode.py","callback_handleServiceResponse","20","142","Estoy en el servicio llamado desde mainNode","mainNode"
"1765973044.753571","1765973044.7534616","/home/samuchair/ros2_ws/install/samuchair/lib/python3.12/site-packages/samuchair/jBNode.py","jb_callback","20","38","Comando Joystick Bluetooth: 0","JoystickBluetooth"
"1765973044.7538898","1765973044.75379","/home/samuchair/ros2_ws/install/samuchair/lib/python3.12/site-packages/samuchair/mainNode.py","callback_subJoy","20","82","Comando Joystick Bluetooth: 0","mainNode"
"1765973044.7555697","1765973044.7554455","/home/samuchair/ros2_ws/install/samuchair/lib/python3.12/site-packages/samuchair/arduinoNode.py","handle_joystick_silla","20","61","Enviando comando al Arduino: velocidad","Joystick"
"1765973044.9784825","1765973044.9783866","/home/samuchair/ros2_ws/install/samuchair/lib/python3.12/site-packages/samuchair/jBNode.py","jb_callback","20","38","Comando Joystick Bluetooth: 9","JoystickBluetooth"
"1765973044.978958","1765973044.9788375","/home/samuchair/ros2_ws/install/samuchair/lib/python3.12/site-packages/samuchair/mainNode.py","callback_subJoy","20","82","Comando Joystick Bluetooth: 9","mainNode"
"1765973045.0578609","1765973045.057721","/home/samuchair/ros2_ws/install/samuchair/lib/python3.12/site-packages/samuchair/arduinoNode.py","handle_joystick_silla","20","61","Enviando comando al Arduino: velocidad","Joystick"
"1765973045.0579164","1765973045.0577824","/home/samuchair/ros2_ws/install/samuchair/lib/python3.12/site-packages/samuchair/mainNode.py","callback_handleServiceResponse","20","142","Estoy en el servicio llamado desde mainNode","mainNode"
"1765973045.1660771","1765973045.165968","/home/samuchair/ros2_ws/install/samuchair/lib/python3.12/site-packages/samuchair/jBNode.py","jb_callback","20","38","Comando Joystick Bluetooth: 15","JoystickBluetooth"
"1765973045.16649","1765973045.1663764","/home/samuchair/ros2_ws/install/samuchair/lib/python3.12/site-packages/samuchair/mainNode.py","callback_subJoy","20","82","Comando Joystick Bluetooth: 15","mainNode"
"1765973045.3601158","1765973045.359993","/home/samuchair/ros2_ws/install/samuchair/lib/python3.12/site-packages/samuchair/arduinoNode.py","handle_joystick_silla","20","61","Enviando comando al Arduino: velocidad","Joystick"
"1765973045.3601506","1765973045.360059","/home/samuchair/ros2_ws/install/samuchair/lib/python3.12/site-packages/samuchair/mainNode.py","callback_handleServiceResponse","20","142","Estoy en el servicio llamado desde mainNode","mainNode"
"1765973045.6625767","1765973045.6624641","/home/samuchair/ros2_ws/install/samuchair/lib/python3.12/site-packages/samuchair/mainNode.py","callback_handleServiceResponse","20","142","Estoy en el servicio llamado desde mainNode","mainNode"
"1765973045.7285948","1765973045.7284863","/home/samuchair/ros2_ws/install/samuchair/lib/python3.12/site-packages/samuchair/jBNode.py","jb_callback","20","38","Comando Joystick Bluetooth: 5","JoystickBluetooth"
"1765973045.7289073","1765973045.728803","/home/samuchair/ros2_ws/install/samuchair/lib/python3.12/site-packages/samuchair/mainNode.py","callback_subJoy","20","82","Comando Joystick Bluetooth: 5","mainNode"
"1765973045.7305841","1765973045.7304528","/home/samuchair/ros2_ws/install/samuchair/lib/python3.12/site-packages/samuchair/arduinoNode.py","handle_joystick_silla","20","61","Enviando comando al Arduino: velocidad","Joystick"
"1765973045.9337664","1765973045.933664","/home/samuchair/ros2_ws/install/samuchair/lib/python3.12/site-packages/samuchair/secondarytaskNode.py","timer_callback","20","220","Publicado: ""0""","ST"
"1765973045.9347782","1765973045.9346852","/home/samuchair/ros2_ws/install/samuchair/lib/python3.12/site-packages/samuchair/secondarytaskNode.py","start_random_timer","20","180","Dato publicado ST: 7.731325436872211","ST"
"1765973046.0329847","1765973046.0328524","/home/samuchair/ros2_ws/install/samuchair/lib/python3.12/site-packages/samuchair/mainNode.py","callback_handleServiceResponse","20","142","Estoy en el servicio llamado desde mainNode","mainNode"
"1765973046.0529437","1765973046.0528562","/home/samuchair/ros2_ws/install/samuchair/lib/python3.12/site-packages/samuchair/secondarytaskNode.py","timer_lectura","20","203","Dato medido ST: 0.04056835174560547","ST"
"1765973046.4786282","1765973046.4785187","/home/samuchair/ros2_ws/install/samuchair/lib/python3.12/site-packages/samuchair/jBNode.py","jb_callback","20","38","Comando Joystick Bluetooth: 0","JoystickBluetooth"
"1765973046.4790232","1765973046.4789145","/home/samuchair/ros2_ws/install/samuchair/lib/python3.12/site-packages/samuchair/mainNode.py","callback_subJoy","20","82","Comando Joystick Bluetooth: 0","mainNode"
"1765973046.4806743","1765973046.4805453","/home/samuchair/ros2_ws/install/samuchair/lib/python3.12/site-packages/samuchair/arduinoNode.py","handle_joystick_silla","20","61","Enviando comando al Arduino: velocidad","Joystick"
"1765973046.7411847","1765973046.740983","/home/samuchair/ros2_ws/install/samuchair/lib/python3.12/site-packages/samuchair/jBNode.py","jb_callback","20","38","Comando Joystick Bluetooth: 6","JoystickBluetooth"
"1765973046.7415874","1765973046.7413144","/home/samuchair/ros2_ws/install/samuchair/lib/python3.12/site-packages/samuchair/mainNode.py","callback_subJoy","20","82","Comando Joystick Bluetooth: 6","mainNode"
"1765973046.782953","1765973046.7827392","/home/samuchair/ros2_ws/install/samuchair/lib/python3.12/site-packages/samuchair/mainNode.py","callback_handleServiceResponse","20","142","Estoy en el servicio llamado desde mainNode","mainNode"
"1765973046.7829814","1765973046.782746","/home/samuchair/ros2_ws/install/samuchair/lib/python3.12/site-packages/samuchair/arduinoNode.py","handle_joystick_silla","20","61","Enviando comando al Arduino: velocidad","Joystick"
"1765973047.0852222","1765973047.0850816","/home/samuchair/ros2_ws/install/samuchair/lib/python3.12/site-packages/samuchair/mainNode.py","callback_handleServiceResponse","20","142","Estoy en el servicio llamado desde mainNode","mainNode"
"1765973047.6785805","1765973047.6784823","/home/samuchair/ros2_ws/install/samuchair/lib/python3.12/site-packages/samuchair/jBNode.py","jb_callback","20","38","Comando Joystick Bluetooth: 0","JoystickBluetooth"
"1765973047.6790676","1765973047.6789513","/home/samuchair/ros2_ws/install/samuchair/lib/python3.12/site-packages/samuchair/mainNode.py","callback_subJoy","20","82","Comando Joystick Bluetooth: 0","mainNode"
"1765973047.6808243","1765973047.6806958","/home/samuchair/ros2_ws/install/samuchair/lib/python3.12/site-packages/samuchair/arduinoNode.py","handle_joystick_silla","20","61","Enviando comando al Arduino: velocidad","Joystick"
"1765973047.9035327","1765973047.9034321","/home/samuchair/ros2_ws/install/samuchair/lib/python3.12/site-packages/samuchair/jBNode.py","jb_callback","20","38","Comando Joystick Bluetooth: 9","JoystickBluetooth"
"1765973047.9039135","1765973047.9038022","/home/samuchair/ros2_ws/install/samuchair/lib/python3.12/site-packages/samuchair/mainNode.py","callback_subJoy","20","82","Comando Joystick Bluetooth: 9","mainNode"
"1765973047.9831228","1765973047.9829938","/home/samuchair/ros2_ws/install/samuchair/lib/python3.12/site-packages/samuchair/arduinoNode.py","handle_joystick_silla","20","61","Enviando comando al Arduino: velocidad","Joystick"
"1765973047.9832494","1765973047.9830992","/home/samuchair/ros2_ws/install/samuchair/lib/python3.12/site-packages/samuchair/mainNode.py","callback_handleServiceResponse","20","142","Estoy en el servicio llamado desde mainNode","mainNode"
"1765973048.0910919","1765973048.0909843","/home/samuchair/ros2_ws/install/samuchair/lib/python3.12/site-packages/samuchair/jBNode.py","jb_callback","20","38","Comando Joystick Bluetooth: 15","JoystickBluetooth"
"1765973048.0915837","1765973048.0914555","/home/samuchair/ros2_ws/install/samuchair/lib/python3.12/site-packages/samuchair/mainNode.py","callback_subJoy","20","82","Comando Joystick Bluetooth: 15","mainNode"
"1765973048.20364","1765973048.2035375","/home/samuchair/ros2_ws/install/samuchair/lib/python3.12/site-packages/samuchair/jBNode.py","jb_callback","20","38","Comando Joystick Bluetooth: 9","JoystickBluetooth"
"1765973048.2040157","1765973048.203902","/home/samuchair/ros2_ws/install/samuchair/lib/python3.12/site-packages/samuchair/mainNode.py","callback_subJoy","20","82","Comando Joystick Bluetooth: 9","mainNode"
"1765973048.2411537","1765973048.2410517","/home/samuchair/ros2_ws/install/samuchair/lib/python3.12/site-packages/samuchair/jBNode.py","jb_callback","20","38","Comando Joystick Bluetooth: 0","JoystickBluetooth"
"1765973048.2414873","1765973048.241387","/home/samuchair/ros2_ws/install/samuchair/lib/python3.12/site-packages/samuchair/mainNode.py","callback_subJoy","20","82","Comando Joystick Bluetooth: 0","mainNode"
"1765973048.2853653","1765973048.285201","/home/samuchair/ros2_ws/install/samuchair/lib/python3.12/site-packages/samuchair/arduinoNode.py","handle_joystick_silla","20","61","Enviando comando al Arduino: velocidad","Joystick"
"1765973048.2854364","1765973048.2851954","/home/samuchair/ros2_ws/install/samuchair/lib/python3.12/site-packages/samuchair/mainNode.py","callback_handleServiceResponse","20","142","Estoy en el servicio llamado desde mainNode","mainNode"
"1765973048.428638","1765973048.428527","/home/samuchair/ros2_ws/install/samuchair/lib/python3.12/site-packages/samuchair/jBNode.py","jb_callback","20","38","Comando Joystick Bluetooth: 5","JoystickBluetooth"
"1765973048.4290178","1765973048.428912","/home/samuchair/ros2_ws/install/samuchair/lib/python3.12/site-packages/samuchair/mainNode.py","callback_subJoy","20","82","Comando Joystick Bluetooth: 5","mainNode"
"1765973048.587735","1765973048.587602","/home/samuchair/ros2_ws/install/samuchair/lib/python3.12/site-packages/samuchair/mainNode.py","callback_handleServiceResponse","20","142","Estoy en el servicio llamado desde mainNode","mainNode"
"1765973048.7886426","1765973048.7884915","/home/samuchair/ros2_ws/install/samuchair/lib/python3.12/site-packages/samuchair/arduinoNode.py","handle_joystick_silla","20","61","Enviando comando al Arduino: velocidad","Joystick"
"1765973048.8411794","1765973048.8410742","/home/samuchair/ros2_ws/install/samuchair/lib/python3.12/site-packages/samuchair/jBNode.py","jb_callback","20","38","Comando Joystick Bluetooth: 15","JoystickBluetooth"
"1765973048.8415728","1765973048.8414683","/home/samuchair/ros2_ws/install/samuchair/lib/python3.12/site-packages/samuchair/mainNode.py","callback_subJoy","20","82","Comando Joystick Bluetooth: 15","mainNode"
"1765973049.0661597","1765973049.0660617","/home/samuchair/ros2_ws/install/samuchair/lib/python3.12/site-packages/samuchair/jBNode.py","jb_callback","20","38","Comando Joystick Bluetooth: 9","JoystickBluetooth"
"1765973049.0664577","1765973049.0663655","/home/samuchair/ros2_ws/install/samuchair/lib/python3.12/site-packages/samuchair/mainNode.py","callback_subJoy","20","82","Comando Joystick Bluetooth: 9","mainNode"
"1765973049.0908418","1765973049.0906692","/home/samuchair/ros2_ws/install/samuchair/lib/python3.12/site-packages/samuchair/arduinoNode.py","handle_joystick_silla","20","61","Enviando comando al Arduino: velocidad","Joystick"
"1765973049.090878","1765973049.0906856","/home/samuchair/ros2_ws/install/samuchair/lib/python3.12/site-packages/samuchair/mainNode.py","callback_handleServiceResponse","20","142","Estoy en el servicio llamado desde mainNode","mainNode"
"1765973049.3929677","1765973049.3928325","/home/samuchair/ros2_ws/install/samuchair/lib/python3.12/site-packages/samuchair/arduinoNode.py","handle_joystick_silla","20","61","Enviando comando al Arduino: velocidad","Joystick"
"1765973049.3931255","1765973049.392946","/home/samuchair/ros2_ws/install/samuchair/lib/python3.12/site-packages/samuchair/mainNode.py","callback_handleServiceResponse","20","142","Estoy en el servicio llamado desde mainNode","mainNode"
"1765973049.6951137","1765973049.6949368","/home/samuchair/ros2_ws/install/samuchair/lib/python3.12/site-packages/samuchair/mainNode.py","callback_handleServiceResponse","20","142","Estoy en el servicio llamado desde mainNode","mainNode"
"1765973049.695141","1765973049.6949413","/home/samuchair/ros2_ws/install/samuchair/lib/python3.12/site-packages/samuchair/arduinoNode.py","handle_joystick_silla","20","61","Enviando comando al Arduino: velocidad","Joystick"
"1765973049.9974184","1765973049.997253","/home/samuchair/ros2_ws/install/samuchair/lib/python3.12/site-packages/samuchair/arduinoNode.py","handle_joystick_silla","20","61","Enviando comando al Arduino: velocidad","Joystick"
"1765973049.997456","1765973049.9973056","/home/samuchair/ros2_ws/install/samuchair/lib/python3.12/site-packages/samuchair/mainNode.py","callback_handleServiceResponse","20","142","Estoy en el servicio llamado desde mainNode","mainNode"
"1765973050.2997768","1765973050.299658","/home/samuchair/ros2_ws/install/samuchair/lib/python3.12/site-packages/samuchair/mainNode.py","callback_handleServiceResponse","20","142","Estoy en el servicio llamado desde mainNode","mainNode"
"1765973050.378659","1765973050.378552","/home/samuchair/ros2_ws/install/samuchair/lib/python3.12/site-packages/samuchair/jBNode.py","jb_callback","20","38","Comando Joystick Bluetooth: 0","JoystickBluetooth"
"1765973050.3790145","1765973050.3789082","/home/samuchair/ros2_ws/install/samuchair/lib/python3.12/site-packages/samuchair/mainNode.py","callback_subJoy","20","82","Comando Joystick Bluetooth: 0","mainNode"
"1765973050.380574","1765973050.3804474","/home/samuchair/ros2_ws/install/samuchair/lib/python3.12/site-packages/samuchair/arduinoNode.py","handle_joystick_silla","20","61","Enviando comando al Arduino: velocidad","Joystick"
"1765973050.603685","1765973050.6035671","/home/samuchair/ros2_ws/install/samuchair/lib/python3.12/site-packages/samuchair/jBNode.py","jb_callback","20","38","Comando Joystick Bluetooth: 9","JoystickBluetooth"
"1765973050.6040115","1765973050.603907","/home/samuchair/ros2_ws/install/samuchair/lib/python3.12/site-packages/samuchair/mainNode.py","callback_subJoy","20","82","Comando Joystick Bluetooth: 9","mainNode"
"1765973050.6827633","1765973050.6826482","/home/samuchair/ros2_ws/install/samuchair/lib/python3.12/site-packages/samuchair/arduinoNode.py","handle_joystick_silla","20","61","Enviando comando al Arduino: velocidad","Joystick"
"1765973050.6830409","1765973050.682767","/home/samuchair/ros2_ws/install/samuchair/lib/python3.12/site-packages/samuchair/mainNode.py","callback_handleServiceResponse","20","142","Estoy en el servicio llamado desde mainNode","mainNode"
"1765973050.985051","1765973050.9849226","/home/samuchair/ros2_ws/install/samuchair/lib/python3.12/site-packages/samuchair/mainNode.py","callback_handleServiceResponse","20","142","Estoy en el servicio llamado desde mainNode","mainNode"
"1765973052.816285","1765973052.816135","/home/samuchair/ros2_ws/install/samuchair/lib/python3.12/site-packages/samuchair/jBNode.py","jb_callback","20","38","Comando Joystick Bluetooth: 0","JoystickBluetooth"
"1765973052.8166416","1765973052.8165317","/home/samuchair/ros2_ws/install/samuchair/lib/python3.12/site-packages/samuchair/mainNode.py","callback_subJoy","20","82","Comando Joystick Bluetooth: 0","mainNode"
"1765973052.818306","1765973052.8181667","/home/samuchair/ros2_ws/install/samuchair/lib/python3.12/site-packages/samuchair/arduinoNode.py","handle_joystick_silla","20","61","Enviando comando al Arduino: velocidad","Joystick"
"1765973053.1205678","1765973053.1204338","/home/samuchair/ros2_ws/install/samuchair/lib/python3.12/site-packages/samuchair/mainNode.py","callback_handleServiceResponse","20","142","Estoy en el servicio llamado desde mainNode","mainNode"
"1765973053.6037467","1765973053.6036434","/home/samuchair/ros2_ws/install/samuchair/lib/python3.12/site-packages/samuchair/jBNode.py","jb_callback","20","38","Comando Joystick Bluetooth: 5","JoystickBluetooth"
"1765973053.6040847","1765973053.6039832","/home/samuchair/ros2_ws/install/samuchair/lib/python3.12/site-packages/samuchair/mainNode.py","callback_subJoy","20","82","Comando Joystick Bluetooth: 5","mainNode"
"1765973053.6057792","1765973053.6056108","/home/samuchair/ros2_ws/install/samuchair/lib/python3.12/site-packages/samuchair/arduinoNode.py","handle_joystick_silla","20","61","Enviando comando al Arduino: velocidad","Joystick"
"1765973053.9080517","1765973053.9079213","/home/samuchair/ros2_ws/install/samuchair/lib/python3.12/site-packages/samuchair/mainNode.py","callback_handleServiceResponse","20","142","Estoy en el servicio llamado desde mainNode","mainNode"
"1765973054.1309845","1765973054.130886","/home/samuchair/ros2_ws/install/samuchair/lib/python3.12/site-packages/samuchair/secondarytaskNode.py","timer_callback","20","220","Publicado: ""1""","ST"
"1765973054.1319542","1765973054.1318617","/home/samuchair/ros2_ws/install/samuchair/lib/python3.12/site-packages/samuchair/secondarytaskNode.py","start_random_timer","20","180","Dato publicado ST: 5.565763217355684","ST"
"1765973055.0530198","1765973055.0529175","/home/samuchair/ros2_ws/install/samuchair/lib/python3.12/site-packages/samuchair/secondarytaskNode.py","timer_lectura","20","203","Dato medido ST: 0.03570246696472168","ST"
"1765973055.8537765","1765973055.8536754","/home/samuchair/ros2_ws/install/samuchair/lib/python3.12/site-packages/samuchair/jBNode.py","jb_callback","20","38","Comando Joystick Bluetooth: 0","JoystickBluetooth"
"1765973055.854113","1765973055.8540092","/home/samuchair/ros2_ws/install/samuchair/lib/python3.12/site-packages/samuchair/mainNode.py","callback_subJoy","20","82","Comando Joystick Bluetooth: 0","mainNode"
"1765973055.8558106","1765973055.8556921","/home/samuchair/ros2_ws/install/samuchair/lib/python3.12/site-packages/samuchair/arduinoNode.py","handle_joystick_silla","20","61","Enviando comando al Arduino: velocidad","Joystick"
"1765973056.1580975","1765973056.1579847","/home/samuchair/ros2_ws/install/samuchair/lib/python3.12/site-packages/samuchair/mainNode.py","callback_handleServiceResponse","20","142","Estoy en el servicio llamado desde mainNode","mainNode"
"1765973056.4539585","1765973056.453723","/home/samuchair/ros2_ws/install/samuchair/lib/python3.12/site-packages/samuchair/jBNode.py","jb_callback","20","38","Comando Joystick Bluetooth: 6","JoystickBluetooth"
"1765973056.4542103","1765973056.4540622","/home/samuchair/ros2_ws/install/samuchair/lib/python3.12/site-packages/samuchair/mainNode.py","callback_subJoy","20","82","Comando Joystick Bluetooth: 6","mainNode"
"1765973056.456011","1765973056.455884","/home/samuchair/ros2_ws/install/samuchair/lib/python3.12/site-packages/samuchair/arduinoNode.py","handle_joystick_silla","20","61","Enviando comando al Arduino: velocidad","Joystick"
"1765973056.7584274","1765973056.7582893","/home/samuchair/ros2_ws/install/samuchair/lib/python3.12/site-packages/samuchair/mainNode.py","callback_handleServiceResponse","20","142","Estoy en el servicio llamado desde mainNode","mainNode"
"1765973057.8037484","1765973057.8036432","/home/samuchair/ros2_ws/install/samuchair/lib/python3.12/site-packages/samuchair/jBNode.py","jb_callback","20","38","Comando Joystick Bluetooth: 0","JoystickBluetooth"
"1765973057.8040516","1765973057.8039534","/home/samuchair/ros2_ws/install/samuchair/lib/python3.12/site-packages/samuchair/mainNode.py","callback_subJoy","20","82","Comando Joystick Bluetooth: 0","mainNode"
"1765973057.8056986","1765973057.805576","/home/samuchair/ros2_ws/install/samuchair/lib/python3.12/site-packages/samuchair/arduinoNode.py","handle_joystick_silla","20","61","Enviando comando al Arduino: velocidad","Joystick"
"1765973058.1079857","1765973058.107863","/home/samuchair/ros2_ws/install/samuchair/lib/python3.12/site-packages/samuchair/mainNode.py","callback_handleServiceResponse","20","142","Estoy en el servicio llamado desde mainNode","mainNode"
"1765973058.5912855","1765973058.5911717","/home/samuchair/ros2_ws/install/samuchair/lib/python3.12/site-packages/samuchair/jBNode.py","jb_callback","20","38","Comando Joystick Bluetooth: 9","JoystickBluetooth"
"1765973058.591636","1765973058.5915449","/home/samuchair/ros2_ws/install/samuchair/lib/python3.12/site-packages/samuchair/mainNode.py","callback_subJoy","20","82","Comando Joystick Bluetooth: 9","mainNode"
"1765973058.5932426","1765973058.5931115","/home/samuchair/ros2_ws/install/samuchair/lib/python3.12/site-packages/samuchair/arduinoNode.py","handle_joystick_silla","20","61","Enviando comando al Arduino: velocidad","Joystick"
"1765973058.8955548","1765973058.89543","/home/samuchair/ros2_ws/install/samuchair/lib/python3.12/site-packages/samuchair/mainNode.py","callback_handleServiceResponse","20","142","Estoy en el servicio llamado desde mainNode","mainNode"
"1765973059.5288284","1765973059.5287232","/home/samuchair/ros2_ws/install/samuchair/lib/python3.12/site-packages/samuchair/jBNode.py","jb_callback","20","38","Comando Joystick Bluetooth: 0","JoystickBluetooth"
"1765973059.5291786","1765973059.5290716","/home/samuchair/ros2_ws/install/samuchair/lib/python3.12/site-packages/samuchair/mainNode.py","callback_subJoy","20","82","Comando Joystick Bluetooth: 0","mainNode"
"1765973059.530825","1765973059.5307071","/home/samuchair/ros2_ws/install/samuchair/lib/python3.12/site-packages/samuchair/arduinoNode.py","handle_joystick_silla","20","61","Enviando comando al Arduino: velocidad","Joystick"
"1765973059.8332882","1765973059.8331354","/home/samuchair/ros2_ws/install/samuchair/lib/python3.12/site-packages/samuchair/mainNode.py","callback_handleServiceResponse","20","142","Estoy en el servicio llamado desde mainNode","mainNode"
"1765973060.163017","1765973060.1629221","/home/samuchair/ros2_ws/install/samuchair/lib/python3.12/site-packages/samuchair/secondarytaskNode.py","timer_callback","20","220","Publicado: ""0""","ST"
"1765973060.1640182","1765973060.1639295","/home/samuchair/ros2_ws/install/samuchair/lib/python3.12/site-packages/samuchair/secondarytaskNode.py","start_random_timer","20","180","Dato publicado ST: 11.580224572736304","ST"
"1765973060.5038638","1765973060.5037518","/home/samuchair/ros2_ws/install/samuchair/lib/python3.12/site-packages/samuchair/jBNode.py","jb_callback","20","38","Comando Joystick Bluetooth: 9","JoystickBluetooth"
"1765973060.504183","1765973060.504082","/home/samuchair/ros2_ws/install/samuchair/lib/python3.12/site-packages/samuchair/mainNode.py","callback_subJoy","20","82","Comando Joystick Bluetooth: 9","mainNode"
"1765973060.505903","1765973060.5057843","/home/samuchair/ros2_ws/install/samuchair/lib/python3.12/site-packages/samuchair/arduinoNode.py","handle_joystick_silla","20","61","Enviando comando al Arduino: velocidad","Joystick"
"1765973060.7663853","1765973060.766276","/home/samuchair/ros2_ws/install/samuchair/lib/python3.12/site-packages/samuchair/jBNode.py","jb_callback","20","38","Comando Joystick Bluetooth: 0","JoystickBluetooth"
"1765973060.7666302","1765973060.766529","/home/samuchair/ros2_ws/install/samuchair/lib/python3.12/site-packages/samuchair/mainNode.py","callback_subJoy","20","82","Comando Joystick Bluetooth: 0","mainNode"
"1765973060.8082237","1765973060.8080945","/home/samuchair/ros2_ws/install/samuchair/lib/python3.12/site-packages/samuchair/mainNode.py","callback_handleServiceResponse","20","142","Estoy en el servicio llamado desde mainNode","mainNode"
"1765973061.009353","1765973061.0091891","/home/samuchair/ros2_ws/install/samuchair/lib/python3.12/site-packages/samuchair/arduinoNode.py","handle_joystick_silla","20","61","Enviando comando al Arduino: velocidad","Joystick"
"1765973061.0530403","1765973061.0529513","/home/samuchair/ros2_ws/install/samuchair/lib/python3.12/site-packages/samuchair/secondarytaskNode.py","timer_lectura","20","203","Dato medido ST: 0.0199587345123291","ST"
"1765973061.3116972","1765973061.3115695","/home/samuchair/ros2_ws/install/samuchair/lib/python3.12/site-packages/samuchair/mainNode.py","callback_handleServiceResponse","20","142","Estoy en el servicio llamado desde mainNode","mainNode"
"1765973071.8872163","1765973071.8871145","/home/samuchair/ros2_ws/install/samuchair/lib/python3.12/site-packages/samuchair/movilNode.py","timer_callback","20","209","Dato publicado Nombre_Sujeto: ALBMOLI","Movil"
"1765973072.2057312","1765973072.2056382","/home/samuchair/ros2_ws/install/samuchair/lib/python3.12/site-packages/samuchair/secondarytaskNode.py","timer_callback","20","220","Publicado: ""0""","ST"
"1765973072.2066844","1765973072.2065997","/home/samuchair/ros2_ws/install/samuchair/lib/python3.12/site-packages/samuchair/secondarytaskNode.py","start_random_timer","20","180","Dato publicado ST: 8.701051712356787","ST"
"1765973073.0530326","1765973073.0529394","/home/samuchair/ros2_ws/install/samuchair/lib/python3.12/site-packages/samuchair/secondarytaskNode.py","timer_lectura","20","203","Dato medido ST: 0.010014057159423828","ST"
"1765973074.388228","1765973074.387069","/home/samuchair/ros2_ws/install/samuchair/lib/python3.12/site-packages/samuchair/movilNode.py","timer_callback","20","215","Dato publicado Tipo Experimento: Experimento 1","Movil"
"1765973074.3882792","1765973074.3874009","/home/samuchair/ros2_ws/install/samuchair/lib/python3.12/site-packages/samuchair/mainNode.py","callback_subMovilTipo","20","95","Comando Movil Tipo: Experimento 1","mainNode"
"1765973074.3882892","1765973074.3876016","/home/samuchair/ros2_ws/install/samuchair/lib/python3.12/site-packages/samuchair/secondarytaskNode.py","sus_function","20","166","Mensaje recibido: Experimento 1","ST"
"1765973076.8873158","1765973076.8871744","/home/samuchair/ros2_ws/install/samuchair/lib/python3.12/site-packages/samuchair/movilNode.py","timer_callback","20","221","Dato publicado Modo: Modo:1","Movil"
"1765973076.8883812","1765973076.8880258","/home/samuchair/ros2_ws/install/samuchair/lib/python3.12/site-packages/samuchair/mainNode.py","callback_subMovilModo","20","122","Comando Movil Modo: Modo:1","mainNode"
"1765973076.8884192","1765973076.8880813","/home/samuchair/ros2_ws/install/samuchair/lib/python3.12/site-packages/samuchair/arduinoNode.py","handle_joystick_silla","20","61","Enviando comando al Arduino: modo","Joystick"
"1765973077.0903792","1765973077.090239","/home/samuchair/ros2_ws/install/samuchair/lib/python3.12/site-packages/samuchair/mainNode.py","callback_handleServiceResponse","20","142","Estoy en el servicio llamado desde mainNode","mainNode"
"1765973078.3872507","1765973078.3871446","/home/samuchair/ros2_ws/install/samuchair/lib/python3.12/site-packages/samuchair/movilNode.py","timer_callback","20","239","Dato publicado Fase Ejecucion: 20","Movil"
"1765973078.387601","1765973078.3873827","/home/samuchair/ros2_ws/install/samuchair/lib/python3.12/site-packages/samuchair/mainNode.py","callback_subMovilEjecucion","20","137","Comando Movil Ejecucion: 20","mainNode"
"1765973079.0921714","1765973079.0920582","/home/samuchair/ros2_ws/install/samuchair/lib/python3.12/site-packages/samuchair/webcamNode.py","timer_callback","20","61","Frame: 60","webcam"
"1765973081.0922282","1765973081.0921204","/home/samuchair/ros2_ws/install/samuchair/lib/python3.12/site-packages/samuchair/webcamNode.py","timer_callback","20","61","Frame: 61","webcam"
"1765973081.383029","1765973081.3829422","/home/samuchair/ros2_ws/install/samuchair/lib/python3.12/site-packages/samuchair/secondarytaskNode.py","timer_callback","20","220","Publicado: ""0""","ST"
"1765973081.3841596","1765973081.3840637","/home/samuchair/ros2_ws/install/samuchair/lib/python3.12/site-packages/samuchair/secondarytaskNode.py","start_random_timer","20","180","Dato publicado ST: 13.614948079865757","ST"
"1765973082.0531902","1765973082.0530822","/home/samuchair/ros2_ws/install/samuchair/lib/python3.12/site-packages/samuchair/secondarytaskNode.py","timer_lectura","20","203","Dato medido ST: 0.04909706115722656","ST"
"1765973083.0927186","1765973083.092614","/home/samuchair/ros2_ws/install/samuchair/lib/python3.12/site-packages/samuchair/webcamNode.py","timer_callback","20","61","Frame: 62","webcam"
"1765973083.8667688","1765973083.86662","/home/samuchair/ros2_ws/install/samuchair/lib/python3.12/site-packages/samuchair/jBNode.py","jb_callback","20","38","Comando Joystick Bluetooth: 3","JoystickBluetooth"
"1765973083.8670783","1765973083.866978","/home/samuchair/ros2_ws/install/samuchair/lib/python3.12/site-packages/samuchair/mainNode.py","callback_subJoy","20","82","Comando Joystick Bluetooth: 3","mainNode"
"1765973083.8688855","1765973083.8687575","/home/samuchair/ros2_ws/install/samuchair/lib/python3.12/site-packages/samuchair/arduinoNode.py","handle_joystick_silla","20","61","Enviando comando al Arduino: velocidad","Joystick"
"1765973084.1712227","1765973084.1710906","/home/samuchair/ros2_ws/install/samuchair/lib/python3.12/site-packages/samuchair/mainNode.py","callback_handleServiceResponse","20","142","Estoy en el servicio llamado desde mainNode","mainNode"
"1765973085.091818","1765973085.0917294","/home/samuchair/ros2_ws/install/samuchair/lib/python3.12/site-packages/samuchair/webcamNode.py","timer_callback","20","61","Frame: 63","webcam"
"1765973087.0978775","1765973087.0977886","/home/samuchair/ros2_ws/install/samuchair/lib/python3.12/site-packages/samuchair/webcamNode.py","timer_callback","20","61","Frame: 64","webcam"
"1765973088.2543123","1765973088.254163","/home/samuchair/ros2_ws/install/samuchair/lib/python3.12/site-packages/samuchair/jBNode.py","jb_callback","20","38","Comando Joystick Bluetooth: 10","JoystickBluetooth"
"1765973088.254649","1765973088.25454","/home/samuchair/ros2_ws/install/samuchair/lib/python3.12/site-packages/samuchair/mainNode.py","callback_subJoy","20","82","Comando Joystick Bluetooth: 10","mainNode"
"1765973088.2562952","1765973088.2561612","/home/samuchair/ros2_ws/install/samuchair/lib/python3.12/site-packages/samuchair/arduinoNode.py","handle_joystick_silla","20","61","Enviando comando al Arduino: velocidad","Joystick"
"1765973088.5586936","1765973088.5585604","/home/samuchair/ros2_ws/install/samuchair/lib/python3.12/site-packages/samuchair/mainNode.py","callback_handleServiceResponse","20","142","Estoy en el servicio llamado desde mainNode","mainNode"
"1765973089.0931067","1765973089.0929961","/home/samuchair/ros2_ws/install/samuchair/lib/python3.12/site-packages/samuchair/webcamNode.py","timer_callback","20","61","Frame: 65","webcam"
"1765973091.0927289","1765973091.0926547","/home/samuchair/ros2_ws/install/samuchair/lib/python3.12/site-packages/samuchair/webcamNode.py","timer_callback","20","61","Frame: 66","webcam"
"1765973092.529366","1765973092.529246","/home/samuchair/ros2_ws/install/samuchair/lib/python3.12/site-packages/samuchair/jBNode.py","jb_callback","20","38","Comando Joystick Bluetooth: 3","JoystickBluetooth"
"1765973092.5297515","1765973092.5296314","/home/samuchair/ros2_ws/install/samuchair/lib/python3.12/site-packages/samuchair/mainNode.py","callback_subJoy","20","82","Comando Joystick Bluetooth: 3","mainNode"
"1765973092.5314913","1765973092.5313652","/home/samuchair/ros2_ws/install/samuchair/lib/python3.12/site-packages/samuchair/arduinoNode.py","handle_joystick_silla","20","61","Enviando comando al Arduino: velocidad","Joystick"
"1765973092.834002","1765973092.8338652","/home/samuchair/ros2_ws/install/samuchair/lib/python3.12/site-packages/samuchair/mainNode.py","callback_handleServiceResponse","20","142","Estoy en el servicio llamado desde mainNode","mainNode"
"1765973093.092062","1765973093.0919502","/home/samuchair/ros2_ws/install/samuchair/lib/python3.12/site-packages/samuchair/webcamNode.py","timer_callback","20","61","Frame: 67","webcam"
"1765973095.092111","1765973095.0920208","/home/samuchair/ros2_ws/install/samuchair/lib/python3.12/site-packages/samuchair/webcamNode.py","timer_callback","20","61","Frame: 68","webcam"
"1765973095.463038","1765973095.462937","/home/samuchair/ros2_ws/install/samuchair/lib/python3.12/site-packages/samuchair/secondarytaskNode.py","timer_callback","20","220","Publicado: ""0""","ST"
"1765973095.464067","1765973095.4639707","/home/samuchair/ros2_ws/install/samuchair/lib/python3.12/site-packages/samuchair/secondarytaskNode.py","start_random_timer","20","180","Dato publicado ST: 12.955684961124591","ST"
"1765973096.0530763","1765973096.0529747","/home/samuchair/ros2_ws/install/samuchair/lib/python3.12/site-packages/samuchair/secondarytaskNode.py","timer_lectura","20","203","Dato medido ST: 0.04985499382019043","ST"
"1765973097.0918171","1765973097.0917318","/home/samuchair/ros2_ws/install/samuchair/lib/python3.12/site-packages/samuchair/webcamNode.py","timer_callback","20","61","Frame: 69","webcam"
"1765973099.0916848","1765973099.0915775","/home/samuchair/ros2_ws/install/samuchair/lib/python3.12/site-packages/samuchair/webcamNode.py","timer_callback","20","61","Frame: 70","webcam"
"1765973100.8919127","1765973100.8918083","/home/samuchair/ros2_ws/install/samuchair/lib/python3.12/site-packages/samuchair/jBNode.py","jb_callback","20","38","Comando Joystick Bluetooth: 10","JoystickBluetooth"
"1765973100.8922312","1765973100.892128","/home/samuchair/ros2_ws/install/samuchair/lib/python3.12/site-packages/samuchair/mainNode.py","callback_subJoy","20","82","Comando Joystick Bluetooth: 10","mainNode"
"1765973100.8938494","1765973100.893728","/home/samuchair/ros2_ws/install/samuchair/lib/python3.12/site-packages/samuchair/arduinoNode.py","handle_joystick_silla","20","61","Enviando comando al Arduino: velocidad","Joystick"
"1765973101.0045178","1765973101.0044136","/home/samuchair/ros2_ws/install/samuchair/lib/python3.12/site-packages/samuchair/jBNode.py","jb_callback","20","38","Comando Joystick Bluetooth: 3","JoystickBluetooth"
"1765973101.0048418","1765973101.0047395","/home/samuchair/ros2_ws/install/samuchair/lib/python3.12/site-packages/samuchair/mainNode.py","callback_subJoy","20","82","Comando Joystick Bluetooth: 3","mainNode"
"1765973101.092066","1765973101.0919576","/home/samuchair/ros2_ws/install/samuchair/lib/python3.12/site-packages/samuchair/webcamNode.py","timer_callback","20","61","Frame: 71","webcam"
"1765973101.196187","1765973101.1960084","/home/samuchair/ros2_ws/install/samuchair/lib/python3.12/site-packages/samuchair/mainNode.py","callback_handleServiceResponse","20","142","Estoy en el servicio llamado desde mainNode","mainNode"
"1765973101.1962209","1765973101.1960628","/home/samuchair/ros2_ws/install/samuchair/lib/python3.12/site-packages/samuchair/arduinoNode.py","handle_joystick_silla","20","61","Enviando comando al Arduino: velocidad","Joystick"
"1765973101.4985876","1765973101.4984505","/home/samuchair/ros2_ws/install/samuchair/lib/python3.12/site-packages/samuchair/mainNode.py","callback_handleServiceResponse","20","142","Estoy en el servicio llamado desde mainNode","mainNode"
"1765973102.7295284","1765973102.7294176","/home/samuchair/ros2_ws/install/samuchair/lib/python3.12/site-packages/samuchair/jBNode.py","jb_callback","20","38","Comando Joystick Bluetooth: 10","JoystickBluetooth"
"1765973102.7298636","1765973102.7297604","/home/samuchair/ros2_ws/install/samuchair/lib/python3.12/site-packages/samuchair/mainNode.py","callback_subJoy","20","82","Comando Joystick Bluetooth: 10","mainNode"
"1765973102.7607698","1765973102.7606382","/home/samuchair/ros2_ws/install/samuchair/lib/python3.12/site-packages/samuchair/arduinoNode.py","handle_joystick_silla","20","61","Enviando comando al Arduino: velocidad","Joystick"
"1765973103.0629976","1765973103.062861","/home/samuchair/ros2_ws/install/samuchair/lib/python3.12/site-packages/samuchair/mainNode.py","callback_handleServiceResponse","20","142","Estoy en el servicio llamado desde mainNode","mainNode"
"1765973103.092451","1765973103.0923543","/home/samuchair/ros2_ws/install/samuchair/lib/python3.12/site-packages/samuchair/webcamNode.py","timer_callback","20","61","Frame: 72","webcam"
"1765973105.0920768","1765973105.0919654","/home/samuchair/ros2_ws/install/samuchair/lib/python3.12/site-packages/samuchair/webcamNode.py","timer_callback","20","61","Frame: 73","webcam"
"1765973107.093075","1765973107.0929801","/home/samuchair/ros2_ws/install/samuchair/lib/python3.12/site-packages/samuchair/webcamNode.py","timer_callback","20","61","Frame: 74","webcam"
"1765973108.8816764","1765973108.88157","/home/samuchair/ros2_ws/install/samuchair/lib/python3.12/site-packages/samuchair/secondarytaskNode.py","timer_callback","20","220","Publicado: ""0""","ST"
"1765973108.8826833","1765973108.8825896","/home/samuchair/ros2_ws/install/samuchair/lib/python3.12/site-packages/samuchair/secondarytaskNode.py","start_random_timer","20","180","Dato publicado ST: 5.850698357161876","ST"
"1765973109.0530574","1765973109.0529625","/home/samuchair/ros2_ws/install/samuchair/lib/python3.12/site-packages/samuchair/secondarytaskNode.py","timer_lectura","20","203","Dato medido ST: 0.07185935974121094","ST"
"1765973109.0920873","1765973109.0919538","/home/samuchair/ros2_ws/install/samuchair/lib/python3.12/site-packages/samuchair/webcamNode.py","timer_callback","20","61","Frame: 75","webcam"
"1765973110.0046139","1765973110.004509","/home/samuchair/ros2_ws/install/samuchair/lib/python3.12/site-packages/samuchair/jBNode.py","jb_callback","20","38","Comando Joystick Bluetooth: 3","JoystickBluetooth"
"1765973110.0049443","1765973110.0048401","/home/samuchair/ros2_ws/install/samuchair/lib/python3.12/site-packages/samuchair/mainNode.py","callback_subJoy","20","82","Comando Joystick Bluetooth: 3","mainNode"
"1765973110.006654","1765973110.0065272","/home/samuchair/ros2_ws/install/samuchair/lib/python3.12/site-packages/samuchair/arduinoNode.py","handle_joystick_silla","20","61","Enviando comando al Arduino: velocidad","Joystick"
"1765973110.3090498","1765973110.308913","/home/samuchair/ros2_ws/install/samuchair/lib/python3.12/site-packages/samuchair/mainNode.py","callback_handleServiceResponse","20","142","Estoy en el servicio llamado desde mainNode","mainNode"
"1765973111.0921922","1765973111.092062","/home/samuchair/ros2_ws/install/samuchair/lib/python3.12/site-packages/samuchair/webcamNode.py","timer_callback","20","61","Frame: 76","webcam"
"1765973113.092142","1765973113.0920377","/home/samuchair/ros2_ws/install/samuchair/lib/python3.12/site-packages/samuchair/webcamNode.py","timer_callback","20","61","Frame: 77","webcam"
"1765973115.092377","1765973115.0923028","/home/samuchair/ros2_ws/install/samuchair/lib/python3.12/site-packages/samuchair/webcamNode.py","timer_callback","20","61","Frame: 78","webcam"
"1765973115.1963372","1765973115.1962466","/home/samuchair/ros2_ws/install/samuchair/lib/python3.12/site-packages/samuchair/secondarytaskNode.py","timer_callback","20","220","Publicado: ""0""","ST"
"1765973115.197296","1765973115.1972015","/home/samuchair/ros2_ws/install/samuchair/lib/python3.12/site-packages/samuchair/secondarytaskNode.py","start_random_timer","20","180","Dato publicado ST: 6.068324038291094","ST"
"1765973115.3671706","1765973115.3670661","/home/samuchair/ros2_ws/install/samuchair/lib/python3.12/site-packages/samuchair/jBNode.py","jb_callback","20","38","Comando Joystick Bluetooth: 10","JoystickBluetooth"
"1765973115.3675478","1765973115.3674426","/home/samuchair/ros2_ws/install/samuchair/lib/python3.12/site-packages/samuchair/mainNode.py","callback_subJoy","20","82","Comando Joystick Bluetooth: 10","mainNode"
"1765973115.3691504","1765973115.3690267","/home/samuchair/ros2_ws/install/samuchair/lib/python3.12/site-packages/samuchair/arduinoNode.py","handle_joystick_silla","20","61","Enviando comando al Arduino: velocidad","Joystick"
"1765973115.671515","1765973115.671391","/home/samuchair/ros2_ws/install/samuchair/lib/python3.12/site-packages/samuchair/mainNode.py","callback_handleServiceResponse","20","142","Estoy en el servicio llamado desde mainNode","mainNode"
"1765973116.0530365","1765973116.0529566","/home/samuchair/ros2_ws/install/samuchair/lib/python3.12/site-packages/samuchair/secondarytaskNode.py","timer_lectura","20","203","Dato medido ST: 0.029500484466552734","ST"
"1765973117.0922189","1765973117.0921104","/home/samuchair/ros2_ws/install/samuchair/lib/python3.12/site-packages/samuchair/webcamNode.py","timer_callback","20","61","Frame: 79","webcam"
"1765973119.092499","1765973119.092402","/home/samuchair/ros2_ws/install/samuchair/lib/python3.12/site-packages/samuchair/webcamNode.py","timer_callback","20","61","Frame: 80","webcam"
"1765973121.0918717","1765973121.0917668","/home/samuchair/ros2_ws/install/samuchair/lib/python3.12/site-packages/samuchair/webcamNode.py","timer_callback","20","61","Frame: 81","webcam"
"1765973121.7312143","1765973121.7311158","/home/samuchair/ros2_ws/install/samuchair/lib/python3.12/site-packages/samuchair/secondarytaskNode.py","timer_callback","20","220","Publicado: ""1""","ST"
"1765973121.7322814","1765973121.7321885","/home/samuchair/ros2_ws/install/samuchair/lib/python3.12/site-packages/samuchair/secondarytaskNode.py","start_random_timer","20","180","Dato publicado ST: 9.120717589095662","ST"
"1765973122.0531194","1765973122.0530388","/home/samuchair/ros2_ws/install/samuchair/lib/python3.12/site-packages/samuchair/secondarytaskNode.py","timer_lectura","20","203","Dato medido ST: 0.022992849349975586","ST"
"1765973122.15473","1765973122.1546235","/home/samuchair/ros2_ws/install/samuchair/lib/python3.12/site-packages/samuchair/jBNode.py","jb_callback","20","38","Comando Joystick Bluetooth: 3","JoystickBluetooth"
"1765973122.155171","1765973122.1550493","/home/samuchair/ros2_ws/install/samuchair/lib/python3.12/site-packages/samuchair/mainNode.py","callback_subJoy","20","82","Comando Joystick Bluetooth: 3","mainNode"
"1765973122.1568518","1765973122.1566896","/home/samuchair/ros2_ws/install/samuchair/lib/python3.12/site-packages/samuchair/arduinoNode.py","handle_joystick_silla","20","61","Enviando comando al Arduino: velocidad","Joystick"
"1765973122.4593096","1765973122.4591696","/home/samuchair/ros2_ws/install/samuchair/lib/python3.12/site-packages/samuchair/mainNode.py","callback_handleServiceResponse","20","142","Estoy en el servicio llamado desde mainNode","mainNode"
"1765973123.0925045","1765973123.0923917","/home/samuchair/ros2_ws/install/samuchair/lib/python3.12/site-packages/samuchair/webcamNode.py","timer_callback","20","61","Frame: 82","webcam"
"1765973123.8797972","1765973123.879687","/home/samuchair/ros2_ws/install/samuchair/lib/python3.12/site-packages/samuchair/jBNode.py","jb_callback","20","38","Comando Joystick Bluetooth: 0","JoystickBluetooth"
"1765973123.8801553","1765973123.8800466","/home/samuchair/ros2_ws/install/samuchair/lib/python3.12/site-packages/samuchair/mainNode.py","callback_subJoy","20","82","Comando Joystick Bluetooth: 0","mainNode"
"1765973123.8818762","1765973123.8817275","/home/samuchair/ros2_ws/install/samuchair/lib/python3.12/site-packages/samuchair/arduinoNode.py","handle_joystick_silla","20","61","Enviando comando al Arduino: velocidad","Joystick"
"1765973124.1842198","1765973124.184098","/home/samuchair/ros2_ws/install/samuchair/lib/python3.12/site-packages/samuchair/mainNode.py","callback_handleServiceResponse","20","142","Estoy en el servicio llamado desde mainNode","mainNode"
"1765973124.6298096","1765973124.6297026","/home/samuchair/ros2_ws/install/samuchair/lib/python3.12/site-packages/samuchair/jBNode.py","jb_callback","20","38","Comando Joystick Bluetooth: 9","JoystickBluetooth"
"1765973124.6300972","1765973124.6299934","/home/samuchair/ros2_ws/install/samuchair/lib/python3.12/site-packages/samuchair/mainNode.py","callback_subJoy","20","82","Comando Joystick Bluetooth: 9","mainNode"
"1765973124.6317017","1765973124.631578","/home/samuchair/ros2_ws/install/samuchair/lib/python3.12/site-packages/samuchair/arduinoNode.py","handle_joystick_silla","20","61","Enviando comando al Arduino: velocidad","Joystick"
"1765973124.9339817","1765973124.9338555","/home/samuchair/ros2_ws/install/samuchair/lib/python3.12/site-packages/samuchair/mainNode.py","callback_handleServiceResponse","20","142","Estoy en el servicio llamado desde mainNode","mainNode"
"1765973125.091602","1765973125.0915031","/home/samuchair/ros2_ws/install/samuchair/lib/python3.12/site-packages/samuchair/webcamNode.py","timer_callback","20","61","Frame: 83","webcam"
"1765973127.0924454","1765973127.0923617","/home/samuchair/ros2_ws/install/samuchair/lib/python3.12/site-packages/samuchair/webcamNode.py","timer_callback","20","61","Frame: 84","webcam"
"1765973129.0928288","1765973129.0919847","/home/samuchair/ros2_ws/install/samuchair/lib/python3.12/site-packages/samuchair/webcamNode.py","timer_callback","20","61","Frame: 85","webcam"
"1765973129.092861","1765973129.092253","/home/samuchair/ros2_ws/install/samuchair/lib/python3.12/site-packages/samuchair/jBNode.py","jb_callback","20","38","Comando Joystick Bluetooth: 0","JoystickBluetooth"
"1765973129.092898","1765973129.0927904","/home/samuchair/ros2_ws/install/samuchair/lib/python3.12/site-packages/samuchair/mainNode.py","callback_subJoy","20","82","Comando Joystick Bluetooth: 0","mainNode"
"1765973129.094649","1765973129.0945246","/home/samuchair/ros2_ws/install/samuchair/lib/python3.12/site-packages/samuchair/arduinoNode.py","handle_joystick_silla","20","61","Enviando comando al Arduino: velocidad","Joystick"
"1765973129.3970163","1765973129.3968906","/home/samuchair/ros2_ws/install/samuchair/lib/python3.12/site-packages/samuchair/mainNode.py","callback_handleServiceResponse","20","142","Estoy en el servicio llamado desde mainNode","mainNode"
"1765973130.0298195","1765973130.0297236","/home/samuchair/ros2_ws/install/samuchair/lib/python3.12/site-packages/samuchair/jBNode.py","jb_callback","20","38","Comando Joystick Bluetooth: 6","JoystickBluetooth"
"1765973130.030464","1765973130.0303013","/home/samuchair/ros2_ws/install/samuchair/lib/python3.12/site-packages/samuchair/mainNode.py","callback_subJoy","20","82","Comando Joystick Bluetooth: 6","mainNode"
"1765973130.0323908","1765973130.032234","/home/samuchair/ros2_ws/install/samuchair/lib/python3.12/site-packages/samuchair/arduinoNode.py","handle_joystick_silla","20","61","Enviando comando al Arduino: velocidad","Joystick"
"1765973130.3348584","1765973130.3347554","/home/samuchair/ros2_ws/install/samuchair/lib/python3.12/site-packages/samuchair/mainNode.py","callback_handleServiceResponse","20","142","Estoy en el servicio llamado desde mainNode","mainNode"
"1765973131.0049024","1765973131.0047498","/home/samuchair/ros2_ws/install/samuchair/lib/python3.12/site-packages/samuchair/jBNode.py","jb_callback","20","38","Comando Joystick Bluetooth: 0","JoystickBluetooth"
"1765973131.0053525","1765973131.0052128","/home/samuchair/ros2_ws/install/samuchair/lib/python3.12/site-packages/samuchair/mainNode.py","callback_subJoy","20","82","Comando Joystick Bluetooth: 0","mainNode"
"1765973131.0069294","1765973131.0067968","/home/samuchair/ros2_ws/install/samuchair/lib/python3.12/site-packages/samuchair/arduinoNode.py","handle_joystick_silla","20","61","Enviando comando al Arduino: velocidad","Joystick"
"1765973131.0926888","1765973131.0925722","/home/samuchair/ros2_ws/install/samuchair/lib/python3.12/site-packages/samuchair/webcamNode.py","timer_callback","20","61","Frame: 86","webcam"
"1765973131.3094387","1765973131.3092997","/home/samuchair/ros2_ws/install/samuchair/lib/python3.12/site-packages/samuchair/mainNode.py","callback_handleServiceResponse","20","142","Estoy en el servicio llamado desde mainNode","mainNode"
"1765973131.32781","1765973131.3277333","/home/samuchair/ros2_ws/install/samuchair/lib/python3.12/site-packages/samuchair/secondarytaskNode.py","timer_callback","20","220","Publicado: ""0""","ST"
"1765973131.3287528","1765973131.3286643","/home/samuchair/ros2_ws/install/samuchair/lib/python3.12/site-packages/samuchair/secondarytaskNode.py","start_random_timer","20","180","Dato publicado ST: 12.976710967455652","ST"
"1765973131.7548435","1765973131.7547474","/home/samuchair/ros2_ws/install/samuchair/lib/python3.12/site-packages/samuchair/jBNode.py","jb_callback","20","38","Comando Joystick Bluetooth: 9","JoystickBluetooth"
"1765973131.7553062","1765973131.7551432","/home/samuchair/ros2_ws/install/samuchair/lib/python3.12/site-packages/samuchair/mainNode.py","callback_subJoy","20","82","Comando Joystick Bluetooth: 9","mainNode"
"1765973131.756855","1765973131.7567422","/home/samuchair/ros2_ws/install/samuchair/lib/python3.12/site-packages/samuchair/arduinoNode.py","handle_joystick_silla","20","61","Enviando comando al Arduino: velocidad","Joystick"
"1765973132.0530527","1765973132.0529659","/home/samuchair/ros2_ws/install/samuchair/lib/python3.12/site-packages/samuchair/secondarytaskNode.py","timer_lectura","20","203","Dato medido ST: 0.026768922805786133","ST"
"1765973132.059212","1765973132.0591028","/home/samuchair/ros2_ws/install/samuchair/lib/python3.12/site-packages/samuchair/mainNode.py","callback_handleServiceResponse","20","142","Estoy en el servicio llamado desde mainNode","mainNode"
"1765973132.1298058","1765973132.1297085","/home/samuchair/ros2_ws/install/samuchair/lib/python3.12/site-packages/samuchair/jBNode.py","jb_callback","20","38","Comando Joystick Bluetooth: 0","JoystickBluetooth"
"1765973132.1301835","1765973132.1300821","/home/samuchair/ros2_ws/install/samuchair/lib/python3.12/site-packages/samuchair/mainNode.py","callback_subJoy","20","82","Comando Joystick Bluetooth: 0","mainNode"
"1765973132.1316984","1765973132.131579","/home/samuchair/ros2_ws/install/samuchair/lib/python3.12/site-packages/samuchair/arduinoNode.py","handle_joystick_silla","20","61","Enviando comando al Arduino: velocidad","Joystick"
"1765973132.4298685","1765973132.4297588","/home/samuchair/ros2_ws/install/samuchair/lib/python3.12/site-packages/samuchair/jBNode.py","jb_callback","20","38","Comando Joystick Bluetooth: 9","JoystickBluetooth"
"1765973132.430367","1765973132.4302459","/home/samuchair/ros2_ws/install/samuchair/lib/python3.12/site-packages/samuchair/mainNode.py","callback_subJoy","20","82","Comando Joystick Bluetooth: 9","mainNode"
"1765973132.4338949","1765973132.4337378","/home/samuchair/ros2_ws/install/samuchair/lib/python3.12/site-packages/samuchair/arduinoNode.py","handle_joystick_silla","20","61","Enviando comando al Arduino: velocidad","Joystick"
"1765973132.4339283","1765973132.4337378","/home/samuchair/ros2_ws/install/samuchair/lib/python3.12/site-packages/samuchair/mainNode.py","callback_handleServiceResponse","20","142","Estoy en el servicio llamado desde mainNode","mainNode"
"1765973132.5798883","1765973132.579751","/home/samuchair/ros2_ws/install/samuchair/lib/python3.12/site-packages/samuchair/jBNode.py","jb_callback","20","38","Comando Joystick Bluetooth: 0","JoystickBluetooth"
"1765973132.5802753","1765973132.580164","/home/samuchair/ros2_ws/install/samuchair/lib/python3.12/site-packages/samuchair/mainNode.py","callback_subJoy","20","82","Comando Joystick Bluetooth: 0","mainNode"
"1765973132.7361257","1765973132.7360022","/home/samuchair/ros2_ws/install/samuchair/lib/python3.12/site-packages/samuchair/mainNode.py","callback_handleServiceResponse","20","142","Estoy en el servicio llamado desde mainNode","mainNode"
"1765973132.937144","1765973132.9369972","/home/samuchair/ros2_ws/install/samuchair/lib/python3.12/site-packages/samuchair/arduinoNode.py","handle_joystick_silla","20","61","Enviando comando al Arduino: velocidad","Joystick"
"1765973133.0921872","1765973133.0920706","/home/samuchair/ros2_ws/install/samuchair/lib/python3.12/site-packages/samuchair/webcamNode.py","timer_callback","20","61","Frame: 87","webcam"
"1765973133.142401","1765973133.142297","/home/samuchair/ros2_ws/install/samuchair/lib/python3.12/site-packages/samuchair/jBNode.py","jb_callback","20","38","Comando Joystick Bluetooth: 9","JoystickBluetooth"
"1765973133.1427999","1765973133.1427095","/home/samuchair/ros2_ws/install/samuchair/lib/python3.12/site-packages/samuchair/mainNode.py","callback_subJoy","20","82","Comando Joystick Bluetooth: 9","mainNode"
"1765973133.239341","1765973133.2391982","/home/samuchair/ros2_ws/install/samuchair/lib/python3.12/site-packages/samuchair/arduinoNode.py","handle_joystick_silla","20","61","Enviando comando al Arduino: velocidad","Joystick"
"1765973133.2393727","1765973133.2392354","/home/samuchair/ros2_ws/install/samuchair/lib/python3.12/site-packages/samuchair/mainNode.py","callback_handleServiceResponse","20","142","Estoy en el servicio llamado desde mainNode","mainNode"
"1765973133.2923763","1765973133.2922783","/home/samuchair/ros2_ws/install/samuchair/lib/python3.12/site-packages/samuchair/jBNode.py","jb_callback","20","38","Comando Joystick Bluetooth: 0","JoystickBluetooth"
"1765973133.2929618","1765973133.292703","/home/samuchair/ros2_ws/install/samuchair/lib/python3.12/site-packages/samuchair/mainNode.py","callback_subJoy","20","82","Comando Joystick Bluetooth: 0","mainNode"
"1765973133.541673","1765973133.5415094","/home/samuchair/ros2_ws/install/samuchair/lib/python3.12/site-packages/samuchair/arduinoNode.py","handle_joystick_silla","20","61","Enviando comando al Arduino: velocidad","Joystick"
"1765973133.5417416","1765973133.5415788","/home/samuchair/ros2_ws/install/samuchair/lib/python3.12/site-packages/samuchair/mainNode.py","callback_handleServiceResponse","20","142","Estoy en el servicio llamado desde mainNode","mainNode"
"1765973133.843997","1765973133.8438861","/home/samuchair/ros2_ws/install/samuchair/lib/python3.12/site-packages/samuchair/mainNode.py","callback_handleServiceResponse","20","142","Estoy en el servicio llamado desde mainNode","mainNode"
"1765973133.9298754","1765973133.9297469","/home/samuchair/ros2_ws/install/samuchair/lib/python3.12/site-packages/samuchair/jBNode.py","jb_callback","20","38","Comando Joystick Bluetooth: 3","JoystickBluetooth"
"1765973133.9302032","1765973133.9301095","/home/samuchair/ros2_ws/install/samuchair/lib/python3.12/site-packages/samuchair/mainNode.py","callback_subJoy","20","82","Comando Joystick Bluetooth: 3","mainNode"
"1765973133.9317846","1765973133.9316642","/home/samuchair/ros2_ws/install/samuchair/lib/python3.12/site-packages/samuchair/arduinoNode.py","handle_joystick_silla","20","61","Enviando comando al Arduino: velocidad","Joystick"
"1765973134.2343197","1765973134.2341564","/home/samuchair/ros2_ws/install/samuchair/lib/python3.12/site-packages/samuchair/mainNode.py","callback_handleServiceResponse","20","142","Estoy en el servicio llamado desde mainNode","mainNode"
"1765973135.0922334","1765973135.092127","/home/samuchair/ros2_ws/install/samuchair/lib/python3.12/site-packages/samuchair/webcamNode.py","timer_callback","20","61","Frame: 88","webcam"
"1765973135.842446","1765973135.8423429","/home/samuchair/ros2_ws/install/samuchair/lib/python3.12/site-packages/samuchair/jBNode.py","jb_callback","20","38","Comando Joystick Bluetooth: 10","JoystickBluetooth"
"1765973135.8429482","1765973135.8428304","/home/samuchair/ros2_ws/install/samuchair/lib/python3.12/site-packages/samuchair/mainNode.py","callback_subJoy","20","82","Comando Joystick Bluetooth: 10","mainNode"
"1765973135.844541","1765973135.8444138","/home/samuchair/ros2_ws/install/samuchair/lib/python3.12/site-packages/samuchair/arduinoNode.py","handle_joystick_silla","20","61","Enviando comando al Arduino: velocidad","Joystick"
"1765973136.1468616","1765973136.14674","/home/samuchair/ros2_ws/install/samuchair/lib/python3.12/site-packages/samuchair/mainNode.py","callback_handleServiceResponse","20","142","Estoy en el servicio llamado desde mainNode","mainNode"
"1765973137.092961","1765973137.092868","/home/samuchair/ros2_ws/install/samuchair/lib/python3.12/site-packages/samuchair/webcamNode.py","timer_callback","20","61","Frame: 89","webcam"
"1765973139.0924582","1765973139.092346","/home/samuchair/ros2_ws/install/samuchair/lib/python3.12/site-packages/samuchair/webcamNode.py","timer_callback","20","61","Frame: 90","webcam"
"1765973140.980034","1765973140.9798996","/home/samuchair/ros2_ws/install/samuchair/lib/python3.12/site-packages/samuchair/jBNode.py","jb_callback","20","38","Comando Joystick Bluetooth: 3","JoystickBluetooth"
"1765973140.9805617","1765973140.9804413","/home/samuchair/ros2_ws/install/samuchair/lib/python3.12/site-packages/samuchair/mainNode.py","callback_subJoy","20","82","Comando Joystick Bluetooth: 3","mainNode"
"1765973140.9821222","1765973140.982002","/home/samuchair/ros2_ws/install/samuchair/lib/python3.12/site-packages/samuchair/arduinoNode.py","handle_joystick_silla","20","61","Enviando comando al Arduino: velocidad","Joystick"
"1765973141.0925148","1765973141.0920043","/home/samuchair/ros2_ws/install/samuchair/lib/python3.12/site-packages/samuchair/webcamNode.py","timer_callback","20","61","Frame: 91","webcam"
"1765973141.2845514","1765973141.2844176","/home/samuchair/ros2_ws/install/samuchair/lib/python3.12/site-packages/samuchair/mainNode.py","callback_handleServiceResponse","20","142","Estoy en el servicio llamado desde mainNode","mainNode"
"1765973143.0921812","1765973143.0920553","/home/samuchair/ros2_ws/install/samuchair/lib/python3.12/site-packages/samuchair/webcamNode.py","timer_callback","20","61","Frame: 92","webcam"
"1765973144.7679703","1765973144.7678714","/home/samuchair/ros2_ws/install/samuchair/lib/python3.12/site-packages/samuchair/secondarytaskNode.py","timer_callback","20","220","Publicado: ""0""","ST"
"1765973144.768992","1765973144.7689042","/home/samuchair/ros2_ws/install/samuchair/lib/python3.12/site-packages/samuchair/secondarytaskNode.py","start_random_timer","20","180","Dato publicado ST: 5.7968542383344825","ST"
"1765973145.0530715","1765973145.052975","/home/samuchair/ros2_ws/install/samuchair/lib/python3.12/site-packages/samuchair/secondarytaskNode.py","timer_lectura","20","203","Dato medido ST: 0.02743816375732422","ST"
"1765973145.0918689","1765973145.0917768","/home/samuchair/ros2_ws/install/samuchair/lib/python3.12/site-packages/samuchair/webcamNode.py","timer_callback","20","61","Frame: 93","webcam"
"1765973147.0925918","1765973147.0924783","/home/samuchair/ros2_ws/install/samuchair/lib/python3.12/site-packages/samuchair/webcamNode.py","timer_callback","20","61","Frame: 94","webcam"
"1765973149.0917919","1765973149.09169","/home/samuchair/ros2_ws/install/samuchair/lib/python3.12/site-packages/samuchair/webcamNode.py","timer_callback","20","61","Frame: 95","webcam"
"1765973151.029335","1765973151.0292246","/home/samuchair/ros2_ws/install/samuchair/lib/python3.12/site-packages/samuchair/secondarytaskNode.py","timer_callback","20","220","Publicado: ""0""","ST"
"1765973151.0303705","1765973151.0302825","/home/samuchair/ros2_ws/install/samuchair/lib/python3.12/site-packages/samuchair/secondarytaskNode.py","start_random_timer","20","180","Dato publicado ST: 13.78814415318214","ST"
"1765973151.0924354","1765973151.0923336","/home/samuchair/ros2_ws/install/samuchair/lib/python3.12/site-packages/samuchair/webcamNode.py","timer_callback","20","61","Frame: 96","webcam"
"1765973152.0531313","1765973152.0530348","/home/samuchair/ros2_ws/install/samuchair/lib/python3.12/site-packages/samuchair/secondarytaskNode.py","timer_lectura","20","203","Dato medido ST: 0.03837251663208008","ST"
"1765973153.0919542","1765973153.0918505","/home/samuchair/ros2_ws/install/samuchair/lib/python3.12/site-packages/samuchair/webcamNode.py","timer_callback","20","61","Frame: 97","webcam"
"1765973153.617711","1765973153.6176133","/home/samuchair/ros2_ws/install/samuchair/lib/python3.12/site-packages/samuchair/jBNode.py","jb_callback","20","38","Comando Joystick Bluetooth: 10","JoystickBluetooth"
"1765973153.6181543","1765973153.6180408","/home/samuchair/ros2_ws/install/samuchair/lib/python3.12/site-packages/samuchair/mainNode.py","callback_subJoy","20","82","Comando Joystick Bluetooth: 10","mainNode"
"1765973153.6197543","1765973153.6196349","/home/samuchair/ros2_ws/install/samuchair/lib/python3.12/site-packages/samuchair/arduinoNode.py","handle_joystick_silla","20","61","Enviando comando al Arduino: velocidad","Joystick"
"1765973153.9221284","1765973153.921997","/home/samuchair/ros2_ws/install/samuchair/lib/python3.12/site-packages/samuchair/mainNode.py","callback_handleServiceResponse","20","142","Estoy en el servicio llamado desde mainNode","mainNode"
"1765973155.0899196","1765973155.0898464","/home/samuchair/ros2_ws/install/samuchair/lib/python3.12/site-packages/samuchair/webcamNode.py","timer_callback","20","61","Frame: 98","webcam"
"1765973156.9177356","1765973156.9176424","/home/samuchair/ros2_ws/install/samuchair/lib/python3.12/site-packages/samuchair/jBNode.py","jb_callback","20","38","Comando Joystick Bluetooth: 9","JoystickBluetooth"
"1765973156.9181952","1765973156.9180818","/home/samuchair/ros2_ws/install/samuchair/lib/python3.12/site-packages/samuchair/mainNode.py","callback_subJoy","20","82","Comando Joystick Bluetooth: 9","mainNode"
"1765973156.9197724","1765973156.9196541","/home/samuchair/ros2_ws/install/samuchair/lib/python3.12/site-packages/samuchair/arduinoNode.py","handle_joystick_silla","20","61","Enviando comando al Arduino: velocidad","Joystick"
"1765973157.0914075","1765973157.091323","/home/samuchair/ros2_ws/install/samuchair/lib/python3.12/site-packages/samuchair/webcamNode.py","timer_callback","20","61","Frame: 99","webcam"
"1765973157.2221355","1765973157.222018","/home/samuchair/ros2_ws/install/samuchair/lib/python3.12/site-packages/samuchair/mainNode.py","callback_handleServiceResponse","20","142","Estoy en el servicio llamado desde mainNode","mainNode"
"1765973158.267703","1765973158.2676134","/home/samuchair/ros2_ws/install/samuchair/lib/python3.12/site-packages/samuchair/jBNode.py","jb_callback","20","38","Comando Joystick Bluetooth: 10","JoystickBluetooth"
"1765973158.2681808","1765973158.2680728","/home/samuchair/ros2_ws/install/samuchair/lib/python3.12/site-packages/samuchair/mainNode.py","callback_subJoy","20","82","Comando Joystick Bluetooth: 10","mainNode"
"1765973158.26969","1765973158.269572","/home/samuchair/ros2_ws/install/samuchair/lib/python3.12/site-packages/samuchair/arduinoNode.py","handle_joystick_silla","20","61","Enviando comando al Arduino: velocidad","Joystick"
"1765973158.3427548","1765973158.3426313","/home/samuchair/ros2_ws/install/samuchair/lib/python3.12/site-packages/samuchair/jBNode.py","jb_callback","20","38","Comando Joystick Bluetooth: 3","JoystickBluetooth"
"1765973158.3431795","1765973158.3430483","/home/samuchair/ros2_ws/install/samuchair/lib/python3.12/site-packages/samuchair/mainNode.py","callback_subJoy","20","82","Comando Joystick Bluetooth: 3","mainNode"
"1765973158.3436966","1765973158.3435848","/home/samuchair/ros2_ws/install/samuchair/lib/python3.12/site-packages/samuchair/jBNode.py","jb_callback","20","38","Comando Joystick Bluetooth: 0","JoystickBluetooth"
"1765973158.344946","1765973158.34484","/home/samuchair/ros2_ws/install/samuchair/lib/python3.12/site-packages/samuchair/mainNode.py","callback_subJoy","20","82","Comando Joystick Bluetooth: 0","mainNode"
"1765973158.56776","1765973158.567662","/home/samuchair/ros2_ws/install/samuchair/lib/python3.12/site-packages/samuchair/jBNode.py","jb_callback","20","38","Comando Joystick Bluetooth: 3","JoystickBluetooth"
"1765973158.5681748","1765973158.568069","/home/samuchair/ros2_ws/install/samuchair/lib/python3.12/site-packages/samuchair/mainNode.py","callback_subJoy","20","82","Comando Joystick Bluetooth: 3","mainNode"
"1765973158.5719037","1765973158.5717914","/home/samuchair/ros2_ws/install/samuchair/lib/python3.12/site-packages/samuchair/arduinoNode.py","handle_joystick_silla","20","61","Enviando comando al Arduino: velocidad","Joystick"
"1765973158.571931","1765973158.5718625","/home/samuchair/ros2_ws/install/samuchair/lib/python3.12/site-packages/samuchair/mainNode.py","callback_handleServiceResponse","20","142","Estoy en el servicio llamado desde mainNode","mainNode"
"1765973158.874163","1765973158.8740222","/home/samuchair/ros2_ws/install/samuchair/lib/python3.12/site-packages/samuchair/arduinoNode.py","handle_joystick_silla","20","61","Enviando comando al Arduino: velocidad","Joystick"
"1765973158.874202","1765973158.8741019","/home/samuchair/ros2_ws/install/samuchair/lib/python3.12/site-packages/samuchair/mainNode.py","callback_handleServiceResponse","20","142","Estoy en el servicio llamado desde mainNode","mainNode"
"1765973159.092462","1765973159.0923595","/home/samuchair/ros2_ws/install/samuchair/lib/python3.12/site-packages/samuchair/webcamNode.py","timer_callback","20","61","Frame: 100","webcam"
"1765973159.176422","1765973159.1763074","/home/samuchair/ros2_ws/install/samuchair/lib/python3.12/site-packages/samuchair/arduinoNode.py","handle_joystick_silla","20","61","Enviando comando al Arduino: velocidad","Joystick"
"1765973159.1767159","1765973159.1764393","/home/samuchair/ros2_ws/install/samuchair/lib/python3.12/site-packages/samuchair/mainNode.py","callback_handleServiceResponse","20","142","Estoy en el servicio llamado desde mainNode","mainNode"
"1765973159.478815","1765973159.4786894","/home/samuchair/ros2_ws/install/samuchair/lib/python3.12/site-packages/samuchair/mainNode.py","callback_handleServiceResponse","20","142","Estoy en el servicio llamado desde mainNode","mainNode"
"1765973160.9678526","1765973160.9677234","/home/samuchair/ros2_ws/install/samuchair/lib/python3.12/site-packages/samuchair/jBNode.py","jb_callback","20","38","Comando Joystick Bluetooth: 12","JoystickBluetooth"
"1765973160.9682803","1765973160.968146","/home/samuchair/ros2_ws/install/samuchair/lib/python3.12/site-packages/samuchair/mainNode.py","callback_subJoy","20","82","Comando Joystick Bluetooth: 12","mainNode"
"1765973160.9688468","1765973160.9686744","/home/samuchair/ros2_ws/install/samuchair/lib/python3.12/site-packages/samuchair/jBNode.py","jb_callback","20","38","Comando Joystick Bluetooth: 6","JoystickBluetooth"
"1765973160.9701557","1765973160.9700284","/home/samuchair/ros2_ws/install/samuchair/lib/python3.12/site-packages/samuchair/mainNode.py","callback_subJoy","20","82","Comando Joystick Bluetooth: 6","mainNode"
"1765973160.9706416","1765973160.9703243","/home/samuchair/ros2_ws/install/samuchair/lib/python3.12/site-packages/samuchair/arduinoNode.py","handle_joystick_silla","20","61","Enviando comando al Arduino: velocidad","Joystick"
"1765973161.092108","1765973161.0919979","/home/samuchair/ros2_ws/install/samuchair/lib/python3.12/site-packages/samuchair/webcamNode.py","timer_callback","20","61","Frame: 101","webcam"
"1765973161.2729692","1765973161.2728336","/home/samuchair/ros2_ws/install/samuchair/lib/python3.12/site-packages/samuchair/mainNode.py","callback_handleServiceResponse","20","142","Estoy en el servicio llamado desde mainNode","mainNode"
"1765973161.2730064","1765973161.2729099","/home/samuchair/ros2_ws/install/samuchair/lib/python3.12/site-packages/samuchair/arduinoNode.py","handle_joystick_silla","20","61","Enviando comando al Arduino: velocidad","Joystick"
"1765973161.5753736","1765973161.575234","/home/samuchair/ros2_ws/install/samuchair/lib/python3.12/site-packages/samuchair/mainNode.py","callback_handleServiceResponse","20","142","Estoy en el servicio llamado desde mainNode","mainNode"
"1765973162.5803397","1765973162.5802271","/home/samuchair/ros2_ws/install/samuchair/lib/python3.12/site-packages/samuchair/jBNode.py","jb_callback","20","38","Comando Joystick Bluetooth: 12","JoystickBluetooth"
"1765973162.580792","1765973162.5806835","/home/samuchair/ros2_ws/install/samuchair/lib/python3.12/site-packages/samuchair/mainNode.py","callback_subJoy","20","82","Comando Joystick Bluetooth: 12","mainNode"
"1765973162.6189637","1765973162.617704","/home/samuchair/ros2_ws/install/samuchair/lib/python3.12/site-packages/samuchair/jBNode.py","jb_callback","20","38","Comando Joystick Bluetooth: 3","JoystickBluetooth"
"1765973162.619064","1765973162.6181102","/home/samuchair/ros2_ws/install/samuchair/lib/python3.12/site-packages/samuchair/mainNode.py","callback_subJoy","20","82","Comando Joystick Bluetooth: 3","mainNode"
"1765973162.6190765","1765973162.6186342","/home/samuchair/ros2_ws/install/samuchair/lib/python3.12/site-packages/samuchair/jBNode.py","jb_callback","20","38","Comando Joystick Bluetooth: 0","JoystickBluetooth"
"1765973162.620173","1765973162.6200852","/home/samuchair/ros2_ws/install/samuchair/lib/python3.12/site-packages/samuchair/mainNode.py","callback_subJoy","20","82","Comando Joystick Bluetooth: 0","mainNode"
"1765973162.7608097","1765973162.7606654","/home/samuchair/ros2_ws/install/samuchair/lib/python3.12/site-packages/samuchair/arduinoNode.py","handle_joystick_silla","20","61","Enviando comando al Arduino: velocidad","Joystick"
"1765973163.0629852","1765973163.0628562","/home/samuchair/ros2_ws/install/samuchair/lib/python3.12/site-packages/samuchair/arduinoNode.py","handle_joystick_silla","20","61","Enviando comando al Arduino: velocidad","Joystick"
"1765973163.0631387","1765973163.063001","/home/samuchair/ros2_ws/install/samuchair/lib/python3.12/site-packages/samuchair/mainNode.py","callback_handleServiceResponse","20","142","Estoy en el servicio llamado desde mainNode","mainNode"
"1765973163.0922558","1765973163.0921571","/home/samuchair/ros2_ws/install/samuchair/lib/python3.12/site-packages/samuchair/webcamNode.py","timer_callback","20","61","Frame: 102","webcam"
"1765973163.3652165","1765973163.3650813","/home/samuchair/ros2_ws/install/samuchair/lib/python3.12/site-packages/samuchair/arduinoNode.py","handle_joystick_silla","20","61","Enviando comando al Arduino: velocidad","Joystick"
"1765973163.3653736","1765973163.3652196","/home/samuchair/ros2_ws/install/samuchair/lib/python3.12/site-packages/samuchair/mainNode.py","callback_handleServiceResponse","20","142","Estoy en el servicio llamado desde mainNode","mainNode"
"1765973163.4053526","1765973163.4052112","/home/samuchair/ros2_ws/install/samuchair/lib/python3.12/site-packages/samuchair/jBNode.py","jb_callback","20","38","Comando Joystick Bluetooth: 9","JoystickBluetooth"
"1765973163.405767","1765973163.4056113","/home/samuchair/ros2_ws/install/samuchair/lib/python3.12/site-packages/samuchair/mainNode.py","callback_subJoy","20","82","Comando Joystick Bluetooth: 9","mainNode"
"1765973163.6675067","1765973163.6673708","/home/samuchair/ros2_ws/install/samuchair/lib/python3.12/site-packages/samuchair/arduinoNode.py","handle_joystick_silla","20","61","Enviando comando al Arduino: velocidad","Joystick"
"1765973163.6678128","1765973163.667559","/home/samuchair/ros2_ws/install/samuchair/lib/python3.12/site-packages/samuchair/mainNode.py","callback_handleServiceResponse","20","142","Estoy en el servicio llamado desde mainNode","mainNode"
"1765973163.9699466","1765973163.9697843","/home/samuchair/ros2_ws/install/samuchair/lib/python3.12/site-packages/samuchair/mainNode.py","callback_handleServiceResponse","20","142","Estoy en el servicio llamado desde mainNode","mainNode"
"1765973164.9052944","1765973164.9051955","/home/samuchair/ros2_ws/install/samuchair/lib/python3.12/site-packages/samuchair/jBNode.py","jb_callback","20","38","Comando Joystick Bluetooth: 0","JoystickBluetooth"
"1765973164.905792","1765973164.905673","/home/samuchair/ros2_ws/install/samuchair/lib/python3.12/site-packages/samuchair/mainNode.py","callback_subJoy","20","82","Comando Joystick Bluetooth: 0","mainNode"
"1765973164.9072826","1765973164.9071674","/home/samuchair/ros2_ws/install/samuchair/lib/python3.12/site-packages/samuchair/arduinoNode.py","handle_joystick_silla","20","61","Enviando comando al Arduino: velocidad","Joystick"
"1765973165.0918968","1765973165.0918236","/home/samuchair/ros2_ws/install/samuchair/lib/python3.12/site-packages/samuchair/webcamNode.py","timer_callback","20","61","Frame: 103","webcam"
"1765973165.2096896","1765973165.2095582","/home/samuchair/ros2_ws/install/samuchair/lib/python3.12/site-packages/samuchair/mainNode.py","callback_handleServiceResponse","20","142","Estoy en el servicio llamado desde mainNode","mainNode"
"1765973165.2800198","1765973165.279897","/home/samuchair/ros2_ws/install/samuchair/lib/python3.12/site-packages/samuchair/secondarytaskNode.py","timer_callback","20","220","Publicado: ""0""","ST"
"1765973165.2810316","1765973165.2809365","/home/samuchair/ros2_ws/install/samuchair/lib/python3.12/site-packages/samuchair/secondarytaskNode.py","start_random_timer","20","180","Dato publicado ST: 9.235539305005833","ST"
"1765973165.8429036","1765973165.8427963","/home/samuchair/ros2_ws/install/samuchair/lib/python3.12/site-packages/samuchair/jBNode.py","jb_callback","20","38","Comando Joystick Bluetooth: 9","JoystickBluetooth"
"1765973165.8432841","1765973165.8431776","/home/samuchair/ros2_ws/install/samuchair/lib/python3.12/site-packages/samuchair/mainNode.py","callback_subJoy","20","82","Comando Joystick Bluetooth: 9","mainNode"
"1765973165.8448784","1765973165.8447585","/home/samuchair/ros2_ws/install/samuchair/lib/python3.12/site-packages/samuchair/arduinoNode.py","handle_joystick_silla","20","61","Enviando comando al Arduino: velocidad","Joystick"
"1765973166.0531678","1765973166.0530753","/home/samuchair/ros2_ws/install/samuchair/lib/python3.12/site-packages/samuchair/secondarytaskNode.py","timer_lectura","20","203","Dato medido ST: 0.12443089485168457","ST"
"1765973166.1470757","1765973166.1469765","/home/samuchair/ros2_ws/install/samuchair/lib/python3.12/site-packages/samuchair/mainNode.py","callback_handleServiceResponse","20","142","Estoy en el servicio llamado desde mainNode","mainNode"
"1765973166.292922","1765973166.2927823","/home/samuchair/ros2_ws/install/samuchair/lib/python3.12/site-packages/samuchair/jBNode.py","jb_callback","20","38","Comando Joystick Bluetooth: 0","JoystickBluetooth"
"1765973166.2932985","1765973166.2931728","/home/samuchair/ros2_ws/install/samuchair/lib/python3.12/site-packages/samuchair/mainNode.py","callback_subJoy","20","82","Comando Joystick Bluetooth: 0","mainNode"
"1765973166.2948332","1765973166.2947176","/home/samuchair/ros2_ws/install/samuchair/lib/python3.12/site-packages/samuchair/arduinoNode.py","handle_joystick_silla","20","61","Enviando comando al Arduino: velocidad","Joystick"
"1765973166.592883","1765973166.592751","/home/samuchair/ros2_ws/install/samuchair/lib/python3.12/site-packages/samuchair/jBNode.py","jb_callback","20","38","Comando Joystick Bluetooth: 9","JoystickBluetooth"
"1765973166.5932405","1765973166.5931437","/home/samuchair/ros2_ws/install/samuchair/lib/python3.12/site-packages/samuchair/mainNode.py","callback_subJoy","20","82","Comando Joystick Bluetooth: 9","mainNode"
"1765973166.5969424","1765973166.5968194","/home/samuchair/ros2_ws/install/samuchair/lib/python3.12/site-packages/samuchair/mainNode.py","callback_handleServiceResponse","20","142","Estoy en el servicio llamado desde mainNode","mainNode"
"1765973166.596975","1765973166.5968926","/home/samuchair/ros2_ws/install/samuchair/lib/python3.12/site-packages/samuchair/arduinoNode.py","handle_joystick_silla","20","61","Enviando comando al Arduino: velocidad","Joystick"
"1765973166.8992465","1765973166.8991237","/home/samuchair/ros2_ws/install/samuchair/lib/python3.12/site-packages/samuchair/mainNode.py","callback_handleServiceResponse","20","142","Estoy en el servicio llamado desde mainNode","mainNode"
"1765973167.042903","1765973167.0427954","/home/samuchair/ros2_ws/install/samuchair/lib/python3.12/site-packages/samuchair/jBNode.py","jb_callback","20","38","Comando Joystick Bluetooth: 0","JoystickBluetooth"
"1765973167.043274","1765973167.0431583","/home/samuchair/ros2_ws/install/samuchair/lib/python3.12/site-packages/samuchair/mainNode.py","callback_subJoy","20","82","Comando Joystick Bluetooth: 0","mainNode"
"1765973167.044818","1765973167.0446975","/home/samuchair/ros2_ws/install/samuchair/lib/python3.12/site-packages/samuchair/arduinoNode.py","handle_joystick_silla","20","61","Enviando comando al Arduino: velocidad","Joystick"
"1765973167.0929043","1765973167.0928018","/home/samuchair/ros2_ws/install/samuchair/lib/python3.12/site-packages/samuchair/webcamNode.py","timer_callback","20","61","Frame: 104","webcam"
"1765973167.305413","1765973167.3052573","/home/samuchair/ros2_ws/install/samuchair/lib/python3.12/site-packages/samuchair/jBNode.py","jb_callback","20","38","Comando Joystick Bluetooth: 9","JoystickBluetooth"
"1765973167.305908","1765973167.3057976","/home/samuchair/ros2_ws/install/samuchair/lib/python3.12/site-packages/samuchair/mainNode.py","callback_subJoy","20","82","Comando Joystick Bluetooth: 9","mainNode"
"1765973167.347119","1765973167.346956","/home/samuchair/ros2_ws/install/samuchair/lib/python3.12/site-packages/samuchair/mainNode.py","callback_handleServiceResponse","20","142","Estoy en el servicio llamado desde mainNode","mainNode"
"1765973167.3474154","1765973167.3470879","/home/samuchair/ros2_ws/install/samuchair/lib/python3.12/site-packages/samuchair/arduinoNode.py","handle_joystick_silla","20","61","Enviando comando al Arduino: velocidad","Joystick"
"1765973167.5303936","1765973167.5302887","/home/samuchair/ros2_ws/install/samuchair/lib/python3.12/site-packages/samuchair/jBNode.py","jb_callback","20","38","Comando Joystick Bluetooth: 0","JoystickBluetooth"
"1765973167.530899","1765973167.5307863","/home/samuchair/ros2_ws/install/samuchair/lib/python3.12/site-packages/samuchair/mainNode.py","callback_subJoy","20","82","Comando Joystick Bluetooth: 0","mainNode"
"1765973167.6493864","1765973167.6492474","/home/samuchair/ros2_ws/install/samuchair/lib/python3.12/site-packages/samuchair/arduinoNode.py","handle_joystick_silla","20","61","Enviando comando al Arduino: velocidad","Joystick"
"1765973167.6494179","1765973167.6493335","/home/samuchair/ros2_ws/install/samuchair/lib/python3.12/site-packages/samuchair/mainNode.py","callback_handleServiceResponse","20","142","Estoy en el servicio llamado desde mainNode","mainNode"
"1765973167.9517324","1765973167.9515975","/home/samuchair/ros2_ws/install/samuchair/lib/python3.12/site-packages/samuchair/mainNode.py","callback_handleServiceResponse","20","142","Estoy en el servicio llamado desde mainNode","mainNode"
"1765973168.0929117","1765973168.092806","/home/samuchair/ros2_ws/install/samuchair/lib/python3.12/site-packages/samuchair/jBNode.py","jb_callback","20","38","Comando Joystick Bluetooth: 3","JoystickBluetooth"
"1765973168.0933192","1765973168.0932035","/home/samuchair/ros2_ws/install/samuchair/lib/python3.12/site-packages/samuchair/mainNode.py","callback_subJoy","20","82","Comando Joystick Bluetooth: 3","mainNode"
"1765973168.0949235","1765973168.094795","/home/samuchair/ros2_ws/install/samuchair/lib/python3.12/site-packages/samuchair/arduinoNode.py","handle_joystick_silla","20","61","Enviando comando al Arduino: velocidad","Joystick"
"1765973168.3971632","1765973168.3970485","/home/samuchair/ros2_ws/install/samuchair/lib/python3.12/site-packages/samuchair/mainNode.py","callback_handleServiceResponse","20","142","Estoy en el servicio llamado desde mainNode","mainNode"
"1765973169.0919764","1765973169.091892","/home/samuchair/ros2_ws/install/samuchair/lib/python3.12/site-packages/samuchair/webcamNode.py","timer_callback","20","61","Frame: 105","webcam"
"1765973171.0919645","1765973171.091876","/home/samuchair/ros2_ws/install/samuchair/lib/python3.12/site-packages/samuchair/webcamNode.py","timer_callback","20","61","Frame: 106","webcam"
"1765973172.105503","1765973172.1053739","/home/samuchair/ros2_ws/install/samuchair/lib/python3.12/site-packages/samuchair/jBNode.py","jb_callback","20","38","Comando Joystick Bluetooth: 10","JoystickBluetooth"
"1765973172.1058939","1765973172.1057866","/home/samuchair/ros2_ws/install/samuchair/lib/python3.12/site-packages/samuchair/mainNode.py","callback_subJoy","20","82","Comando Joystick Bluetooth: 10","mainNode"
"1765973172.1074953","1765973172.1073792","/home/samuchair/ros2_ws/install/samuchair/lib/python3.12/site-packages/samuchair/arduinoNode.py","handle_joystick_silla","20","61","Enviando comando al Arduino: velocidad","Joystick"
"1765973172.4098742","1765973172.409745","/home/samuchair/ros2_ws/install/samuchair/lib/python3.12/site-packages/samuchair/mainNode.py","callback_handleServiceResponse","20","142","Estoy en el servicio llamado desde mainNode","mainNode"
"1765973173.0920498","1765973173.0919247","/home/samuchair/ros2_ws/install/samuchair/lib/python3.12/site-packages/samuchair/webcamNode.py","timer_callback","20","61","Frame: 107","webcam"
"1765973174.9813175","1765973174.9812064","/home/samuchair/ros2_ws/install/samuchair/lib/python3.12/site-packages/samuchair/secondarytaskNode.py","timer_callback","20","220","Publicado: ""1""","ST"
"1765973174.9823806","1765973174.9822984","/home/samuchair/ros2_ws/install/samuchair/lib/python3.12/site-packages/samuchair/secondarytaskNode.py","start_random_timer","20","180","Dato publicado ST: 13.83792161911709","ST"
"1765973175.0532024","1765973175.0530927","/home/samuchair/ros2_ws/install/samuchair/lib/python3.12/site-packages/samuchair/secondarytaskNode.py","timer_lectura","20","203","Dato medido ST: 0.023627758026123047","ST"
"1765973175.0926363","1765973175.092539","/home/samuchair/ros2_ws/install/samuchair/lib/python3.12/site-packages/samuchair/webcamNode.py","timer_callback","20","61","Frame: 108","webcam"
"1765973177.0919235","1765973177.0918381","/home/samuchair/ros2_ws/install/samuchair/lib/python3.12/site-packages/samuchair/webcamNode.py","timer_callback","20","61","Frame: 109","webcam"
"1765973178.593043","1765973178.5929098","/home/samuchair/ros2_ws/install/samuchair/lib/python3.12/site-packages/samuchair/jBNode.py","jb_callback","20","38","Comando Joystick Bluetooth: 9","JoystickBluetooth"
"1765973178.5934715","1765973178.5933611","/home/samuchair/ros2_ws/install/samuchair/lib/python3.12/site-packages/samuchair/mainNode.py","callback_subJoy","20","82","Comando Joystick Bluetooth: 9","mainNode"
"1765973178.5951197","1765973178.594995","/home/samuchair/ros2_ws/install/samuchair/lib/python3.12/site-packages/samuchair/arduinoNode.py","handle_joystick_silla","20","61","Enviando comando al Arduino: velocidad","Joystick"
"1765973178.668006","1765973178.6679122","/home/samuchair/ros2_ws/install/samuchair/lib/python3.12/site-packages/samuchair/jBNode.py","jb_callback","20","38","Comando Joystick Bluetooth: 10","JoystickBluetooth"
"1765973178.6685507","1765973178.6684344","/home/samuchair/ros2_ws/install/samuchair/lib/python3.12/site-packages/samuchair/mainNode.py","callback_subJoy","20","82","Comando Joystick Bluetooth: 10","mainNode"
"1765973178.7055109","1765973178.7053843","/home/samuchair/ros2_ws/install/samuchair/lib/python3.12/site-packages/samuchair/jBNode.py","jb_callback","20","38","Comando Joystick Bluetooth: 9","JoystickBluetooth"
"1765973178.7058053","1765973178.7057183","/home/samuchair/ros2_ws/install/samuchair/lib/python3.12/site-packages/samuchair/mainNode.py","callback_subJoy","20","82","Comando Joystick Bluetooth: 9","mainNode"
"1765973178.8973074","1765973178.897173","/home/samuchair/ros2_ws/install/samuchair/lib/python3.12/site-packages/samuchair/arduinoNode.py","handle_joystick_silla","20","61","Enviando comando al Arduino: velocidad","Joystick"
"1765973178.897351","1765973178.8972542","/home/samuchair/ros2_ws/install/samuchair/lib/python3.12/site-packages/samuchair/mainNode.py","callback_handleServiceResponse","20","142","Estoy en el servicio llamado desde mainNode","mainNode"
"1765973179.0924022","1765973179.0923033","/home/samuchair/ros2_ws/install/samuchair/lib/python3.12/site-packages/samuchair/webcamNode.py","timer_callback","20","61","Frame: 110","webcam"
"1765973179.1995842","1765973179.1994426","/home/samuchair/ros2_ws/install/samuchair/lib/python3.12/site-packages/samuchair/mainNode.py","callback_handleServiceResponse","20","142","Estoy en el servicio llamado desde mainNode","mainNode"
"1765973179.1996186","1765973179.1995065","/home/samuchair/ros2_ws/install/samuchair/lib/python3.12/site-packages/samuchair/arduinoNode.py","handle_joystick_silla","20","61","Enviando comando al Arduino: velocidad","Joystick"
"1765973179.5018477","1765973179.50172","/home/samuchair/ros2_ws/install/samuchair/lib/python3.12/site-packages/samuchair/mainNode.py","callback_handleServiceResponse","20","142","Estoy en el servicio llamado desde mainNode","mainNode"
"1765973179.6430078","1765973179.6428838","/home/samuchair/ros2_ws/install/samuchair/lib/python3.12/site-packages/samuchair/jBNode.py","jb_callback","20","38","Comando Joystick Bluetooth: 10","JoystickBluetooth"
"1765973179.6434069","1765973179.6433032","/home/samuchair/ros2_ws/install/samuchair/lib/python3.12/site-packages/samuchair/mainNode.py","callback_subJoy","20","82","Comando Joystick Bluetooth: 10","mainNode"
"1765973179.6448855","1765973179.644781","/home/samuchair/ros2_ws/install/samuchair/lib/python3.12/site-packages/samuchair/arduinoNode.py","handle_joystick_silla","20","61","Enviando comando al Arduino: velocidad","Joystick"
"1765973179.8305483","1765973179.8304474","/home/samuchair/ros2_ws/install/samuchair/lib/python3.12/site-packages/samuchair/jBNode.py","jb_callback","20","38","Comando Joystick Bluetooth: 3","JoystickBluetooth"
"1765973179.8322365","1765973179.8308883","/home/samuchair/ros2_ws/install/samuchair/lib/python3.12/site-packages/samuchair/mainNode.py","callback_subJoy","20","82","Comando Joystick Bluetooth: 3","mainNode"
"1765973179.8322861","1765973179.8313808","/home/samuchair/ros2_ws/install/samuchair/lib/python3.12/site-packages/samuchair/jBNode.py","jb_callback","20","38","Comando Joystick Bluetooth: 0","JoystickBluetooth"
"1765973179.8332365","1765973179.8329728","/home/samuchair/ros2_ws/install/samuchair/lib/python3.12/site-packages/samuchair/mainNode.py","callback_subJoy","20","82","Comando Joystick Bluetooth: 0","mainNode"
"1765973179.9471676","1765973179.9470334","/home/samuchair/ros2_ws/install/samuchair/lib/python3.12/site-packages/samuchair/arduinoNode.py","handle_joystick_silla","20","61","Enviando comando al Arduino: velocidad","Joystick"
"1765973179.9475133","1765973179.9470994","/home/samuchair/ros2_ws/install/samuchair/lib/python3.12/site-packages/samuchair/mainNode.py","callback_handleServiceResponse","20","142","Estoy en el servicio llamado desde mainNode","mainNode"
"1765973180.2496088","1765973180.2493753","/home/samuchair/ros2_ws/install/samuchair/lib/python3.12/site-packages/samuchair/arduinoNode.py","handle_joystick_silla","20","61","Enviando comando al Arduino: velocidad","Joystick"
"1765973180.24964","1765973180.2494183","/home/samuchair/ros2_ws/install/samuchair/lib/python3.12/site-packages/samuchair/mainNode.py","callback_handleServiceResponse","20","142","Estoy en el servicio llamado desde mainNode","mainNode"
"1765973180.55189","1765973180.5517602","/home/samuchair/ros2_ws/install/samuchair/lib/python3.12/site-packages/samuchair/mainNode.py","callback_handleServiceResponse","20","142","Estoy en el servicio llamado desde mainNode","mainNode"
"1765973180.8055987","1765973180.8054914","/home/samuchair/ros2_ws/install/samuchair/lib/python3.12/site-packages/samuchair/jBNode.py","jb_callback","20","38","Comando Joystick Bluetooth: 9","JoystickBluetooth"
"1765973180.8059535","1765973180.8058429","/home/samuchair/ros2_ws/install/samuchair/lib/python3.12/site-packages/samuchair/mainNode.py","callback_subJoy","20","82","Comando Joystick Bluetooth: 9","mainNode"
"1765973180.8073094","1765973180.8064625","/home/samuchair/ros2_ws/install/samuchair/lib/python3.12/site-packages/samuchair/jBNode.py","jb_callback","20","38","Comando Joystick Bluetooth: 10","JoystickBluetooth"
"1765973180.8078175","1765973180.8075383","/home/samuchair/ros2_ws/install/samuchair/lib/python3.12/site-packages/samuchair/arduinoNode.py","handle_joystick_silla","20","61","Enviando comando al Arduino: velocidad","Joystick"
"1765973180.8078501","1765973180.8076808","/home/samuchair/ros2_ws/install/samuchair/lib/python3.12/site-packages/samuchair/mainNode.py","callback_subJoy","20","82","Comando Joystick Bluetooth: 10","mainNode"
"1765973181.0920525","1765973181.091928","/home/samuchair/ros2_ws/install/samuchair/lib/python3.12/site-packages/samuchair/webcamNode.py","timer_callback","20","61","Frame: 111","webcam"
"1765973181.1096385","1765973181.1095312","/home/samuchair/ros2_ws/install/samuchair/lib/python3.12/site-packages/samuchair/arduinoNode.py","handle_joystick_silla","20","61","Enviando comando al Arduino: velocidad","Joystick"
"1765973181.1096673","1765973181.1095893","/home/samuchair/ros2_ws/install/samuchair/lib/python3.12/site-packages/samuchair/mainNode.py","callback_handleServiceResponse","20","142","Estoy en el servicio llamado desde mainNode","mainNode"
"1765973181.4119473","1765973181.4118185","/home/samuchair/ros2_ws/install/samuchair/lib/python3.12/site-packages/samuchair/mainNode.py","callback_handleServiceResponse","20","142","Estoy en el servicio llamado desde mainNode","mainNode"
"1765973183.0924585","1765973183.0923576","/home/samuchair/ros2_ws/install/samuchair/lib/python3.12/site-packages/samuchair/webcamNode.py","timer_callback","20","61","Frame: 112","webcam"
"1765973184.6306574","1765973184.6305528","/home/samuchair/ros2_ws/install/samuchair/lib/python3.12/site-packages/samuchair/jBNode.py","jb_callback","20","38","Comando Joystick Bluetooth: 3","JoystickBluetooth"
"1765973184.6311502","1765973184.6310325","/home/samuchair/ros2_ws/install/samuchair/lib/python3.12/site-packages/samuchair/mainNode.py","callback_subJoy","20","82","Comando Joystick Bluetooth: 3","mainNode"
"1765973184.6327436","1765973184.6326282","/home/samuchair/ros2_ws/install/samuchair/lib/python3.12/site-packages/samuchair/arduinoNode.py","handle_joystick_silla","20","61","Enviando comando al Arduino: velocidad","Joystick"
"1765973184.9350934","1765973184.934968","/home/samuchair/ros2_ws/install/samuchair/lib/python3.12/site-packages/samuchair/mainNode.py","callback_handleServiceResponse","20","142","Estoy en el servicio llamado desde mainNode","mainNode"
"1765973185.0917125","1765973185.0916283","/home/samuchair/ros2_ws/install/samuchair/lib/python3.12/site-packages/samuchair/webcamNode.py","timer_callback","20","61","Frame: 113","webcam"
"1765973187.0926156","1765973187.092512","/home/samuchair/ros2_ws/install/samuchair/lib/python3.12/site-packages/samuchair/webcamNode.py","timer_callback","20","61","Frame: 114","webcam"
"1765973188.0807047","1765973188.0806077","/home/samuchair/ros2_ws/install/samuchair/lib/python3.12/site-packages/samuchair/jBNode.py","jb_callback","20","38","Comando Joystick Bluetooth: 0","JoystickBluetooth"
"1765973188.0812953","1765973188.0811698","/home/samuchair/ros2_ws/install/samuchair/lib/python3.12/site-packages/samuchair/mainNode.py","callback_subJoy","20","82","Comando Joystick Bluetooth: 0","mainNode"
"1765973188.08284","1765973188.082725","/home/samuchair/ros2_ws/install/samuchair/lib/python3.12/site-packages/samuchair/arduinoNode.py","handle_joystick_silla","20","61","Enviando comando al Arduino: velocidad","Joystick"
"1765973188.3851814","1765973188.3850577","/home/samuchair/ros2_ws/install/samuchair/lib/python3.12/site-packages/samuchair/mainNode.py","callback_handleServiceResponse","20","142","Estoy en el servicio llamado desde mainNode","mainNode"
"1765973189.0925918","1765973189.0925086","/home/samuchair/ros2_ws/install/samuchair/lib/python3.12/site-packages/samuchair/webcamNode.py","timer_callback","20","61","Frame: 115","webcam"
"1765973189.290626","1765973189.290522","/home/samuchair/ros2_ws/install/samuchair/lib/python3.12/site-packages/samuchair/secondarytaskNode.py","timer_callback","20","220","Publicado: ""1""","ST"
"1765973189.2917008","1765973189.2916024","/home/samuchair/ros2_ws/install/samuchair/lib/python3.12/site-packages/samuchair/secondarytaskNode.py","start_random_timer","20","180","Dato publicado ST: 10.69073023531077","ST"
"1765973190.05312","1765973190.0530179","/home/samuchair/ros2_ws/install/samuchair/lib/python3.12/site-packages/samuchair/secondarytaskNode.py","timer_lectura","20","203","Dato medido ST: 0.05101943016052246","ST"
"1765973190.5556862","1765973190.5555968","/home/samuchair/ros2_ws/install/samuchair/lib/python3.12/site-packages/samuchair/jBNode.py","jb_callback","20","38","Comando Joystick Bluetooth: 3","JoystickBluetooth"
"1765973190.5561242","1765973190.5560176","/home/samuchair/ros2_ws/install/samuchair/lib/python3.12/site-packages/samuchair/mainNode.py","callback_subJoy","20","82","Comando Joystick Bluetooth: 3","mainNode"
"1765973190.557722","1765973190.5576053","/home/samuchair/ros2_ws/install/samuchair/lib/python3.12/site-packages/samuchair/arduinoNode.py","handle_joystick_silla","20","61","Enviando comando al Arduino: velocidad","Joystick"
"1765973190.8601015","1765973190.8599792","/home/samuchair/ros2_ws/install/samuchair/lib/python3.12/site-packages/samuchair/mainNode.py","callback_handleServiceResponse","20","142","Estoy en el servicio llamado desde mainNode","mainNode"
"1765973191.0925553","1765973191.0924644","/home/samuchair/ros2_ws/install/samuchair/lib/python3.12/site-packages/samuchair/webcamNode.py","timer_callback","20","61","Frame: 116","webcam"
"1765973191.7557778","1765973191.755673","/home/samuchair/ros2_ws/install/samuchair/lib/python3.12/site-packages/samuchair/jBNode.py","jb_callback","20","38","Comando Joystick Bluetooth: 0","JoystickBluetooth"
"1765973191.7561352","1765973191.756039","/home/samuchair/ros2_ws/install/samuchair/lib/python3.12/site-packages/samuchair/mainNode.py","callback_subJoy","20","82","Comando Joystick Bluetooth: 0","mainNode"
"1765973191.7577996","1765973191.7576776","/home/samuchair/ros2_ws/install/samuchair/lib/python3.12/site-packages/samuchair/arduinoNode.py","handle_joystick_silla","20","61","Enviando comando al Arduino: velocidad","Joystick"
"1765973192.0601013","1765973192.0599737","/home/samuchair/ros2_ws/install/samuchair/lib/python3.12/site-packages/samuchair/mainNode.py","callback_handleServiceResponse","20","142","Estoy en el servicio llamado desde mainNode","mainNode"
"1765973192.8809335","1765973192.8807583","/home/samuchair/ros2_ws/install/samuchair/lib/python3.12/site-packages/samuchair/jBNode.py","jb_callback","20","38","Comando Joystick Bluetooth: 23","JoystickBluetooth"
"1765973192.8812518","1765973192.8811474","/home/samuchair/ros2_ws/install/samuchair/lib/python3.12/site-packages/samuchair/mainNode.py","callback_subJoy","20","82","Comando Joystick Bluetooth: 23","mainNode"
"1765973192.8829858","1765973192.8828576","/home/samuchair/ros2_ws/install/samuchair/lib/python3.12/site-packages/samuchair/arduinoNode.py","handle_joystick_silla","20","61","Enviando comando al Arduino: velocidad","Joystick"
"1765973193.091915","1765973193.0918155","/home/samuchair/ros2_ws/install/samuchair/lib/python3.12/site-packages/samuchair/webcamNode.py","timer_callback","20","61","Frame: 117","webcam"
"1765973193.1853993","1765973193.1852763","/home/samuchair/ros2_ws/install/samuchair/lib/python3.12/site-packages/samuchair/mainNode.py","callback_handleServiceResponse","20","142","Estoy en el servicio llamado desde mainNode","mainNode"
"1765973193.2182882","1765973193.2181911","/home/samuchair/ros2_ws/install/samuchair/lib/python3.12/site-packages/samuchair/jBNode.py","jb_callback","20","38","Comando Joystick Bluetooth: 24","JoystickBluetooth"
"1765973193.2186127","1765973193.21851","/home/samuchair/ros2_ws/install/samuchair/lib/python3.12/site-packages/samuchair/mainNode.py","callback_subJoy","20","82","Comando Joystick Bluetooth: 24","mainNode"
"1765973193.2202325","1765973193.2200935","/home/samuchair/ros2_ws/install/samuchair/lib/python3.12/site-packages/samuchair/arduinoNode.py","handle_joystick_silla","20","61","Enviando comando al Arduino: velocidad","Joystick"
"1765973193.5226648","1765973193.5225272","/home/samuchair/ros2_ws/install/samuchair/lib/python3.12/site-packages/samuchair/mainNode.py","callback_handleServiceResponse","20","142","Estoy en el servicio llamado desde mainNode","mainNode"
"1765973195.092432","1765973195.0923185","/home/samuchair/ros2_ws/install/samuchair/lib/python3.12/site-packages/samuchair/webcamNode.py","timer_callback","20","61","Frame: 118","webcam"
"1765973196.368418","1765973196.368286","/home/samuchair/ros2_ws/install/samuchair/lib/python3.12/site-packages/samuchair/jBNode.py","jb_callback","20","38","Comando Joystick Bluetooth: 9","JoystickBluetooth"
"1765973196.3687584","1765973196.3686507","/home/samuchair/ros2_ws/install/samuchair/lib/python3.12/site-packages/samuchair/mainNode.py","callback_subJoy","20","82","Comando Joystick Bluetooth: 9","mainNode"
"1765973196.370445","1765973196.3703244","/home/samuchair/ros2_ws/install/samuchair/lib/python3.12/site-packages/samuchair/arduinoNode.py","handle_joystick_silla","20","61","Enviando comando al Arduino: velocidad","Joystick"
"1765973196.5558903","1765973196.5557823","/home/samuchair/ros2_ws/install/samuchair/lib/python3.12/site-packages/samuchair/jBNode.py","jb_callback","20","38","Comando Joystick Bluetooth: 0","JoystickBluetooth"
"1765973196.5565517","1765973196.5561712","/home/samuchair/ros2_ws/install/samuchair/lib/python3.12/site-packages/samuchair/mainNode.py","callback_subJoy","20","82","Comando Joystick Bluetooth: 0","mainNode"
"1765973196.672824","1765973196.6726863","/home/samuchair/ros2_ws/install/samuchair/lib/python3.12/site-packages/samuchair/arduinoNode.py","handle_joystick_silla","20","61","Enviando comando al Arduino: velocidad","Joystick"
"1765973196.6728542","1765973196.6726701","/home/samuchair/ros2_ws/install/samuchair/lib/python3.12/site-packages/samuchair/mainNode.py","callback_handleServiceResponse","20","142","Estoy en el servicio llamado desde mainNode","mainNode"
"1765973196.9752092","1765973196.9750955","/home/samuchair/ros2_ws/install/samuchair/lib/python3.12/site-packages/samuchair/mainNode.py","callback_handleServiceResponse","20","142","Estoy en el servicio llamado desde mainNode","mainNode"
"1765973197.093587","1765973197.0934813","/home/samuchair/ros2_ws/install/samuchair/lib/python3.12/site-packages/samuchair/webcamNode.py","timer_callback","20","61","Frame: 119","webcam"
"1765973197.1184227","1765973197.118317","/home/samuchair/ros2_ws/install/samuchair/lib/python3.12/site-packages/samuchair/jBNode.py","jb_callback","20","38","Comando Joystick Bluetooth: 9","JoystickBluetooth"
"1765973197.1188269","1765973197.1187108","/home/samuchair/ros2_ws/install/samuchair/lib/python3.12/site-packages/samuchair/mainNode.py","callback_subJoy","20","82","Comando Joystick Bluetooth: 9","mainNode"
"1765973197.1204252","1765973197.120297","/home/samuchair/ros2_ws/install/samuchair/lib/python3.12/site-packages/samuchair/arduinoNode.py","handle_joystick_silla","20","61","Enviando comando al Arduino: velocidad","Joystick"
"1765973197.4226809","1765973197.422561","/home/samuchair/ros2_ws/install/samuchair/lib/python3.12/site-packages/samuchair/mainNode.py","callback_handleServiceResponse","20","142","Estoy en el servicio llamado desde mainNode","mainNode"
"1765973198.9559329","1765973198.9558222","/home/samuchair/ros2_ws/install/samuchair/lib/python3.12/site-packages/samuchair/jBNode.py","jb_callback","20","38","Comando Joystick Bluetooth: 0","JoystickBluetooth"
"1765973198.956289","1765973198.956178","/home/samuchair/ros2_ws/install/samuchair/lib/python3.12/site-packages/samuchair/mainNode.py","callback_subJoy","20","82","Comando Joystick Bluetooth: 0","mainNode"
"1765973198.9580064","1765973198.9578865","/home/samuchair/ros2_ws/install/samuchair/lib/python3.12/site-packages/samuchair/arduinoNode.py","handle_joystick_silla","20","61","Enviando comando al Arduino: velocidad","Joystick"
"1765973199.0922816","1765973199.0921662","/home/samuchair/ros2_ws/install/samuchair/lib/python3.12/site-packages/samuchair/webcamNode.py","timer_callback","20","61","Frame: 120","webcam"
"1765973199.2603388","1765973199.2601922","/home/samuchair/ros2_ws/install/samuchair/lib/python3.12/site-packages/samuchair/mainNode.py","callback_handleServiceResponse","20","142","Estoy en el servicio llamado desde mainNode","mainNode"
"1765973199.3684","1765973199.3683012","/home/samuchair/ros2_ws/install/samuchair/lib/python3.12/site-packages/samuchair/jBNode.py","jb_callback","20","38","Comando Joystick Bluetooth: 3","JoystickBluetooth"
"1765973199.3688085","1765973199.3687015","/home/samuchair/ros2_ws/install/samuchair/lib/python3.12/site-packages/samuchair/mainNode.py","callback_subJoy","20","82","Comando Joystick Bluetooth: 3","mainNode"
"1765973199.3704772","1765973199.370348","/home/samuchair/ros2_ws/install/samuchair/lib/python3.12/site-packages/samuchair/arduinoNode.py","handle_joystick_silla","20","61","Enviando comando al Arduino: velocidad","Joystick"
"1765973199.6727803","1765973199.672669","/home/samuchair/ros2_ws/install/samuchair/lib/python3.12/site-packages/samuchair/mainNode.py","callback_handleServiceResponse","20","142","Estoy en el servicio llamado desde mainNode","mainNode"
"1765973200.4532478","1765973200.4531467","/home/samuchair/ros2_ws/install/samuchair/lib/python3.12/site-packages/samuchair/secondarytaskNode.py","timer_callback","20","220","Publicado: ""0""","ST"
"1765973200.4543364","1765973200.4542265","/home/samuchair/ros2_ws/install/samuchair/lib/python3.12/site-packages/samuchair/secondarytaskNode.py","start_random_timer","20","180","Dato publicado ST: 7.01156266551505","ST"
"1765973201.0530763","1765973201.05298","/home/samuchair/ros2_ws/install/samuchair/lib/python3.12/site-packages/samuchair/secondarytaskNode.py","timer_lectura","20","203","Dato medido ST: 0.024922847747802734","ST"
"1765973201.0929608","1765973201.092846","/home/samuchair/ros2_ws/install/samuchair/lib/python3.12/site-packages/samuchair/webcamNode.py","timer_callback","20","61","Frame: 121","webcam"
"1765973202.256017","1765973202.2559109","/home/samuchair/ros2_ws/install/samuchair/lib/python3.12/site-packages/samuchair/jBNode.py","jb_callback","20","38","Comando Joystick Bluetooth: 10","JoystickBluetooth"
"1765973202.2563655","1765973202.25625","/home/samuchair/ros2_ws/install/samuchair/lib/python3.12/site-packages/samuchair/mainNode.py","callback_subJoy","20","82","Comando Joystick Bluetooth: 10","mainNode"
"1765973202.258017","1765973202.257893","/home/samuchair/ros2_ws/install/samuchair/lib/python3.12/site-packages/samuchair/arduinoNode.py","handle_joystick_silla","20","61","Enviando comando al Arduino: velocidad","Joystick"
"1765973202.330944","1765973202.330837","/home/samuchair/ros2_ws/install/samuchair/lib/python3.12/site-packages/samuchair/jBNode.py","jb_callback","20","38","Comando Joystick Bluetooth: 9","JoystickBluetooth"
"1765973202.3312829","1765973202.33117","/home/samuchair/ros2_ws/install/samuchair/lib/python3.12/site-packages/samuchair/mainNode.py","callback_subJoy","20","82","Comando Joystick Bluetooth: 9","mainNode"
"1765973202.5603013","1765973202.5601506","/home/samuchair/ros2_ws/install/samuchair/lib/python3.12/site-packages/samuchair/arduinoNode.py","handle_joystick_silla","20","61","Enviando comando al Arduino: velocidad","Joystick"
"1765973202.560337","1765973202.5602212","/home/samuchair/ros2_ws/install/samuchair/lib/python3.12/site-packages/samuchair/mainNode.py","callback_handleServiceResponse","20","142","Estoy en el servicio llamado desde mainNode","mainNode"
"1765973202.8627052","1765973202.862567","/home/samuchair/ros2_ws/install/samuchair/lib/python3.12/site-packages/samuchair/mainNode.py","callback_handleServiceResponse","20","142","Estoy en el servicio llamado desde mainNode","mainNode"
"1765973203.0929759","1765973203.0928655","/home/samuchair/ros2_ws/install/samuchair/lib/python3.12/site-packages/samuchair/webcamNode.py","timer_callback","20","61","Frame: 122","webcam"
"1765973203.6061084","1765973203.6059968","/home/samuchair/ros2_ws/install/samuchair/lib/python3.12/site-packages/samuchair/jBNode.py","jb_callback","20","38","Comando Joystick Bluetooth: 0","JoystickBluetooth"
"1765973203.606365","1765973203.6062496","/home/samuchair/ros2_ws/install/samuchair/lib/python3.12/site-packages/samuchair/mainNode.py","callback_subJoy","20","82","Comando Joystick Bluetooth: 0","mainNode"
"1765973203.6080468","1765973203.6079206","/home/samuchair/ros2_ws/install/samuchair/lib/python3.12/site-packages/samuchair/arduinoNode.py","handle_joystick_silla","20","61","Enviando comando al Arduino: velocidad","Joystick"
"1765973203.9104471","1765973203.9103122","/home/samuchair/ros2_ws/install/samuchair/lib/python3.12/site-packages/samuchair/mainNode.py","callback_handleServiceResponse","20","142","Estoy en el servicio llamado desde mainNode","mainNode"
"1765973205.0936072","1765973205.0935028","/home/samuchair/ros2_ws/install/samuchair/lib/python3.12/site-packages/samuchair/webcamNode.py","timer_callback","20","61","Frame: 123","webcam"
"1765973207.091682","1765973207.0915813","/home/samuchair/ros2_ws/install/samuchair/lib/python3.12/site-packages/samuchair/webcamNode.py","timer_callback","20","61","Frame: 124","webcam"
"1765973207.9252846","1765973207.9251745","/home/samuchair/ros2_ws/install/samuchair/lib/python3.12/site-packages/samuchair/secondarytaskNode.py","timer_callback","20","220","Publicado: ""0""","ST"
"1765973207.9263031","1765973207.9261992","/home/samuchair/ros2_ws/install/samuchair/lib/python3.12/site-packages/samuchair/secondarytaskNode.py","start_random_timer","20","180","Dato publicado ST: 12.490161145326008","ST"
"1765973208.0530305","1765973208.0529313","/home/samuchair/ros2_ws/install/samuchair/lib/python3.12/site-packages/samuchair/secondarytaskNode.py","timer_lectura","20","203","Dato medido ST: 0.10528230667114258","ST"
"1765973209.0925508","1765973209.092442","/home/samuchair/ros2_ws/install/samuchair/lib/python3.12/site-packages/samuchair/webcamNode.py","timer_callback","20","61","Frame: 125","webcam"
"1765973209.887401","1765973209.8872721","/home/samuchair/ros2_ws/install/samuchair/lib/python3.12/site-packages/samuchair/movilNode.py","timer_callback","20","239","Dato publicado Fase Ejecucion: 30","Movil"
"1765973209.8877578","1765973209.887552","/home/samuchair/ros2_ws/install/samuchair/lib/python3.12/site-packages/samuchair/mainNode.py","callback_subMovilEjecucion","20","137","Comando Movil Ejecucion: 30","mainNode"
"1765973220.8747945","1765973220.8746734","/home/samuchair/ros2_ws/install/samuchair/lib/python3.12/site-packages/samuchair/secondarytaskNode.py","timer_callback","20","220","Publicado: ""0""","ST"
"1765973220.8756137","1765973220.8755288","/home/samuchair/ros2_ws/install/samuchair/lib/python3.12/site-packages/samuchair/secondarytaskNode.py","start_random_timer","20","180","Dato publicado ST: 13.078114110468494","ST"
"1765973221.0530748","1765973221.0529704","/home/samuchair/ros2_ws/install/samuchair/lib/python3.12/site-packages/samuchair/secondarytaskNode.py","timer_lectura","20","203","Dato medido ST: 0.08427619934082031","ST"
"1765973234.4160442","1765973234.4159403","/home/samuchair/ros2_ws/install/samuchair/lib/python3.12/site-packages/samuchair/secondarytaskNode.py","timer_callback","20","220","Publicado: ""0""","ST"
"1765973234.4171233","1765973234.417023","/home/samuchair/ros2_ws/install/samuchair/lib/python3.12/site-packages/samuchair/secondarytaskNode.py","start_random_timer","20","180","Dato publicado ST: 10.148749401765258","ST"
"1765973235.053092","1765973235.0529897","/home/samuchair/ros2_ws/install/samuchair/lib/python3.12/site-packages/samuchair/secondarytaskNode.py","timer_lectura","20","203","Dato medido ST: 0.11196470260620117","ST"
"1765973245.0292315","1765973245.0291471","/home/samuchair/ros2_ws/install/samuchair/lib/python3.12/site-packages/samuchair/secondarytaskNode.py","timer_callback","20","220","Publicado: ""0""","ST"
"1765973245.0301504","1765973245.0300646","/home/samuchair/ros2_ws/install/samuchair/lib/python3.12/site-packages/samuchair/secondarytaskNode.py","start_random_timer","20","180","Dato publicado ST: 11.108298402144658","ST"
"1765973246.0531056","1765973246.0530076","/home/samuchair/ros2_ws/install/samuchair/lib/python3.12/site-packages/samuchair/secondarytaskNode.py","timer_lectura","20","203","Dato medido ST: 0.12312555313110352","ST"
"1765973256.6027098","1765973256.6026134","/home/samuchair/ros2_ws/install/samuchair/lib/python3.12/site-packages/samuchair/secondarytaskNode.py","timer_callback","20","220","Publicado: ""1""","ST"
"1765973256.6037781","1765973256.603686","/home/samuchair/ros2_ws/install/samuchair/lib/python3.12/site-packages/samuchair/secondarytaskNode.py","start_random_timer","20","180","Dato publicado ST: 5.093188383960982","ST"
"1765973257.0532355","1765973257.053136","/home/samuchair/ros2_ws/install/samuchair/lib/python3.12/site-packages/samuchair/secondarytaskNode.py","timer_lectura","20","203","Dato medido ST: 0.0703897476196289","ST"
"1765973262.159956","1765973262.159866","/home/samuchair/ros2_ws/install/samuchair/lib/python3.12/site-packages/samuchair/secondarytaskNode.py","timer_callback","20","220","Publicado: ""1""","ST"
"1765973262.1611433","1765973262.1610208","/home/samuchair/ros2_ws/install/samuchair/lib/python3.12/site-packages/samuchair/secondarytaskNode.py","start_random_timer","20","180","Dato publicado ST: 9.33675153118008","ST"
"1765973263.0532482","1765973263.0531657","/home/samuchair/ros2_ws/install/samuchair/lib/python3.12/site-packages/samuchair/secondarytaskNode.py","timer_lectura","20","203","Dato medido ST: 0.017348051071166992","ST"
"1765973271.9679356","1765973271.9678383","/home/samuchair/ros2_ws/install/samuchair/lib/python3.12/site-packages/samuchair/secondarytaskNode.py","timer_callback","20","220","Publicado: ""0""","ST"
"1765973271.9688628","1765973271.9687827","/home/samuchair/ros2_ws/install/samuchair/lib/python3.12/site-packages/samuchair/secondarytaskNode.py","start_random_timer","20","180","Dato publicado ST: 13.550737657729591","ST"
"1765973272.0530512","1765973272.0529556","/home/samuchair/ros2_ws/install/samuchair/lib/python3.12/site-packages/samuchair/secondarytaskNode.py","timer_lectura","20","203","Dato medido ST: 0.0658729076385498","ST"
