log_time_s,publish_time_s,file,function,level,line,msg,name
1765973626.9606755,1765973626.9606507,./src/rosbag2_transport/recorder.cpp,subscribe_topic,20,569,Subscribed to topic '/rosout',rosbag2_recorder
1765973626.9630492,1765973626.9630213,./src/rosbag2_transport/recorder.cpp,subscribe_topic,20,569,Subscribed to topic '/events/write_split',rosbag2_recorder
1765973626.9632854,1765973626.9632528,./src/rosbag2_transport/recorder.cpp,record,20,365,Recording...,rosbag2_recorder
1765973627.0302558,1765973626.94366,./src/rosbag2_transport/recorder.cpp,RecorderImpl,20,190,Press SPACE for pausing/resuming,rosbag2_recorder
1765973627.0303586,1765973626.9567723,./src/rosbag2_transport/recorder.cpp,record,20,353,Listening for topics...,rosbag2_recorder
1765973627.0303636,1765973626.957316,./src/rosbag2_transport/recorder.cpp,event_publisher_thread_main,20,371,Event publisher thread: Starting,rosbag2_recorder
1765973627.0684586,1765973627.0684266,./src/rosbag2_transport/recorder.cpp,subscribe_topic,20,569,Subscribed to topic '/Attended',rosbag2_recorder
1765973627.071134,1765973627.0711026,./src/rosbag2_transport/recorder.cpp,subscribe_topic,20,569,Subscribed to topic '/right_wheel_steps',rosbag2_recorder
1765973627.073293,1765973627.0732465,./src/rosbag2_transport/recorder.cpp,subscribe_topic,20,569,Subscribed to topic '/frame',rosbag2_recorder
1765973627.075347,1765973627.0753171,./src/rosbag2_transport/recorder.cpp,subscribe_topic,20,569,Subscribed to topic '/tactil_der',rosbag2_recorder
1765973627.0776641,1765973627.0776324,./src/rosbag2_transport/recorder.cpp,subscribe_topic,20,569,Subscribed to topic '/random_time',rosbag2_recorder
1765973627.0792491,1765973627.079218,./src/rosbag2_transport/recorder.cpp,subscribe_topic,20,569,Subscribed to topic '/pot_esp32',rosbag2_recorder
1765973627.0819657,1765973627.081938,./src/rosbag2_transport/recorder.cpp,subscribe_topic,20,569,Subscribed to topic '/name_movil',rosbag2_recorder
1765973627.083759,1765973627.0837243,./src/rosbag2_transport/recorder.cpp,subscribe_topic,20,569,Subscribed to topic '/left_wheel_steps',rosbag2_recorder
1765973627.0856736,1765973627.0856395,./src/rosbag2_transport/recorder.cpp,subscribe_topic,20,569,Subscribed to topic '/diff_time',rosbag2_recorder
1765973627.0880413,1765973627.0880177,./src/rosbag2_transport/recorder.cpp,subscribe_topic,20,569,Subscribed to topic '/Ejecucion',rosbag2_recorder
1765973627.0896196,1765973627.089587,./src/rosbag2_transport/recorder.cpp,subscribe_topic,20,569,Subscribed to topic '/modo_exp',rosbag2_recorder
1765973627.0919218,1765973627.09183,./src/rosbag2_transport/recorder.cpp,subscribe_topic,20,569,Subscribed to topic '/tactil_izq',rosbag2_recorder
1765973627.094172,1765973627.0941315,./src/rosbag2_transport/recorder.cpp,subscribe_topic,20,569,Subscribed to topic '/tipo_exp',rosbag2_recorder
1765973627.117916,1765973624.690771,/home/samuchair/ros2_ws/install/samuchair/lib/python3.12/site-packages/samuchair/arduinoNode.py,secuencia_conexion,20,31,Conectado al Arduino por /dev/Joystick,Joystick
1765973627.1318638,1765973623.7691941,/home/samuchair/ros2_ws/install/samuchair/lib/python3.12/site-packages/samuchair/esp32Node.py,timer_callback,20,41,Dato publicado Pot: 5,sensorHallyPot
1765973627.133022,1765973622.7111285,/home/samuchair/ros2_ws/install/samuchair/lib/python3.12/site-packages/samuchair/jBNode.py,jb_callback,20,38,Comando Joystick Bluetooth: -2,JoystickBluetooth
1765973627.1976578,1765973627.1976242,./src/rosbag2_transport/recorder.cpp,subscribe_topic,20,569,Subscribed to topic '/jBnode',rosbag2_recorder
1765973627.5070856,1765973627.5070517,./src/rosbag2_transport/recorder.cpp,subscribe_topic,20,569,Subscribed to topic '/parameter_events',rosbag2_recorder
1765973645.29549,1765973645.2953446,/home/samuchair/ros2_ws/install/samuchair/lib/python3.12/site-packages/samuchair/movilNode.py,timer_callback,20,209,Dato publicado Nombre_Sujeto: MIGUELEAL,Movil
1765973648.2741954,1765973648.2733676,/home/samuchair/ros2_ws/install/samuchair/lib/python3.12/site-packages/samuchair/movilNode.py,timer_callback,20,215,Dato publicado Tipo Experimento: Experimento 1,Movil
1765973648.3025513,1765973648.3022988,/home/samuchair/ros2_ws/install/samuchair/lib/python3.12/site-packages/samuchair/secondarytaskNode.py,sus_function,20,166,Mensaje recibido: Experimento 1,ST
1765973648.303047,1765973648.3026168,/home/samuchair/ros2_ws/install/samuchair/lib/python3.12/site-packages/samuchair/mainNode.py,callback_subMovilTipo,20,95,Comando Movil Tipo: Experimento 1,mainNode
1765973650.0798032,1765973650.079712,/home/samuchair/ros2_ws/install/samuchair/lib/python3.12/site-packages/samuchair/secondarytaskNode.py,timer_callback,20,220,"Publicado: ""1""",ST
1765973650.0809314,1765973650.0808375,/home/samuchair/ros2_ws/install/samuchair/lib/python3.12/site-packages/samuchair/secondarytaskNode.py,start_random_timer,20,180,Dato publicado ST: 10.603530800302789,ST
1765973650.5998902,1765973650.599779,/home/samuchair/ros2_ws/install/samuchair/lib/python3.12/site-packages/samuchair/secondarytaskNode.py,timer_lectura,20,203,Dato medido ST: 0.004597187042236328,ST
1765973650.7741632,1765973650.7733405,/home/samuchair/ros2_ws/install/samuchair/lib/python3.12/site-packages/samuchair/movilNode.py,timer_callback,20,221,Dato publicado Modo: Modo:1,Movil
1765973650.7744675,1765973650.7741566,/home/samuchair/ros2_ws/install/samuchair/lib/python3.12/site-packages/samuchair/mainNode.py,callback_subMovilModo,20,122,Comando Movil Modo: Modo:1,mainNode
1765973650.7744858,1765973650.774392,/home/samuchair/ros2_ws/install/samuchair/lib/python3.12/site-packages/samuchair/arduinoNode.py,handle_joystick_silla,20,61,Enviando comando al Arduino: modo,Joystick
1765973650.9769168,1765973650.9767587,/home/samuchair/ros2_ws/install/samuchair/lib/python3.12/site-packages/samuchair/mainNode.py,callback_handleServiceResponse,20,142,Estoy en el servicio llamado desde mainNode,mainNode
1765973653.7741976,1765973653.7733734,/home/samuchair/ros2_ws/install/samuchair/lib/python3.12/site-packages/samuchair/movilNode.py,timer_callback,20,239,Dato publicado Fase Ejecucion: 20,Movil
1765973653.774229,1765973653.7736638,/home/samuchair/ros2_ws/install/samuchair/lib/python3.12/site-packages/samuchair/mainNode.py,callback_subMovilEjecucion,20,137,Comando Movil Ejecucion: 20,mainNode
1765973656.7751992,1765973656.7750802,/home/samuchair/ros2_ws/install/samuchair/lib/python3.12/site-packages/samuchair/webcamNode.py,timer_callback,20,61,Frame: 2,webcam
1765973657.52211,1765973657.5219965,/home/samuchair/ros2_ws/install/samuchair/lib/python3.12/site-packages/samuchair/webcamNode.py,timer_callback,20,61,Frame: 3,webcam
1765973659.5220141,1765973659.5219104,/home/samuchair/ros2_ws/install/samuchair/lib/python3.12/site-packages/samuchair/webcamNode.py,timer_callback,20,61,Frame: 4,webcam
1765973660.5878696,1765973660.5877628,/home/samuchair/ros2_ws/install/samuchair/lib/python3.12/site-packages/samuchair/jBNode.py,jb_callback,20,38,Comando Joystick Bluetooth: 12,JoystickBluetooth
1765973660.588273,1765973660.5881546,/home/samuchair/ros2_ws/install/samuchair/lib/python3.12/site-packages/samuchair/mainNode.py,callback_subJoy,20,82,Comando Joystick Bluetooth: 12,mainNode
1765973660.589946,1765973660.589826,/home/samuchair/ros2_ws/install/samuchair/lib/python3.12/site-packages/samuchair/arduinoNode.py,handle_joystick_silla,20,61,Enviando comando al Arduino: velocidad,Joystick
1765973660.892247,1765973660.8921134,/home/samuchair/ros2_ws/install/samuchair/lib/python3.12/site-packages/samuchair/mainNode.py,callback_handleServiceResponse,20,142,Estoy en el servicio llamado desde mainNode,mainNode
1765973661.1463776,1765973661.1462858,/home/samuchair/ros2_ws/install/samuchair/lib/python3.12/site-packages/samuchair/secondarytaskNode.py,timer_callback,20,220,"Publicado: ""0""",ST
1765973661.1474044,1765973661.1473243,/home/samuchair/ros2_ws/install/samuchair/lib/python3.12/site-packages/samuchair/secondarytaskNode.py,start_random_timer,20,180,Dato publicado ST: 5.263904975728516,ST
1765973661.5233185,1765973661.5232,/home/samuchair/ros2_ws/install/samuchair/lib/python3.12/site-packages/samuchair/webcamNode.py,timer_callback,20,61,Frame: 5,webcam
1765973661.600024,1765973661.5999286,/home/samuchair/ros2_ws/install/samuchair/lib/python3.12/site-packages/samuchair/secondarytaskNode.py,timer_lectura,20,203,Dato medido ST: 0.07448554039001465,ST
1765973661.7127237,1765973661.712629,/home/samuchair/ros2_ws/install/samuchair/lib/python3.12/site-packages/samuchair/jBNode.py,jb_callback,20,38,Comando Joystick Bluetooth: 10,JoystickBluetooth
1765973661.7131891,1765973661.7130778,/home/samuchair/ros2_ws/install/samuchair/lib/python3.12/site-packages/samuchair/mainNode.py,callback_subJoy,20,82,Comando Joystick Bluetooth: 10,mainNode
1765973661.714745,1765973661.714634,/home/samuchair/ros2_ws/install/samuchair/lib/python3.12/site-packages/samuchair/arduinoNode.py,handle_joystick_silla,20,61,Enviando comando al Arduino: velocidad,Joystick
1765973661.7502909,1765973661.7501786,/home/samuchair/ros2_ws/install/samuchair/lib/python3.12/site-packages/samuchair/jBNode.py,jb_callback,20,38,Comando Joystick Bluetooth: 9,JoystickBluetooth
1765973661.7507365,1765973661.7506156,/home/samuchair/ros2_ws/install/samuchair/lib/python3.12/site-packages/samuchair/mainNode.py,callback_subJoy,20,82,Comando Joystick Bluetooth: 9,mainNode
1765973661.787713,1765973661.7876148,/home/samuchair/ros2_ws/install/samuchair/lib/python3.12/site-packages/samuchair/jBNode.py,jb_callback,20,38,Comando Joystick Bluetooth: 0,JoystickBluetooth
1765973661.7881186,1765973661.787976,/home/samuchair/ros2_ws/install/samuchair/lib/python3.12/site-packages/samuchair/mainNode.py,callback_subJoy,20,82,Comando Joystick Bluetooth: 0,mainNode
1765973662.0171208,1765973662.0169508,/home/samuchair/ros2_ws/install/samuchair/lib/python3.12/site-packages/samuchair/arduinoNode.py,handle_joystick_silla,20,61,Enviando comando al Arduino: velocidad,Joystick
1765973662.0171552,1765973662.016964,/home/samuchair/ros2_ws/install/samuchair/lib/python3.12/site-packages/samuchair/mainNode.py,callback_handleServiceResponse,20,142,Estoy en el servicio llamado desde mainNode,mainNode
1765973662.3194928,1765973662.3193493,/home/samuchair/ros2_ws/install/samuchair/lib/python3.12/site-packages/samuchair/mainNode.py,callback_handleServiceResponse,20,142,Estoy en el servicio llamado desde mainNode,mainNode
1765973662.3196945,1765973662.3194718,/home/samuchair/ros2_ws/install/samuchair/lib/python3.12/site-packages/samuchair/arduinoNode.py,handle_joystick_silla,20,61,Enviando comando al Arduino: velocidad,Joystick
1765973662.6219165,1765973662.6217842,/home/samuchair/ros2_ws/install/samuchair/lib/python3.12/site-packages/samuchair/mainNode.py,callback_handleServiceResponse,20,142,Estoy en el servicio llamado desde mainNode,mainNode
1765973662.8752835,1765973662.8751688,/home/samuchair/ros2_ws/install/samuchair/lib/python3.12/site-packages/samuchair/jBNode.py,jb_callback,20,38,Comando Joystick Bluetooth: 9,JoystickBluetooth
1765973662.8755503,1765973662.8754525,/home/samuchair/ros2_ws/install/samuchair/lib/python3.12/site-packages/samuchair/mainNode.py,callback_subJoy,20,82,Comando Joystick Bluetooth: 9,mainNode
1765973662.8771064,1765973662.8769886,/home/samuchair/ros2_ws/install/samuchair/lib/python3.12/site-packages/samuchair/arduinoNode.py,handle_joystick_silla,20,61,Enviando comando al Arduino: velocidad,Joystick
1765973663.1794307,1765973663.1792955,/home/samuchair/ros2_ws/install/samuchair/lib/python3.12/site-packages/samuchair/mainNode.py,callback_handleServiceResponse,20,142,Estoy en el servicio llamado desde mainNode,mainNode
1765973663.5228531,1765973663.522731,/home/samuchair/ros2_ws/install/samuchair/lib/python3.12/site-packages/samuchair/webcamNode.py,timer_callback,20,61,Frame: 6,webcam
1765973664.1880112,1765973664.187797,/home/samuchair/ros2_ws/install/samuchair/lib/python3.12/site-packages/samuchair/jBNode.py,jb_callback,20,38,Comando Joystick Bluetooth: 0,JoystickBluetooth
1765973664.1886587,1765973664.1883123,/home/samuchair/ros2_ws/install/samuchair/lib/python3.12/site-packages/samuchair/mainNode.py,callback_subJoy,20,82,Comando Joystick Bluetooth: 0,mainNode
1765973664.1903188,1765973664.1901858,/home/samuchair/ros2_ws/install/samuchair/lib/python3.12/site-packages/samuchair/arduinoNode.py,handle_joystick_silla,20,61,Enviando comando al Arduino: velocidad,Joystick
1765973664.4927952,1765973664.49265,/home/samuchair/ros2_ws/install/samuchair/lib/python3.12/site-packages/samuchair/mainNode.py,callback_handleServiceResponse,20,142,Estoy en el servicio llamado desde mainNode,mainNode
1765973664.5628574,1765973664.562748,/home/samuchair/ros2_ws/install/samuchair/lib/python3.12/site-packages/samuchair/jBNode.py,jb_callback,20,38,Comando Joystick Bluetooth: 9,JoystickBluetooth
1765973664.5631988,1765973664.5630925,/home/samuchair/ros2_ws/install/samuchair/lib/python3.12/site-packages/samuchair/mainNode.py,callback_subJoy,20,82,Comando Joystick Bluetooth: 9,mainNode
1765973664.564832,1765973664.5647027,/home/samuchair/ros2_ws/install/samuchair/lib/python3.12/site-packages/samuchair/arduinoNode.py,handle_joystick_silla,20,61,Enviando comando al Arduino: velocidad,Joystick
1765973664.712772,1765973664.7126422,/home/samuchair/ros2_ws/install/samuchair/lib/python3.12/site-packages/samuchair/jBNode.py,jb_callback,20,38,Comando Joystick Bluetooth: 0,JoystickBluetooth
1765973664.7133389,1765973664.7131352,/home/samuchair/ros2_ws/install/samuchair/lib/python3.12/site-packages/samuchair/mainNode.py,callback_subJoy,20,82,Comando Joystick Bluetooth: 0,mainNode
1765973664.8671868,1765973664.8669984,/home/samuchair/ros2_ws/install/samuchair/lib/python3.12/site-packages/samuchair/arduinoNode.py,handle_joystick_silla,20,61,Enviando comando al Arduino: velocidad,Joystick
1765973664.867222,1765973664.86703,/home/samuchair/ros2_ws/install/samuchair/lib/python3.12/site-packages/samuchair/mainNode.py,callback_handleServiceResponse,20,142,Estoy en el servicio llamado desde mainNode,mainNode
1765973665.1696348,1765973665.1695015,/home/samuchair/ros2_ws/install/samuchair/lib/python3.12/site-packages/samuchair/mainNode.py,callback_handleServiceResponse,20,142,Estoy en el servicio llamado desde mainNode,mainNode
1765973665.2378395,1765973665.2377324,/home/samuchair/ros2_ws/install/samuchair/lib/python3.12/site-packages/samuchair/jBNode.py,jb_callback,20,38,Comando Joystick Bluetooth: 3,JoystickBluetooth
1765973665.238281,1765973665.238147,/home/samuchair/ros2_ws/install/samuchair/lib/python3.12/site-packages/samuchair/mainNode.py,callback_subJoy,20,82,Comando Joystick Bluetooth: 3,mainNode
1765973665.2399793,1765973665.2398608,/home/samuchair/ros2_ws/install/samuchair/lib/python3.12/site-packages/samuchair/arduinoNode.py,handle_joystick_silla,20,61,Enviando comando al Arduino: velocidad,Joystick
1765973665.522236,1765973665.5221179,/home/samuchair/ros2_ws/install/samuchair/lib/python3.12/site-packages/samuchair/webcamNode.py,timer_callback,20,61,Frame: 7,webcam
1765973665.542398,1765973665.5422747,/home/samuchair/ros2_ws/install/samuchair/lib/python3.12/site-packages/samuchair/mainNode.py,callback_handleServiceResponse,20,142,Estoy en el servicio llamado desde mainNode,mainNode
1765973666.8743713,1765973666.8742828,/home/samuchair/ros2_ws/install/samuchair/lib/python3.12/site-packages/samuchair/secondarytaskNode.py,timer_callback,20,220,"Publicado: ""0""",ST
1765973666.8753645,1765973666.8752506,/home/samuchair/ros2_ws/install/samuchair/lib/python3.12/site-packages/samuchair/secondarytaskNode.py,start_random_timer,20,180,Dato publicado ST: 7.6182411961417005,ST
1765973667.5234091,1765973667.5233135,/home/samuchair/ros2_ws/install/samuchair/lib/python3.12/site-packages/samuchair/webcamNode.py,timer_callback,20,61,Frame: 8,webcam
1765973667.599951,1765973667.5998683,/home/samuchair/ros2_ws/install/samuchair/lib/python3.12/site-packages/samuchair/secondarytaskNode.py,timer_lectura,20,203,Dato medido ST: 0.10680484771728516,ST
1765973669.513083,1765973669.5129046,/home/samuchair/ros2_ws/install/samuchair/lib/python3.12/site-packages/samuchair/jBNode.py,jb_callback,20,38,Comando Joystick Bluetooth: 10,JoystickBluetooth
1765973669.5135357,1765973669.5133452,/home/samuchair/ros2_ws/install/samuchair/lib/python3.12/site-packages/samuchair/mainNode.py,callback_subJoy,20,82,Comando Joystick Bluetooth: 10,mainNode
1765973669.5153062,1765973669.5151217,/home/samuchair/ros2_ws/install/samuchair/lib/python3.12/site-packages/samuchair/arduinoNode.py,handle_joystick_silla,20,61,Enviando comando al Arduino: velocidad,Joystick
1765973669.5220733,1765973669.5219827,/home/samuchair/ros2_ws/install/samuchair/lib/python3.12/site-packages/samuchair/webcamNode.py,timer_callback,20,61,Frame: 9,webcam
1765973669.8174965,1765973669.8173664,/home/samuchair/ros2_ws/install/samuchair/lib/python3.12/site-packages/samuchair/mainNode.py,callback_handleServiceResponse,20,142,Estoy en el servicio llamado desde mainNode,mainNode
1765973671.5005176,1765973671.5004108,/home/samuchair/ros2_ws/install/samuchair/lib/python3.12/site-packages/samuchair/jBNode.py,jb_callback,20,38,Comando Joystick Bluetooth: 3,JoystickBluetooth
1765973671.5009782,1765973671.5008283,/home/samuchair/ros2_ws/install/samuchair/lib/python3.12/site-packages/samuchair/mainNode.py,callback_subJoy,20,82,Comando Joystick Bluetooth: 3,mainNode
1765973671.5026057,1765973671.5024726,/home/samuchair/ros2_ws/install/samuchair/lib/python3.12/site-packages/samuchair/arduinoNode.py,handle_joystick_silla,20,61,Enviando comando al Arduino: velocidad,Joystick
1765973671.5211174,1765973671.5210164,/home/samuchair/ros2_ws/install/samuchair/lib/python3.12/site-packages/samuchair/webcamNode.py,timer_callback,20,61,Frame: 10,webcam
1765973671.804899,1765973671.8047826,/home/samuchair/ros2_ws/install/samuchair/lib/python3.12/site-packages/samuchair/mainNode.py,callback_handleServiceResponse,20,142,Estoy en el servicio llamado desde mainNode,mainNode
1765973673.522825,1765973673.5227177,/home/samuchair/ros2_ws/install/samuchair/lib/python3.12/site-packages/samuchair/webcamNode.py,timer_callback,20,61,Frame: 11,webcam
1765973674.954495,1765973674.9543908,/home/samuchair/ros2_ws/install/samuchair/lib/python3.12/site-packages/samuchair/secondarytaskNode.py,timer_callback,20,220,"Publicado: ""0""",ST
1765973674.9555671,1765973674.9554741,/home/samuchair/ros2_ws/install/samuchair/lib/python3.12/site-packages/samuchair/secondarytaskNode.py,start_random_timer,20,180,Dato publicado ST: 9.313572453338924,ST
1765973675.5225487,1765973675.52245,/home/samuchair/ros2_ws/install/samuchair/lib/python3.12/site-packages/samuchair/webcamNode.py,timer_callback,20,61,Frame: 12,webcam
1765973675.599999,1765973675.599893,/home/samuchair/ros2_ws/install/samuchair/lib/python3.12/site-packages/samuchair/secondarytaskNode.py,timer_lectura,20,203,Dato medido ST: 0.09122037887573242,ST
1765973677.5220623,1765973677.52196,/home/samuchair/ros2_ws/install/samuchair/lib/python3.12/site-packages/samuchair/webcamNode.py,timer_callback,20,61,Frame: 13,webcam
1765973679.522491,1765973679.5223997,/home/samuchair/ros2_ws/install/samuchair/lib/python3.12/site-packages/samuchair/webcamNode.py,timer_callback,20,61,Frame: 14,webcam
1765973679.9756558,1765973679.9755516,/home/samuchair/ros2_ws/install/samuchair/lib/python3.12/site-packages/samuchair/jBNode.py,jb_callback,20,38,Comando Joystick Bluetooth: 10,JoystickBluetooth
1765973679.9760673,1765973679.9759414,/home/samuchair/ros2_ws/install/samuchair/lib/python3.12/site-packages/samuchair/mainNode.py,callback_subJoy,20,82,Comando Joystick Bluetooth: 10,mainNode
1765973679.9777305,1765973679.9776053,/home/samuchair/ros2_ws/install/samuchair/lib/python3.12/site-packages/samuchair/arduinoNode.py,handle_joystick_silla,20,61,Enviando comando al Arduino: velocidad,Joystick
1765973680.2799678,1765973680.2798407,/home/samuchair/ros2_ws/install/samuchair/lib/python3.12/site-packages/samuchair/mainNode.py,callback_handleServiceResponse,20,142,Estoy en el servicio llamado desde mainNode,mainNode
1765973681.521727,1765973681.5216246,/home/samuchair/ros2_ws/install/samuchair/lib/python3.12/site-packages/samuchair/webcamNode.py,timer_callback,20,61,Frame: 15,webcam
1765973682.450676,1765973682.4505718,/home/samuchair/ros2_ws/install/samuchair/lib/python3.12/site-packages/samuchair/jBNode.py,jb_callback,20,38,Comando Joystick Bluetooth: 3,JoystickBluetooth
1765973682.4511123,1765973682.4509785,/home/samuchair/ros2_ws/install/samuchair/lib/python3.12/site-packages/samuchair/mainNode.py,callback_subJoy,20,82,Comando Joystick Bluetooth: 3,mainNode
1765973682.4528491,1765973682.4527247,/home/samuchair/ros2_ws/install/samuchair/lib/python3.12/site-packages/samuchair/arduinoNode.py,handle_joystick_silla,20,61,Enviando comando al Arduino: velocidad,Joystick
1765973682.7551851,1765973682.7550776,/home/samuchair/ros2_ws/install/samuchair/lib/python3.12/site-packages/samuchair/mainNode.py,callback_handleServiceResponse,20,142,Estoy en el servicio llamado desde mainNode,mainNode
1765973683.522196,1765973683.5220408,/home/samuchair/ros2_ws/install/samuchair/lib/python3.12/site-packages/samuchair/webcamNode.py,timer_callback,20,61,Frame: 16,webcam
1765973684.7329774,1765973684.732881,/home/samuchair/ros2_ws/install/samuchair/lib/python3.12/site-packages/samuchair/secondarytaskNode.py,timer_callback,20,220,"Publicado: ""0""",ST
1765973684.7339618,1765973684.7338767,/home/samuchair/ros2_ws/install/samuchair/lib/python3.12/site-packages/samuchair/secondarytaskNode.py,start_random_timer,20,180,Dato publicado ST: 9.808639669678271,ST
1765973685.5226734,1765973685.5225465,/home/samuchair/ros2_ws/install/samuchair/lib/python3.12/site-packages/samuchair/webcamNode.py,timer_callback,20,61,Frame: 17,webcam
1765973685.5999753,1765973685.5998697,/home/samuchair/ros2_ws/install/samuchair/lib/python3.12/site-packages/samuchair/secondarytaskNode.py,timer_lectura,20,203,Dato medido ST: 0.041103363037109375,ST
1765973687.5216532,1765973687.521535,/home/samuchair/ros2_ws/install/samuchair/lib/python3.12/site-packages/samuchair/webcamNode.py,timer_callback,20,61,Frame: 18,webcam
1765973689.5224862,1765973689.5223272,/home/samuchair/ros2_ws/install/samuchair/lib/python3.12/site-packages/samuchair/webcamNode.py,timer_callback,20,61,Frame: 19,webcam
1765973689.9507697,1765973689.9506733,/home/samuchair/ros2_ws/install/samuchair/lib/python3.12/site-packages/samuchair/jBNode.py,jb_callback,20,38,Comando Joystick Bluetooth: 10,JoystickBluetooth
1765973689.951151,1765973689.9510474,/home/samuchair/ros2_ws/install/samuchair/lib/python3.12/site-packages/samuchair/mainNode.py,callback_subJoy,20,82,Comando Joystick Bluetooth: 10,mainNode
1765973689.952806,1765973689.952683,/home/samuchair/ros2_ws/install/samuchair/lib/python3.12/site-packages/samuchair/arduinoNode.py,handle_joystick_silla,20,61,Enviando comando al Arduino: velocidad,Joystick
1765973690.2552395,1765973690.2551246,/home/samuchair/ros2_ws/install/samuchair/lib/python3.12/site-packages/samuchair/mainNode.py,callback_handleServiceResponse,20,142,Estoy en el servicio llamado desde mainNode,mainNode
1765973691.5221565,1765973691.5220592,/home/samuchair/ros2_ws/install/samuchair/lib/python3.12/site-packages/samuchair/webcamNode.py,timer_callback,20,61,Frame: 20,webcam
1765973692.2383208,1765973692.238175,/home/samuchair/ros2_ws/install/samuchair/lib/python3.12/site-packages/samuchair/jBNode.py,jb_callback,20,38,Comando Joystick Bluetooth: 3,JoystickBluetooth
1765973692.238824,1765973692.2387092,/home/samuchair/ros2_ws/install/samuchair/lib/python3.12/site-packages/samuchair/mainNode.py,callback_subJoy,20,82,Comando Joystick Bluetooth: 3,mainNode
1765973692.2404034,1765973692.2402818,/home/samuchair/ros2_ws/install/samuchair/lib/python3.12/site-packages/samuchair/arduinoNode.py,handle_joystick_silla,20,61,Enviando comando al Arduino: velocidad,Joystick
1765973692.5427723,1765973692.5426483,/home/samuchair/ros2_ws/install/samuchair/lib/python3.12/site-packages/samuchair/mainNode.py,callback_handleServiceResponse,20,142,Estoy en el servicio llamado desde mainNode,mainNode
1765973693.5226896,1765973693.5225258,/home/samuchair/ros2_ws/install/samuchair/lib/python3.12/site-packages/samuchair/webcamNode.py,timer_callback,20,61,Frame: 21,webcam
1765973695.0067976,1765973695.0067022,/home/samuchair/ros2_ws/install/samuchair/lib/python3.12/site-packages/samuchair/secondarytaskNode.py,timer_callback,20,220,"Publicado: ""1""",ST
1765973695.0078287,1765973695.0077314,/home/samuchair/ros2_ws/install/samuchair/lib/python3.12/site-packages/samuchair/secondarytaskNode.py,start_random_timer,20,180,Dato publicado ST: 12.12779094095762,ST
1765973695.4258842,1765973695.4257765,/home/samuchair/ros2_ws/install/samuchair/lib/python3.12/site-packages/samuchair/jBNode.py,jb_callback,20,38,Comando Joystick Bluetooth: 10,JoystickBluetooth
1765973695.426506,1765973695.4261763,/home/samuchair/ros2_ws/install/samuchair/lib/python3.12/site-packages/samuchair/mainNode.py,callback_subJoy,20,82,Comando Joystick Bluetooth: 10,mainNode
1765973695.4279761,1765973695.4278471,/home/samuchair/ros2_ws/install/samuchair/lib/python3.12/site-packages/samuchair/arduinoNode.py,handle_joystick_silla,20,61,Enviando comando al Arduino: velocidad,Joystick
1765973695.5220156,1765973695.5219078,/home/samuchair/ros2_ws/install/samuchair/lib/python3.12/site-packages/samuchair/webcamNode.py,timer_callback,20,61,Frame: 22,webcam
1765973695.5998292,1765973695.599742,/home/samuchair/ros2_ws/install/samuchair/lib/python3.12/site-packages/samuchair/secondarytaskNode.py,timer_lectura,20,203,Dato medido ST: 0.007910728454589844,ST
1765973695.730304,1765973695.7301698,/home/samuchair/ros2_ws/install/samuchair/lib/python3.12/site-packages/samuchair/mainNode.py,callback_handleServiceResponse,20,142,Estoy en el servicio llamado desde mainNode,mainNode
1765973697.5221555,1765973697.5220509,/home/samuchair/ros2_ws/install/samuchair/lib/python3.12/site-packages/samuchair/webcamNode.py,timer_callback,20,61,Frame: 23,webcam
1765973698.3133242,1765973698.3132205,/home/samuchair/ros2_ws/install/samuchair/lib/python3.12/site-packages/samuchair/jBNode.py,jb_callback,20,38,Comando Joystick Bluetooth: 3,JoystickBluetooth
1765973698.3138192,1765973698.3136988,/home/samuchair/ros2_ws/install/samuchair/lib/python3.12/site-packages/samuchair/mainNode.py,callback_subJoy,20,82,Comando Joystick Bluetooth: 3,mainNode
1765973698.3143919,1765973698.3141282,/home/samuchair/ros2_ws/install/samuchair/lib/python3.12/site-packages/samuchair/jBNode.py,jb_callback,20,38,Comando Joystick Bluetooth: 0,JoystickBluetooth
1765973698.3158722,1765973698.3156998,/home/samuchair/ros2_ws/install/samuchair/lib/python3.12/site-packages/samuchair/arduinoNode.py,handle_joystick_silla,20,61,Enviando comando al Arduino: velocidad,Joystick
1765973698.3159,1765973698.3157845,/home/samuchair/ros2_ws/install/samuchair/lib/python3.12/site-packages/samuchair/mainNode.py,callback_subJoy,20,82,Comando Joystick Bluetooth: 0,mainNode
1765973698.6182318,1765973698.6181204,/home/samuchair/ros2_ws/install/samuchair/lib/python3.12/site-packages/samuchair/arduinoNode.py,handle_joystick_silla,20,61,Enviando comando al Arduino: velocidad,Joystick
1765973698.6184669,1765973698.6182344,/home/samuchair/ros2_ws/install/samuchair/lib/python3.12/site-packages/samuchair/mainNode.py,callback_handleServiceResponse,20,142,Estoy en el servicio llamado desde mainNode,mainNode
1765973698.6508355,1765973698.6507363,/home/samuchair/ros2_ws/install/samuchair/lib/python3.12/site-packages/samuchair/jBNode.py,jb_callback,20,38,Comando Joystick Bluetooth: 9,JoystickBluetooth
1765973698.6513064,1765973698.6511874,/home/samuchair/ros2_ws/install/samuchair/lib/python3.12/site-packages/samuchair/mainNode.py,callback_subJoy,20,82,Comando Joystick Bluetooth: 9,mainNode
1765973698.9205368,1765973698.9204016,/home/samuchair/ros2_ws/install/samuchair/lib/python3.12/site-packages/samuchair/arduinoNode.py,handle_joystick_silla,20,61,Enviando comando al Arduino: velocidad,Joystick
1765973698.9208844,1765973698.9205217,/home/samuchair/ros2_ws/install/samuchair/lib/python3.12/site-packages/samuchair/mainNode.py,callback_handleServiceResponse,20,142,Estoy en el servicio llamado desde mainNode,mainNode
1765973699.2230856,1765973699.2228153,/home/samuchair/ros2_ws/install/samuchair/lib/python3.12/site-packages/samuchair/mainNode.py,callback_handleServiceResponse,20,142,Estoy en el servicio llamado desde mainNode,mainNode
1765973699.5219102,1765973699.5217953,/home/samuchair/ros2_ws/install/samuchair/lib/python3.12/site-packages/samuchair/webcamNode.py,timer_callback,20,61,Frame: 24,webcam
1765973701.5222886,1765973701.5221426,/home/samuchair/ros2_ws/install/samuchair/lib/python3.12/site-packages/samuchair/webcamNode.py,timer_callback,20,61,Frame: 25,webcam
1765973703.1885147,1765973703.1884162,/home/samuchair/ros2_ws/install/samuchair/lib/python3.12/site-packages/samuchair/jBNode.py,jb_callback,20,38,Comando Joystick Bluetooth: 0,JoystickBluetooth
1765973703.1889791,1765973703.1888287,/home/samuchair/ros2_ws/install/samuchair/lib/python3.12/site-packages/samuchair/mainNode.py,callback_subJoy,20,82,Comando Joystick Bluetooth: 0,mainNode
1765973703.190538,1765973703.1904192,/home/samuchair/ros2_ws/install/samuchair/lib/python3.12/site-packages/samuchair/arduinoNode.py,handle_joystick_silla,20,61,Enviando comando al Arduino: velocidad,Joystick
1765973703.4928863,1765973703.4927552,/home/samuchair/ros2_ws/install/samuchair/lib/python3.12/site-packages/samuchair/mainNode.py,callback_handleServiceResponse,20,142,Estoy en el servicio llamado desde mainNode,mainNode
1765973703.5220275,1765973703.5219264,/home/samuchair/ros2_ws/install/samuchair/lib/python3.12/site-packages/samuchair/webcamNode.py,timer_callback,20,61,Frame: 26,webcam
1765973704.463598,1765973704.4634783,/home/samuchair/ros2_ws/install/samuchair/lib/python3.12/site-packages/samuchair/jBNode.py,jb_callback,20,38,Comando Joystick Bluetooth: 6,JoystickBluetooth
1765973704.464035,1765973704.4639177,/home/samuchair/ros2_ws/install/samuchair/lib/python3.12/site-packages/samuchair/mainNode.py,callback_subJoy,20,82,Comando Joystick Bluetooth: 6,mainNode
1765973704.4656773,1765973704.4655662,/home/samuchair/ros2_ws/install/samuchair/lib/python3.12/site-packages/samuchair/arduinoNode.py,handle_joystick_silla,20,61,Enviando comando al Arduino: velocidad,Joystick
1765973704.7680223,1765973704.7679107,/home/samuchair/ros2_ws/install/samuchair/lib/python3.12/site-packages/samuchair/mainNode.py,callback_handleServiceResponse,20,142,Estoy en el servicio llamado desde mainNode,mainNode
1765973705.363519,1765973705.3634067,/home/samuchair/ros2_ws/install/samuchair/lib/python3.12/site-packages/samuchair/jBNode.py,jb_callback,20,38,Comando Joystick Bluetooth: 0,JoystickBluetooth
1765973705.363926,1765973705.3638144,/home/samuchair/ros2_ws/install/samuchair/lib/python3.12/site-packages/samuchair/mainNode.py,callback_subJoy,20,82,Comando Joystick Bluetooth: 0,mainNode
1765973705.3655434,1765973705.3654234,/home/samuchair/ros2_ws/install/samuchair/lib/python3.12/site-packages/samuchair/arduinoNode.py,handle_joystick_silla,20,61,Enviando comando al Arduino: velocidad,Joystick
1765973705.5220962,1765973705.5219996,/home/samuchair/ros2_ws/install/samuchair/lib/python3.12/site-packages/samuchair/webcamNode.py,timer_callback,20,61,Frame: 27,webcam
1765973705.6680164,1765973705.6678898,/home/samuchair/ros2_ws/install/samuchair/lib/python3.12/site-packages/samuchair/mainNode.py,callback_handleServiceResponse,20,142,Estoy en el servicio llamado desde mainNode,mainNode
1765973706.376075,1765973706.375902,/home/samuchair/ros2_ws/install/samuchair/lib/python3.12/site-packages/samuchair/jBNode.py,jb_callback,20,38,Comando Joystick Bluetooth: 9,JoystickBluetooth
1765973706.3766282,1765973706.376439,/home/samuchair/ros2_ws/install/samuchair/lib/python3.12/site-packages/samuchair/mainNode.py,callback_subJoy,20,82,Comando Joystick Bluetooth: 9,mainNode
1765973706.378121,1765973706.3780077,/home/samuchair/ros2_ws/install/samuchair/lib/python3.12/site-packages/samuchair/arduinoNode.py,handle_joystick_silla,20,61,Enviando comando al Arduino: velocidad,Joystick
1765973706.5636594,1765973706.5635023,/home/samuchair/ros2_ws/install/samuchair/lib/python3.12/site-packages/samuchair/jBNode.py,jb_callback,20,38,Comando Joystick Bluetooth: 0,JoystickBluetooth
1765973706.5641649,1765973706.5640423,/home/samuchair/ros2_ws/install/samuchair/lib/python3.12/site-packages/samuchair/mainNode.py,callback_subJoy,20,82,Comando Joystick Bluetooth: 0,mainNode
1765973706.680558,1765973706.6803532,/home/samuchair/ros2_ws/install/samuchair/lib/python3.12/site-packages/samuchair/arduinoNode.py,handle_joystick_silla,20,61,Enviando comando al Arduino: velocidad,Joystick
1765973706.6805904,1765973706.6803722,/home/samuchair/ros2_ws/install/samuchair/lib/python3.12/site-packages/samuchair/mainNode.py,callback_handleServiceResponse,20,142,Estoy en el servicio llamado desde mainNode,mainNode
1765973706.982846,1765973706.9826877,/home/samuchair/ros2_ws/install/samuchair/lib/python3.12/site-packages/samuchair/mainNode.py,callback_handleServiceResponse,20,142,Estoy en el servicio llamado desde mainNode,mainNode
1765973707.2385502,1765973707.2384439,/home/samuchair/ros2_ws/install/samuchair/lib/python3.12/site-packages/samuchair/jBNode.py,jb_callback,20,38,Comando Joystick Bluetooth: 9,JoystickBluetooth
1765973707.238951,1765973707.238855,/home/samuchair/ros2_ws/install/samuchair/lib/python3.12/site-packages/samuchair/mainNode.py,callback_subJoy,20,82,Comando Joystick Bluetooth: 9,mainNode
1765973707.2405775,1765973707.2404575,/home/samuchair/ros2_ws/install/samuchair/lib/python3.12/site-packages/samuchair/arduinoNode.py,handle_joystick_silla,20,61,Enviando comando al Arduino: velocidad,Joystick
1765973707.522688,1765973707.5225697,/home/samuchair/ros2_ws/install/samuchair/lib/python3.12/site-packages/samuchair/webcamNode.py,timer_callback,20,61,Frame: 28,webcam
1765973707.5428317,1765973707.5427074,/home/samuchair/ros2_ws/install/samuchair/lib/python3.12/site-packages/samuchair/mainNode.py,callback_handleServiceResponse,20,142,Estoy en el servicio llamado desde mainNode,mainNode
1765973707.576052,1765973707.5759509,/home/samuchair/ros2_ws/install/samuchair/lib/python3.12/site-packages/samuchair/jBNode.py,jb_callback,20,38,Comando Joystick Bluetooth: 0,JoystickBluetooth
1765973707.5764198,1765973707.5763178,/home/samuchair/ros2_ws/install/samuchair/lib/python3.12/site-packages/samuchair/mainNode.py,callback_subJoy,20,82,Comando Joystick Bluetooth: 0,mainNode
1765973707.5780027,1765973707.5778768,/home/samuchair/ros2_ws/install/samuchair/lib/python3.12/site-packages/samuchair/arduinoNode.py,handle_joystick_silla,20,61,Enviando comando al Arduino: velocidad,Joystick
1765973707.5999928,1765973707.5999038,/home/samuchair/ros2_ws/install/samuchair/lib/python3.12/site-packages/samuchair/secondarytaskNode.py,timer_callback,20,220,"Publicado: ""0""",ST
1765973707.601025,1765973707.60093,/home/samuchair/ros2_ws/install/samuchair/lib/python3.12/site-packages/samuchair/secondarytaskNode.py,start_random_timer,20,180,Dato publicado ST: 8.00664240572231,ST
1765973707.8802223,1765973707.880102,/home/samuchair/ros2_ws/install/samuchair/lib/python3.12/site-packages/samuchair/mainNode.py,callback_handleServiceResponse,20,142,Estoy en el servicio llamado desde mainNode,mainNode
1765973708.1010377,1765973708.1009073,/home/samuchair/ros2_ws/install/samuchair/lib/python3.12/site-packages/samuchair/jBNode.py,jb_callback,20,38,Comando Joystick Bluetooth: 9,JoystickBluetooth
1765973708.1013653,1765973708.1012607,/home/samuchair/ros2_ws/install/samuchair/lib/python3.12/site-packages/samuchair/mainNode.py,callback_subJoy,20,82,Comando Joystick Bluetooth: 9,mainNode
1765973708.10288,1765973708.1027663,/home/samuchair/ros2_ws/install/samuchair/lib/python3.12/site-packages/samuchair/arduinoNode.py,handle_joystick_silla,20,61,Enviando comando al Arduino: velocidad,Joystick
1765973708.40514,1765973708.405015,/home/samuchair/ros2_ws/install/samuchair/lib/python3.12/site-packages/samuchair/mainNode.py,callback_handleServiceResponse,20,142,Estoy en el servicio llamado desde mainNode,mainNode
1765973708.5885527,1765973708.5884526,/home/samuchair/ros2_ws/install/samuchair/lib/python3.12/site-packages/samuchair/jBNode.py,jb_callback,20,38,Comando Joystick Bluetooth: 0,JoystickBluetooth
1765973708.5888958,1765973708.5888007,/home/samuchair/ros2_ws/install/samuchair/lib/python3.12/site-packages/samuchair/mainNode.py,callback_subJoy,20,82,Comando Joystick Bluetooth: 0,mainNode
1765973708.5904844,1765973708.590369,/home/samuchair/ros2_ws/install/samuchair/lib/python3.12/site-packages/samuchair/arduinoNode.py,handle_joystick_silla,20,61,Enviando comando al Arduino: velocidad,Joystick
1765973708.599739,1765973708.599663,/home/samuchair/ros2_ws/install/samuchair/lib/python3.12/site-packages/samuchair/secondarytaskNode.py,timer_lectura,20,203,Dato medido ST: 0.08729147911071777,ST
1765973708.8927248,1765973708.8925893,/home/samuchair/ros2_ws/install/samuchair/lib/python3.12/site-packages/samuchair/mainNode.py,callback_handleServiceResponse,20,142,Estoy en el servicio llamado desde mainNode,mainNode
1765973709.5219023,1765973709.5217953,/home/samuchair/ros2_ws/install/samuchair/lib/python3.12/site-packages/samuchair/webcamNode.py,timer_callback,20,61,Frame: 29,webcam
1765973709.5635872,1765973709.5634806,/home/samuchair/ros2_ws/install/samuchair/lib/python3.12/site-packages/samuchair/jBNode.py,jb_callback,20,38,Comando Joystick Bluetooth: 3,JoystickBluetooth
1765973709.5641572,1765973709.5640426,/home/samuchair/ros2_ws/install/samuchair/lib/python3.12/site-packages/samuchair/mainNode.py,callback_subJoy,20,82,Comando Joystick Bluetooth: 3,mainNode
1765973709.5657215,1765973709.5656047,/home/samuchair/ros2_ws/install/samuchair/lib/python3.12/site-packages/samuchair/arduinoNode.py,handle_joystick_silla,20,61,Enviando comando al Arduino: velocidad,Joystick
1765973709.8680422,1765973709.8679166,/home/samuchair/ros2_ws/install/samuchair/lib/python3.12/site-packages/samuchair/mainNode.py,callback_handleServiceResponse,20,142,Estoy en el servicio llamado desde mainNode,mainNode
1765973710.6135397,1765973710.6134434,/home/samuchair/ros2_ws/install/samuchair/lib/python3.12/site-packages/samuchair/jBNode.py,jb_callback,20,38,Comando Joystick Bluetooth: 10,JoystickBluetooth
1765973710.613959,1765973710.6138191,/home/samuchair/ros2_ws/install/samuchair/lib/python3.12/site-packages/samuchair/mainNode.py,callback_subJoy,20,82,Comando Joystick Bluetooth: 10,mainNode
1765973710.615526,1765973710.6153958,/home/samuchair/ros2_ws/install/samuchair/lib/python3.12/site-packages/samuchair/arduinoNode.py,handle_joystick_silla,20,61,Enviando comando al Arduino: velocidad,Joystick
1765973710.9178073,1765973710.917679,/home/samuchair/ros2_ws/install/samuchair/lib/python3.12/site-packages/samuchair/mainNode.py,callback_handleServiceResponse,20,142,Estoy en el servicio llamado desde mainNode,mainNode
1765973711.5227897,1765973711.5226843,/home/samuchair/ros2_ws/install/samuchair/lib/python3.12/site-packages/samuchair/webcamNode.py,timer_callback,20,61,Frame: 30,webcam
1765973713.523216,1765973713.5230892,/home/samuchair/ros2_ws/install/samuchair/lib/python3.12/site-packages/samuchair/webcamNode.py,timer_callback,20,61,Frame: 31,webcam
1765973714.7761836,1765973714.7760515,/home/samuchair/ros2_ws/install/samuchair/lib/python3.12/site-packages/samuchair/jBNode.py,jb_callback,20,38,Comando Joystick Bluetooth: 3,JoystickBluetooth
1765973714.7766237,1765973714.7764738,/home/samuchair/ros2_ws/install/samuchair/lib/python3.12/site-packages/samuchair/mainNode.py,callback_subJoy,20,82,Comando Joystick Bluetooth: 3,mainNode
1765973714.778291,1765973714.7781222,/home/samuchair/ros2_ws/install/samuchair/lib/python3.12/site-packages/samuchair/arduinoNode.py,handle_joystick_silla,20,61,Enviando comando al Arduino: velocidad,Joystick
1765973715.0805964,1765973715.080469,/home/samuchair/ros2_ws/install/samuchair/lib/python3.12/site-packages/samuchair/mainNode.py,callback_handleServiceResponse,20,142,Estoy en el servicio llamado desde mainNode,mainNode
1765973715.523329,1765973715.523175,/home/samuchair/ros2_ws/install/samuchair/lib/python3.12/site-packages/samuchair/webcamNode.py,timer_callback,20,61,Frame: 32,webcam
1765973716.071762,1765973716.0716605,/home/samuchair/ros2_ws/install/samuchair/lib/python3.12/site-packages/samuchair/secondarytaskNode.py,timer_callback,20,220,"Publicado: ""0""",ST
1765973716.0727203,1765973716.0726397,/home/samuchair/ros2_ws/install/samuchair/lib/python3.12/site-packages/samuchair/secondarytaskNode.py,start_random_timer,20,180,Dato publicado ST: 7.2520576907623635,ST
1765973716.5998955,1765973716.5998063,/home/samuchair/ros2_ws/install/samuchair/lib/python3.12/site-packages/samuchair/secondarytaskNode.py,timer_lectura,20,203,Dato medido ST: 0.06399965286254883,ST
1765973717.5229216,1765973717.522825,/home/samuchair/ros2_ws/install/samuchair/lib/python3.12/site-packages/samuchair/webcamNode.py,timer_callback,20,61,Frame: 33,webcam
1765973719.5226223,1765973719.5225167,/home/samuchair/ros2_ws/install/samuchair/lib/python3.12/site-packages/samuchair/webcamNode.py,timer_callback,20,61,Frame: 34,webcam
1765973721.521703,1765973721.5215876,/home/samuchair/ros2_ws/install/samuchair/lib/python3.12/site-packages/samuchair/webcamNode.py,timer_callback,20,61,Frame: 35,webcam
1765973721.9388113,1765973721.938677,/home/samuchair/ros2_ws/install/samuchair/lib/python3.12/site-packages/samuchair/jBNode.py,jb_callback,20,38,Comando Joystick Bluetooth: 10,JoystickBluetooth
1765973721.939206,1765973721.9391007,/home/samuchair/ros2_ws/install/samuchair/lib/python3.12/site-packages/samuchair/mainNode.py,callback_subJoy,20,82,Comando Joystick Bluetooth: 10,mainNode
1765973721.9407938,1765973721.9406762,/home/samuchair/ros2_ws/install/samuchair/lib/python3.12/site-packages/samuchair/arduinoNode.py,handle_joystick_silla,20,61,Enviando comando al Arduino: velocidad,Joystick
1765973722.2431138,1765973722.2429905,/home/samuchair/ros2_ws/install/samuchair/lib/python3.12/site-packages/samuchair/mainNode.py,callback_handleServiceResponse,20,142,Estoy en el servicio llamado desde mainNode,mainNode
1765973723.522475,1765973723.5223556,/home/samuchair/ros2_ws/install/samuchair/lib/python3.12/site-packages/samuchair/webcamNode.py,timer_callback,20,61,Frame: 36,webcam
1765973723.7995863,1765973723.7994876,/home/samuchair/ros2_ws/install/samuchair/lib/python3.12/site-packages/samuchair/secondarytaskNode.py,timer_callback,20,220,"Publicado: ""1""",ST
1765973723.8005333,1765973723.8004467,/home/samuchair/ros2_ws/install/samuchair/lib/python3.12/site-packages/samuchair/secondarytaskNode.py,start_random_timer,20,180,Dato publicado ST: 12.663735006750796,ST
1765973724.5999749,1765973724.5998805,/home/samuchair/ros2_ws/install/samuchair/lib/python3.12/site-packages/samuchair/secondarytaskNode.py,timer_lectura,20,203,Dato medido ST: 0.01651310920715332,ST
1765973725.5221195,1765973725.5220048,/home/samuchair/ros2_ws/install/samuchair/lib/python3.12/site-packages/samuchair/webcamNode.py,timer_callback,20,61,Frame: 37,webcam
1765973725.988864,1765973725.9887562,/home/samuchair/ros2_ws/install/samuchair/lib/python3.12/site-packages/samuchair/jBNode.py,jb_callback,20,38,Comando Joystick Bluetooth: 3,JoystickBluetooth
1765973725.9893851,1765973725.9892507,/home/samuchair/ros2_ws/install/samuchair/lib/python3.12/site-packages/samuchair/mainNode.py,callback_subJoy,20,82,Comando Joystick Bluetooth: 3,mainNode
1765973725.990975,1765973725.9908338,/home/samuchair/ros2_ws/install/samuchair/lib/python3.12/site-packages/samuchair/arduinoNode.py,handle_joystick_silla,20,61,Enviando comando al Arduino: velocidad,Joystick
1765973726.293303,1765973726.293166,/home/samuchair/ros2_ws/install/samuchair/lib/python3.12/site-packages/samuchair/mainNode.py,callback_handleServiceResponse,20,142,Estoy en el servicio llamado desde mainNode,mainNode
1765973727.5223734,1765973727.5222442,/home/samuchair/ros2_ws/install/samuchair/lib/python3.12/site-packages/samuchair/webcamNode.py,timer_callback,20,61,Frame: 38,webcam
1765973729.5214243,1765973729.52131,/home/samuchair/ros2_ws/install/samuchair/lib/python3.12/site-packages/samuchair/webcamNode.py,timer_callback,20,61,Frame: 39,webcam
1765973731.5219626,1765973731.5218632,/home/samuchair/ros2_ws/install/samuchair/lib/python3.12/site-packages/samuchair/webcamNode.py,timer_callback,20,61,Frame: 40,webcam
1765973732.2515233,1765973732.251398,/home/samuchair/ros2_ws/install/samuchair/lib/python3.12/site-packages/samuchair/jBNode.py,jb_callback,20,38,Comando Joystick Bluetooth: 10,JoystickBluetooth
1765973732.251969,1765973732.2518556,/home/samuchair/ros2_ws/install/samuchair/lib/python3.12/site-packages/samuchair/mainNode.py,callback_subJoy,20,82,Comando Joystick Bluetooth: 10,mainNode
1765973732.2536163,1765973732.2534928,/home/samuchair/ros2_ws/install/samuchair/lib/python3.12/site-packages/samuchair/arduinoNode.py,handle_joystick_silla,20,61,Enviando comando al Arduino: velocidad,Joystick
1765973732.555958,1765973732.5558283,/home/samuchair/ros2_ws/install/samuchair/lib/python3.12/site-packages/samuchair/mainNode.py,callback_handleServiceResponse,20,142,Estoy en el servicio llamado desde mainNode,mainNode
1765973733.5224063,1765973733.5222929,/home/samuchair/ros2_ws/install/samuchair/lib/python3.12/site-packages/samuchair/webcamNode.py,timer_callback,20,61,Frame: 41,webcam
1765973735.5216756,1765973735.5215843,/home/samuchair/ros2_ws/install/samuchair/lib/python3.12/site-packages/samuchair/webcamNode.py,timer_callback,20,61,Frame: 42,webcam
1765973736.189021,1765973736.1889172,/home/samuchair/ros2_ws/install/samuchair/lib/python3.12/site-packages/samuchair/jBNode.py,jb_callback,20,38,Comando Joystick Bluetooth: 3,JoystickBluetooth
1765973736.1896784,1765973736.1893477,/home/samuchair/ros2_ws/install/samuchair/lib/python3.12/site-packages/samuchair/mainNode.py,callback_subJoy,20,82,Comando Joystick Bluetooth: 3,mainNode
1765973736.1911235,1765973736.191003,/home/samuchair/ros2_ws/install/samuchair/lib/python3.12/site-packages/samuchair/arduinoNode.py,handle_joystick_silla,20,61,Enviando comando al Arduino: velocidad,Joystick
1765973736.2264862,1765973736.2263632,/home/samuchair/ros2_ws/install/samuchair/lib/python3.12/site-packages/samuchair/jBNode.py,jb_callback,20,38,Comando Joystick Bluetooth: 0,JoystickBluetooth
1765973736.2268538,1765973736.226745,/home/samuchair/ros2_ws/install/samuchair/lib/python3.12/site-packages/samuchair/mainNode.py,callback_subJoy,20,82,Comando Joystick Bluetooth: 0,mainNode
1765973736.493453,1765973736.4933019,/home/samuchair/ros2_ws/install/samuchair/lib/python3.12/site-packages/samuchair/arduinoNode.py,handle_joystick_silla,20,61,Enviando comando al Arduino: velocidad,Joystick
1765973736.4934905,1765973736.4933553,/home/samuchair/ros2_ws/install/samuchair/lib/python3.12/site-packages/samuchair/mainNode.py,callback_handleServiceResponse,20,142,Estoy en el servicio llamado desde mainNode,mainNode
1765973736.563975,1765973736.5638766,/home/samuchair/ros2_ws/install/samuchair/lib/python3.12/site-packages/samuchair/jBNode.py,jb_callback,20,38,Comando Joystick Bluetooth: 9,JoystickBluetooth
1765973736.5643644,1765973736.5642493,/home/samuchair/ros2_ws/install/samuchair/lib/python3.12/site-packages/samuchair/mainNode.py,callback_subJoy,20,82,Comando Joystick Bluetooth: 9,mainNode
1765973736.7957175,1765973736.795514,/home/samuchair/ros2_ws/install/samuchair/lib/python3.12/site-packages/samuchair/arduinoNode.py,handle_joystick_silla,20,61,Enviando comando al Arduino: velocidad,Joystick
1765973736.7957559,1765973736.7955694,/home/samuchair/ros2_ws/install/samuchair/lib/python3.12/site-packages/samuchair/mainNode.py,callback_handleServiceResponse,20,142,Estoy en el servicio llamado desde mainNode,mainNode
1765973736.9302328,1765973736.9301367,/home/samuchair/ros2_ws/install/samuchair/lib/python3.12/site-packages/samuchair/secondarytaskNode.py,timer_callback,20,220,"Publicado: ""1""",ST
1765973736.9312794,1765973736.9311762,/home/samuchair/ros2_ws/install/samuchair/lib/python3.12/site-packages/samuchair/secondarytaskNode.py,start_random_timer,20,180,Dato publicado ST: 13.165367462601814,ST
1765973737.0980475,1765973737.097915,/home/samuchair/ros2_ws/install/samuchair/lib/python3.12/site-packages/samuchair/mainNode.py,callback_handleServiceResponse,20,142,Estoy en el servicio llamado desde mainNode,mainNode
1765973737.5225568,1765973737.5224519,/home/samuchair/ros2_ws/install/samuchair/lib/python3.12/site-packages/samuchair/webcamNode.py,timer_callback,20,61,Frame: 43,webcam
1765973737.5999618,1765973737.5998724,/home/samuchair/ros2_ws/install/samuchair/lib/python3.12/site-packages/samuchair/secondarytaskNode.py,timer_lectura,20,203,Dato medido ST: 0.07055974006652832,ST
1765973737.9889147,1765973737.9888244,/home/samuchair/ros2_ws/install/samuchair/lib/python3.12/site-packages/samuchair/jBNode.py,jb_callback,20,38,Comando Joystick Bluetooth: 0,JoystickBluetooth
1765973737.9892476,1765973737.9891593,/home/samuchair/ros2_ws/install/samuchair/lib/python3.12/site-packages/samuchair/mainNode.py,callback_subJoy,20,82,Comando Joystick Bluetooth: 0,mainNode
1765973737.9907875,1765973737.9906676,/home/samuchair/ros2_ws/install/samuchair/lib/python3.12/site-packages/samuchair/arduinoNode.py,handle_joystick_silla,20,61,Enviando comando al Arduino: velocidad,Joystick
1765973738.2930257,1765973738.292901,/home/samuchair/ros2_ws/install/samuchair/lib/python3.12/site-packages/samuchair/mainNode.py,callback_handleServiceResponse,20,142,Estoy en el servicio llamado desde mainNode,mainNode
1765973739.076618,1765973739.0764866,/home/samuchair/ros2_ws/install/samuchair/lib/python3.12/site-packages/samuchair/jBNode.py,jb_callback,20,38,Comando Joystick Bluetooth: 6,JoystickBluetooth
1765973739.0770056,1765973739.0768974,/home/samuchair/ros2_ws/install/samuchair/lib/python3.12/site-packages/samuchair/mainNode.py,callback_subJoy,20,82,Comando Joystick Bluetooth: 6,mainNode
1765973739.0786345,1765973739.0785122,/home/samuchair/ros2_ws/install/samuchair/lib/python3.12/site-packages/samuchair/arduinoNode.py,handle_joystick_silla,20,61,Enviando comando al Arduino: velocidad,Joystick
1765973739.380949,1765973739.380816,/home/samuchair/ros2_ws/install/samuchair/lib/python3.12/site-packages/samuchair/mainNode.py,callback_handleServiceResponse,20,142,Estoy en el servicio llamado desde mainNode,mainNode
1765973739.521141,1765973739.5210218,/home/samuchair/ros2_ws/install/samuchair/lib/python3.12/site-packages/samuchair/webcamNode.py,timer_callback,20,61,Frame: 44,webcam
1765973740.0891178,1765973740.088976,/home/samuchair/ros2_ws/install/samuchair/lib/python3.12/site-packages/samuchair/jBNode.py,jb_callback,20,38,Comando Joystick Bluetooth: 0,JoystickBluetooth
1765973740.0895135,1765973740.0894053,/home/samuchair/ros2_ws/install/samuchair/lib/python3.12/site-packages/samuchair/mainNode.py,callback_subJoy,20,82,Comando Joystick Bluetooth: 0,mainNode
1765973740.0911312,1765973740.0910113,/home/samuchair/ros2_ws/install/samuchair/lib/python3.12/site-packages/samuchair/arduinoNode.py,handle_joystick_silla,20,61,Enviando comando al Arduino: velocidad,Joystick
1765973740.3935175,1765973740.3933833,/home/samuchair/ros2_ws/install/samuchair/lib/python3.12/site-packages/samuchair/mainNode.py,callback_handleServiceResponse,20,142,Estoy en el servicio llamado desde mainNode,mainNode
1765973740.9890928,1765973740.9889593,/home/samuchair/ros2_ws/install/samuchair/lib/python3.12/site-packages/samuchair/jBNode.py,jb_callback,20,38,Comando Joystick Bluetooth: 9,JoystickBluetooth
1765973740.989504,1765973740.9893537,/home/samuchair/ros2_ws/install/samuchair/lib/python3.12/site-packages/samuchair/mainNode.py,callback_subJoy,20,82,Comando Joystick Bluetooth: 9,mainNode
1765973740.9901347,1765973740.9899282,/home/samuchair/ros2_ws/install/samuchair/lib/python3.12/site-packages/samuchair/jBNode.py,jb_callback,20,38,Comando Joystick Bluetooth: 10,JoystickBluetooth
1765973740.9914637,1765973740.9913013,/home/samuchair/ros2_ws/install/samuchair/lib/python3.12/site-packages/samuchair/arduinoNode.py,handle_joystick_silla,20,61,Enviando comando al Arduino: velocidad,Joystick
1765973740.9914937,1765973740.9913232,/home/samuchair/ros2_ws/install/samuchair/lib/python3.12/site-packages/samuchair/mainNode.py,callback_subJoy,20,82,Comando Joystick Bluetooth: 10,mainNode
1765973741.2516046,1765973741.2514837,/home/samuchair/ros2_ws/install/samuchair/lib/python3.12/site-packages/samuchair/jBNode.py,jb_callback,20,38,Comando Joystick Bluetooth: 3,JoystickBluetooth
1765973741.251966,1765973741.2518704,/home/samuchair/ros2_ws/install/samuchair/lib/python3.12/site-packages/samuchair/mainNode.py,callback_subJoy,20,82,Comando Joystick Bluetooth: 3,mainNode
1765973741.2936752,1765973741.2935302,/home/samuchair/ros2_ws/install/samuchair/lib/python3.12/site-packages/samuchair/arduinoNode.py,handle_joystick_silla,20,61,Enviando comando al Arduino: velocidad,Joystick
1765973741.2937093,1765973741.2935345,/home/samuchair/ros2_ws/install/samuchair/lib/python3.12/site-packages/samuchair/mainNode.py,callback_handleServiceResponse,20,142,Estoy en el servicio llamado desde mainNode,mainNode
1765973741.5224903,1765973741.5223806,/home/samuchair/ros2_ws/install/samuchair/lib/python3.12/site-packages/samuchair/webcamNode.py,timer_callback,20,61,Frame: 45,webcam
1765973741.595881,1765973741.5957558,/home/samuchair/ros2_ws/install/samuchair/lib/python3.12/site-packages/samuchair/arduinoNode.py,handle_joystick_silla,20,61,Enviando comando al Arduino: velocidad,Joystick
1765973741.5959253,1765973741.5958428,/home/samuchair/ros2_ws/install/samuchair/lib/python3.12/site-packages/samuchair/mainNode.py,callback_handleServiceResponse,20,142,Estoy en el servicio llamado desde mainNode,mainNode
1765973741.898185,1765973741.8980603,/home/samuchair/ros2_ws/install/samuchair/lib/python3.12/site-packages/samuchair/mainNode.py,callback_handleServiceResponse,20,142,Estoy en el servicio llamado desde mainNode,mainNode
1765973742.7515755,1765973742.7514806,/home/samuchair/ros2_ws/install/samuchair/lib/python3.12/site-packages/samuchair/jBNode.py,jb_callback,20,38,Comando Joystick Bluetooth: 10,JoystickBluetooth
1765973742.7519915,1765973742.7518864,/home/samuchair/ros2_ws/install/samuchair/lib/python3.12/site-packages/samuchair/mainNode.py,callback_subJoy,20,82,Comando Joystick Bluetooth: 10,mainNode
1765973742.753549,1765973742.753431,/home/samuchair/ros2_ws/install/samuchair/lib/python3.12/site-packages/samuchair/arduinoNode.py,handle_joystick_silla,20,61,Enviando comando al Arduino: velocidad,Joystick
1765973743.0559692,1765973743.0558326,/home/samuchair/ros2_ws/install/samuchair/lib/python3.12/site-packages/samuchair/mainNode.py,callback_handleServiceResponse,20,142,Estoy en el servicio llamado desde mainNode,mainNode
1765973743.522072,1765973743.5219932,/home/samuchair/ros2_ws/install/samuchair/lib/python3.12/site-packages/samuchair/webcamNode.py,timer_callback,20,61,Frame: 46,webcam
1765973743.839131,1765973743.8389976,/home/samuchair/ros2_ws/install/samuchair/lib/python3.12/site-packages/samuchair/jBNode.py,jb_callback,20,38,Comando Joystick Bluetooth: 9,JoystickBluetooth
1765973743.8394442,1765973743.8393476,/home/samuchair/ros2_ws/install/samuchair/lib/python3.12/site-packages/samuchair/mainNode.py,callback_subJoy,20,82,Comando Joystick Bluetooth: 9,mainNode
1765973743.8410563,1765973743.8409305,/home/samuchair/ros2_ws/install/samuchair/lib/python3.12/site-packages/samuchair/arduinoNode.py,handle_joystick_silla,20,61,Enviando comando al Arduino: velocidad,Joystick
1765973744.1436923,1765973744.14356,/home/samuchair/ros2_ws/install/samuchair/lib/python3.12/site-packages/samuchair/mainNode.py,callback_handleServiceResponse,20,142,Estoy en el servicio llamado desde mainNode,mainNode
1765973745.1891506,1765973745.189049,/home/samuchair/ros2_ws/install/samuchair/lib/python3.12/site-packages/samuchair/jBNode.py,jb_callback,20,38,Comando Joystick Bluetooth: 10,JoystickBluetooth
1765973745.1896474,1765973745.1895342,/home/samuchair/ros2_ws/install/samuchair/lib/python3.12/site-packages/samuchair/mainNode.py,callback_subJoy,20,82,Comando Joystick Bluetooth: 10,mainNode
1765973745.191428,1765973745.1912735,/home/samuchair/ros2_ws/install/samuchair/lib/python3.12/site-packages/samuchair/arduinoNode.py,handle_joystick_silla,20,61,Enviando comando al Arduino: velocidad,Joystick
1765973745.264123,1765973745.2639897,/home/samuchair/ros2_ws/install/samuchair/lib/python3.12/site-packages/samuchair/jBNode.py,jb_callback,20,38,Comando Joystick Bluetooth: 3,JoystickBluetooth
1765973745.2647092,1765973745.26441,/home/samuchair/ros2_ws/install/samuchair/lib/python3.12/site-packages/samuchair/mainNode.py,callback_subJoy,20,82,Comando Joystick Bluetooth: 3,mainNode
1765973745.33912,1765973745.3390179,/home/samuchair/ros2_ws/install/samuchair/lib/python3.12/site-packages/samuchair/jBNode.py,jb_callback,20,38,Comando Joystick Bluetooth: 12,JoystickBluetooth
1765973745.339538,1765973745.339432,/home/samuchair/ros2_ws/install/samuchair/lib/python3.12/site-packages/samuchair/mainNode.py,callback_subJoy,20,82,Comando Joystick Bluetooth: 12,mainNode
1765973745.4140518,1765973745.413954,/home/samuchair/ros2_ws/install/samuchair/lib/python3.12/site-packages/samuchair/jBNode.py,jb_callback,20,38,Comando Joystick Bluetooth: 3,JoystickBluetooth
1765973745.414491,1765973745.4143376,/home/samuchair/ros2_ws/install/samuchair/lib/python3.12/site-packages/samuchair/mainNode.py,callback_subJoy,20,82,Comando Joystick Bluetooth: 3,mainNode
1765973745.4937203,1765973745.493577,/home/samuchair/ros2_ws/install/samuchair/lib/python3.12/site-packages/samuchair/arduinoNode.py,handle_joystick_silla,20,61,Enviando comando al Arduino: velocidad,Joystick
1765973745.4937942,1765973745.4936864,/home/samuchair/ros2_ws/install/samuchair/lib/python3.12/site-packages/samuchair/mainNode.py,callback_handleServiceResponse,20,142,Estoy en el servicio llamado desde mainNode,mainNode
1765973745.5224912,1765973745.5224156,/home/samuchair/ros2_ws/install/samuchair/lib/python3.12/site-packages/samuchair/webcamNode.py,timer_callback,20,61,Frame: 47,webcam
1765973745.7960143,1765973745.7958791,/home/samuchair/ros2_ws/install/samuchair/lib/python3.12/site-packages/samuchair/arduinoNode.py,handle_joystick_silla,20,61,Enviando comando al Arduino: velocidad,Joystick
1765973745.796053,1765973745.7959669,/home/samuchair/ros2_ws/install/samuchair/lib/python3.12/site-packages/samuchair/mainNode.py,callback_handleServiceResponse,20,142,Estoy en el servicio llamado desde mainNode,mainNode
1765973746.0983837,1765973746.0982344,/home/samuchair/ros2_ws/install/samuchair/lib/python3.12/site-packages/samuchair/arduinoNode.py,handle_joystick_silla,20,61,Enviando comando al Arduino: velocidad,Joystick
1765973746.0985367,1765973746.0983956,/home/samuchair/ros2_ws/install/samuchair/lib/python3.12/site-packages/samuchair/mainNode.py,callback_handleServiceResponse,20,142,Estoy en el servicio llamado desde mainNode,mainNode
1765973746.4007504,1765973746.4006104,/home/samuchair/ros2_ws/install/samuchair/lib/python3.12/site-packages/samuchair/mainNode.py,callback_handleServiceResponse,20,142,Estoy en el servicio llamado desde mainNode,mainNode
1765973747.5224028,1765973747.5223134,/home/samuchair/ros2_ws/install/samuchair/lib/python3.12/site-packages/samuchair/webcamNode.py,timer_callback,20,61,Frame: 48,webcam
1765973747.7017121,1765973747.70161,/home/samuchair/ros2_ws/install/samuchair/lib/python3.12/site-packages/samuchair/jBNode.py,jb_callback,20,38,Comando Joystick Bluetooth: 0,JoystickBluetooth
1765973747.702372,1765973747.7020373,/home/samuchair/ros2_ws/install/samuchair/lib/python3.12/site-packages/samuchair/mainNode.py,callback_subJoy,20,82,Comando Joystick Bluetooth: 0,mainNode
1765973747.7044237,1765973747.7037637,/home/samuchair/ros2_ws/install/samuchair/lib/python3.12/site-packages/samuchair/arduinoNode.py,handle_joystick_silla,20,61,Enviando comando al Arduino: velocidad,Joystick
1765973747.9267325,1765973747.9266286,/home/samuchair/ros2_ws/install/samuchair/lib/python3.12/site-packages/samuchair/jBNode.py,jb_callback,20,38,Comando Joystick Bluetooth: 6,JoystickBluetooth
1765973747.927218,1765973747.9270928,/home/samuchair/ros2_ws/install/samuchair/lib/python3.12/site-packages/samuchair/mainNode.py,callback_subJoy,20,82,Comando Joystick Bluetooth: 6,mainNode
1765973748.0063233,1765973748.0061743,/home/samuchair/ros2_ws/install/samuchair/lib/python3.12/site-packages/samuchair/mainNode.py,callback_handleServiceResponse,20,142,Estoy en el servicio llamado desde mainNode,mainNode
1765973748.0063634,1765973748.0062234,/home/samuchair/ros2_ws/install/samuchair/lib/python3.12/site-packages/samuchair/arduinoNode.py,handle_joystick_silla,20,61,Enviando comando al Arduino: velocidad,Joystick
1765973748.3087091,1765973748.3085732,/home/samuchair/ros2_ws/install/samuchair/lib/python3.12/site-packages/samuchair/mainNode.py,callback_handleServiceResponse,20,142,Estoy en el servicio llamado desde mainNode,mainNode
1765973749.464207,1765973749.4641047,/home/samuchair/ros2_ws/install/samuchair/lib/python3.12/site-packages/samuchair/jBNode.py,jb_callback,20,38,Comando Joystick Bluetooth: 0,JoystickBluetooth
1765973749.4646816,1765973749.4645338,/home/samuchair/ros2_ws/install/samuchair/lib/python3.12/site-packages/samuchair/mainNode.py,callback_subJoy,20,82,Comando Joystick Bluetooth: 0,mainNode
1765973749.4664083,1765973749.4662848,/home/samuchair/ros2_ws/install/samuchair/lib/python3.12/site-packages/samuchair/arduinoNode.py,handle_joystick_silla,20,61,Enviando comando al Arduino: velocidad,Joystick
1765973749.522678,1765973749.5225766,/home/samuchair/ros2_ws/install/samuchair/lib/python3.12/site-packages/samuchair/webcamNode.py,timer_callback,20,61,Frame: 49,webcam
1765973749.76878,1765973749.7686641,/home/samuchair/ros2_ws/install/samuchair/lib/python3.12/site-packages/samuchair/mainNode.py,callback_handleServiceResponse,20,142,Estoy en el servicio llamado desde mainNode,mainNode
1765973750.251765,1765973750.251672,/home/samuchair/ros2_ws/install/samuchair/lib/python3.12/site-packages/samuchair/jBNode.py,jb_callback,20,38,Comando Joystick Bluetooth: 9,JoystickBluetooth
1765973750.2521598,1765973750.2520645,/home/samuchair/ros2_ws/install/samuchair/lib/python3.12/site-packages/samuchair/mainNode.py,callback_subJoy,20,82,Comando Joystick Bluetooth: 9,mainNode
1765973750.253813,1765973750.2536983,/home/samuchair/ros2_ws/install/samuchair/lib/python3.12/site-packages/samuchair/arduinoNode.py,handle_joystick_silla,20,61,Enviando comando al Arduino: velocidad,Joystick
1765973750.5563023,1765973750.5561643,/home/samuchair/ros2_ws/install/samuchair/lib/python3.12/site-packages/samuchair/mainNode.py,callback_handleServiceResponse,20,142,Estoy en el servicio llamado desde mainNode,mainNode
1765973750.5622916,1765973750.5621912,/home/samuchair/ros2_ws/install/samuchair/lib/python3.12/site-packages/samuchair/secondarytaskNode.py,timer_callback,20,220,"Publicado: ""1""",ST
1765973750.5632837,1765973750.5631857,/home/samuchair/ros2_ws/install/samuchair/lib/python3.12/site-packages/samuchair/secondarytaskNode.py,start_random_timer,20,180,Dato publicado ST: 8.292630765034602,ST
1765973750.599904,1765973750.599815,/home/samuchair/ros2_ws/install/samuchair/lib/python3.12/site-packages/samuchair/secondarytaskNode.py,timer_lectura,20,203,Dato medido ST: 0.0072400569915771484,ST
1765973751.039281,1765973751.0391285,/home/samuchair/ros2_ws/install/samuchair/lib/python3.12/site-packages/samuchair/jBNode.py,jb_callback,20,38,Comando Joystick Bluetooth: 0,JoystickBluetooth
1765973751.0396926,1765973751.0395844,/home/samuchair/ros2_ws/install/samuchair/lib/python3.12/site-packages/samuchair/mainNode.py,callback_subJoy,20,82,Comando Joystick Bluetooth: 0,mainNode
1765973751.0413032,1765973751.0411708,/home/samuchair/ros2_ws/install/samuchair/lib/python3.12/site-packages/samuchair/arduinoNode.py,handle_joystick_silla,20,61,Enviando comando al Arduino: velocidad,Joystick
1765973751.3436756,1765973751.343547,/home/samuchair/ros2_ws/install/samuchair/lib/python3.12/site-packages/samuchair/mainNode.py,callback_handleServiceResponse,20,142,Estoy en el servicio llamado desde mainNode,mainNode
1765973751.489178,1765973751.48908,/home/samuchair/ros2_ws/install/samuchair/lib/python3.12/site-packages/samuchair/jBNode.py,jb_callback,20,38,Comando Joystick Bluetooth: 3,JoystickBluetooth
1765973751.4896963,1765973751.4895296,/home/samuchair/ros2_ws/install/samuchair/lib/python3.12/site-packages/samuchair/mainNode.py,callback_subJoy,20,82,Comando Joystick Bluetooth: 3,mainNode
1765973751.4912245,1765973751.4910953,/home/samuchair/ros2_ws/install/samuchair/lib/python3.12/site-packages/samuchair/arduinoNode.py,handle_joystick_silla,20,61,Enviando comando al Arduino: velocidad,Joystick
1765973751.5221672,1765973751.5220423,/home/samuchair/ros2_ws/install/samuchair/lib/python3.12/site-packages/samuchair/webcamNode.py,timer_callback,20,61,Frame: 50,webcam
1765973751.7935798,1765973751.793464,/home/samuchair/ros2_ws/install/samuchair/lib/python3.12/site-packages/samuchair/mainNode.py,callback_handleServiceResponse,20,142,Estoy en el servicio llamado desde mainNode,mainNode
1765973752.0892391,1765973752.0891438,/home/samuchair/ros2_ws/install/samuchair/lib/python3.12/site-packages/samuchair/jBNode.py,jb_callback,20,38,Comando Joystick Bluetooth: 10,JoystickBluetooth
1765973752.0897217,1765973752.089609,/home/samuchair/ros2_ws/install/samuchair/lib/python3.12/site-packages/samuchair/mainNode.py,callback_subJoy,20,82,Comando Joystick Bluetooth: 10,mainNode
1765973752.0913272,1765973752.0911908,/home/samuchair/ros2_ws/install/samuchair/lib/python3.12/site-packages/samuchair/arduinoNode.py,handle_joystick_silla,20,61,Enviando comando al Arduino: velocidad,Joystick
1765973752.3937833,1765973752.393599,/home/samuchair/ros2_ws/install/samuchair/lib/python3.12/site-packages/samuchair/mainNode.py,callback_handleServiceResponse,20,142,Estoy en el servicio llamado desde mainNode,mainNode
1765973753.5224276,1765973753.5223036,/home/samuchair/ros2_ws/install/samuchair/lib/python3.12/site-packages/samuchair/webcamNode.py,timer_callback,20,61,Frame: 51,webcam
1765973753.7768054,1765973753.7767062,/home/samuchair/ros2_ws/install/samuchair/lib/python3.12/site-packages/samuchair/jBNode.py,jb_callback,20,38,Comando Joystick Bluetooth: 9,JoystickBluetooth
1765973753.7772572,1765973753.7771473,/home/samuchair/ros2_ws/install/samuchair/lib/python3.12/site-packages/samuchair/mainNode.py,callback_subJoy,20,82,Comando Joystick Bluetooth: 9,mainNode
1765973753.7788982,1765973753.778779,/home/samuchair/ros2_ws/install/samuchair/lib/python3.12/site-packages/samuchair/arduinoNode.py,handle_joystick_silla,20,61,Enviando comando al Arduino: velocidad,Joystick
1765973754.0812929,1765973754.0811205,/home/samuchair/ros2_ws/install/samuchair/lib/python3.12/site-packages/samuchair/mainNode.py,callback_handleServiceResponse,20,142,Estoy en el servicio llamado desde mainNode,mainNode
1765973754.9018183,1765973754.9017196,/home/samuchair/ros2_ws/install/samuchair/lib/python3.12/site-packages/samuchair/jBNode.py,jb_callback,20,38,Comando Joystick Bluetooth: 10,JoystickBluetooth
1765973754.9024782,1765973754.9022033,/home/samuchair/ros2_ws/install/samuchair/lib/python3.12/site-packages/samuchair/mainNode.py,callback_subJoy,20,82,Comando Joystick Bluetooth: 10,mainNode
1765973754.9039755,1765973754.9038544,/home/samuchair/ros2_ws/install/samuchair/lib/python3.12/site-packages/samuchair/arduinoNode.py,handle_joystick_silla,20,61,Enviando comando al Arduino: velocidad,Joystick
1765973755.1268492,1765973755.1267376,/home/samuchair/ros2_ws/install/samuchair/lib/python3.12/site-packages/samuchair/jBNode.py,jb_callback,20,38,Comando Joystick Bluetooth: 3,JoystickBluetooth
1765973755.1272976,1765973755.1271825,/home/samuchair/ros2_ws/install/samuchair/lib/python3.12/site-packages/samuchair/mainNode.py,callback_subJoy,20,82,Comando Joystick Bluetooth: 3,mainNode
1765973755.2061987,1765973755.2060854,/home/samuchair/ros2_ws/install/samuchair/lib/python3.12/site-packages/samuchair/arduinoNode.py,handle_joystick_silla,20,61,Enviando comando al Arduino: velocidad,Joystick
1765973755.2062347,1765973755.2061455,/home/samuchair/ros2_ws/install/samuchair/lib/python3.12/site-packages/samuchair/mainNode.py,callback_handleServiceResponse,20,142,Estoy en el servicio llamado desde mainNode,mainNode
1765973755.5085042,1765973755.5083745,/home/samuchair/ros2_ws/install/samuchair/lib/python3.12/site-packages/samuchair/mainNode.py,callback_handleServiceResponse,20,142,Estoy en el servicio llamado desde mainNode,mainNode
1765973755.5219738,1765973755.521888,/home/samuchair/ros2_ws/install/samuchair/lib/python3.12/site-packages/samuchair/webcamNode.py,timer_callback,20,61,Frame: 52,webcam
1765973757.5221765,1765973757.5220702,/home/samuchair/ros2_ws/install/samuchair/lib/python3.12/site-packages/samuchair/webcamNode.py,timer_callback,20,61,Frame: 53,webcam
1765973757.5265374,1765973757.5264604,/home/samuchair/ros2_ws/install/samuchair/lib/python3.12/site-packages/samuchair/jBNode.py,jb_callback,20,38,Comando Joystick Bluetooth: 12,JoystickBluetooth
1765973757.5269153,1765973757.5268154,/home/samuchair/ros2_ws/install/samuchair/lib/python3.12/site-packages/samuchair/mainNode.py,callback_subJoy,20,82,Comando Joystick Bluetooth: 12,mainNode
1765973757.52814,1765973757.528042,/home/samuchair/ros2_ws/install/samuchair/lib/python3.12/site-packages/samuchair/arduinoNode.py,handle_joystick_silla,20,61,Enviando comando al Arduino: velocidad,Joystick
1765973757.5643198,1765973757.5642147,/home/samuchair/ros2_ws/install/samuchair/lib/python3.12/site-packages/samuchair/jBNode.py,jb_callback,20,38,Comando Joystick Bluetooth: 3,JoystickBluetooth
1765973757.564764,1765973757.564652,/home/samuchair/ros2_ws/install/samuchair/lib/python3.12/site-packages/samuchair/mainNode.py,callback_subJoy,20,82,Comando Joystick Bluetooth: 3,mainNode
1765973757.6769054,1765973757.6767905,/home/samuchair/ros2_ws/install/samuchair/lib/python3.12/site-packages/samuchair/jBNode.py,jb_callback,20,38,Comando Joystick Bluetooth: 12,JoystickBluetooth
1765973757.6774113,1765973757.6772866,/home/samuchair/ros2_ws/install/samuchair/lib/python3.12/site-packages/samuchair/mainNode.py,callback_subJoy,20,82,Comando Joystick Bluetooth: 12,mainNode
1765973757.8303154,1765973757.8301861,/home/samuchair/ros2_ws/install/samuchair/lib/python3.12/site-packages/samuchair/arduinoNode.py,handle_joystick_silla,20,61,Enviando comando al Arduino: velocidad,Joystick
1765973757.8304076,1765973757.8302782,/home/samuchair/ros2_ws/install/samuchair/lib/python3.12/site-packages/samuchair/mainNode.py,callback_handleServiceResponse,20,142,Estoy en el servicio llamado desde mainNode,mainNode
1765973757.9768462,1765973757.9767523,/home/samuchair/ros2_ws/install/samuchair/lib/python3.12/site-packages/samuchair/jBNode.py,jb_callback,20,38,Comando Joystick Bluetooth: 6,JoystickBluetooth
1765973757.9773057,1765973757.9771824,/home/samuchair/ros2_ws/install/samuchair/lib/python3.12/site-packages/samuchair/mainNode.py,callback_subJoy,20,82,Comando Joystick Bluetooth: 6,mainNode
1765973758.1325881,1765973758.1324563,/home/samuchair/ros2_ws/install/samuchair/lib/python3.12/site-packages/samuchair/arduinoNode.py,handle_joystick_silla,20,61,Enviando comando al Arduino: velocidad,Joystick
1765973758.1327498,1765973758.1326063,/home/samuchair/ros2_ws/install/samuchair/lib/python3.12/site-packages/samuchair/mainNode.py,callback_handleServiceResponse,20,142,Estoy en el servicio llamado desde mainNode,mainNode
1765973758.435055,1765973758.434873,/home/samuchair/ros2_ws/install/samuchair/lib/python3.12/site-packages/samuchair/arduinoNode.py,handle_joystick_silla,20,61,Enviando comando al Arduino: velocidad,Joystick
1765973758.4350884,1765973758.4348764,/home/samuchair/ros2_ws/install/samuchair/lib/python3.12/site-packages/samuchair/mainNode.py,callback_handleServiceResponse,20,142,Estoy en el servicio llamado desde mainNode,mainNode
1765973758.737406,1765973758.737274,/home/samuchair/ros2_ws/install/samuchair/lib/python3.12/site-packages/samuchair/mainNode.py,callback_handleServiceResponse,20,142,Estoy en el servicio llamado desde mainNode,mainNode
1765973759.3195584,1765973759.3194609,/home/samuchair/ros2_ws/install/samuchair/lib/python3.12/site-packages/samuchair/secondarytaskNode.py,timer_callback,20,220,"Publicado: ""0""",ST
1765973759.3205998,1765973759.3204966,/home/samuchair/ros2_ws/install/samuchair/lib/python3.12/site-packages/samuchair/secondarytaskNode.py,start_random_timer,20,180,Dato publicado ST: 5.486912685924427,ST
1765973759.5217628,1765973759.5216732,/home/samuchair/ros2_ws/install/samuchair/lib/python3.12/site-packages/samuchair/webcamNode.py,timer_callback,20,61,Frame: 54,webcam
1765973759.5999696,1765973759.5998752,/home/samuchair/ros2_ws/install/samuchair/lib/python3.12/site-packages/samuchair/secondarytaskNode.py,timer_lectura,20,203,Dato medido ST: 0.08244824409484863,ST
1765973761.522438,1765973761.522346,/home/samuchair/ros2_ws/install/samuchair/lib/python3.12/site-packages/samuchair/webcamNode.py,timer_callback,20,61,Frame: 55,webcam
1765973762.1020076,1765973762.1018972,/home/samuchair/ros2_ws/install/samuchair/lib/python3.12/site-packages/samuchair/jBNode.py,jb_callback,20,38,Comando Joystick Bluetooth: 0,JoystickBluetooth
1765973762.1024613,1765973762.1023486,/home/samuchair/ros2_ws/install/samuchair/lib/python3.12/site-packages/samuchair/mainNode.py,callback_subJoy,20,82,Comando Joystick Bluetooth: 0,mainNode
1765973762.1040676,1765973762.1039412,/home/samuchair/ros2_ws/install/samuchair/lib/python3.12/site-packages/samuchair/arduinoNode.py,handle_joystick_silla,20,61,Enviando comando al Arduino: velocidad,Joystick
1765973762.406463,1765973762.4063344,/home/samuchair/ros2_ws/install/samuchair/lib/python3.12/site-packages/samuchair/mainNode.py,callback_handleServiceResponse,20,142,Estoy en el servicio llamado desde mainNode,mainNode
1765973763.0769231,1765973763.076818,/home/samuchair/ros2_ws/install/samuchair/lib/python3.12/site-packages/samuchair/jBNode.py,jb_callback,20,38,Comando Joystick Bluetooth: 9,JoystickBluetooth
1765973763.0773368,1765973763.0772188,/home/samuchair/ros2_ws/install/samuchair/lib/python3.12/site-packages/samuchair/mainNode.py,callback_subJoy,20,82,Comando Joystick Bluetooth: 9,mainNode
1765973763.0788739,1765973763.0787563,/home/samuchair/ros2_ws/install/samuchair/lib/python3.12/site-packages/samuchair/arduinoNode.py,handle_joystick_silla,20,61,Enviando comando al Arduino: velocidad,Joystick
1765973763.3812032,1765973763.3810716,/home/samuchair/ros2_ws/install/samuchair/lib/python3.12/site-packages/samuchair/mainNode.py,callback_handleServiceResponse,20,142,Estoy en el servicio llamado desde mainNode,mainNode
1765973763.5221398,1765973763.5220468,/home/samuchair/ros2_ws/install/samuchair/lib/python3.12/site-packages/samuchair/webcamNode.py,timer_callback,20,61,Frame: 56,webcam
1765973763.6395457,1765973763.6393754,/home/samuchair/ros2_ws/install/samuchair/lib/python3.12/site-packages/samuchair/jBNode.py,jb_callback,20,38,Comando Joystick Bluetooth: 0,JoystickBluetooth
1765973763.6399293,1765973763.6398149,/home/samuchair/ros2_ws/install/samuchair/lib/python3.12/site-packages/samuchair/mainNode.py,callback_subJoy,20,82,Comando Joystick Bluetooth: 0,mainNode
1765973763.6415615,1765973763.641438,/home/samuchair/ros2_ws/install/samuchair/lib/python3.12/site-packages/samuchair/arduinoNode.py,handle_joystick_silla,20,61,Enviando comando al Arduino: velocidad,Joystick
1765973763.9439316,1765973763.9438052,/home/samuchair/ros2_ws/install/samuchair/lib/python3.12/site-packages/samuchair/mainNode.py,callback_handleServiceResponse,20,142,Estoy en el servicio llamado desde mainNode,mainNode
1765973764.464533,1765973764.4643865,/home/samuchair/ros2_ws/install/samuchair/lib/python3.12/site-packages/samuchair/jBNode.py,jb_callback,20,38,Comando Joystick Bluetooth: 3,JoystickBluetooth
1765973764.4651587,1765973764.464788,/home/samuchair/ros2_ws/install/samuchair/lib/python3.12/site-packages/samuchair/mainNode.py,callback_subJoy,20,82,Comando Joystick Bluetooth: 3,mainNode
1765973764.4665573,1765973764.466438,/home/samuchair/ros2_ws/install/samuchair/lib/python3.12/site-packages/samuchair/arduinoNode.py,handle_joystick_silla,20,61,Enviando comando al Arduino: velocidad,Joystick
1765973764.7688615,1765973764.7687511,/home/samuchair/ros2_ws/install/samuchair/lib/python3.12/site-packages/samuchair/mainNode.py,callback_handleServiceResponse,20,142,Estoy en el servicio llamado desde mainNode,mainNode
1765973765.2829304,1765973765.2828326,/home/samuchair/ros2_ws/install/samuchair/lib/python3.12/site-packages/samuchair/secondarytaskNode.py,timer_callback,20,220,"Publicado: ""1""",ST
1765973765.283887,1765973765.2837985,/home/samuchair/ros2_ws/install/samuchair/lib/python3.12/site-packages/samuchair/secondarytaskNode.py,start_random_timer,20,180,Dato publicado ST: 12.551839623715763,ST
1765973765.5219607,1765973765.5218358,/home/samuchair/ros2_ws/install/samuchair/lib/python3.12/site-packages/samuchair/webcamNode.py,timer_callback,20,61,Frame: 57,webcam
1765973765.5999722,1765973765.5998833,/home/samuchair/ros2_ws/install/samuchair/lib/python3.12/site-packages/samuchair/secondarytaskNode.py,timer_lectura,20,203,Dato medido ST: 0.007302761077880859,ST
1765973765.7393968,1765973765.7393053,/home/samuchair/ros2_ws/install/samuchair/lib/python3.12/site-packages/samuchair/jBNode.py,jb_callback,20,38,Comando Joystick Bluetooth: 10,JoystickBluetooth
1765973765.7398064,1765973765.739684,/home/samuchair/ros2_ws/install/samuchair/lib/python3.12/site-packages/samuchair/mainNode.py,callback_subJoy,20,82,Comando Joystick Bluetooth: 10,mainNode
1765973765.7419145,1765973765.741803,/home/samuchair/ros2_ws/install/samuchair/lib/python3.12/site-packages/samuchair/arduinoNode.py,handle_joystick_silla,20,61,Enviando comando al Arduino: velocidad,Joystick
1765973766.0440974,1765973766.0439653,/home/samuchair/ros2_ws/install/samuchair/lib/python3.12/site-packages/samuchair/mainNode.py,callback_handleServiceResponse,20,142,Estoy en el servicio llamado desde mainNode,mainNode
1765973767.202063,1765973767.2019298,/home/samuchair/ros2_ws/install/samuchair/lib/python3.12/site-packages/samuchair/jBNode.py,jb_callback,20,38,Comando Joystick Bluetooth: 3,JoystickBluetooth
1765973767.2025568,1765973767.2023866,/home/samuchair/ros2_ws/install/samuchair/lib/python3.12/site-packages/samuchair/mainNode.py,callback_subJoy,20,82,Comando Joystick Bluetooth: 3,mainNode
1765973767.2029939,1765973767.202882,/home/samuchair/ros2_ws/install/samuchair/lib/python3.12/site-packages/samuchair/jBNode.py,jb_callback,20,38,Comando Joystick Bluetooth: 0,JoystickBluetooth
1765973767.205545,1765973767.205415,/home/samuchair/ros2_ws/install/samuchair/lib/python3.12/site-packages/samuchair/arduinoNode.py,handle_joystick_silla,20,61,Enviando comando al Arduino: velocidad,Joystick
1765973767.2057037,1765973767.2055588,/home/samuchair/ros2_ws/install/samuchair/lib/python3.12/site-packages/samuchair/mainNode.py,callback_subJoy,20,82,Comando Joystick Bluetooth: 0,mainNode
1765973767.5079532,1765973767.5078082,/home/samuchair/ros2_ws/install/samuchair/lib/python3.12/site-packages/samuchair/mainNode.py,callback_handleServiceResponse,20,142,Estoy en el servicio llamado desde mainNode,mainNode
1765973767.508304,1765973767.5079231,/home/samuchair/ros2_ws/install/samuchair/lib/python3.12/site-packages/samuchair/arduinoNode.py,handle_joystick_silla,20,61,Enviando comando al Arduino: velocidad,Joystick
1765973767.5210474,1765973767.520951,/home/samuchair/ros2_ws/install/samuchair/lib/python3.12/site-packages/samuchair/webcamNode.py,timer_callback,20,61,Frame: 58,webcam
1765973767.810528,1765973767.8103669,/home/samuchair/ros2_ws/install/samuchair/lib/python3.12/site-packages/samuchair/mainNode.py,callback_handleServiceResponse,20,142,Estoy en el servicio llamado desde mainNode,mainNode
1765973769.5223277,1765973769.5221987,/home/samuchair/ros2_ws/install/samuchair/lib/python3.12/site-packages/samuchair/webcamNode.py,timer_callback,20,61,Frame: 59,webcam
1765973771.5229337,1765973771.522839,/home/samuchair/ros2_ws/install/samuchair/lib/python3.12/site-packages/samuchair/webcamNode.py,timer_callback,20,61,Frame: 60,webcam
1765973772.3396423,1765973772.3395004,/home/samuchair/ros2_ws/install/samuchair/lib/python3.12/site-packages/samuchair/jBNode.py,jb_callback,20,38,Comando Joystick Bluetooth: 5,JoystickBluetooth
1765973772.3400614,1765973772.3399487,/home/samuchair/ros2_ws/install/samuchair/lib/python3.12/site-packages/samuchair/mainNode.py,callback_subJoy,20,82,Comando Joystick Bluetooth: 5,mainNode
1765973772.3416047,1765973772.3414886,/home/samuchair/ros2_ws/install/samuchair/lib/python3.12/site-packages/samuchair/arduinoNode.py,handle_joystick_silla,20,61,Enviando comando al Arduino: velocidad,Joystick
1765973772.6438518,1765973772.6437254,/home/samuchair/ros2_ws/install/samuchair/lib/python3.12/site-packages/samuchair/mainNode.py,callback_handleServiceResponse,20,142,Estoy en el servicio llamado desde mainNode,mainNode
1765973773.5223982,1765973773.5222907,/home/samuchair/ros2_ws/install/samuchair/lib/python3.12/site-packages/samuchair/webcamNode.py,timer_callback,20,61,Frame: 61,webcam
1765973775.5216722,1765973775.5215669,/home/samuchair/ros2_ws/install/samuchair/lib/python3.12/site-packages/samuchair/webcamNode.py,timer_callback,20,61,Frame: 62,webcam
1765973777.5232153,1765973777.5231097,/home/samuchair/ros2_ws/install/samuchair/lib/python3.12/site-packages/samuchair/webcamNode.py,timer_callback,20,61,Frame: 63,webcam
1765973778.1897192,1765973778.1896145,/home/samuchair/ros2_ws/install/samuchair/lib/python3.12/site-packages/samuchair/jBNode.py,jb_callback,20,38,Comando Joystick Bluetooth: 0,JoystickBluetooth
1765973778.190155,1765973778.1900353,/home/samuchair/ros2_ws/install/samuchair/lib/python3.12/site-packages/samuchair/mainNode.py,callback_subJoy,20,82,Comando Joystick Bluetooth: 0,mainNode
1765973778.1918054,1765973778.1916883,/home/samuchair/ros2_ws/install/samuchair/lib/python3.12/site-packages/samuchair/arduinoNode.py,handle_joystick_silla,20,61,Enviando comando al Arduino: velocidad,Joystick
1765973778.301609,1765973778.3015163,/home/samuchair/ros2_ws/install/samuchair/lib/python3.12/site-packages/samuchair/secondarytaskNode.py,timer_callback,20,220,"Publicado: ""0""",ST
1765973778.302598,1765973778.302517,/home/samuchair/ros2_ws/install/samuchair/lib/python3.12/site-packages/samuchair/secondarytaskNode.py,start_random_timer,20,180,Dato publicado ST: 9.175887187757215,ST
1765973778.4941387,1765973778.4940124,/home/samuchair/ros2_ws/install/samuchair/lib/python3.12/site-packages/samuchair/mainNode.py,callback_handleServiceResponse,20,142,Estoy en el servicio llamado desde mainNode,mainNode
1765973778.5999858,1765973778.5998807,/home/samuchair/ros2_ws/install/samuchair/lib/python3.12/site-packages/samuchair/secondarytaskNode.py,timer_lectura,20,203,Dato medido ST: 0.04536628723144531,ST
1765973779.5222292,1765973779.5221136,/home/samuchair/ros2_ws/install/samuchair/lib/python3.12/site-packages/samuchair/webcamNode.py,timer_callback,20,61,Frame: 64,webcam
1765973781.5224204,1765973781.5223033,/home/samuchair/ros2_ws/install/samuchair/lib/python3.12/site-packages/samuchair/webcamNode.py,timer_callback,20,61,Frame: 65,webcam
1765973783.5215666,1765973783.5214593,/home/samuchair/ros2_ws/install/samuchair/lib/python3.12/site-packages/samuchair/webcamNode.py,timer_callback,20,61,Frame: 66,webcam
1765973784.5648441,1765973784.5647066,/home/samuchair/ros2_ws/install/samuchair/lib/python3.12/site-packages/samuchair/jBNode.py,jb_callback,20,38,Comando Joystick Bluetooth: 6,JoystickBluetooth
1765973784.5653162,1765973784.5651846,/home/samuchair/ros2_ws/install/samuchair/lib/python3.12/site-packages/samuchair/mainNode.py,callback_subJoy,20,82,Comando Joystick Bluetooth: 6,mainNode
1765973784.5669289,1765973784.5668092,/home/samuchair/ros2_ws/install/samuchair/lib/python3.12/site-packages/samuchair/arduinoNode.py,handle_joystick_silla,20,61,Enviando comando al Arduino: velocidad,Joystick
1765973784.8693316,1765973784.8691943,/home/samuchair/ros2_ws/install/samuchair/lib/python3.12/site-packages/samuchair/mainNode.py,callback_handleServiceResponse,20,142,Estoy en el servicio llamado desde mainNode,mainNode
1765973785.5223463,1765973785.5222168,/home/samuchair/ros2_ws/install/samuchair/lib/python3.12/site-packages/samuchair/webcamNode.py,timer_callback,20,61,Frame: 67,webcam
1765973785.7273486,1765973785.7271702,/home/samuchair/ros2_ws/install/samuchair/lib/python3.12/site-packages/samuchair/jBNode.py,jb_callback,20,38,Comando Joystick Bluetooth: 0,JoystickBluetooth
1765973785.7277968,1765973785.7276804,/home/samuchair/ros2_ws/install/samuchair/lib/python3.12/site-packages/samuchair/mainNode.py,callback_subJoy,20,82,Comando Joystick Bluetooth: 0,mainNode
1765973785.7294104,1765973785.7292843,/home/samuchair/ros2_ws/install/samuchair/lib/python3.12/site-packages/samuchair/arduinoNode.py,handle_joystick_silla,20,61,Enviando comando al Arduino: velocidad,Joystick
1765973786.0316744,1765973786.0315442,/home/samuchair/ros2_ws/install/samuchair/lib/python3.12/site-packages/samuchair/mainNode.py,callback_handleServiceResponse,20,142,Estoy en el servicio llamado desde mainNode,mainNode
1765973786.1398723,1765973786.1397123,/home/samuchair/ros2_ws/install/samuchair/lib/python3.12/site-packages/samuchair/jBNode.py,jb_callback,20,38,Comando Joystick Bluetooth: 9,JoystickBluetooth
1765973786.140198,1765973786.1400988,/home/samuchair/ros2_ws/install/samuchair/lib/python3.12/site-packages/samuchair/mainNode.py,callback_subJoy,20,82,Comando Joystick Bluetooth: 9,mainNode
1765973786.1423912,1765973786.142258,/home/samuchair/ros2_ws/install/samuchair/lib/python3.12/site-packages/samuchair/arduinoNode.py,handle_joystick_silla,20,61,Enviando comando al Arduino: velocidad,Joystick
1765973786.4447248,1765973786.4445953,/home/samuchair/ros2_ws/install/samuchair/lib/python3.12/site-packages/samuchair/mainNode.py,callback_handleServiceResponse,20,142,Estoy en el servicio llamado desde mainNode,mainNode
1765973787.5227976,1765973787.5226943,/home/samuchair/ros2_ws/install/samuchair/lib/python3.12/site-packages/samuchair/webcamNode.py,timer_callback,20,61,Frame: 68,webcam
1765973787.9443195,1765973787.9442127,/home/samuchair/ros2_ws/install/samuchair/lib/python3.12/site-packages/samuchair/secondarytaskNode.py,timer_callback,20,220,"Publicado: ""1""",ST
1765973787.9453428,1765973787.9452438,/home/samuchair/ros2_ws/install/samuchair/lib/python3.12/site-packages/samuchair/secondarytaskNode.py,start_random_timer,20,180,Dato publicado ST: 11.451219115869389,ST
1765973788.0524242,1765973788.0522842,/home/samuchair/ros2_ws/install/samuchair/lib/python3.12/site-packages/samuchair/jBNode.py,jb_callback,20,38,Comando Joystick Bluetooth: 0,JoystickBluetooth
1765973788.052791,1765973788.0526814,/home/samuchair/ros2_ws/install/samuchair/lib/python3.12/site-packages/samuchair/mainNode.py,callback_subJoy,20,82,Comando Joystick Bluetooth: 0,mainNode
1765973788.0544536,1765973788.0543344,/home/samuchair/ros2_ws/install/samuchair/lib/python3.12/site-packages/samuchair/arduinoNode.py,handle_joystick_silla,20,61,Enviando comando al Arduino: velocidad,Joystick
1765973788.3567932,1765973788.3566647,/home/samuchair/ros2_ws/install/samuchair/lib/python3.12/site-packages/samuchair/mainNode.py,callback_handleServiceResponse,20,142,Estoy en el servicio llamado desde mainNode,mainNode
1765973788.4648788,1765973788.4647694,/home/samuchair/ros2_ws/install/samuchair/lib/python3.12/site-packages/samuchair/jBNode.py,jb_callback,20,38,Comando Joystick Bluetooth: 6,JoystickBluetooth
1765973788.465238,1765973788.4651208,/home/samuchair/ros2_ws/install/samuchair/lib/python3.12/site-packages/samuchair/mainNode.py,callback_subJoy,20,82,Comando Joystick Bluetooth: 6,mainNode
1765973788.466951,1765973788.4668236,/home/samuchair/ros2_ws/install/samuchair/lib/python3.12/site-packages/samuchair/arduinoNode.py,handle_joystick_silla,20,61,Enviando comando al Arduino: velocidad,Joystick
1765973788.5998235,1765973788.5997345,/home/samuchair/ros2_ws/install/samuchair/lib/python3.12/site-packages/samuchair/secondarytaskNode.py,timer_lectura,20,203,Dato medido ST: 0.0035753250122070312,ST
1765973788.7693143,1765973788.7691965,/home/samuchair/ros2_ws/install/samuchair/lib/python3.12/site-packages/samuchair/mainNode.py,callback_handleServiceResponse,20,142,Estoy en el servicio llamado desde mainNode,mainNode
1765973789.5222921,1765973789.5221734,/home/samuchair/ros2_ws/install/samuchair/lib/python3.12/site-packages/samuchair/webcamNode.py,timer_callback,20,61,Frame: 69,webcam
1765973789.8899004,1765973789.8897872,/home/samuchair/ros2_ws/install/samuchair/lib/python3.12/site-packages/samuchair/jBNode.py,jb_callback,20,38,Comando Joystick Bluetooth: 0,JoystickBluetooth
1765973789.890225,1765973789.890121,/home/samuchair/ros2_ws/install/samuchair/lib/python3.12/site-packages/samuchair/mainNode.py,callback_subJoy,20,82,Comando Joystick Bluetooth: 0,mainNode
1765973789.8920124,1765973789.8918862,/home/samuchair/ros2_ws/install/samuchair/lib/python3.12/site-packages/samuchair/arduinoNode.py,handle_joystick_silla,20,61,Enviando comando al Arduino: velocidad,Joystick
1765973790.1944351,1765973790.1942945,/home/samuchair/ros2_ws/install/samuchair/lib/python3.12/site-packages/samuchair/mainNode.py,callback_handleServiceResponse,20,142,Estoy en el servicio llamado desde mainNode,mainNode
1765973790.3023877,1765973790.302281,/home/samuchair/ros2_ws/install/samuchair/lib/python3.12/site-packages/samuchair/jBNode.py,jb_callback,20,38,Comando Joystick Bluetooth: 9,JoystickBluetooth
1765973790.3027825,1765973790.302673,/home/samuchair/ros2_ws/install/samuchair/lib/python3.12/site-packages/samuchair/mainNode.py,callback_subJoy,20,82,Comando Joystick Bluetooth: 9,mainNode
1765973790.3044903,1765973790.3043618,/home/samuchair/ros2_ws/install/samuchair/lib/python3.12/site-packages/samuchair/arduinoNode.py,handle_joystick_silla,20,61,Enviando comando al Arduino: velocidad,Joystick
1765973790.6066496,1765973790.606535,/home/samuchair/ros2_ws/install/samuchair/lib/python3.12/site-packages/samuchair/mainNode.py,callback_handleServiceResponse,20,142,Estoy en el servicio llamado desde mainNode,mainNode
1765973791.3899357,1765973791.3897974,/home/samuchair/ros2_ws/install/samuchair/lib/python3.12/site-packages/samuchair/jBNode.py,jb_callback,20,38,Comando Joystick Bluetooth: 0,JoystickBluetooth
1765973791.3902926,1765973791.390181,/home/samuchair/ros2_ws/install/samuchair/lib/python3.12/site-packages/samuchair/mainNode.py,callback_subJoy,20,82,Comando Joystick Bluetooth: 0,mainNode
1765973791.391926,1765973791.391807,/home/samuchair/ros2_ws/install/samuchair/lib/python3.12/site-packages/samuchair/arduinoNode.py,handle_joystick_silla,20,61,Enviando comando al Arduino: velocidad,Joystick
1765973791.5225468,1765973791.522442,/home/samuchair/ros2_ws/install/samuchair/lib/python3.12/site-packages/samuchair/webcamNode.py,timer_callback,20,61,Frame: 70,webcam
1765973791.694277,1765973791.6941352,/home/samuchair/ros2_ws/install/samuchair/lib/python3.12/site-packages/samuchair/mainNode.py,callback_handleServiceResponse,20,142,Estoy en el servicio llamado desde mainNode,mainNode
1765973792.439952,1765973792.4398353,/home/samuchair/ros2_ws/install/samuchair/lib/python3.12/site-packages/samuchair/jBNode.py,jb_callback,20,38,Comando Joystick Bluetooth: 3,JoystickBluetooth
1765973792.4405794,1765973792.4404354,/home/samuchair/ros2_ws/install/samuchair/lib/python3.12/site-packages/samuchair/mainNode.py,callback_subJoy,20,82,Comando Joystick Bluetooth: 3,mainNode
1765973792.442129,1765973792.442013,/home/samuchair/ros2_ws/install/samuchair/lib/python3.12/site-packages/samuchair/arduinoNode.py,handle_joystick_silla,20,61,Enviando comando al Arduino: velocidad,Joystick
1765973792.744477,1765973792.7443693,/home/samuchair/ros2_ws/install/samuchair/lib/python3.12/site-packages/samuchair/mainNode.py,callback_handleServiceResponse,20,142,Estoy en el servicio llamado desde mainNode,mainNode
1765973793.452559,1765973793.4523742,/home/samuchair/ros2_ws/install/samuchair/lib/python3.12/site-packages/samuchair/jBNode.py,jb_callback,20,38,Comando Joystick Bluetooth: 10,JoystickBluetooth
1765973793.4528732,1765973793.452767,/home/samuchair/ros2_ws/install/samuchair/lib/python3.12/site-packages/samuchair/mainNode.py,callback_subJoy,20,82,Comando Joystick Bluetooth: 10,mainNode
1765973793.4546196,1765973793.454494,/home/samuchair/ros2_ws/install/samuchair/lib/python3.12/site-packages/samuchair/arduinoNode.py,handle_joystick_silla,20,61,Enviando comando al Arduino: velocidad,Joystick
1765973793.5223675,1765973793.5222085,/home/samuchair/ros2_ws/install/samuchair/lib/python3.12/site-packages/samuchair/webcamNode.py,timer_callback,20,61,Frame: 71,webcam
1765973793.756893,1765973793.756776,/home/samuchair/ros2_ws/install/samuchair/lib/python3.12/site-packages/samuchair/mainNode.py,callback_handleServiceResponse,20,142,Estoy en el servicio llamado desde mainNode,mainNode
1765973794.014958,1765973794.0148516,/home/samuchair/ros2_ws/install/samuchair/lib/python3.12/site-packages/samuchair/jBNode.py,jb_callback,20,38,Comando Joystick Bluetooth: 3,JoystickBluetooth
1765973794.0153952,1765973794.0152438,/home/samuchair/ros2_ws/install/samuchair/lib/python3.12/site-packages/samuchair/mainNode.py,callback_subJoy,20,82,Comando Joystick Bluetooth: 3,mainNode
1765973794.0171156,1765973794.0169854,/home/samuchair/ros2_ws/install/samuchair/lib/python3.12/site-packages/samuchair/arduinoNode.py,handle_joystick_silla,20,61,Enviando comando al Arduino: velocidad,Joystick
1765973794.319526,1765973794.3193913,/home/samuchair/ros2_ws/install/samuchair/lib/python3.12/site-packages/samuchair/mainNode.py,callback_handleServiceResponse,20,142,Estoy en el servicio llamado desde mainNode,mainNode
1765973794.989989,1765973794.98985,/home/samuchair/ros2_ws/install/samuchair/lib/python3.12/site-packages/samuchair/jBNode.py,jb_callback,20,38,Comando Joystick Bluetooth: 10,JoystickBluetooth
1765973794.9903307,1765973794.9902265,/home/samuchair/ros2_ws/install/samuchair/lib/python3.12/site-packages/samuchair/mainNode.py,callback_subJoy,20,82,Comando Joystick Bluetooth: 10,mainNode
1765973794.9921134,1765973794.9919968,/home/samuchair/ros2_ws/install/samuchair/lib/python3.12/site-packages/samuchair/arduinoNode.py,handle_joystick_silla,20,61,Enviando comando al Arduino: velocidad,Joystick
1765973795.294454,1765973795.2943,/home/samuchair/ros2_ws/install/samuchair/lib/python3.12/site-packages/samuchair/mainNode.py,callback_handleServiceResponse,20,142,Estoy en el servicio llamado desde mainNode,mainNode
1765973795.5208294,1765973795.5207503,/home/samuchair/ros2_ws/install/samuchair/lib/python3.12/site-packages/samuchair/webcamNode.py,timer_callback,20,61,Frame: 72,webcam
1765973796.0775216,1765973796.077415,/home/samuchair/ros2_ws/install/samuchair/lib/python3.12/site-packages/samuchair/jBNode.py,jb_callback,20,38,Comando Joystick Bluetooth: 9,JoystickBluetooth
1765973796.077958,1765973796.077814,/home/samuchair/ros2_ws/install/samuchair/lib/python3.12/site-packages/samuchair/mainNode.py,callback_subJoy,20,82,Comando Joystick Bluetooth: 9,mainNode
1765973796.0795789,1765973796.079457,/home/samuchair/ros2_ws/install/samuchair/lib/python3.12/site-packages/samuchair/arduinoNode.py,handle_joystick_silla,20,61,Enviando comando al Arduino: velocidad,Joystick
1765973796.3819835,1765973796.3818455,/home/samuchair/ros2_ws/install/samuchair/lib/python3.12/site-packages/samuchair/mainNode.py,callback_handleServiceResponse,20,142,Estoy en el servicio llamado desde mainNode,mainNode
1765973797.1650174,1765973797.1649115,/home/samuchair/ros2_ws/install/samuchair/lib/python3.12/site-packages/samuchair/jBNode.py,jb_callback,20,38,Comando Joystick Bluetooth: 10,JoystickBluetooth
1765973797.1654723,1765973797.1653485,/home/samuchair/ros2_ws/install/samuchair/lib/python3.12/site-packages/samuchair/mainNode.py,callback_subJoy,20,82,Comando Joystick Bluetooth: 10,mainNode
1765973797.1670876,1765973797.1669648,/home/samuchair/ros2_ws/install/samuchair/lib/python3.12/site-packages/samuchair/arduinoNode.py,handle_joystick_silla,20,61,Enviando comando al Arduino: velocidad,Joystick
1765973797.2025032,1765973797.2023704,/home/samuchair/ros2_ws/install/samuchair/lib/python3.12/site-packages/samuchair/jBNode.py,jb_callback,20,38,Comando Joystick Bluetooth: 3,JoystickBluetooth
1765973797.202904,1765973797.2027924,/home/samuchair/ros2_ws/install/samuchair/lib/python3.12/site-packages/samuchair/mainNode.py,callback_subJoy,20,82,Comando Joystick Bluetooth: 3,mainNode
1765973797.4695795,1765973797.4693997,/home/samuchair/ros2_ws/install/samuchair/lib/python3.12/site-packages/samuchair/mainNode.py,callback_handleServiceResponse,20,142,Estoy en el servicio llamado desde mainNode,mainNode
1765973797.469619,1765973797.4694455,/home/samuchair/ros2_ws/install/samuchair/lib/python3.12/site-packages/samuchair/arduinoNode.py,handle_joystick_silla,20,61,Enviando comando al Arduino: velocidad,Joystick
1765973797.522425,1765973797.5223234,/home/samuchair/ros2_ws/install/samuchair/lib/python3.12/site-packages/samuchair/webcamNode.py,timer_callback,20,61,Frame: 73,webcam
1765973797.7719476,1765973797.7718303,/home/samuchair/ros2_ws/install/samuchair/lib/python3.12/site-packages/samuchair/mainNode.py,callback_handleServiceResponse,20,142,Estoy en el servicio llamado desde mainNode,mainNode
1765973798.5900054,1765973798.5899067,/home/samuchair/ros2_ws/install/samuchair/lib/python3.12/site-packages/samuchair/jBNode.py,jb_callback,20,38,Comando Joystick Bluetooth: 12,JoystickBluetooth
1765973798.5904791,1765973798.5903628,/home/samuchair/ros2_ws/install/samuchair/lib/python3.12/site-packages/samuchair/mainNode.py,callback_subJoy,20,82,Comando Joystick Bluetooth: 12,mainNode
1765973798.5921228,1765973798.5919547,/home/samuchair/ros2_ws/install/samuchair/lib/python3.12/site-packages/samuchair/arduinoNode.py,handle_joystick_silla,20,61,Enviando comando al Arduino: velocidad,Joystick
1765973798.777511,1765973798.7774107,/home/samuchair/ros2_ws/install/samuchair/lib/python3.12/site-packages/samuchair/jBNode.py,jb_callback,20,38,Comando Joystick Bluetooth: 6,JoystickBluetooth
1765973798.7779193,1765973798.7778184,/home/samuchair/ros2_ws/install/samuchair/lib/python3.12/site-packages/samuchair/mainNode.py,callback_subJoy,20,82,Comando Joystick Bluetooth: 6,mainNode
1765973798.8943727,1765973798.894232,/home/samuchair/ros2_ws/install/samuchair/lib/python3.12/site-packages/samuchair/mainNode.py,callback_handleServiceResponse,20,142,Estoy en el servicio llamado desde mainNode,mainNode
1765973799.0953135,1765973799.0951538,/home/samuchair/ros2_ws/install/samuchair/lib/python3.12/site-packages/samuchair/arduinoNode.py,handle_joystick_silla,20,61,Enviando comando al Arduino: velocidad,Joystick
1765973799.1149619,1765973799.1148705,/home/samuchair/ros2_ws/install/samuchair/lib/python3.12/site-packages/samuchair/jBNode.py,jb_callback,20,38,Comando Joystick Bluetooth: 12,JoystickBluetooth
1765973799.1154642,1765973799.1153488,/home/samuchair/ros2_ws/install/samuchair/lib/python3.12/site-packages/samuchair/mainNode.py,callback_subJoy,20,82,Comando Joystick Bluetooth: 12,mainNode
1765973799.3976238,1765973799.3974302,/home/samuchair/ros2_ws/install/samuchair/lib/python3.12/site-packages/samuchair/arduinoNode.py,handle_joystick_silla,20,61,Enviando comando al Arduino: velocidad,Joystick
1765973799.3976846,1765973799.3975317,/home/samuchair/ros2_ws/install/samuchair/lib/python3.12/site-packages/samuchair/mainNode.py,callback_handleServiceResponse,20,142,Estoy en el servicio llamado desde mainNode,mainNode
1765973799.521671,1765973799.5215662,/home/samuchair/ros2_ws/install/samuchair/lib/python3.12/site-packages/samuchair/webcamNode.py,timer_callback,20,61,Frame: 74,webcam
1765973799.5650017,1765973799.5649076,/home/samuchair/ros2_ws/install/samuchair/lib/python3.12/site-packages/samuchair/jBNode.py,jb_callback,20,38,Comando Joystick Bluetooth: 3,JoystickBluetooth
1765973799.5654414,1765973799.5653374,/home/samuchair/ros2_ws/install/samuchair/lib/python3.12/site-packages/samuchair/mainNode.py,callback_subJoy,20,82,Comando Joystick Bluetooth: 3,mainNode
1765973799.699869,1765973799.6997375,/home/samuchair/ros2_ws/install/samuchair/lib/python3.12/site-packages/samuchair/arduinoNode.py,handle_joystick_silla,20,61,Enviando comando al Arduino: velocidad,Joystick
1765973799.6999059,1765973799.6998036,/home/samuchair/ros2_ws/install/samuchair/lib/python3.12/site-packages/samuchair/mainNode.py,callback_handleServiceResponse,20,142,Estoy en el servicio llamado desde mainNode,mainNode
1765973799.8589416,1765973799.858853,/home/samuchair/ros2_ws/install/samuchair/lib/python3.12/site-packages/samuchair/secondarytaskNode.py,timer_callback,20,220,"Publicado: ""0""",ST
1765973799.8598921,1765973799.859802,/home/samuchair/ros2_ws/install/samuchair/lib/python3.12/site-packages/samuchair/secondarytaskNode.py,start_random_timer,20,180,Dato publicado ST: 10.863373170413416,ST
1765973800.0022802,1765973800.0021434,/home/samuchair/ros2_ws/install/samuchair/lib/python3.12/site-packages/samuchair/mainNode.py,callback_handleServiceResponse,20,142,Estoy en el servicio llamado desde mainNode,mainNode
1765973800.599845,1765973800.599754,/home/samuchair/ros2_ws/install/samuchair/lib/python3.12/site-packages/samuchair/secondarytaskNode.py,timer_lectura,20,203,Dato medido ST: 0.12117123603820801,ST
1765973801.5219133,1765973801.5218215,/home/samuchair/ros2_ws/install/samuchair/lib/python3.12/site-packages/samuchair/webcamNode.py,timer_callback,20,61,Frame: 75,webcam
1765973801.5900385,1765973801.589943,/home/samuchair/ros2_ws/install/samuchair/lib/python3.12/site-packages/samuchair/jBNode.py,jb_callback,20,38,Comando Joystick Bluetooth: 0,JoystickBluetooth
1765973801.5905037,1765973801.5903897,/home/samuchair/ros2_ws/install/samuchair/lib/python3.12/site-packages/samuchair/mainNode.py,callback_subJoy,20,82,Comando Joystick Bluetooth: 0,mainNode
1765973801.592145,1765973801.5920196,/home/samuchair/ros2_ws/install/samuchair/lib/python3.12/site-packages/samuchair/arduinoNode.py,handle_joystick_silla,20,61,Enviando comando al Arduino: velocidad,Joystick
1765973801.8900533,1765973801.8899493,/home/samuchair/ros2_ws/install/samuchair/lib/python3.12/site-packages/samuchair/jBNode.py,jb_callback,20,38,Comando Joystick Bluetooth: 5,JoystickBluetooth
1765973801.8903987,1765973801.8902977,/home/samuchair/ros2_ws/install/samuchair/lib/python3.12/site-packages/samuchair/mainNode.py,callback_subJoy,20,82,Comando Joystick Bluetooth: 5,mainNode
1765973801.8943124,1765973801.8941936,/home/samuchair/ros2_ws/install/samuchair/lib/python3.12/site-packages/samuchair/mainNode.py,callback_handleServiceResponse,20,142,Estoy en el servicio llamado desde mainNode,mainNode
1765973801.8947408,1765973801.8944762,/home/samuchair/ros2_ws/install/samuchair/lib/python3.12/site-packages/samuchair/arduinoNode.py,handle_joystick_silla,20,61,Enviando comando al Arduino: velocidad,Joystick
1765973802.1969259,1765973802.1967914,/home/samuchair/ros2_ws/install/samuchair/lib/python3.12/site-packages/samuchair/mainNode.py,callback_handleServiceResponse,20,142,Estoy en el servicio llamado desde mainNode,mainNode
1765973803.521698,1765973803.5216117,/home/samuchair/ros2_ws/install/samuchair/lib/python3.12/site-packages/samuchair/webcamNode.py,timer_callback,20,61,Frame: 76,webcam
1765973805.522309,1765973805.522189,/home/samuchair/ros2_ws/install/samuchair/lib/python3.12/site-packages/samuchair/webcamNode.py,timer_callback,20,61,Frame: 77,webcam
1765973806.7651875,1765973806.7650604,/home/samuchair/ros2_ws/install/samuchair/lib/python3.12/site-packages/samuchair/jBNode.py,jb_callback,20,38,Comando Joystick Bluetooth: 17,JoystickBluetooth
1765973806.7664473,1765973806.7654884,/home/samuchair/ros2_ws/install/samuchair/lib/python3.12/site-packages/samuchair/mainNode.py,callback_subJoy,20,82,Comando Joystick Bluetooth: 17,mainNode
1765973806.766838,1765973806.7660117,/home/samuchair/ros2_ws/install/samuchair/lib/python3.12/site-packages/samuchair/jBNode.py,jb_callback,20,38,Comando Joystick Bluetooth: 6,JoystickBluetooth
1765973806.7675443,1765973806.7673843,/home/samuchair/ros2_ws/install/samuchair/lib/python3.12/site-packages/samuchair/mainNode.py,callback_subJoy,20,82,Comando Joystick Bluetooth: 6,mainNode
1765973806.7676091,1765973806.7673907,/home/samuchair/ros2_ws/install/samuchair/lib/python3.12/site-packages/samuchair/arduinoNode.py,handle_joystick_silla,20,61,Enviando comando al Arduino: velocidad,Joystick
1765973807.0698416,1765973807.069698,/home/samuchair/ros2_ws/install/samuchair/lib/python3.12/site-packages/samuchair/arduinoNode.py,handle_joystick_silla,20,61,Enviando comando al Arduino: velocidad,Joystick
1765973807.0698745,1765973807.069729,/home/samuchair/ros2_ws/install/samuchair/lib/python3.12/site-packages/samuchair/mainNode.py,callback_handleServiceResponse,20,142,Estoy en el servicio llamado desde mainNode,mainNode
1765973807.3722103,1765973807.372082,/home/samuchair/ros2_ws/install/samuchair/lib/python3.12/site-packages/samuchair/mainNode.py,callback_handleServiceResponse,20,142,Estoy en el servicio llamado desde mainNode,mainNode
1765973807.5213604,1765973807.5212517,/home/samuchair/ros2_ws/install/samuchair/lib/python3.12/site-packages/samuchair/webcamNode.py,timer_callback,20,61,Frame: 78,webcam
1765973809.3152485,1765973809.3151386,/home/samuchair/ros2_ws/install/samuchair/lib/python3.12/site-packages/samuchair/jBNode.py,jb_callback,20,38,Comando Joystick Bluetooth: 0,JoystickBluetooth
1765973809.3156319,1765973809.3155222,/home/samuchair/ros2_ws/install/samuchair/lib/python3.12/site-packages/samuchair/mainNode.py,callback_subJoy,20,82,Comando Joystick Bluetooth: 0,mainNode
1765973809.3172536,1765973809.3171418,/home/samuchair/ros2_ws/install/samuchair/lib/python3.12/site-packages/samuchair/arduinoNode.py,handle_joystick_silla,20,61,Enviando comando al Arduino: velocidad,Joystick
1765973809.5219471,1765973809.5218396,/home/samuchair/ros2_ws/install/samuchair/lib/python3.12/site-packages/samuchair/webcamNode.py,timer_callback,20,61,Frame: 79,webcam
1765973809.619616,1765973809.6194904,/home/samuchair/ros2_ws/install/samuchair/lib/python3.12/site-packages/samuchair/mainNode.py,callback_handleServiceResponse,20,142,Estoy en el servicio llamado desde mainNode,mainNode
1765973810.1027746,1765973810.1026728,/home/samuchair/ros2_ws/install/samuchair/lib/python3.12/site-packages/samuchair/jBNode.py,jb_callback,20,38,Comando Joystick Bluetooth: 3,JoystickBluetooth
1765973810.1031866,1765973810.1030703,/home/samuchair/ros2_ws/install/samuchair/lib/python3.12/site-packages/samuchair/mainNode.py,callback_subJoy,20,82,Comando Joystick Bluetooth: 3,mainNode
1765973810.104841,1765973810.10471,/home/samuchair/ros2_ws/install/samuchair/lib/python3.12/site-packages/samuchair/arduinoNode.py,handle_joystick_silla,20,61,Enviando comando al Arduino: velocidad,Joystick
1765973810.4072473,1765973810.4070733,/home/samuchair/ros2_ws/install/samuchair/lib/python3.12/site-packages/samuchair/mainNode.py,callback_handleServiceResponse,20,142,Estoy en el servicio llamado desde mainNode,mainNode
1765973810.5152566,1765973810.5151246,/home/samuchair/ros2_ws/install/samuchair/lib/python3.12/site-packages/samuchair/jBNode.py,jb_callback,20,38,Comando Joystick Bluetooth: 0,JoystickBluetooth
1765973810.5158346,1765973810.5155396,/home/samuchair/ros2_ws/install/samuchair/lib/python3.12/site-packages/samuchair/mainNode.py,callback_subJoy,20,82,Comando Joystick Bluetooth: 0,mainNode
1765973810.51738,1765973810.5172517,/home/samuchair/ros2_ws/install/samuchair/lib/python3.12/site-packages/samuchair/arduinoNode.py,handle_joystick_silla,20,61,Enviando comando al Arduino: velocidad,Joystick
1765973810.819701,1765973810.8195603,/home/samuchair/ros2_ws/install/samuchair/lib/python3.12/site-packages/samuchair/mainNode.py,callback_handleServiceResponse,20,142,Estoy en el servicio llamado desde mainNode,mainNode
1765973811.0402923,1765973811.0401397,/home/samuchair/ros2_ws/install/samuchair/lib/python3.12/site-packages/samuchair/jBNode.py,jb_callback,20,38,Comando Joystick Bluetooth: 3,JoystickBluetooth
1765973811.0406728,1765973811.0405676,/home/samuchair/ros2_ws/install/samuchair/lib/python3.12/site-packages/samuchair/mainNode.py,callback_subJoy,20,82,Comando Joystick Bluetooth: 3,mainNode
1765973811.042371,1765973811.0422456,/home/samuchair/ros2_ws/install/samuchair/lib/python3.12/site-packages/samuchair/arduinoNode.py,handle_joystick_silla,20,61,Enviando comando al Arduino: velocidad,Joystick
1765973811.1879816,1765973811.1878862,/home/samuchair/ros2_ws/install/samuchair/lib/python3.12/site-packages/samuchair/secondarytaskNode.py,timer_callback,20,220,"Publicado: ""0""",ST
1765973811.1889288,1765973811.188845,/home/samuchair/ros2_ws/install/samuchair/lib/python3.12/site-packages/samuchair/secondarytaskNode.py,start_random_timer,20,180,Dato publicado ST: 11.690480703017965,ST
1765973811.344786,1765973811.344605,/home/samuchair/ros2_ws/install/samuchair/lib/python3.12/site-packages/samuchair/mainNode.py,callback_handleServiceResponse,20,142,Estoy en el servicio llamado desde mainNode,mainNode
1765973811.5216348,1765973811.5215366,/home/samuchair/ros2_ws/install/samuchair/lib/python3.12/site-packages/samuchair/webcamNode.py,timer_callback,20,61,Frame: 80,webcam
1765973811.599942,1765973811.5998602,/home/samuchair/ros2_ws/install/samuchair/lib/python3.12/site-packages/samuchair/secondarytaskNode.py,timer_lectura,20,203,Dato medido ST: 0.05666685104370117,ST
1765973811.977859,1765973811.9777243,/home/samuchair/ros2_ws/install/samuchair/lib/python3.12/site-packages/samuchair/jBNode.py,jb_callback,20,38,Comando Joystick Bluetooth: 10,JoystickBluetooth
1765973811.9781916,1765973811.9780962,/home/samuchair/ros2_ws/install/samuchair/lib/python3.12/site-packages/samuchair/mainNode.py,callback_subJoy,20,82,Comando Joystick Bluetooth: 10,mainNode
1765973811.9798346,1765973811.9797192,/home/samuchair/ros2_ws/install/samuchair/lib/python3.12/site-packages/samuchair/arduinoNode.py,handle_joystick_silla,20,61,Enviando comando al Arduino: velocidad,Joystick
1765973812.0901923,1765973812.0900984,/home/samuchair/ros2_ws/install/samuchair/lib/python3.12/site-packages/samuchair/jBNode.py,jb_callback,20,38,Comando Joystick Bluetooth: 9,JoystickBluetooth
1765973812.0906317,1765973812.0905282,/home/samuchair/ros2_ws/install/samuchair/lib/python3.12/site-packages/samuchair/mainNode.py,callback_subJoy,20,82,Comando Joystick Bluetooth: 9,mainNode
1765973812.28216,1765973812.2820048,/home/samuchair/ros2_ws/install/samuchair/lib/python3.12/site-packages/samuchair/arduinoNode.py,handle_joystick_silla,20,61,Enviando comando al Arduino: velocidad,Joystick
1765973812.2821944,1765973812.282005,/home/samuchair/ros2_ws/install/samuchair/lib/python3.12/site-packages/samuchair/mainNode.py,callback_handleServiceResponse,20,142,Estoy en el servicio llamado desde mainNode,mainNode
1765973812.5848565,1765973812.5847244,/home/samuchair/ros2_ws/install/samuchair/lib/python3.12/site-packages/samuchair/mainNode.py,callback_handleServiceResponse,20,142,Estoy en el servicio llamado desde mainNode,mainNode
1765973813.02781,1765973813.0277045,/home/samuchair/ros2_ws/install/samuchair/lib/python3.12/site-packages/samuchair/jBNode.py,jb_callback,20,38,Comando Joystick Bluetooth: 10,JoystickBluetooth
1765973813.0282176,1765973813.02811,/home/samuchair/ros2_ws/install/samuchair/lib/python3.12/site-packages/samuchair/mainNode.py,callback_subJoy,20,82,Comando Joystick Bluetooth: 10,mainNode
1765973813.029869,1765973813.0297408,/home/samuchair/ros2_ws/install/samuchair/lib/python3.12/site-packages/samuchair/arduinoNode.py,handle_joystick_silla,20,61,Enviando comando al Arduino: velocidad,Joystick
1765973813.2735324,1765973813.2734013,/home/samuchair/ros2_ws/install/samuchair/lib/python3.12/site-packages/samuchair/movilNode.py,timer_callback,20,239,Dato publicado Fase Ejecucion: 30,Movil
1765973813.2738862,1765973813.2736256,/home/samuchair/ros2_ws/install/samuchair/lib/python3.12/site-packages/samuchair/mainNode.py,callback_subMovilEjecucion,20,137,Comando Movil Ejecucion: 30,mainNode
1765973813.2901914,1765973813.290059,/home/samuchair/ros2_ws/install/samuchair/lib/python3.12/site-packages/samuchair/jBNode.py,jb_callback,20,38,Comando Joystick Bluetooth: 3,JoystickBluetooth
1765973813.2904413,1765973813.290342,/home/samuchair/ros2_ws/install/samuchair/lib/python3.12/site-packages/samuchair/mainNode.py,callback_subJoy,20,82,Comando Joystick Bluetooth: 3,mainNode
1765973813.3321633,1765973813.3320274,/home/samuchair/ros2_ws/install/samuchair/lib/python3.12/site-packages/samuchair/arduinoNode.py,handle_joystick_silla,20,61,Enviando comando al Arduino: velocidad,Joystick
1765973813.3321989,1765973813.332118,/home/samuchair/ros2_ws/install/samuchair/lib/python3.12/site-packages/samuchair/mainNode.py,callback_handleServiceResponse,20,142,Estoy en el servicio llamado desde mainNode,mainNode
1765973813.6345222,1765973813.6343954,/home/samuchair/ros2_ws/install/samuchair/lib/python3.12/site-packages/samuchair/mainNode.py,callback_handleServiceResponse,20,142,Estoy en el servicio llamado desde mainNode,mainNode
1765973814.4903233,1765973814.4902,/home/samuchair/ros2_ws/install/samuchair/lib/python3.12/site-packages/samuchair/jBNode.py,jb_callback,20,38,Comando Joystick Bluetooth: 10,JoystickBluetooth
1765973814.4907362,1765973814.4906313,/home/samuchair/ros2_ws/install/samuchair/lib/python3.12/site-packages/samuchair/mainNode.py,callback_subJoy,20,82,Comando Joystick Bluetooth: 10,mainNode
1765973814.4923973,1765973814.492232,/home/samuchair/ros2_ws/install/samuchair/lib/python3.12/site-packages/samuchair/arduinoNode.py,handle_joystick_silla,20,61,Enviando comando al Arduino: velocidad,Joystick
1765973814.715285,1765973814.7150931,/home/samuchair/ros2_ws/install/samuchair/lib/python3.12/site-packages/samuchair/jBNode.py,jb_callback,20,38,Comando Joystick Bluetooth: 9,JoystickBluetooth
1765973814.715908,1765973814.715509,/home/samuchair/ros2_ws/install/samuchair/lib/python3.12/site-packages/samuchair/mainNode.py,callback_subJoy,20,82,Comando Joystick Bluetooth: 9,mainNode
1765973814.7946298,1765973814.7944922,/home/samuchair/ros2_ws/install/samuchair/lib/python3.12/site-packages/samuchair/arduinoNode.py,handle_joystick_silla,20,61,Enviando comando al Arduino: velocidad,Joystick
1765973814.794669,1765973814.794579,/home/samuchair/ros2_ws/install/samuchair/lib/python3.12/site-packages/samuchair/mainNode.py,callback_handleServiceResponse,20,142,Estoy en el servicio llamado desde mainNode,mainNode
1765973815.0971208,1765973815.0969841,/home/samuchair/ros2_ws/install/samuchair/lib/python3.12/site-packages/samuchair/mainNode.py,callback_handleServiceResponse,20,142,Estoy en el servicio llamado desde mainNode,mainNode
1765973815.1278462,1765973815.1277115,/home/samuchair/ros2_ws/install/samuchair/lib/python3.12/site-packages/samuchair/jBNode.py,jb_callback,20,38,Comando Joystick Bluetooth: 10,JoystickBluetooth
1765973815.128197,1765973815.1280856,/home/samuchair/ros2_ws/install/samuchair/lib/python3.12/site-packages/samuchair/mainNode.py,callback_subJoy,20,82,Comando Joystick Bluetooth: 10,mainNode
1765973815.1298573,1765973815.129732,/home/samuchair/ros2_ws/install/samuchair/lib/python3.12/site-packages/samuchair/arduinoNode.py,handle_joystick_silla,20,61,Enviando comando al Arduino: velocidad,Joystick
1765973815.1653128,1765973815.1652071,/home/samuchair/ros2_ws/install/samuchair/lib/python3.12/site-packages/samuchair/jBNode.py,jb_callback,20,38,Comando Joystick Bluetooth: 3,JoystickBluetooth
1765973815.1656446,1765973815.1655304,/home/samuchair/ros2_ws/install/samuchair/lib/python3.12/site-packages/samuchair/mainNode.py,callback_subJoy,20,82,Comando Joystick Bluetooth: 3,mainNode
1765973815.390363,1765973815.3902302,/home/samuchair/ros2_ws/install/samuchair/lib/python3.12/site-packages/samuchair/jBNode.py,jb_callback,20,38,Comando Joystick Bluetooth: 10,JoystickBluetooth
1765973815.3909655,1765973815.3906426,/home/samuchair/ros2_ws/install/samuchair/lib/python3.12/site-packages/samuchair/mainNode.py,callback_subJoy,20,82,Comando Joystick Bluetooth: 10,mainNode
1765973815.4325442,1765973815.4320924,/home/samuchair/ros2_ws/install/samuchair/lib/python3.12/site-packages/samuchair/mainNode.py,callback_handleServiceResponse,20,142,Estoy en el servicio llamado desde mainNode,mainNode
1765973815.4325817,1765973815.4322824,/home/samuchair/ros2_ws/install/samuchair/lib/python3.12/site-packages/samuchair/arduinoNode.py,handle_joystick_silla,20,61,Enviando comando al Arduino: velocidad,Joystick
1765973815.6903188,1765973815.6902025,/home/samuchair/ros2_ws/install/samuchair/lib/python3.12/site-packages/samuchair/jBNode.py,jb_callback,20,38,Comando Joystick Bluetooth: 3,JoystickBluetooth
1765973815.6907494,1765973815.6906376,/home/samuchair/ros2_ws/install/samuchair/lib/python3.12/site-packages/samuchair/mainNode.py,callback_subJoy,20,82,Comando Joystick Bluetooth: 3,mainNode
1765973815.7347329,1765973815.7345765,/home/samuchair/ros2_ws/install/samuchair/lib/python3.12/site-packages/samuchair/arduinoNode.py,handle_joystick_silla,20,61,Enviando comando al Arduino: velocidad,Joystick
1765973815.7347674,1765973815.734584,/home/samuchair/ros2_ws/install/samuchair/lib/python3.12/site-packages/samuchair/mainNode.py,callback_handleServiceResponse,20,142,Estoy en el servicio llamado desde mainNode,mainNode
1765973816.0371914,1765973816.0368824,/home/samuchair/ros2_ws/install/samuchair/lib/python3.12/site-packages/samuchair/arduinoNode.py,handle_joystick_silla,20,61,Enviando comando al Arduino: velocidad,Joystick
1765973816.0372286,1765973816.0369985,/home/samuchair/ros2_ws/install/samuchair/lib/python3.12/site-packages/samuchair/mainNode.py,callback_handleServiceResponse,20,142,Estoy en el servicio llamado desde mainNode,mainNode
1765973816.2152786,1765973816.2151406,/home/samuchair/ros2_ws/install/samuchair/lib/python3.12/site-packages/samuchair/jBNode.py,jb_callback,20,38,Comando Joystick Bluetooth: 10,JoystickBluetooth
1765973816.2156124,1765973816.2155128,/home/samuchair/ros2_ws/install/samuchair/lib/python3.12/site-packages/samuchair/mainNode.py,callback_subJoy,20,82,Comando Joystick Bluetooth: 10,mainNode
1765973816.252784,1765973816.2526524,/home/samuchair/ros2_ws/install/samuchair/lib/python3.12/site-packages/samuchair/jBNode.py,jb_callback,20,38,Comando Joystick Bluetooth: 9,JoystickBluetooth
1765973816.253078,1765973816.2529852,/home/samuchair/ros2_ws/install/samuchair/lib/python3.12/site-packages/samuchair/mainNode.py,callback_subJoy,20,82,Comando Joystick Bluetooth: 9,mainNode
1765973816.3393776,1765973816.3392236,/home/samuchair/ros2_ws/install/samuchair/lib/python3.12/site-packages/samuchair/mainNode.py,callback_handleServiceResponse,20,142,Estoy en el servicio llamado desde mainNode,mainNode
1765973816.3394113,1765973816.3392146,/home/samuchair/ros2_ws/install/samuchair/lib/python3.12/site-packages/samuchair/arduinoNode.py,handle_joystick_silla,20,61,Enviando comando al Arduino: velocidad,Joystick
1765973816.6416404,1765973816.6415048,/home/samuchair/ros2_ws/install/samuchair/lib/python3.12/site-packages/samuchair/arduinoNode.py,handle_joystick_silla,20,61,Enviando comando al Arduino: velocidad,Joystick
1765973816.6420186,1765973816.6417596,/home/samuchair/ros2_ws/install/samuchair/lib/python3.12/site-packages/samuchair/mainNode.py,callback_handleServiceResponse,20,142,Estoy en el servicio llamado desde mainNode,mainNode
1765973816.7410715,1765973816.7402437,/home/samuchair/ros2_ws/install/samuchair/lib/python3.12/site-packages/samuchair/jBNode.py,jb_callback,20,38,Comando Joystick Bluetooth: 10,JoystickBluetooth
1765973816.741096,1765973816.740639,/home/samuchair/ros2_ws/install/samuchair/lib/python3.12/site-packages/samuchair/mainNode.py,callback_subJoy,20,82,Comando Joystick Bluetooth: 10,mainNode
1765973816.8903582,1765973816.890234,/home/samuchair/ros2_ws/install/samuchair/lib/python3.12/site-packages/samuchair/jBNode.py,jb_callback,20,38,Comando Joystick Bluetooth: 9,JoystickBluetooth
1765973816.8907247,1765973816.890622,/home/samuchair/ros2_ws/install/samuchair/lib/python3.12/site-packages/samuchair/mainNode.py,callback_subJoy,20,82,Comando Joystick Bluetooth: 9,mainNode
1765973816.9438539,1765973816.943741,/home/samuchair/ros2_ws/install/samuchair/lib/python3.12/site-packages/samuchair/mainNode.py,callback_handleServiceResponse,20,142,Estoy en el servicio llamado desde mainNode,mainNode
1765973817.1451154,1765973817.1449113,/home/samuchair/ros2_ws/install/samuchair/lib/python3.12/site-packages/samuchair/arduinoNode.py,handle_joystick_silla,20,61,Enviando comando al Arduino: velocidad,Joystick
1765973817.3779283,1765973817.3778188,/home/samuchair/ros2_ws/install/samuchair/lib/python3.12/site-packages/samuchair/jBNode.py,jb_callback,20,38,Comando Joystick Bluetooth: 10,JoystickBluetooth
1765973817.3782506,1765973817.3781512,/home/samuchair/ros2_ws/install/samuchair/lib/python3.12/site-packages/samuchair/mainNode.py,callback_subJoy,20,82,Comando Joystick Bluetooth: 10,mainNode
1765973817.4474068,1765973817.4472558,/home/samuchair/ros2_ws/install/samuchair/lib/python3.12/site-packages/samuchair/mainNode.py,callback_handleServiceResponse,20,142,Estoy en el servicio llamado desde mainNode,mainNode
1765973817.4474494,1765973817.4473135,/home/samuchair/ros2_ws/install/samuchair/lib/python3.12/site-packages/samuchair/arduinoNode.py,handle_joystick_silla,20,61,Enviando comando al Arduino: velocidad,Joystick
1765973817.490381,1765973817.4902575,/home/samuchair/ros2_ws/install/samuchair/lib/python3.12/site-packages/samuchair/jBNode.py,jb_callback,20,38,Comando Joystick Bluetooth: 3,JoystickBluetooth
1765973817.490752,1765973817.490641,/home/samuchair/ros2_ws/install/samuchair/lib/python3.12/site-packages/samuchair/mainNode.py,callback_subJoy,20,82,Comando Joystick Bluetooth: 3,mainNode
1765973817.749751,1765973817.7496343,/home/samuchair/ros2_ws/install/samuchair/lib/python3.12/site-packages/samuchair/mainNode.py,callback_handleServiceResponse,20,142,Estoy en el servicio llamado desde mainNode,mainNode
1765973817.7497783,1765973817.7497005,/home/samuchair/ros2_ws/install/samuchair/lib/python3.12/site-packages/samuchair/arduinoNode.py,handle_joystick_silla,20,61,Enviando comando al Arduino: velocidad,Joystick
1765973818.052306,1765973818.052097,/home/samuchair/ros2_ws/install/samuchair/lib/python3.12/site-packages/samuchair/arduinoNode.py,handle_joystick_silla,20,61,Enviando comando al Arduino: velocidad,Joystick
1765973818.0523434,1765973818.0520966,/home/samuchair/ros2_ws/install/samuchair/lib/python3.12/site-packages/samuchair/mainNode.py,callback_handleServiceResponse,20,142,Estoy en el servicio llamado desde mainNode,mainNode
1765973818.35472,1765973818.3545823,/home/samuchair/ros2_ws/install/samuchair/lib/python3.12/site-packages/samuchair/mainNode.py,callback_handleServiceResponse,20,142,Estoy en el servicio llamado desde mainNode,mainNode
1765973819.0279076,1765973819.0277941,/home/samuchair/ros2_ws/install/samuchair/lib/python3.12/site-packages/samuchair/jBNode.py,jb_callback,20,38,Comando Joystick Bluetooth: 10,JoystickBluetooth
1765973819.028233,1765973819.0281272,/home/samuchair/ros2_ws/install/samuchair/lib/python3.12/site-packages/samuchair/mainNode.py,callback_subJoy,20,82,Comando Joystick Bluetooth: 10,mainNode
1765973819.0299165,1765973819.029792,/home/samuchair/ros2_ws/install/samuchair/lib/python3.12/site-packages/samuchair/arduinoNode.py,handle_joystick_silla,20,61,Enviando comando al Arduino: velocidad,Joystick
1765973819.1779215,1765973819.1778123,/home/samuchair/ros2_ws/install/samuchair/lib/python3.12/site-packages/samuchair/jBNode.py,jb_callback,20,38,Comando Joystick Bluetooth: 9,JoystickBluetooth
1765973819.1782503,1765973819.1781514,/home/samuchair/ros2_ws/install/samuchair/lib/python3.12/site-packages/samuchair/mainNode.py,callback_subJoy,20,82,Comando Joystick Bluetooth: 9,mainNode
1765973819.332197,1765973819.3320622,/home/samuchair/ros2_ws/install/samuchair/lib/python3.12/site-packages/samuchair/arduinoNode.py,handle_joystick_silla,20,61,Enviando comando al Arduino: velocidad,Joystick
1765973819.3323174,1765973819.332163,/home/samuchair/ros2_ws/install/samuchair/lib/python3.12/site-packages/samuchair/mainNode.py,callback_handleServiceResponse,20,142,Estoy en el servicio llamado desde mainNode,mainNode
1765973819.6345303,1765973819.6344068,/home/samuchair/ros2_ws/install/samuchair/lib/python3.12/site-packages/samuchair/mainNode.py,callback_handleServiceResponse,20,142,Estoy en el servicio llamado desde mainNode,mainNode
1765973819.9279163,1765973819.9278119,/home/samuchair/ros2_ws/install/samuchair/lib/python3.12/site-packages/samuchair/jBNode.py,jb_callback,20,38,Comando Joystick Bluetooth: 10,JoystickBluetooth
1765973819.9282577,1765973819.928136,/home/samuchair/ros2_ws/install/samuchair/lib/python3.12/site-packages/samuchair/mainNode.py,callback_subJoy,20,82,Comando Joystick Bluetooth: 10,mainNode
1765973819.9300246,1765973819.9299016,/home/samuchair/ros2_ws/install/samuchair/lib/python3.12/site-packages/samuchair/arduinoNode.py,handle_joystick_silla,20,61,Enviando comando al Arduino: velocidad,Joystick
1765973820.1904368,1765973820.1903298,/home/samuchair/ros2_ws/install/samuchair/lib/python3.12/site-packages/samuchair/jBNode.py,jb_callback,20,38,Comando Joystick Bluetooth: 3,JoystickBluetooth
1765973820.191045,1765973820.1907372,/home/samuchair/ros2_ws/install/samuchair/lib/python3.12/site-packages/samuchair/mainNode.py,callback_subJoy,20,82,Comando Joystick Bluetooth: 3,mainNode
1765973820.232431,1765973820.2322578,/home/samuchair/ros2_ws/install/samuchair/lib/python3.12/site-packages/samuchair/arduinoNode.py,handle_joystick_silla,20,61,Enviando comando al Arduino: velocidad,Joystick
1765973820.2324638,1765973820.232243,/home/samuchair/ros2_ws/install/samuchair/lib/python3.12/site-packages/samuchair/mainNode.py,callback_handleServiceResponse,20,142,Estoy en el servicio llamado desde mainNode,mainNode
1765973820.534803,1765973820.5346644,/home/samuchair/ros2_ws/install/samuchair/lib/python3.12/site-packages/samuchair/mainNode.py,callback_handleServiceResponse,20,142,Estoy en el servicio llamado desde mainNode,mainNode
1765973822.3279877,1765973822.3278818,/home/samuchair/ros2_ws/install/samuchair/lib/python3.12/site-packages/samuchair/jBNode.py,jb_callback,20,38,Comando Joystick Bluetooth: 10,JoystickBluetooth
1765973822.3283525,1765973822.3282368,/home/samuchair/ros2_ws/install/samuchair/lib/python3.12/site-packages/samuchair/mainNode.py,callback_subJoy,20,82,Comando Joystick Bluetooth: 10,mainNode
1765973822.330112,1765973822.3299937,/home/samuchair/ros2_ws/install/samuchair/lib/python3.12/site-packages/samuchair/arduinoNode.py,handle_joystick_silla,20,61,Enviando comando al Arduino: velocidad,Joystick
1765973822.4404826,1765973822.440369,/home/samuchair/ros2_ws/install/samuchair/lib/python3.12/site-packages/samuchair/jBNode.py,jb_callback,20,38,Comando Joystick Bluetooth: 3,JoystickBluetooth
1765973822.4409564,1765973822.440844,/home/samuchair/ros2_ws/install/samuchair/lib/python3.12/site-packages/samuchair/mainNode.py,callback_subJoy,20,82,Comando Joystick Bluetooth: 3,mainNode
1765973822.4416661,1765973822.4415183,/home/samuchair/ros2_ws/install/samuchair/lib/python3.12/site-packages/samuchair/jBNode.py,jb_callback,20,38,Comando Joystick Bluetooth: 0,JoystickBluetooth
1765973822.442737,1765973822.4426212,/home/samuchair/ros2_ws/install/samuchair/lib/python3.12/site-packages/samuchair/mainNode.py,callback_subJoy,20,82,Comando Joystick Bluetooth: 0,mainNode
1765973822.6325386,1765973822.6323776,/home/samuchair/ros2_ws/install/samuchair/lib/python3.12/site-packages/samuchair/mainNode.py,callback_handleServiceResponse,20,142,Estoy en el servicio llamado desde mainNode,mainNode
1765973822.6325765,1765973822.6324039,/home/samuchair/ros2_ws/install/samuchair/lib/python3.12/site-packages/samuchair/arduinoNode.py,handle_joystick_silla,20,61,Enviando comando al Arduino: velocidad,Joystick
1765973822.9350429,1765973822.9349017,/home/samuchair/ros2_ws/install/samuchair/lib/python3.12/site-packages/samuchair/mainNode.py,callback_handleServiceResponse,20,142,Estoy en el servicio llamado desde mainNode,mainNode
1765973823.1361604,1765973823.1360095,/home/samuchair/ros2_ws/install/samuchair/lib/python3.12/site-packages/samuchair/arduinoNode.py,handle_joystick_silla,20,61,Enviando comando al Arduino: velocidad,Joystick
1765973823.3550472,1765973823.3549488,/home/samuchair/ros2_ws/install/samuchair/lib/python3.12/site-packages/samuchair/secondarytaskNode.py,timer_callback,20,220,"Publicado: ""0""",ST
1765973823.3561265,1765973823.356028,/home/samuchair/ros2_ws/install/samuchair/lib/python3.12/site-packages/samuchair/secondarytaskNode.py,start_random_timer,20,180,Dato publicado ST: 7.431444079117005,ST
1765973823.438551,1765973823.4384239,/home/samuchair/ros2_ws/install/samuchair/lib/python3.12/site-packages/samuchair/mainNode.py,callback_handleServiceResponse,20,142,Estoy en el servicio llamado desde mainNode,mainNode
1765973823.6000433,1765973823.5999355,/home/samuchair/ros2_ws/install/samuchair/lib/python3.12/site-packages/samuchair/secondarytaskNode.py,timer_lectura,20,203,Dato medido ST: 0.0502779483795166,ST
1765973831.253618,1765973831.2535307,/home/samuchair/ros2_ws/install/samuchair/lib/python3.12/site-packages/samuchair/secondarytaskNode.py,timer_callback,20,220,"Publicado: ""0""",ST
1765973831.2546256,1765973831.2545452,/home/samuchair/ros2_ws/install/samuchair/lib/python3.12/site-packages/samuchair/secondarytaskNode.py,start_random_timer,20,180,Dato publicado ST: 10.84472401205565,ST
1765973831.599996,1765973831.599889,/home/samuchair/ros2_ws/install/samuchair/lib/python3.12/site-packages/samuchair/secondarytaskNode.py,timer_lectura,20,203,Dato medido ST: 0.08808732032775879,ST
1765973842.560315,1765973842.5602007,/home/samuchair/ros2_ws/install/samuchair/lib/python3.12/site-packages/samuchair/secondarytaskNode.py,timer_callback,20,220,"Publicado: ""1""",ST
1765973842.5614607,1765973842.5613363,/home/samuchair/ros2_ws/install/samuchair/lib/python3.12/site-packages/samuchair/secondarytaskNode.py,start_random_timer,20,180,Dato publicado ST: 13.893193555646977,ST
1765973843.5998578,1765973843.5997593,/home/samuchair/ros2_ws/install/samuchair/lib/python3.12/site-packages/samuchair/secondarytaskNode.py,timer_lectura,20,203,Dato medido ST: 0.04601263999938965,ST
1765973856.9176102,1765973856.9174907,/home/samuchair/ros2_ws/install/samuchair/lib/python3.12/site-packages/samuchair/secondarytaskNode.py,timer_callback,20,220,"Publicado: ""1""",ST
1765973856.918546,1765973856.9184613,/home/samuchair/ros2_ws/install/samuchair/lib/python3.12/site-packages/samuchair/secondarytaskNode.py,start_random_timer,20,180,Dato publicado ST: 12.926719224401355,ST
1765973857.5999029,1765973857.5998123,/home/samuchair/ros2_ws/install/samuchair/lib/python3.12/site-packages/samuchair/secondarytaskNode.py,timer_lectura,20,203,Dato medido ST: 0.0254518985748291,ST
1765973870.3095398,1765973870.309429,/home/samuchair/ros2_ws/install/samuchair/lib/python3.12/site-packages/samuchair/secondarytaskNode.py,timer_callback,20,220,"Publicado: ""0""",ST
1765973870.3106868,1765973870.3105643,/home/samuchair/ros2_ws/install/samuchair/lib/python3.12/site-packages/samuchair/secondarytaskNode.py,start_random_timer,20,180,Dato publicado ST: 10.245167699799765,ST
1765973870.599995,1765973870.599883,/home/samuchair/ros2_ws/install/samuchair/lib/python3.12/site-packages/samuchair/secondarytaskNode.py,timer_lectura,20,203,Dato medido ST: 0.07422971725463867,ST
1765973881.02018,1765973881.0200782,/home/samuchair/ros2_ws/install/samuchair/lib/python3.12/site-packages/samuchair/secondarytaskNode.py,timer_callback,20,220,"Publicado: ""1""",ST
1765973881.0212207,1765973881.0211346,/home/samuchair/ros2_ws/install/samuchair/lib/python3.12/site-packages/samuchair/secondarytaskNode.py,start_random_timer,20,180,Dato publicado ST: 11.09471937769112,ST
1765973881.6000116,1765973881.5999248,/home/samuchair/ros2_ws/install/samuchair/lib/python3.12/site-packages/samuchair/secondarytaskNode.py,timer_lectura,20,203,Dato medido ST: 0.11612558364868164,ST
1765973892.590576,1765973892.5904758,/home/samuchair/ros2_ws/install/samuchair/lib/python3.12/site-packages/samuchair/secondarytaskNode.py,timer_callback,20,220,"Publicado: ""0""",ST
1765973892.5915916,1765973892.5915053,/home/samuchair/ros2_ws/install/samuchair/lib/python3.12/site-packages/samuchair/secondarytaskNode.py,start_random_timer,20,180,Dato publicado ST: 11.475928551843026,ST
1765973893.5999074,1765973893.5998192,/home/samuchair/ros2_ws/install/samuchair/lib/python3.12/site-packages/samuchair/secondarytaskNode.py,timer_lectura,20,203,Dato medido ST: 0.06629467010498047,ST
1765973904.531913,1765973904.53181,/home/samuchair/ros2_ws/install/samuchair/lib/python3.12/site-packages/samuchair/secondarytaskNode.py,timer_callback,20,220,"Publicado: ""1""",ST
1765973904.5329397,1765973904.5328465,/home/samuchair/ros2_ws/install/samuchair/lib/python3.12/site-packages/samuchair/secondarytaskNode.py,start_random_timer,20,180,Dato publicado ST: 14.048618520679923,ST
1765973904.5999134,1765973904.5998216,/home/samuchair/ros2_ws/install/samuchair/lib/python3.12/site-packages/samuchair/secondarytaskNode.py,timer_lectura,20,203,Dato medido ST: 0.02960944175720215,ST
1765973919.04386,1765973919.0437663,/home/samuchair/ros2_ws/install/samuchair/lib/python3.12/site-packages/samuchair/secondarytaskNode.py,timer_callback,20,220,"Publicado: ""0""",ST
1765973919.044901,1765973919.0448055,/home/samuchair/ros2_ws/install/samuchair/lib/python3.12/site-packages/samuchair/secondarytaskNode.py,start_random_timer,20,180,Dato publicado ST: 14.533178689646016,ST
1765973919.5999827,1765973919.5998862,/home/samuchair/ros2_ws/install/samuchair/lib/python3.12/site-packages/samuchair/secondarytaskNode.py,timer_lectura,20,203,Dato medido ST: 0.11039209365844727,ST
1765973934.0411856,1765973934.0410872,/home/samuchair/ros2_ws/install/samuchair/lib/python3.12/site-packages/samuchair/secondarytaskNode.py,timer_callback,20,220,"Publicado: ""0""",ST
1765973934.042212,1765973934.0421221,/home/samuchair/ros2_ws/install/samuchair/lib/python3.12/site-packages/samuchair/secondarytaskNode.py,start_random_timer,20,180,Dato publicado ST: 10.018721939827778,ST
1765973934.6001675,1765973934.60006,/home/samuchair/ros2_ws/install/samuchair/lib/python3.12/site-packages/samuchair/secondarytaskNode.py,timer_lectura,20,203,Dato medido ST: 0.08990859985351562,ST
