1781781756.5095015;1781781756.5094779;./src/rosbag2_transport/recorder.cpp;subscribe_topic;20;569;Subscribed to topic '/rosout';rosbag2_recorder
1781781756.511328;1781781756.5112927;./src/rosbag2_transport/recorder.cpp;subscribe_topic;20;569;Subscribed to topic '/events/write_split';rosbag2_recorder
1781781756.5116513;1781781756.5116136;./src/rosbag2_transport/recorder.cpp;record;20;365;Recording...;rosbag2_recorder
1781781756.5788605;1781781756.4964738;./src/rosbag2_transport/recorder.cpp;RecorderImpl;20;190;Press SPACE for pausing/resuming;rosbag2_recorder
1781781756.57896;1781781756.5073385;./src/rosbag2_transport/recorder.cpp;record;20;353;Listening for topics...;rosbag2_recorder
1781781756.578965;1781781756.5073965;./src/rosbag2_transport/recorder.cpp;event_publisher_thread_main;20;371;Event publisher thread: Starting;rosbag2_recorder
1781781756.6661203;1781781748.2533479;/home/samuchair/ros2_ws/install/samuchair/lib/python3.12/site-packages/samuchair/opasistidaNode.py;update_tactil_der;20;90;Dato publicado tactil derecha: 1;opasistidaNode
1781781756.6661394;1781781748.254539;/home/samuchair/ros2_ws/install/samuchair/lib/python3.12/site-packages/samuchair/opasistidaNode.py;timer_callback;20;109;Dato publicado Navegación Táctil:6;opasistidaNode
1781781756.6661506;1781781749.703051;/home/samuchair/ros2_ws/install/samuchair/lib/python3.12/site-packages/samuchair/opasistidaNode.py;update_tactil_der;20;90;Dato publicado tactil derecha: 0;opasistidaNode
1781781756.666154;1781781749.7040308;/home/samuchair/ros2_ws/install/samuchair/lib/python3.12/site-packages/samuchair/opasistidaNode.py;timer_callback;20;109;Dato publicado Navegación Táctil:0;opasistidaNode
1781781756.6757088;1781781752.5139408;/home/samuchair/ros2_ws/install/samuchair/lib/python3.12/site-packages/samuchair/movilNode.py;timer_callback;20;276;Dato publicado Modo: Modo:1;Movil
1781781756.6757283;1781781752.5151358;/home/samuchair/ros2_ws/install/samuchair/lib/python3.12/site-packages/samuchair/movilNode.py;timer_callback;20;281;Dato publicado Modo Int: 1;Movil
1781781756.6757329;1781781755.5140903;/home/samuchair/ros2_ws/install/samuchair/lib/python3.12/site-packages/samuchair/movilNode.py;timer_callback;20;300;Dato publicado Fase Ejecucion: 20;Movil
1781781756.6904073;1781781747.6390855;/home/samuchair/ros2_ws/install/samuchair/lib/python3.12/site-packages/samuchair/secondarytaskNode.py;timer_lectura;20;250; Timeout (ms): 5000;ST
1781781756.690426;1781781751.3360252;/home/samuchair/ros2_ws/install/samuchair/lib/python3.12/site-packages/samuchair/secondarytaskNode.py;timer_callback;20;282;Publicado: "1";ST
1781781756.6904297;1781781751.336962;/home/samuchair/ros2_ws/install/samuchair/lib/python3.12/site-packages/samuchair/secondarytaskNode.py;start_random_timer;20;235;Dato publicado ST (ms): 5071;ST
1781781756.698919;1781781755.4381409;/home/samuchair/ros2_ws/install/samuchair/lib/python3.12/site-packages/samuchair/jBNode.py;jb_callback;20;40;Comando Joystick Bluetooth: 3;JoystickBluetooth
1781781756.6989322;1781781755.8343234;/home/samuchair/ros2_ws/install/samuchair/lib/python3.12/site-packages/samuchair/jBNode.py;jb_callback;20;40;Comando Joystick Bluetooth: 0;JoystickBluetooth
1781781756.717726;1781781756.7176948;./src/rosbag2_transport/recorder.cpp;subscribe_topic;20;569;Subscribed to topic '/Ejecucion';rosbag2_recorder
1781781756.7249482;1781781756.7249115;./src/rosbag2_transport/recorder.cpp;subscribe_topic;20;569;Subscribed to topic '/Movil_status';rosbag2_recorder
1781781756.728559;1781781756.7282057;./src/rosbag2_transport/recorder.cpp;subscribe_topic;20;569;Subscribed to topic '/modo_exp';rosbag2_recorder
1781781756.735735;1781781756.7356973;./src/rosbag2_transport/recorder.cpp;subscribe_topic;20;569;Subscribed to topic '/modo_exp_int';rosbag2_recorder
1781781756.738256;1781781756.7382317;./src/rosbag2_transport/recorder.cpp;subscribe_topic;20;569;Subscribed to topic '/name_movil_hash';rosbag2_recorder
1781781756.7424796;1781781756.7424324;./src/rosbag2_transport/recorder.cpp;subscribe_topic;20;569;Subscribed to topic '/tactil_izq';rosbag2_recorder
1781781756.7445524;1781781756.744526;./src/rosbag2_transport/recorder.cpp;subscribe_topic;20;569;Subscribed to topic '/tipo_exp';rosbag2_recorder
1781781756.7481287;1781781756.7480881;./src/rosbag2_transport/recorder.cpp;subscribe_topic;20;569;Subscribed to topic '/name_movil';rosbag2_recorder
1781781756.751403;1781781756.75136;./src/rosbag2_transport/recorder.cpp;subscribe_topic;20;569;Subscribed to topic '/op_manual_asistida';rosbag2_recorder
1781781756.7533252;1781781756.7532926;./src/rosbag2_transport/recorder.cpp;subscribe_topic;20;569;Subscribed to topic '/tactil_der';rosbag2_recorder
1781781756.7562485;1781781756.7562015;./src/rosbag2_transport/recorder.cpp;subscribe_topic;20;569;Subscribed to topic '/tipo_exp_int';rosbag2_recorder
1781781756.8173735;1781781752.5147853;/home/samuchair/ros2_ws/install/samuchair/lib/python3.12/site-packages/samuchair/mainNode.py;callback_subMovilModo;20;299;Comando Movil Modo: Modo:1;mainNode
1781781756.817401;1781781755.515982;/home/samuchair/ros2_ws/install/samuchair/lib/python3.12/site-packages/samuchair/mainNode.py;callback_subMovilEjecucion;20;324;Comando Movil Ejecucion: 20;mainNode
1781781756.8617065;1781781756.8616703;./src/rosbag2_transport/recorder.cpp;subscribe_topic;20;569;Subscribed to topic '/jBnode';rosbag2_recorder
1781781756.86484;1781781756.864806;./src/rosbag2_transport/recorder.cpp;subscribe_topic;20;569;Subscribed to topic '/frame';rosbag2_recorder
1781781756.8669124;1781781756.8668857;./src/rosbag2_transport/recorder.cpp;subscribe_topic;20;569;Subscribed to topic '/directorio_grabacion';rosbag2_recorder
1781781756.8709755;1781781756.8709176;./src/rosbag2_transport/recorder.cpp;subscribe_topic;20;569;Subscribed to topic '/Headphones_status';rosbag2_recorder
1781781756.873144;1781781756.8731117;./src/rosbag2_transport/recorder.cpp;subscribe_topic;20;569;Subscribed to topic '/Attended';rosbag2_recorder
1781781756.8770978;1781781756.877071;./src/rosbag2_transport/recorder.cpp;subscribe_topic;20;569;Subscribed to topic '/diff_time';rosbag2_recorder
1781781756.8772726;1781781756.8734958;/home/samuchair/ros2_ws/install/samuchair/lib/python3.12/site-packages/samuchair/secondarytaskNode.py;timer_callback;20;282;Publicado: "1";ST
1781781756.8772986;1781781756.874396;/home/samuchair/ros2_ws/install/samuchair/lib/python3.12/site-packages/samuchair/secondarytaskNode.py;start_random_timer;20;235;Dato publicado ST (ms): 12082;ST
1781781756.8802266;1781781756.8801863;./src/rosbag2_transport/recorder.cpp;subscribe_topic;20;569;Subscribed to topic '/arduino_status';rosbag2_recorder
1781781756.8841252;1781781756.8840818;./src/rosbag2_transport/recorder.cpp;subscribe_topic;20;569;Subscribed to topic '/control_grabacion';rosbag2_recorder
1781781756.8862727;1781781756.8862433;./src/rosbag2_transport/recorder.cpp;subscribe_topic;20;569;Subscribed to topic '/random_time';rosbag2_recorder
1781781756.889602;1781781756.8895626;./src/rosbag2_transport/recorder.cpp;subscribe_topic;20;569;Subscribed to topic '/webcam_status';rosbag2_recorder
1781781757.0998354;1781781757.0997975;./src/rosbag2_transport/recorder.cpp;subscribe_topic;20;569;Subscribed to topic '/parameter_events';rosbag2_recorder
1781781757.6140592;1781781757.6140199;./src/rosbag2_transport/recorder.cpp;subscribe_topic;20;569;Subscribed to topic '/left_wheel_steps';rosbag2_recorder
1781781757.6171722;1781781757.617132;./src/rosbag2_transport/recorder.cpp;subscribe_topic;20;569;Subscribed to topic '/esp32_status';rosbag2_recorder
1781781757.6201005;1781781757.6200597;./src/rosbag2_transport/recorder.cpp;subscribe_topic;20;569;Subscribed to topic '/pot_esp32';rosbag2_recorder
1781781757.6230145;1781781757.6229675;./src/rosbag2_transport/recorder.cpp;subscribe_topic;20;569;Subscribed to topic '/right_wheel_steps';rosbag2_recorder
1781781757.666675;1781781752.5145261;/home/samuchair/ros2_ws/install/samuchair/lib/python3.12/site-packages/samuchair/BagControlNode.py;nombre_callback;20;39;Nombre seleccionado: ./samuchair_bag/ALEJANDRO_1_1_2026_06_18-13_22_32;BagControlNode
1781781757.6666949;1781781755.5266802;/home/samuchair/ros2_ws/install/samuchair/lib/python3.12/site-packages/samuchair/BagControlNode.py;start_bag;20;58;Iniciando grabación: ./samuchair_bag/ALEJANDRO_1_1_2026_06_18-13_22_32;BagControlNode
1781781758.1783302;1781781758.1769655;/home/samuchair/ros2_ws/install/samuchair/lib/python3.12/site-packages/samuchair/jBNode.py;jb_callback;20;40;Comando Joystick Bluetooth: 3;JoystickBluetooth
1781781758.5582938;1781781758.5581353;/home/samuchair/ros2_ws/install/samuchair/lib/python3.12/site-packages/samuchair/jBNode.py;jb_callback;20;40;Comando Joystick Bluetooth: 10;JoystickBluetooth
1781781759.2785838;1781781759.2781827;/home/samuchair/ros2_ws/install/samuchair/lib/python3.12/site-packages/samuchair/jBNode.py;jb_callback;20;40;Comando Joystick Bluetooth: 3;JoystickBluetooth
1781781759.6384225;1781781759.638273;/home/samuchair/ros2_ws/install/samuchair/lib/python3.12/site-packages/samuchair/jBNode.py;jb_callback;20;40;Comando Joystick Bluetooth: 10;JoystickBluetooth
1781781761.318505;1781781761.3182585;/home/samuchair/ros2_ws/install/samuchair/lib/python3.12/site-packages/samuchair/jBNode.py;jb_callback;20;40;Comando Joystick Bluetooth: 9;JoystickBluetooth
1781781761.6391265;1781781761.6390212;/home/samuchair/ros2_ws/install/samuchair/lib/python3.12/site-packages/samuchair/secondarytaskNode.py;timer_lectura;20;250; Timeout (ms): 5000;ST
1781781762.4339097;1781781762.433262;/home/samuchair/ros2_ws/install/samuchair/lib/python3.12/site-packages/samuchair/jBNode.py;jb_callback;20;40;Comando Joystick Bluetooth: 10;JoystickBluetooth
1781781762.4958813;1781781762.4957647;/home/samuchair/ros2_ws/install/samuchair/lib/python3.12/site-packages/samuchair/jBNode.py;jb_callback;20;40;Comando Joystick Bluetooth: 3;JoystickBluetooth
1781781763.9342146;1781781763.9332743;/home/samuchair/ros2_ws/install/samuchair/lib/python3.12/site-packages/samuchair/jBNode.py;jb_callback;20;40;Comando Joystick Bluetooth: 10;JoystickBluetooth
1781781764.8004403;1781781764.7995794;/home/samuchair/ros2_ws/install/samuchair/lib/python3.12/site-packages/samuchair/jBNode.py;jb_callback;20;40;Comando Joystick Bluetooth: 3;JoystickBluetooth
1781781764.8340325;1781781764.8332467;/home/samuchair/ros2_ws/install/samuchair/lib/python3.12/site-packages/samuchair/jBNode.py;jb_callback;20;40;Comando Joystick Bluetooth: 10;JoystickBluetooth
1781781765.5182993;1781781765.5182202;/home/samuchair/ros2_ws/install/samuchair/lib/python3.12/site-packages/samuchair/jBNode.py;jb_callback;20;40;Comando Joystick Bluetooth: 3;JoystickBluetooth
1781781765.520692;1781781765.5204575;/home/samuchair/ros2_ws/install/samuchair/lib/python3.12/site-packages/samuchair/jBNode.py;jb_callback;20;40;Comando Joystick Bluetooth: 0;JoystickBluetooth
1781781766.6592813;1781781766.6583836;/home/samuchair/ros2_ws/install/samuchair/lib/python3.12/site-packages/samuchair/jBNode.py;jb_callback;20;40;Comando Joystick Bluetooth: 0;JoystickBluetooth
1781781766.6619253;1781781766.6608233;/home/samuchair/ros2_ws/install/samuchair/lib/python3.12/site-packages/samuchair/jBNode.py;jb_callback;20;40;Comando Joystick Bluetooth: 0;JoystickBluetooth
1781781766.662001;1781781766.6617796;/home/samuchair/ros2_ws/install/samuchair/lib/python3.12/site-packages/samuchair/jBNode.py;jb_callback;20;40;Comando Joystick Bluetooth: 0;JoystickBluetooth
1781781766.6949437;1781781766.6932986;/home/samuchair/ros2_ws/install/samuchair/lib/python3.12/site-packages/samuchair/jBNode.py;jb_callback;20;40;Comando Joystick Bluetooth: 0;JoystickBluetooth
1781781766.6951635;1781781766.695026;/home/samuchair/ros2_ws/install/samuchair/lib/python3.12/site-packages/samuchair/jBNode.py;jb_callback;20;40;Comando Joystick Bluetooth: 0;JoystickBluetooth
1781781766.754382;1781781766.753215;/home/samuchair/ros2_ws/install/samuchair/lib/python3.12/site-packages/samuchair/jBNode.py;jb_callback;20;40;Comando Joystick Bluetooth: 0;JoystickBluetooth
1781781766.7558923;1781781766.755098;/home/samuchair/ros2_ws/install/samuchair/lib/python3.12/site-packages/samuchair/jBNode.py;jb_callback;20;40;Comando Joystick Bluetooth: 0;JoystickBluetooth
1781781766.8135638;1781781766.813327;/home/samuchair/ros2_ws/install/samuchair/lib/python3.12/site-packages/samuchair/jBNode.py;jb_callback;20;40;Comando Joystick Bluetooth: 0;JoystickBluetooth
1781781766.8155043;1781781766.8153949;/home/samuchair/ros2_ws/install/samuchair/lib/python3.12/site-packages/samuchair/jBNode.py;jb_callback;20;40;Comando Joystick Bluetooth: 0;JoystickBluetooth
1781781766.816864;1781781766.8162916;/home/samuchair/ros2_ws/install/samuchair/lib/python3.12/site-packages/samuchair/jBNode.py;jb_callback;20;40;Comando Joystick Bluetooth: 0;JoystickBluetooth
1781781766.8194194;1781781766.8174021;/home/samuchair/ros2_ws/install/samuchair/lib/python3.12/site-packages/samuchair/jBNode.py;jb_callback;20;40;Comando Joystick Bluetooth: 0;JoystickBluetooth
1781781766.875551;1781781766.8745618;/home/samuchair/ros2_ws/install/samuchair/lib/python3.12/site-packages/samuchair/jBNode.py;jb_callback;20;40;Comando Joystick Bluetooth: 0;JoystickBluetooth
1781781766.8771534;1781781766.8767064;/home/samuchair/ros2_ws/install/samuchair/lib/python3.12/site-packages/samuchair/jBNode.py;jb_callback;20;40;Comando Joystick Bluetooth: 0;JoystickBluetooth
1781781766.8779953;1781781766.8778136;/home/samuchair/ros2_ws/install/samuchair/lib/python3.12/site-packages/samuchair/jBNode.py;jb_callback;20;40;Comando Joystick Bluetooth: 0;JoystickBluetooth
1781781766.8796802;1781781766.8790274;/home/samuchair/ros2_ws/install/samuchair/lib/python3.12/site-packages/samuchair/jBNode.py;jb_callback;20;40;Comando Joystick Bluetooth: 0;JoystickBluetooth
1781781766.8802075;1781781766.8800879;/home/samuchair/ros2_ws/install/samuchair/lib/python3.12/site-packages/samuchair/jBNode.py;jb_callback;20;40;Comando Joystick Bluetooth: 0;JoystickBluetooth
1781781766.8858793;1781781766.885749;/home/samuchair/ros2_ws/install/samuchair/lib/python3.12/site-packages/samuchair/jBNode.py;jb_callback;20;40;Comando Joystick Bluetooth: 0;JoystickBluetooth
1781781767.053445;1781781767.0533242;/home/samuchair/ros2_ws/install/samuchair/lib/python3.12/site-packages/samuchair/jBNode.py;jb_callback;20;40;Comando Joystick Bluetooth: 0;JoystickBluetooth
1781781767.0547917;1781781767.0543113;/home/samuchair/ros2_ws/install/samuchair/lib/python3.12/site-packages/samuchair/jBNode.py;jb_callback;20;40;Comando Joystick Bluetooth: 0;JoystickBluetooth
1781781767.0561888;1781781767.055959;/home/samuchair/ros2_ws/install/samuchair/lib/python3.12/site-packages/samuchair/jBNode.py;jb_callback;20;40;Comando Joystick Bluetooth: 0;JoystickBluetooth
1781781767.0574298;1781781767.0570974;/home/samuchair/ros2_ws/install/samuchair/lib/python3.12/site-packages/samuchair/jBNode.py;jb_callback;20;40;Comando Joystick Bluetooth: 0;JoystickBluetooth
1781781767.1141653;1781781767.1132987;/home/samuchair/ros2_ws/install/samuchair/lib/python3.12/site-packages/samuchair/jBNode.py;jb_callback;20;40;Comando Joystick Bluetooth: 0;JoystickBluetooth
1781781767.1145294;1781781767.1142082;/home/samuchair/ros2_ws/install/samuchair/lib/python3.12/site-packages/samuchair/jBNode.py;jb_callback;20;40;Comando Joystick Bluetooth: 0;JoystickBluetooth
1781781767.1162887;1781781767.116073;/home/samuchair/ros2_ws/install/samuchair/lib/python3.12/site-packages/samuchair/jBNode.py;jb_callback;20;40;Comando Joystick Bluetooth: 0;JoystickBluetooth
1781781767.1181128;1781781767.11794;/home/samuchair/ros2_ws/install/samuchair/lib/python3.12/site-packages/samuchair/jBNode.py;jb_callback;20;40;Comando Joystick Bluetooth: 0;JoystickBluetooth
1781781767.120282;1781781767.1197445;/home/samuchair/ros2_ws/install/samuchair/lib/python3.12/site-packages/samuchair/jBNode.py;jb_callback;20;40;Comando Joystick Bluetooth: 0;JoystickBluetooth
1781781767.1220217;1781781767.1213064;/home/samuchair/ros2_ws/install/samuchair/lib/python3.12/site-packages/samuchair/jBNode.py;jb_callback;20;40;Comando Joystick Bluetooth: 0;JoystickBluetooth
1781781767.1229777;1781781767.122856;/home/samuchair/ros2_ws/install/samuchair/lib/python3.12/site-packages/samuchair/jBNode.py;jb_callback;20;40;Comando Joystick Bluetooth: 0;JoystickBluetooth
1781781767.123861;1781781767.1237712;/home/samuchair/ros2_ws/install/samuchair/lib/python3.12/site-packages/samuchair/jBNode.py;jb_callback;20;40;Comando Joystick Bluetooth: 0;JoystickBluetooth
1781781767.1271646;1781781767.1256292;/home/samuchair/ros2_ws/install/samuchair/lib/python3.12/site-packages/samuchair/jBNode.py;jb_callback;20;40;Comando Joystick Bluetooth: 0;JoystickBluetooth
1781781767.1272743;1781781767.1265686;/home/samuchair/ros2_ws/install/samuchair/lib/python3.12/site-packages/samuchair/jBNode.py;jb_callback;20;40;Comando Joystick Bluetooth: 0;JoystickBluetooth
1781781767.1281276;1781781767.127989;/home/samuchair/ros2_ws/install/samuchair/lib/python3.12/site-packages/samuchair/jBNode.py;jb_callback;20;40;Comando Joystick Bluetooth: 0;JoystickBluetooth
1781781767.174631;1781781767.1732972;/home/samuchair/ros2_ws/install/samuchair/lib/python3.12/site-packages/samuchair/jBNode.py;jb_callback;20;40;Comando Joystick Bluetooth: 0;JoystickBluetooth
1781781767.1757772;1781781767.1754353;/home/samuchair/ros2_ws/install/samuchair/lib/python3.12/site-packages/samuchair/jBNode.py;jb_callback;20;40;Comando Joystick Bluetooth: 0;JoystickBluetooth
1781781767.1778371;1781781767.1765904;/home/samuchair/ros2_ws/install/samuchair/lib/python3.12/site-packages/samuchair/jBNode.py;jb_callback;20;40;Comando Joystick Bluetooth: 0;JoystickBluetooth
1781781767.1779273;1781781767.1775818;/home/samuchair/ros2_ws/install/samuchair/lib/python3.12/site-packages/samuchair/jBNode.py;jb_callback;20;40;Comando Joystick Bluetooth: 0;JoystickBluetooth
1781781767.1789558;1781781767.1786351;/home/samuchair/ros2_ws/install/samuchair/lib/python3.12/site-packages/samuchair/jBNode.py;jb_callback;20;40;Comando Joystick Bluetooth: 0;JoystickBluetooth
1781781767.180612;1781781767.180071;/home/samuchair/ros2_ws/install/samuchair/lib/python3.12/site-packages/samuchair/jBNode.py;jb_callback;20;40;Comando Joystick Bluetooth: 0;JoystickBluetooth
1781781767.181862;1781781767.1811507;/home/samuchair/ros2_ws/install/samuchair/lib/python3.12/site-packages/samuchair/jBNode.py;jb_callback;20;40;Comando Joystick Bluetooth: 0;JoystickBluetooth
1781781767.1832864;1781781767.183126;/home/samuchair/ros2_ws/install/samuchair/lib/python3.12/site-packages/samuchair/jBNode.py;jb_callback;20;40;Comando Joystick Bluetooth: 0;JoystickBluetooth
1781781767.1847956;1781781767.1846633;/home/samuchair/ros2_ws/install/samuchair/lib/python3.12/site-packages/samuchair/jBNode.py;jb_callback;20;40;Comando Joystick Bluetooth: 0;JoystickBluetooth
1781781767.185954;1781781767.1857932;/home/samuchair/ros2_ws/install/samuchair/lib/python3.12/site-packages/samuchair/jBNode.py;jb_callback;20;40;Comando Joystick Bluetooth: 0;JoystickBluetooth
1781781767.2335958;1781781767.2333183;/home/samuchair/ros2_ws/install/samuchair/lib/python3.12/site-packages/samuchair/jBNode.py;jb_callback;20;40;Comando Joystick Bluetooth: 0;JoystickBluetooth
1781781767.2347753;1781781767.2345335;/home/samuchair/ros2_ws/install/samuchair/lib/python3.12/site-packages/samuchair/jBNode.py;jb_callback;20;40;Comando Joystick Bluetooth: 0;JoystickBluetooth
1781781767.2363193;1781781767.236137;/home/samuchair/ros2_ws/install/samuchair/lib/python3.12/site-packages/samuchair/jBNode.py;jb_callback;20;40;Comando Joystick Bluetooth: 0;JoystickBluetooth
1781781767.2965288;1781781767.2958438;/home/samuchair/ros2_ws/install/samuchair/lib/python3.12/site-packages/samuchair/jBNode.py;jb_callback;20;40;Comando Joystick Bluetooth: 0;JoystickBluetooth
1781781769.421392;1781781769.4212701;/home/samuchair/ros2_ws/install/samuchair/lib/python3.12/site-packages/samuchair/secondarytaskNode.py;timer_callback;20;282;Publicado: "0";ST
1781781769.4223068;1781781769.4222145;/home/samuchair/ros2_ws/install/samuchair/lib/python3.12/site-packages/samuchair/secondarytaskNode.py;start_random_timer;20;235;Dato publicado ST (ms): 11551;ST
1781781769.9609115;1781781769.9597518;/home/samuchair/ros2_ws/install/samuchair/lib/python3.12/site-packages/samuchair/jBNode.py;jb_callback;20;40;Comando Joystick Bluetooth: 0;JoystickBluetooth
1781781769.9610093;1781781769.9608023;/home/samuchair/ros2_ws/install/samuchair/lib/python3.12/site-packages/samuchair/jBNode.py;jb_callback;20;40;Comando Joystick Bluetooth: 0;JoystickBluetooth
1781781769.994208;1781781769.993353;/home/samuchair/ros2_ws/install/samuchair/lib/python3.12/site-packages/samuchair/jBNode.py;jb_callback;20;40;Comando Joystick Bluetooth: 0;JoystickBluetooth
1781781769.995605;1781781769.995491;/home/samuchair/ros2_ws/install/samuchair/lib/python3.12/site-packages/samuchair/jBNode.py;jb_callback;20;40;Comando Joystick Bluetooth: 0;JoystickBluetooth
1781781769.9978206;1781781769.997686;/home/samuchair/ros2_ws/install/samuchair/lib/python3.12/site-packages/samuchair/jBNode.py;jb_callback;20;40;Comando Joystick Bluetooth: 0;JoystickBluetooth
1781781770.0794191;1781781770.0785131;/home/samuchair/ros2_ws/install/samuchair/lib/python3.12/site-packages/samuchair/jBNode.py;jb_callback;20;40;Comando Joystick Bluetooth: 0;JoystickBluetooth
1781781770.1134462;1781781770.113284;/home/samuchair/ros2_ws/install/samuchair/lib/python3.12/site-packages/samuchair/jBNode.py;jb_callback;20;40;Comando Joystick Bluetooth: 0;JoystickBluetooth
1781781770.1738565;1781781770.1736789;/home/samuchair/ros2_ws/install/samuchair/lib/python3.12/site-packages/samuchair/jBNode.py;jb_callback;20;40;Comando Joystick Bluetooth: 0;JoystickBluetooth
1781781770.1751006;1781781770.1746879;/home/samuchair/ros2_ws/install/samuchair/lib/python3.12/site-packages/samuchair/jBNode.py;jb_callback;20;40;Comando Joystick Bluetooth: 0;JoystickBluetooth
1781781770.1775558;1781781770.1770575;/home/samuchair/ros2_ws/install/samuchair/lib/python3.12/site-packages/samuchair/jBNode.py;jb_callback;20;40;Comando Joystick Bluetooth: 0;JoystickBluetooth
1781781770.1802034;1781781770.179977;/home/samuchair/ros2_ws/install/samuchair/lib/python3.12/site-packages/samuchair/jBNode.py;jb_callback;20;40;Comando Joystick Bluetooth: 0;JoystickBluetooth
1781781770.2941887;1781781770.2937336;/home/samuchair/ros2_ws/install/samuchair/lib/python3.12/site-packages/samuchair/jBNode.py;jb_callback;20;40;Comando Joystick Bluetooth: 0;JoystickBluetooth
1781781770.2960048;1781781770.295896;/home/samuchair/ros2_ws/install/samuchair/lib/python3.12/site-packages/samuchair/jBNode.py;jb_callback;20;40;Comando Joystick Bluetooth: 0;JoystickBluetooth
1781781770.3555174;1781781770.3546534;/home/samuchair/ros2_ws/install/samuchair/lib/python3.12/site-packages/samuchair/jBNode.py;jb_callback;20;40;Comando Joystick Bluetooth: 0;JoystickBluetooth
1781781770.3575852;1781781770.3568182;/home/samuchair/ros2_ws/install/samuchair/lib/python3.12/site-packages/samuchair/jBNode.py;jb_callback;20;40;Comando Joystick Bluetooth: 0;JoystickBluetooth
1781781770.3580227;1781781770.3577666;/home/samuchair/ros2_ws/install/samuchair/lib/python3.12/site-packages/samuchair/jBNode.py;jb_callback;20;40;Comando Joystick Bluetooth: 0;JoystickBluetooth
1781781770.3653576;1781781770.3645356;/home/samuchair/ros2_ws/install/samuchair/lib/python3.12/site-packages/samuchair/jBNode.py;jb_callback;20;40;Comando Joystick Bluetooth: 0;JoystickBluetooth
1781781770.4141827;1781781770.4133356;/home/samuchair/ros2_ws/install/samuchair/lib/python3.12/site-packages/samuchair/jBNode.py;jb_callback;20;40;Comando Joystick Bluetooth: 0;JoystickBluetooth
1781781770.415517;1781781770.4153934;/home/samuchair/ros2_ws/install/samuchair/lib/python3.12/site-packages/samuchair/jBNode.py;jb_callback;20;40;Comando Joystick Bluetooth: 0;JoystickBluetooth
1781781770.41738;1781781770.4165323;/home/samuchair/ros2_ws/install/samuchair/lib/python3.12/site-packages/samuchair/jBNode.py;jb_callback;20;40;Comando Joystick Bluetooth: 0;JoystickBluetooth
1781781770.7757125;1781781770.774647;/home/samuchair/ros2_ws/install/samuchair/lib/python3.12/site-packages/samuchair/jBNode.py;jb_callback;20;40;Comando Joystick Bluetooth: 0;JoystickBluetooth
1781781770.7773771;1781781770.7771869;/home/samuchair/ros2_ws/install/samuchair/lib/python3.12/site-packages/samuchair/jBNode.py;jb_callback;20;40;Comando Joystick Bluetooth: 0;JoystickBluetooth
1781781770.8343816;1781781770.8334248;/home/samuchair/ros2_ws/install/samuchair/lib/python3.12/site-packages/samuchair/jBNode.py;jb_callback;20;40;Comando Joystick Bluetooth: 0;JoystickBluetooth
1781781770.8355165;1781781770.8354013;/home/samuchair/ros2_ws/install/samuchair/lib/python3.12/site-packages/samuchair/jBNode.py;jb_callback;20;40;Comando Joystick Bluetooth: 0;JoystickBluetooth
1781781770.83677;1781781770.8366637;/home/samuchair/ros2_ws/install/samuchair/lib/python3.12/site-packages/samuchair/jBNode.py;jb_callback;20;40;Comando Joystick Bluetooth: 0;JoystickBluetooth
1781781770.8379242;1781781770.8376565;/home/samuchair/ros2_ws/install/samuchair/lib/python3.12/site-packages/samuchair/jBNode.py;jb_callback;20;40;Comando Joystick Bluetooth: 0;JoystickBluetooth
1781781770.8447187;1781781770.8446093;/home/samuchair/ros2_ws/install/samuchair/lib/python3.12/site-packages/samuchair/jBNode.py;jb_callback;20;40;Comando Joystick Bluetooth: 0;JoystickBluetooth
1781781770.8954294;1781781770.8945162;/home/samuchair/ros2_ws/install/samuchair/lib/python3.12/site-packages/samuchair/jBNode.py;jb_callback;20;40;Comando Joystick Bluetooth: 0;JoystickBluetooth
1781781770.8972867;1781781770.8965502;/home/samuchair/ros2_ws/install/samuchair/lib/python3.12/site-packages/samuchair/jBNode.py;jb_callback;20;40;Comando Joystick Bluetooth: 0;JoystickBluetooth
1781781771.099887;1781781771.0997515;/home/samuchair/ros2_ws/install/samuchair/lib/python3.12/site-packages/samuchair/jBNode.py;jb_callback;20;40;Comando Joystick Bluetooth: 0;JoystickBluetooth
1781781771.1343195;1781781771.1334417;/home/samuchair/ros2_ws/install/samuchair/lib/python3.12/site-packages/samuchair/jBNode.py;jb_callback;20;40;Comando Joystick Bluetooth: 0;JoystickBluetooth
1781781771.1354792;1781781771.1353872;/home/samuchair/ros2_ws/install/samuchair/lib/python3.12/site-packages/samuchair/jBNode.py;jb_callback;20;40;Comando Joystick Bluetooth: 0;JoystickBluetooth
1781781771.2562828;1781781771.254714;/home/samuchair/ros2_ws/install/samuchair/lib/python3.12/site-packages/samuchair/jBNode.py;jb_callback;20;40;Comando Joystick Bluetooth: 0;JoystickBluetooth
1781781771.2575054;1781781771.257394;/home/samuchair/ros2_ws/install/samuchair/lib/python3.12/site-packages/samuchair/jBNode.py;jb_callback;20;40;Comando Joystick Bluetooth: 0;JoystickBluetooth
1781781771.3166037;1781781771.3158526;/home/samuchair/ros2_ws/install/samuchair/lib/python3.12/site-packages/samuchair/jBNode.py;jb_callback;20;40;Comando Joystick Bluetooth: 0;JoystickBluetooth
1781781771.434325;1781781771.4334784;/home/samuchair/ros2_ws/install/samuchair/lib/python3.12/site-packages/samuchair/jBNode.py;jb_callback;20;40;Comando Joystick Bluetooth: 0;JoystickBluetooth
1781781771.435775;1781781771.4356534;/home/samuchair/ros2_ws/install/samuchair/lib/python3.12/site-packages/samuchair/jBNode.py;jb_callback;20;40;Comando Joystick Bluetooth: 0;JoystickBluetooth
1781781771.5544856;1781781771.5534453;/home/samuchair/ros2_ws/install/samuchair/lib/python3.12/site-packages/samuchair/jBNode.py;jb_callback;20;40;Comando Joystick Bluetooth: 0;JoystickBluetooth
1781781771.5557556;1781781771.555631;/home/samuchair/ros2_ws/install/samuchair/lib/python3.12/site-packages/samuchair/jBNode.py;jb_callback;20;40;Comando Joystick Bluetooth: 0;JoystickBluetooth
1781781772.336898;1781781772.3367178;/home/samuchair/ros2_ws/install/samuchair/lib/python3.12/site-packages/samuchair/jBNode.py;jb_callback;20;40;Comando Joystick Bluetooth: 0;JoystickBluetooth
1781781772.338039;1781781772.3379312;/home/samuchair/ros2_ws/install/samuchair/lib/python3.12/site-packages/samuchair/jBNode.py;jb_callback;20;40;Comando Joystick Bluetooth: 0;JoystickBluetooth
1781781772.34053;1781781772.3393872;/home/samuchair/ros2_ws/install/samuchair/lib/python3.12/site-packages/samuchair/jBNode.py;jb_callback;20;40;Comando Joystick Bluetooth: 0;JoystickBluetooth
1781781772.3420646;1781781772.3419461;/home/samuchair/ros2_ws/install/samuchair/lib/python3.12/site-packages/samuchair/jBNode.py;jb_callback;20;40;Comando Joystick Bluetooth: 0;JoystickBluetooth
1781781772.3449576;1781781772.3445132;/home/samuchair/ros2_ws/install/samuchair/lib/python3.12/site-packages/samuchair/jBNode.py;jb_callback;20;40;Comando Joystick Bluetooth: 0;JoystickBluetooth
1781781772.3936555;1781781772.393502;/home/samuchair/ros2_ws/install/samuchair/lib/python3.12/site-packages/samuchair/jBNode.py;jb_callback;20;40;Comando Joystick Bluetooth: 0;JoystickBluetooth
1781781772.3957396;1781781772.395618;/home/samuchair/ros2_ws/install/samuchair/lib/python3.12/site-packages/samuchair/jBNode.py;jb_callback;20;40;Comando Joystick Bluetooth: 0;JoystickBluetooth
1781781772.3973074;1781781772.3966436;/home/samuchair/ros2_ws/install/samuchair/lib/python3.12/site-packages/samuchair/jBNode.py;jb_callback;20;40;Comando Joystick Bluetooth: 0;JoystickBluetooth
1781781772.397803;1781781772.3977034;/home/samuchair/ros2_ws/install/samuchair/lib/python3.12/site-packages/samuchair/jBNode.py;jb_callback;20;40;Comando Joystick Bluetooth: 0;JoystickBluetooth
1781781772.398782;1781781772.398686;/home/samuchair/ros2_ws/install/samuchair/lib/python3.12/site-packages/samuchair/jBNode.py;jb_callback;20;40;Comando Joystick Bluetooth: 0;JoystickBluetooth
1781781772.4051616;1781781772.404519;/home/samuchair/ros2_ws/install/samuchair/lib/python3.12/site-packages/samuchair/jBNode.py;jb_callback;20;40;Comando Joystick Bluetooth: 0;JoystickBluetooth
1781781772.4581192;1781781772.4572296;/home/samuchair/ros2_ws/install/samuchair/lib/python3.12/site-packages/samuchair/jBNode.py;jb_callback;20;40;Comando Joystick Bluetooth: 0;JoystickBluetooth
1781781772.4592426;1781781772.4591336;/home/samuchair/ros2_ws/install/samuchair/lib/python3.12/site-packages/samuchair/jBNode.py;jb_callback;20;40;Comando Joystick Bluetooth: 0;JoystickBluetooth
1781781772.4646935;1781781772.464598;/home/samuchair/ros2_ws/install/samuchair/lib/python3.12/site-packages/samuchair/jBNode.py;jb_callback;20;40;Comando Joystick Bluetooth: 0;JoystickBluetooth
1781781772.5167649;1781781772.5159512;/home/samuchair/ros2_ws/install/samuchair/lib/python3.12/site-packages/samuchair/jBNode.py;jb_callback;20;40;Comando Joystick Bluetooth: 0;JoystickBluetooth
1781781772.5743403;1781781772.573454;/home/samuchair/ros2_ws/install/samuchair/lib/python3.12/site-packages/samuchair/jBNode.py;jb_callback;20;40;Comando Joystick Bluetooth: 0;JoystickBluetooth
1781781772.577585;1781781772.5755706;/home/samuchair/ros2_ws/install/samuchair/lib/python3.12/site-packages/samuchair/jBNode.py;jb_callback;20;40;Comando Joystick Bluetooth: 0;JoystickBluetooth
1781781772.5776105;1781781772.576583;/home/samuchair/ros2_ws/install/samuchair/lib/python3.12/site-packages/samuchair/jBNode.py;jb_callback;20;40;Comando Joystick Bluetooth: 0;JoystickBluetooth
1781781772.578538;1781781772.5783563;/home/samuchair/ros2_ws/install/samuchair/lib/python3.12/site-packages/samuchair/jBNode.py;jb_callback;20;40;Comando Joystick Bluetooth: 0;JoystickBluetooth
1781781772.634158;1781781772.63345;/home/samuchair/ros2_ws/install/samuchair/lib/python3.12/site-packages/samuchair/jBNode.py;jb_callback;20;40;Comando Joystick Bluetooth: 0;JoystickBluetooth
1781781773.116689;1781781773.115868;/home/samuchair/ros2_ws/install/samuchair/lib/python3.12/site-packages/samuchair/jBNode.py;jb_callback;20;40;Comando Joystick Bluetooth: 0;JoystickBluetooth
1781781773.2364466;1781781773.2347674;/home/samuchair/ros2_ws/install/samuchair/lib/python3.12/site-packages/samuchair/jBNode.py;jb_callback;20;40;Comando Joystick Bluetooth: 0;JoystickBluetooth
1781781773.236525;1781781773.2358124;/home/samuchair/ros2_ws/install/samuchair/lib/python3.12/site-packages/samuchair/jBNode.py;jb_callback;20;40;Comando Joystick Bluetooth: 0;JoystickBluetooth
1781781773.2976506;1781781773.2974417;/home/samuchair/ros2_ws/install/samuchair/lib/python3.12/site-packages/samuchair/jBNode.py;jb_callback;20;40;Comando Joystick Bluetooth: 0;JoystickBluetooth
1781781773.4144456;1781781773.4135098;/home/samuchair/ros2_ws/install/samuchair/lib/python3.12/site-packages/samuchair/jBNode.py;jb_callback;20;40;Comando Joystick Bluetooth: 0;JoystickBluetooth
1781781773.416148;1781781773.415506;/home/samuchair/ros2_ws/install/samuchair/lib/python3.12/site-packages/samuchair/jBNode.py;jb_callback;20;40;Comando Joystick Bluetooth: 0;JoystickBluetooth
1781781773.4169495;1781781773.4168224;/home/samuchair/ros2_ws/install/samuchair/lib/python3.12/site-packages/samuchair/jBNode.py;jb_callback;20;40;Comando Joystick Bluetooth: 0;JoystickBluetooth
1781781773.4179935;1781781773.4178398;/home/samuchair/ros2_ws/install/samuchair/lib/python3.12/site-packages/samuchair/jBNode.py;jb_callback;20;40;Comando Joystick Bluetooth: 0;JoystickBluetooth
1781781773.425257;1781781773.4245162;/home/samuchair/ros2_ws/install/samuchair/lib/python3.12/site-packages/samuchair/jBNode.py;jb_callback;20;40;Comando Joystick Bluetooth: 0;JoystickBluetooth
1781781773.4773061;1781781773.4761014;/home/samuchair/ros2_ws/install/samuchair/lib/python3.12/site-packages/samuchair/jBNode.py;jb_callback;20;40;Comando Joystick Bluetooth: 0;JoystickBluetooth
1781781773.4774055;1781781773.4771569;/home/samuchair/ros2_ws/install/samuchair/lib/python3.12/site-packages/samuchair/jBNode.py;jb_callback;20;40;Comando Joystick Bluetooth: 0;JoystickBluetooth
1781781773.4786034;1781781773.47842;/home/samuchair/ros2_ws/install/samuchair/lib/python3.12/site-packages/samuchair/jBNode.py;jb_callback;20;40;Comando Joystick Bluetooth: 0;JoystickBluetooth
1781781773.4810312;1781781773.480857;/home/samuchair/ros2_ws/install/samuchair/lib/python3.12/site-packages/samuchair/jBNode.py;jb_callback;20;40;Comando Joystick Bluetooth: 0;JoystickBluetooth
1781781773.4851947;1781781773.4845455;/home/samuchair/ros2_ws/install/samuchair/lib/python3.12/site-packages/samuchair/jBNode.py;jb_callback;20;40;Comando Joystick Bluetooth: 0;JoystickBluetooth
1781781773.5337272;1781781773.53338;/home/samuchair/ros2_ws/install/samuchair/lib/python3.12/site-packages/samuchair/jBNode.py;jb_callback;20;40;Comando Joystick Bluetooth: 0;JoystickBluetooth
1781781773.5350673;1781781773.5349662;/home/samuchair/ros2_ws/install/samuchair/lib/python3.12/site-packages/samuchair/jBNode.py;jb_callback;20;40;Comando Joystick Bluetooth: 0;JoystickBluetooth
1781781773.715951;1781781773.7146719;/home/samuchair/ros2_ws/install/samuchair/lib/python3.12/site-packages/samuchair/jBNode.py;jb_callback;20;40;Comando Joystick Bluetooth: 0;JoystickBluetooth
1781781773.7176402;1781781773.7175252;/home/samuchair/ros2_ws/install/samuchair/lib/python3.12/site-packages/samuchair/jBNode.py;jb_callback;20;40;Comando Joystick Bluetooth: 0;JoystickBluetooth
1781781774.0410216;1781781774.0409105;/home/samuchair/ros2_ws/install/samuchair/lib/python3.12/site-packages/samuchair/jBNode.py;jb_callback;20;40;Comando Joystick Bluetooth: 0;JoystickBluetooth
1781781774.074322;1781781774.0735013;/home/samuchair/ros2_ws/install/samuchair/lib/python3.12/site-packages/samuchair/jBNode.py;jb_callback;20;40;Comando Joystick Bluetooth: 0;JoystickBluetooth
1781781774.0765018;1781781774.0756505;/home/samuchair/ros2_ws/install/samuchair/lib/python3.12/site-packages/samuchair/jBNode.py;jb_callback;20;40;Comando Joystick Bluetooth: 0;JoystickBluetooth
1781781774.1355157;1781781774.1346257;/home/samuchair/ros2_ws/install/samuchair/lib/python3.12/site-packages/samuchair/jBNode.py;jb_callback;20;40;Comando Joystick Bluetooth: 0;JoystickBluetooth
1781781774.1384518;1781781774.1368537;/home/samuchair/ros2_ws/install/samuchair/lib/python3.12/site-packages/samuchair/jBNode.py;jb_callback;20;40;Comando Joystick Bluetooth: 0;JoystickBluetooth
1781781774.138518;1781781774.137815;/home/samuchair/ros2_ws/install/samuchair/lib/python3.12/site-packages/samuchair/jBNode.py;jb_callback;20;40;Comando Joystick Bluetooth: 0;JoystickBluetooth
1781781774.6156702;1781781774.614677;/home/samuchair/ros2_ws/install/samuchair/lib/python3.12/site-packages/samuchair/jBNode.py;jb_callback;20;40;Comando Joystick Bluetooth: 0;JoystickBluetooth
1781781774.640424;1781781774.6391847;/home/samuchair/ros2_ws/install/samuchair/lib/python3.12/site-packages/samuchair/secondarytaskNode.py;timer_lectura;20;250; Timeout (ms): 5000;ST
1781781774.7008595;1781781774.6998293;/home/samuchair/ros2_ws/install/samuchair/lib/python3.12/site-packages/samuchair/jBNode.py;jb_callback;20;40;Comando Joystick Bluetooth: 0;JoystickBluetooth
1781781774.7344346;1781781774.7334623;/home/samuchair/ros2_ws/install/samuchair/lib/python3.12/site-packages/samuchair/jBNode.py;jb_callback;20;40;Comando Joystick Bluetooth: 0;JoystickBluetooth
1781781774.7944765;1781781774.79351;/home/samuchair/ros2_ws/install/samuchair/lib/python3.12/site-packages/samuchair/jBNode.py;jb_callback;20;40;Comando Joystick Bluetooth: 0;JoystickBluetooth
1781781774.7945762;1781781774.7944756;/home/samuchair/ros2_ws/install/samuchair/lib/python3.12/site-packages/samuchair/jBNode.py;jb_callback;20;40;Comando Joystick Bluetooth: 0;JoystickBluetooth
1781781774.7963595;1781781774.7961807;/home/samuchair/ros2_ws/install/samuchair/lib/python3.12/site-packages/samuchair/jBNode.py;jb_callback;20;40;Comando Joystick Bluetooth: 0;JoystickBluetooth
1781781774.797751;1781781774.797563;/home/samuchair/ros2_ws/install/samuchair/lib/python3.12/site-packages/samuchair/jBNode.py;jb_callback;20;40;Comando Joystick Bluetooth: 0;JoystickBluetooth
1781781774.7997782;1781781774.7992237;/home/samuchair/ros2_ws/install/samuchair/lib/python3.12/site-packages/samuchair/jBNode.py;jb_callback;20;40;Comando Joystick Bluetooth: 0;JoystickBluetooth
1781781774.8011336;1781781774.80079;/home/samuchair/ros2_ws/install/samuchair/lib/python3.12/site-packages/samuchair/jBNode.py;jb_callback;20;40;Comando Joystick Bluetooth: 0;JoystickBluetooth
1781781774.8037264;1781781774.8032055;/home/samuchair/ros2_ws/install/samuchair/lib/python3.12/site-packages/samuchair/jBNode.py;jb_callback;20;40;Comando Joystick Bluetooth: 0;JoystickBluetooth
1781781774.854965;1781781774.8536005;/home/samuchair/ros2_ws/install/samuchair/lib/python3.12/site-packages/samuchair/jBNode.py;jb_callback;20;40;Comando Joystick Bluetooth: 0;JoystickBluetooth
1781781774.8550546;1781781774.8546064;/home/samuchair/ros2_ws/install/samuchair/lib/python3.12/site-packages/samuchair/jBNode.py;jb_callback;20;40;Comando Joystick Bluetooth: 0;JoystickBluetooth
1781781774.8563998;1781781774.8559926;/home/samuchair/ros2_ws/install/samuchair/lib/python3.12/site-packages/samuchair/jBNode.py;jb_callback;20;40;Comando Joystick Bluetooth: 0;JoystickBluetooth
1781781774.8575406;1781781774.8574097;/home/samuchair/ros2_ws/install/samuchair/lib/python3.12/site-packages/samuchair/jBNode.py;jb_callback;20;40;Comando Joystick Bluetooth: 0;JoystickBluetooth
1781781774.8584874;1781781774.8583472;/home/samuchair/ros2_ws/install/samuchair/lib/python3.12/site-packages/samuchair/jBNode.py;jb_callback;20;40;Comando Joystick Bluetooth: 0;JoystickBluetooth
1781781774.8597405;1781781774.8596144;/home/samuchair/ros2_ws/install/samuchair/lib/python3.12/site-packages/samuchair/jBNode.py;jb_callback;20;40;Comando Joystick Bluetooth: 0;JoystickBluetooth
1781781774.8607278;1781781774.8605847;/home/samuchair/ros2_ws/install/samuchair/lib/python3.12/site-packages/samuchair/jBNode.py;jb_callback;20;40;Comando Joystick Bluetooth: 0;JoystickBluetooth
1781781774.8648434;1781781774.8647196;/home/samuchair/ros2_ws/install/samuchair/lib/python3.12/site-packages/samuchair/jBNode.py;jb_callback;20;40;Comando Joystick Bluetooth: 0;JoystickBluetooth
1781781774.866037;1781781774.865896;/home/samuchair/ros2_ws/install/samuchair/lib/python3.12/site-packages/samuchair/jBNode.py;jb_callback;20;40;Comando Joystick Bluetooth: 0;JoystickBluetooth
1781781774.9136274;1781781774.9134939;/home/samuchair/ros2_ws/install/samuchair/lib/python3.12/site-packages/samuchair/jBNode.py;jb_callback;20;40;Comando Joystick Bluetooth: 0;JoystickBluetooth
1781781774.9148402;1781781774.9147222;/home/samuchair/ros2_ws/install/samuchair/lib/python3.12/site-packages/samuchair/jBNode.py;jb_callback;20;40;Comando Joystick Bluetooth: 0;JoystickBluetooth
1781781775.0349908;1781781775.0348628;/home/samuchair/ros2_ws/install/samuchair/lib/python3.12/site-packages/samuchair/jBNode.py;jb_callback;20;40;Comando Joystick Bluetooth: 0;JoystickBluetooth
1781781775.0362492;1781781775.0360866;/home/samuchair/ros2_ws/install/samuchair/lib/python3.12/site-packages/samuchair/jBNode.py;jb_callback;20;40;Comando Joystick Bluetooth: 0;JoystickBluetooth
1781781775.0379455;1781781775.037811;/home/samuchair/ros2_ws/install/samuchair/lib/python3.12/site-packages/samuchair/jBNode.py;jb_callback;20;40;Comando Joystick Bluetooth: 0;JoystickBluetooth
1781781775.0461764;1781781775.0446205;/home/samuchair/ros2_ws/install/samuchair/lib/python3.12/site-packages/samuchair/jBNode.py;jb_callback;20;40;Comando Joystick Bluetooth: 0;JoystickBluetooth
1781781775.0937138;1781781775.0935822;/home/samuchair/ros2_ws/install/samuchair/lib/python3.12/site-packages/samuchair/jBNode.py;jb_callback;20;40;Comando Joystick Bluetooth: 0;JoystickBluetooth
1781781775.0948682;1781781775.0946786;/home/samuchair/ros2_ws/install/samuchair/lib/python3.12/site-packages/samuchair/jBNode.py;jb_callback;20;40;Comando Joystick Bluetooth: 0;JoystickBluetooth
1781781775.0960085;1781781775.0958946;/home/samuchair/ros2_ws/install/samuchair/lib/python3.12/site-packages/samuchair/jBNode.py;jb_callback;20;40;Comando Joystick Bluetooth: 0;JoystickBluetooth
1781781775.1787856;1781781775.1786263;/home/samuchair/ros2_ws/install/samuchair/lib/python3.12/site-packages/samuchair/jBNode.py;jb_callback;20;40;Comando Joystick Bluetooth: 0;JoystickBluetooth
1781781775.1803923;1781781775.180253;/home/samuchair/ros2_ws/install/samuchair/lib/python3.12/site-packages/samuchair/jBNode.py;jb_callback;20;40;Comando Joystick Bluetooth: 0;JoystickBluetooth
1781781775.213566;1781781775.21345;/home/samuchair/ros2_ws/install/samuchair/lib/python3.12/site-packages/samuchair/jBNode.py;jb_callback;20;40;Comando Joystick Bluetooth: 0;JoystickBluetooth
1781781775.216434;1781781775.2149978;/home/samuchair/ros2_ws/install/samuchair/lib/python3.12/site-packages/samuchair/jBNode.py;jb_callback;20;40;Comando Joystick Bluetooth: 0;JoystickBluetooth
1781781775.2165217;1781781775.2159793;/home/samuchair/ros2_ws/install/samuchair/lib/python3.12/site-packages/samuchair/jBNode.py;jb_callback;20;40;Comando Joystick Bluetooth: 0;JoystickBluetooth
1781781775.2182298;1781781775.2181287;/home/samuchair/ros2_ws/install/samuchair/lib/python3.12/site-packages/samuchair/jBNode.py;jb_callback;20;40;Comando Joystick Bluetooth: 0;JoystickBluetooth
1781781775.3026989;1781781775.298818;/home/samuchair/ros2_ws/install/samuchair/lib/python3.12/site-packages/samuchair/jBNode.py;jb_callback;20;40;Comando Joystick Bluetooth: 0;JoystickBluetooth
1781781775.3335254;1781781775.3334012;/home/samuchair/ros2_ws/install/samuchair/lib/python3.12/site-packages/samuchair/jBNode.py;jb_callback;20;40;Comando Joystick Bluetooth: 0;JoystickBluetooth
1781781775.3350651;1781781775.3347158;/home/samuchair/ros2_ws/install/samuchair/lib/python3.12/site-packages/samuchair/jBNode.py;jb_callback;20;40;Comando Joystick Bluetooth: 0;JoystickBluetooth
1781781775.3368158;1781781775.3366995;/home/samuchair/ros2_ws/install/samuchair/lib/python3.12/site-packages/samuchair/jBNode.py;jb_callback;20;40;Comando Joystick Bluetooth: 0;JoystickBluetooth
1781781775.395157;1781781775.3948767;/home/samuchair/ros2_ws/install/samuchair/lib/python3.12/site-packages/samuchair/jBNode.py;jb_callback;20;40;Comando Joystick Bluetooth: 0;JoystickBluetooth
1781781775.3964686;1781781775.396116;/home/samuchair/ros2_ws/install/samuchair/lib/python3.12/site-packages/samuchair/jBNode.py;jb_callback;20;40;Comando Joystick Bluetooth: 0;JoystickBluetooth
1781781775.3978913;1781781775.3977528;/home/samuchair/ros2_ws/install/samuchair/lib/python3.12/site-packages/samuchair/jBNode.py;jb_callback;20;40;Comando Joystick Bluetooth: 0;JoystickBluetooth
1781781775.3995194;1781781775.399349;/home/samuchair/ros2_ws/install/samuchair/lib/python3.12/site-packages/samuchair/jBNode.py;jb_callback;20;40;Comando Joystick Bluetooth: 0;JoystickBluetooth
1781781775.4009986;1781781775.4008484;/home/samuchair/ros2_ws/install/samuchair/lib/python3.12/site-packages/samuchair/jBNode.py;jb_callback;20;40;Comando Joystick Bluetooth: 0;JoystickBluetooth
1781781775.403833;1781781775.4030545;/home/samuchair/ros2_ws/install/samuchair/lib/python3.12/site-packages/samuchair/jBNode.py;jb_callback;20;40;Comando Joystick Bluetooth: 0;JoystickBluetooth
1781781775.4051108;1781781775.4049761;/home/samuchair/ros2_ws/install/samuchair/lib/python3.12/site-packages/samuchair/jBNode.py;jb_callback;20;40;Comando Joystick Bluetooth: 0;JoystickBluetooth
1781781775.4563994;1781781775.4554863;/home/samuchair/ros2_ws/install/samuchair/lib/python3.12/site-packages/samuchair/jBNode.py;jb_callback;20;40;Comando Joystick Bluetooth: 0;JoystickBluetooth
1781781775.4565055;1781781775.4563496;/home/samuchair/ros2_ws/install/samuchair/lib/python3.12/site-packages/samuchair/jBNode.py;jb_callback;20;40;Comando Joystick Bluetooth: 0;JoystickBluetooth
1781781775.4616146;1781781775.4614685;/home/samuchair/ros2_ws/install/samuchair/lib/python3.12/site-packages/samuchair/jBNode.py;jb_callback;20;40;Comando Joystick Bluetooth: 0;JoystickBluetooth
1781781775.4637775;1781781775.4624267;/home/samuchair/ros2_ws/install/samuchair/lib/python3.12/site-packages/samuchair/jBNode.py;jb_callback;20;40;Comando Joystick Bluetooth: 0;JoystickBluetooth
1781781775.4638565;1781781775.4632957;/home/samuchair/ros2_ws/install/samuchair/lib/python3.12/site-packages/samuchair/jBNode.py;jb_callback;20;40;Comando Joystick Bluetooth: 0;JoystickBluetooth
1781781775.4728277;1781781775.472654;/home/samuchair/ros2_ws/install/samuchair/lib/python3.12/site-packages/samuchair/jBNode.py;jb_callback;20;40;Comando Joystick Bluetooth: 0;JoystickBluetooth
1781781775.5140934;1781781775.5135827;/home/samuchair/ros2_ws/install/samuchair/lib/python3.12/site-packages/samuchair/jBNode.py;jb_callback;20;40;Comando Joystick Bluetooth: 0;JoystickBluetooth
1781781775.9360695;1781781775.934805;/home/samuchair/ros2_ws/install/samuchair/lib/python3.12/site-packages/samuchair/jBNode.py;jb_callback;20;40;Comando Joystick Bluetooth: 0;JoystickBluetooth
1781781775.9361691;1781781775.935834;/home/samuchair/ros2_ws/install/samuchair/lib/python3.12/site-packages/samuchair/jBNode.py;jb_callback;20;40;Comando Joystick Bluetooth: 0;JoystickBluetooth
1781781775.9947312;1781781775.9934793;/home/samuchair/ros2_ws/install/samuchair/lib/python3.12/site-packages/samuchair/jBNode.py;jb_callback;20;40;Comando Joystick Bluetooth: 0;JoystickBluetooth
1781781775.9984334;1781781775.9972441;/home/samuchair/ros2_ws/install/samuchair/lib/python3.12/site-packages/samuchair/jBNode.py;jb_callback;20;40;Comando Joystick Bluetooth: 0;JoystickBluetooth
1781781775.9997735;1781781775.9996612;/home/samuchair/ros2_ws/install/samuchair/lib/python3.12/site-packages/samuchair/jBNode.py;jb_callback;20;40;Comando Joystick Bluetooth: 0;JoystickBluetooth
1781781776.000833;1781781776.0007234;/home/samuchair/ros2_ws/install/samuchair/lib/python3.12/site-packages/samuchair/jBNode.py;jb_callback;20;40;Comando Joystick Bluetooth: 0;JoystickBluetooth
1781781776.0019605;1781781776.001827;/home/samuchair/ros2_ws/install/samuchair/lib/python3.12/site-packages/samuchair/jBNode.py;jb_callback;20;40;Comando Joystick Bluetooth: 0;JoystickBluetooth
1781781776.0537617;1781781776.0536327;/home/samuchair/ros2_ws/install/samuchair/lib/python3.12/site-packages/samuchair/jBNode.py;jb_callback;20;40;Comando Joystick Bluetooth: 0;JoystickBluetooth
1781781776.0584953;1781781776.057321;/home/samuchair/ros2_ws/install/samuchair/lib/python3.12/site-packages/samuchair/jBNode.py;jb_callback;20;40;Comando Joystick Bluetooth: 0;JoystickBluetooth
1781781776.0597498;1781781776.0596375;/home/samuchair/ros2_ws/install/samuchair/lib/python3.12/site-packages/samuchair/jBNode.py;jb_callback;20;40;Comando Joystick Bluetooth: 0;JoystickBluetooth
1781781776.060602;1781781776.0605276;/home/samuchair/ros2_ws/install/samuchair/lib/python3.12/site-packages/samuchair/jBNode.py;jb_callback;20;40;Comando Joystick Bluetooth: 0;JoystickBluetooth
1781781776.061765;1781781776.061311;/home/samuchair/ros2_ws/install/samuchair/lib/python3.12/site-packages/samuchair/jBNode.py;jb_callback;20;40;Comando Joystick Bluetooth: 0;JoystickBluetooth
1781781776.076085;1781781776.0759587;/home/samuchair/ros2_ws/install/samuchair/lib/python3.12/site-packages/samuchair/jBNode.py;jb_callback;20;40;Comando Joystick Bluetooth: 0;JoystickBluetooth
1781781776.078958;1781781776.0782745;/home/samuchair/ros2_ws/install/samuchair/lib/python3.12/site-packages/samuchair/jBNode.py;jb_callback;20;40;Comando Joystick Bluetooth: 0;JoystickBluetooth
1781781778.1553073;1781781778.1535845;/home/samuchair/ros2_ws/install/samuchair/lib/python3.12/site-packages/samuchair/jBNode.py;jb_callback;20;40;Comando Joystick Bluetooth: 9;JoystickBluetooth
1781781779.5966315;1781781779.594909;/home/samuchair/ros2_ws/install/samuchair/lib/python3.12/site-packages/samuchair/jBNode.py;jb_callback;20;40;Comando Joystick Bluetooth: 0;JoystickBluetooth
1781781779.7994962;1781781779.7987347;/home/samuchair/ros2_ws/install/samuchair/lib/python3.12/site-packages/samuchair/jBNode.py;jb_callback;20;40;Comando Joystick Bluetooth: 3;JoystickBluetooth
1781781781.1545312;1781781781.1536233;/home/samuchair/ros2_ws/install/samuchair/lib/python3.12/site-packages/samuchair/jBNode.py;jb_callback;20;40;Comando Joystick Bluetooth: 10;JoystickBluetooth
1781781781.4378648;1781781781.4377468;/home/samuchair/ros2_ws/install/samuchair/lib/python3.12/site-packages/samuchair/secondarytaskNode.py;timer_callback;20;282;Publicado: "0";ST
1781781781.4389048;1781781781.4388041;/home/samuchair/ros2_ws/install/samuchair/lib/python3.12/site-packages/samuchair/secondarytaskNode.py;start_random_timer;20;235;Dato publicado ST (ms): 14111;ST
1781781781.754534;1781781781.7536619;/home/samuchair/ros2_ws/install/samuchair/lib/python3.12/site-packages/samuchair/jBNode.py;jb_callback;20;40;Comando Joystick Bluetooth: 9;JoystickBluetooth
1781781781.873828;1781781781.8736553;/home/samuchair/ros2_ws/install/samuchair/lib/python3.12/site-packages/samuchair/jBNode.py;jb_callback;20;40;Comando Joystick Bluetooth: 10;JoystickBluetooth
1781781782.0485117;1781781782.0474105;/home/samuchair/ros2_ws/install/samuchair/lib/python3.12/site-packages/samuchair/jBNode.py;jb_callback;20;40;Comando Joystick Bluetooth: 3;JoystickBluetooth
1781781782.1550624;1781781782.1548827;/home/samuchair/ros2_ws/install/samuchair/lib/python3.12/site-packages/samuchair/jBNode.py;jb_callback;20;40;Comando Joystick Bluetooth: 10;JoystickBluetooth
1781781782.6195686;1781781782.6187348;/home/samuchair/ros2_ws/install/samuchair/lib/python3.12/site-packages/samuchair/jBNode.py;jb_callback;20;40;Comando Joystick Bluetooth: 3;JoystickBluetooth
1781781783.1588223;1781781783.158714;/home/samuchair/ros2_ws/install/samuchair/lib/python3.12/site-packages/samuchair/jBNode.py;jb_callback;20;40;Comando Joystick Bluetooth: 10;JoystickBluetooth
1781781783.3394642;1781781783.339061;/home/samuchair/ros2_ws/install/samuchair/lib/python3.12/site-packages/samuchair/jBNode.py;jb_callback;20;40;Comando Joystick Bluetooth: 3;JoystickBluetooth
1781781783.915049;1781781783.91492;/home/samuchair/ros2_ws/install/samuchair/lib/python3.12/site-packages/samuchair/jBNode.py;jb_callback;20;40;Comando Joystick Bluetooth: 10;JoystickBluetooth
1781781783.9989207;1781781783.9987786;/home/samuchair/ros2_ws/install/samuchair/lib/python3.12/site-packages/samuchair/jBNode.py;jb_callback;20;40;Comando Joystick Bluetooth: 3;JoystickBluetooth
1781781784.4814348;1781781784.480017;/home/samuchair/ros2_ws/install/samuchair/lib/python3.12/site-packages/samuchair/jBNode.py;jb_callback;20;40;Comando Joystick Bluetooth: 10;JoystickBluetooth
1781781784.6937828;1781781784.6936665;/home/samuchair/ros2_ws/install/samuchair/lib/python3.12/site-packages/samuchair/jBNode.py;jb_callback;20;40;Comando Joystick Bluetooth: 3;JoystickBluetooth
1781781785.9212568;1781781785.9211195;/home/samuchair/ros2_ws/install/samuchair/lib/python3.12/site-packages/samuchair/jBNode.py;jb_callback;20;40;Comando Joystick Bluetooth: 10;JoystickBluetooth
1781781785.9554386;1781781785.955007;/home/samuchair/ros2_ws/install/samuchair/lib/python3.12/site-packages/samuchair/jBNode.py;jb_callback;20;40;Comando Joystick Bluetooth: 3;JoystickBluetooth
1781781786.6391003;1781781786.638981;/home/samuchair/ros2_ws/install/samuchair/lib/python3.12/site-packages/samuchair/secondarytaskNode.py;timer_lectura;20;250; Timeout (ms): 5000;ST
1781781787.3589053;1781781787.358772;/home/samuchair/ros2_ws/install/samuchair/lib/python3.12/site-packages/samuchair/jBNode.py;jb_callback;20;40;Comando Joystick Bluetooth: 10;JoystickBluetooth
1781781787.4547071;1781781787.453767;/home/samuchair/ros2_ws/install/samuchair/lib/python3.12/site-packages/samuchair/jBNode.py;jb_callback;20;40;Comando Joystick Bluetooth: 3;JoystickBluetooth
1781781787.5759943;1781781787.5750663;/home/samuchair/ros2_ws/install/samuchair/lib/python3.12/site-packages/samuchair/jBNode.py;jb_callback;20;40;Comando Joystick Bluetooth: 10;JoystickBluetooth
1781781787.816011;1781781787.8149552;/home/samuchair/ros2_ws/install/samuchair/lib/python3.12/site-packages/samuchair/jBNode.py;jb_callback;20;40;Comando Joystick Bluetooth: 10;JoystickBluetooth
1781781787.8180337;1781781787.8172336;/home/samuchair/ros2_ws/install/samuchair/lib/python3.12/site-packages/samuchair/jBNode.py;jb_callback;20;40;Comando Joystick Bluetooth: 10;JoystickBluetooth
1781781788.8346488;1781781788.833798;/home/samuchair/ros2_ws/install/samuchair/lib/python3.12/site-packages/samuchair/jBNode.py;jb_callback;20;40;Comando Joystick Bluetooth: 3;JoystickBluetooth
1781781788.8937914;1781781788.8936818;/home/samuchair/ros2_ws/install/samuchair/lib/python3.12/site-packages/samuchair/jBNode.py;jb_callback;20;40;Comando Joystick Bluetooth: 10;JoystickBluetooth
1781781789.3751233;1781781789.3750198;/home/samuchair/ros2_ws/install/samuchair/lib/python3.12/site-packages/samuchair/jBNode.py;jb_callback;20;40;Comando Joystick Bluetooth: 3;JoystickBluetooth
1781781790.7794359;1781781790.7789197;/home/samuchair/ros2_ws/install/samuchair/lib/python3.12/site-packages/samuchair/jBNode.py;jb_callback;20;40;Comando Joystick Bluetooth: 10;JoystickBluetooth
1781781791.3205996;1781781791.320161;/home/samuchair/ros2_ws/install/samuchair/lib/python3.12/site-packages/samuchair/jBNode.py;jb_callback;20;40;Comando Joystick Bluetooth: 9;JoystickBluetooth
1781781791.4140046;1781781791.4138005;/home/samuchair/ros2_ws/install/samuchair/lib/python3.12/site-packages/samuchair/jBNode.py;jb_callback;20;40;Comando Joystick Bluetooth: 0;JoystickBluetooth
1781781791.8340702;1781781791.8338337;/home/samuchair/ros2_ws/install/samuchair/lib/python3.12/site-packages/samuchair/jBNode.py;jb_callback;20;40;Comando Joystick Bluetooth: 3;JoystickBluetooth
1781781793.095578;1781781793.0950446;/home/samuchair/ros2_ws/install/samuchair/lib/python3.12/site-packages/samuchair/jBNode.py;jb_callback;20;40;Comando Joystick Bluetooth: 10;JoystickBluetooth
1781781793.4797087;1781781793.478891;/home/samuchair/ros2_ws/install/samuchair/lib/python3.12/site-packages/samuchair/jBNode.py;jb_callback;20;40;Comando Joystick Bluetooth: 9;JoystickBluetooth
1781781793.93414;1781781793.9339402;/home/samuchair/ros2_ws/install/samuchair/lib/python3.12/site-packages/samuchair/jBNode.py;jb_callback;20;40;Comando Joystick Bluetooth: 10;JoystickBluetooth
1781781794.2949402;1781781794.2939243;/home/samuchair/ros2_ws/install/samuchair/lib/python3.12/site-packages/samuchair/jBNode.py;jb_callback;20;40;Comando Joystick Bluetooth: 3;JoystickBluetooth
1781781794.4392903;1781781794.4389868;/home/samuchair/ros2_ws/install/samuchair/lib/python3.12/site-packages/samuchair/jBNode.py;jb_callback;20;40;Comando Joystick Bluetooth: 12;JoystickBluetooth
1781781794.594069;1781781794.5939522;/home/samuchair/ros2_ws/install/samuchair/lib/python3.12/site-packages/samuchair/jBNode.py;jb_callback;20;40;Comando Joystick Bluetooth: 3;JoystickBluetooth
1781781794.7140288;1781781794.7138224;/home/samuchair/ros2_ws/install/samuchair/lib/python3.12/site-packages/samuchair/jBNode.py;jb_callback;20;40;Comando Joystick Bluetooth: 12;JoystickBluetooth
1781781795.1342316;1781781795.133916;/home/samuchair/ros2_ws/install/samuchair/lib/python3.12/site-packages/samuchair/jBNode.py;jb_callback;20;40;Comando Joystick Bluetooth: 3;JoystickBluetooth
1781781795.49518;1781781795.4942338;/home/samuchair/ros2_ws/install/samuchair/lib/python3.12/site-packages/samuchair/jBNode.py;jb_callback;20;40;Comando Joystick Bluetooth: 3;JoystickBluetooth
1781781795.496971;1781781795.4967387;/home/samuchair/ros2_ws/install/samuchair/lib/python3.12/site-packages/samuchair/jBNode.py;jb_callback;20;40;Comando Joystick Bluetooth: 3;JoystickBluetooth
1781781795.9754536;1781781795.9751868;/home/samuchair/ros2_ws/install/samuchair/lib/python3.12/site-packages/samuchair/jBNode.py;jb_callback;20;40;Comando Joystick Bluetooth: 10;JoystickBluetooth
1781781796.0201323;1781781796.0200264;/home/samuchair/ros2_ws/install/samuchair/lib/python3.12/site-packages/samuchair/secondarytaskNode.py;timer_callback;20;282;Publicado: "1";ST
1781781796.0212536;1781781796.0211465;/home/samuchair/ros2_ws/install/samuchair/lib/python3.12/site-packages/samuchair/secondarytaskNode.py;start_random_timer;20;235;Dato publicado ST (ms): 7305;ST
1781781797.354047;1781781797.3539348;/home/samuchair/ros2_ws/install/samuchair/lib/python3.12/site-packages/samuchair/jBNode.py;jb_callback;20;40;Comando Joystick Bluetooth: 3;JoystickBluetooth
1781781797.4412344;1781781797.440401;/home/samuchair/ros2_ws/install/samuchair/lib/python3.12/site-packages/samuchair/jBNode.py;jb_callback;20;40;Comando Joystick Bluetooth: 12;JoystickBluetooth
1781781797.954882;1781781797.9539454;/home/samuchair/ros2_ws/install/samuchair/lib/python3.12/site-packages/samuchair/jBNode.py;jb_callback;20;40;Comando Joystick Bluetooth: 3;JoystickBluetooth
1781781800.6392858;1781781800.6391685;/home/samuchair/ros2_ws/install/samuchair/lib/python3.12/site-packages/samuchair/secondarytaskNode.py;timer_lectura;20;250; Timeout (ms): 5000;ST
1781781803.5341887;1781781803.5340571;/home/samuchair/ros2_ws/install/samuchair/lib/python3.12/site-packages/samuchair/jBNode.py;jb_callback;20;40;Comando Joystick Bluetooth: 3;JoystickBluetooth
1781781803.5350955;1781781803.535012;/home/samuchair/ros2_ws/install/samuchair/lib/python3.12/site-packages/samuchair/jBNode.py;jb_callback;20;40;Comando Joystick Bluetooth: 3;JoystickBluetooth
1781781803.5380175;1781781803.537906;/home/samuchair/ros2_ws/install/samuchair/lib/python3.12/site-packages/samuchair/jBNode.py;jb_callback;20;40;Comando Joystick Bluetooth: 3;JoystickBluetooth
1781781803.5393038;1781781803.538904;/home/samuchair/ros2_ws/install/samuchair/lib/python3.12/site-packages/samuchair/jBNode.py;jb_callback;20;40;Comando Joystick Bluetooth: 3;JoystickBluetooth
1781781803.5411587;1781781803.5409725;/home/samuchair/ros2_ws/install/samuchair/lib/python3.12/site-packages/samuchair/jBNode.py;jb_callback;20;40;Comando Joystick Bluetooth: 3;JoystickBluetooth
1781781803.543003;1781781803.542848;/home/samuchair/ros2_ws/install/samuchair/lib/python3.12/site-packages/samuchair/jBNode.py;jb_callback;20;40;Comando Joystick Bluetooth: 3;JoystickBluetooth
1781781803.5956721;1781781803.5955453;/home/samuchair/ros2_ws/install/samuchair/lib/python3.12/site-packages/samuchair/jBNode.py;jb_callback;20;40;Comando Joystick Bluetooth: 3;JoystickBluetooth
1781781803.6005378;1781781803.5989897;/home/samuchair/ros2_ws/install/samuchair/lib/python3.12/site-packages/samuchair/jBNode.py;jb_callback;20;40;Comando Joystick Bluetooth: 3;JoystickBluetooth
1781781803.7912712;1781781803.7911558;/home/samuchair/ros2_ws/install/samuchair/lib/python3.12/site-packages/samuchair/secondarytaskNode.py;timer_callback;20;282;Publicado: "1";ST
1781781803.7922142;1781781803.7921288;/home/samuchair/ros2_ws/install/samuchair/lib/python3.12/site-packages/samuchair/secondarytaskNode.py;start_random_timer;20;235;Dato publicado ST (ms): 8775;ST
1781781804.1000717;1781781804.0991843;/home/samuchair/ros2_ws/install/samuchair/lib/python3.12/site-packages/samuchair/jBNode.py;jb_callback;20;40;Comando Joystick Bluetooth: 0;JoystickBluetooth
1781781804.3417904;1781781804.3403604;/home/samuchair/ros2_ws/install/samuchair/lib/python3.12/site-packages/samuchair/jBNode.py;jb_callback;20;40;Comando Joystick Bluetooth: 9;JoystickBluetooth
1781781806.07929;1781781806.0791824;/home/samuchair/ros2_ws/install/samuchair/lib/python3.12/site-packages/samuchair/jBNode.py;jb_callback;20;40;Comando Joystick Bluetooth: 0;JoystickBluetooth
1781781806.440661;1781781806.4405465;/home/samuchair/ros2_ws/install/samuchair/lib/python3.12/site-packages/samuchair/jBNode.py;jb_callback;20;40;Comando Joystick Bluetooth: 9;JoystickBluetooth
1781781808.419331;1781781808.4192095;/home/samuchair/ros2_ws/install/samuchair/lib/python3.12/site-packages/samuchair/jBNode.py;jb_callback;20;40;Comando Joystick Bluetooth: 0;JoystickBluetooth
1781781808.5755615;1781781808.5754378;/home/samuchair/ros2_ws/install/samuchair/lib/python3.12/site-packages/samuchair/jBNode.py;jb_callback;20;40;Comando Joystick Bluetooth: 3;JoystickBluetooth
1781781808.639261;1781781808.6391523;/home/samuchair/ros2_ws/install/samuchair/lib/python3.12/site-packages/samuchair/secondarytaskNode.py;timer_lectura;20;250; Timeout (ms): 5000;ST
1781781808.7193508;1781781808.719246;/home/samuchair/ros2_ws/install/samuchair/lib/python3.12/site-packages/samuchair/jBNode.py;jb_callback;20;40;Comando Joystick Bluetooth: 10;JoystickBluetooth
1781781810.6168892;1781781810.6153467;/home/samuchair/ros2_ws/install/samuchair/lib/python3.12/site-packages/samuchair/jBNode.py;jb_callback;20;40;Comando Joystick Bluetooth: 10;JoystickBluetooth
1781781810.618953;1781781810.6181273;/home/samuchair/ros2_ws/install/samuchair/lib/python3.12/site-packages/samuchair/jBNode.py;jb_callback;20;40;Comando Joystick Bluetooth: 10;JoystickBluetooth
1781781812.4405463;1781781812.4393456;/home/samuchair/ros2_ws/install/samuchair/lib/python3.12/site-packages/samuchair/jBNode.py;jb_callback;20;40;Comando Joystick Bluetooth: 3;JoystickBluetooth
1781781812.476384;1781781812.475473;/home/samuchair/ros2_ws/install/samuchair/lib/python3.12/site-packages/samuchair/jBNode.py;jb_callback;20;40;Comando Joystick Bluetooth: 0;JoystickBluetooth
1781781813.0291805;1781781813.0290618;/home/samuchair/ros2_ws/install/samuchair/lib/python3.12/site-packages/samuchair/secondarytaskNode.py;timer_callback;20;282;Publicado: "1";ST
1781781813.030191;1781781813.0300741;/home/samuchair/ros2_ws/install/samuchair/lib/python3.12/site-packages/samuchair/secondarytaskNode.py;start_random_timer;20;235;Dato publicado ST (ms): 11394;ST
1781781815.8356192;1781781815.8354385;/home/samuchair/ros2_ws/install/samuchair/lib/python3.12/site-packages/samuchair/jBNode.py;jb_callback;20;40;Comando Joystick Bluetooth: 9;JoystickBluetooth
1781781817.6392562;1781781817.6391387;/home/samuchair/ros2_ws/install/samuchair/lib/python3.12/site-packages/samuchair/secondarytaskNode.py;timer_lectura;20;250; Timeout (ms): 5000;ST
1781781818.0215225;1781781818.0206118;/home/samuchair/ros2_ws/install/samuchair/lib/python3.12/site-packages/samuchair/jBNode.py;jb_callback;20;40;Comando Joystick Bluetooth: 0;JoystickBluetooth
1781781818.2594666;1781781818.259349;/home/samuchair/ros2_ws/install/samuchair/lib/python3.12/site-packages/samuchair/jBNode.py;jb_callback;20;40;Comando Joystick Bluetooth: 3;JoystickBluetooth
1781781818.2960534;1781781818.2958689;/home/samuchair/ros2_ws/install/samuchair/lib/python3.12/site-packages/samuchair/jBNode.py;jb_callback;20;40;Comando Joystick Bluetooth: 10;JoystickBluetooth
1781781818.3557389;1781781818.3555615;/home/samuchair/ros2_ws/install/samuchair/lib/python3.12/site-packages/samuchair/jBNode.py;jb_callback;20;40;Comando Joystick Bluetooth: 3;JoystickBluetooth
1781781818.364922;1781781818.364163;/home/samuchair/ros2_ws/install/samuchair/lib/python3.12/site-packages/samuchair/jBNode.py;jb_callback;20;40;Comando Joystick Bluetooth: 10;JoystickBluetooth
1781781818.5003169;1781781818.4994278;/home/samuchair/ros2_ws/install/samuchair/lib/python3.12/site-packages/samuchair/jBNode.py;jb_callback;20;40;Comando Joystick Bluetooth: 3;JoystickBluetooth
1781781822.2208264;1781781822.2206984;/home/samuchair/ros2_ws/install/samuchair/lib/python3.12/site-packages/samuchair/jBNode.py;jb_callback;20;40;Comando Joystick Bluetooth: 0;JoystickBluetooth
1781781822.3426683;1781781822.341836;/home/samuchair/ros2_ws/install/samuchair/lib/python3.12/site-packages/samuchair/jBNode.py;jb_callback;20;40;Comando Joystick Bluetooth: 9;JoystickBluetooth
1781781823.482051;1781781823.4819245;/home/samuchair/ros2_ws/install/samuchair/lib/python3.12/site-packages/samuchair/jBNode.py;jb_callback;20;40;Comando Joystick Bluetooth: 10;JoystickBluetooth
1781781823.5745115;1781781823.574405;/home/samuchair/ros2_ws/install/samuchair/lib/python3.12/site-packages/samuchair/jBNode.py;jb_callback;20;40;Comando Joystick Bluetooth: 3;JoystickBluetooth
1781781823.6346066;1781781823.6343524;/home/samuchair/ros2_ws/install/samuchair/lib/python3.12/site-packages/samuchair/jBNode.py;jb_callback;20;40;Comando Joystick Bluetooth: 12;JoystickBluetooth
1781781823.6946104;1781781823.6944323;/home/samuchair/ros2_ws/install/samuchair/lib/python3.12/site-packages/samuchair/jBNode.py;jb_callback;20;40;Comando Joystick Bluetooth: 3;JoystickBluetooth
1781781824.8858314;1781781824.8857334;/home/samuchair/ros2_ws/install/samuchair/lib/python3.12/site-packages/samuchair/secondarytaskNode.py;timer_callback;20;282;Publicado: "1";ST
1781781824.8870308;1781781824.886631;/home/samuchair/ros2_ws/install/samuchair/lib/python3.12/site-packages/samuchair/secondarytaskNode.py;start_random_timer;20;235;Dato publicado ST (ms): 10745;ST
1781781826.360237;1781781826.3595116;/home/samuchair/ros2_ws/install/samuchair/lib/python3.12/site-packages/samuchair/jBNode.py;jb_callback;20;40;Comando Joystick Bluetooth: 10;JoystickBluetooth
1781781826.961793;1781781826.9607446;/home/samuchair/ros2_ws/install/samuchair/lib/python3.12/site-packages/samuchair/jBNode.py;jb_callback;20;40;Comando Joystick Bluetooth: 3;JoystickBluetooth
1781781829.0002654;1781781828.9996767;/home/samuchair/ros2_ws/install/samuchair/lib/python3.12/site-packages/samuchair/jBNode.py;jb_callback;20;40;Comando Joystick Bluetooth: 10;JoystickBluetooth
1781781829.3596485;1781781829.3595417;/home/samuchair/ros2_ws/install/samuchair/lib/python3.12/site-packages/samuchair/jBNode.py;jb_callback;20;40;Comando Joystick Bluetooth: 9;JoystickBluetooth
1781781829.6392941;1781781829.639174;/home/samuchair/ros2_ws/install/samuchair/lib/python3.12/site-packages/samuchair/secondarytaskNode.py;timer_lectura;20;250; Timeout (ms): 5000;ST
1781781829.8150268;1781781829.8144898;/home/samuchair/ros2_ws/install/samuchair/lib/python3.12/site-packages/samuchair/jBNode.py;jb_callback;20;40;Comando Joystick Bluetooth: 10;JoystickBluetooth
1781781829.9347646;1781781829.9346614;/home/samuchair/ros2_ws/install/samuchair/lib/python3.12/site-packages/samuchair/jBNode.py;jb_callback;20;40;Comando Joystick Bluetooth: 9;JoystickBluetooth
1781781830.9566996;1781781830.956355;/home/samuchair/ros2_ws/install/samuchair/lib/python3.12/site-packages/samuchair/jBNode.py;jb_callback;20;40;Comando Joystick Bluetooth: 0;JoystickBluetooth
1781781831.1348858;1781781831.1347141;/home/samuchair/ros2_ws/install/samuchair/lib/python3.12/site-packages/samuchair/jBNode.py;jb_callback;20;40;Comando Joystick Bluetooth: 3;JoystickBluetooth
1781781833.1751382;1781781833.1747556;/home/samuchair/ros2_ws/install/samuchair/lib/python3.12/site-packages/samuchair/jBNode.py;jb_callback;20;40;Comando Joystick Bluetooth: 12;JoystickBluetooth
1781781833.236765;1781781833.2358613;/home/samuchair/ros2_ws/install/samuchair/lib/python3.12/site-packages/samuchair/jBNode.py;jb_callback;20;40;Comando Joystick Bluetooth: 3;JoystickBluetooth
1781781833.5967681;1781781833.5958257;/home/samuchair/ros2_ws/install/samuchair/lib/python3.12/site-packages/samuchair/jBNode.py;jb_callback;20;40;Comando Joystick Bluetooth: 12;JoystickBluetooth
1781781833.9798841;1781781833.9797614;/home/samuchair/ros2_ws/install/samuchair/lib/python3.12/site-packages/samuchair/jBNode.py;jb_callback;20;40;Comando Joystick Bluetooth: 3;JoystickBluetooth
1781781836.1080084;1781781836.1078844;/home/samuchair/ros2_ws/install/samuchair/lib/python3.12/site-packages/samuchair/secondarytaskNode.py;timer_callback;20;282;Publicado: "1";ST
1781781836.1096163;1781781836.108822;/home/samuchair/ros2_ws/install/samuchair/lib/python3.12/site-packages/samuchair/secondarytaskNode.py;start_random_timer;20;235;Dato publicado ST (ms): 9005;ST
1781781839.7422788;1781781839.7421768;/home/samuchair/ros2_ws/install/samuchair/lib/python3.12/site-packages/samuchair/jBNode.py;jb_callback;20;40;Comando Joystick Bluetooth: 0;JoystickBluetooth
1781781840.1356387;1781781840.1347747;/home/samuchair/ros2_ws/install/samuchair/lib/python3.12/site-packages/samuchair/jBNode.py;jb_callback;20;40;Comando Joystick Bluetooth: 9;JoystickBluetooth
1781781840.6404169;1781781840.6391842;/home/samuchair/ros2_ws/install/samuchair/lib/python3.12/site-packages/samuchair/secondarytaskNode.py;timer_lectura;20;250; Timeout (ms): 5000;ST
1781781841.4209433;1781781841.4198542;/home/samuchair/ros2_ws/install/samuchair/lib/python3.12/site-packages/samuchair/jBNode.py;jb_callback;20;40;Comando Joystick Bluetooth: 0;JoystickBluetooth
1781781841.5760298;1781781841.5747633;/home/samuchair/ros2_ws/install/samuchair/lib/python3.12/site-packages/samuchair/jBNode.py;jb_callback;20;40;Comando Joystick Bluetooth: 3;JoystickBluetooth
1781781843.0749364;1781781843.0747702;/home/samuchair/ros2_ws/install/samuchair/lib/python3.12/site-packages/samuchair/jBNode.py;jb_callback;20;40;Comando Joystick Bluetooth: 10;JoystickBluetooth
1781781844.1805766;1781781844.1798968;/home/samuchair/ros2_ws/install/samuchair/lib/python3.12/site-packages/samuchair/jBNode.py;jb_callback;20;40;Comando Joystick Bluetooth: 9;JoystickBluetooth
1781781844.4550393;1781781844.4548063;/home/samuchair/ros2_ws/install/samuchair/lib/python3.12/site-packages/samuchair/jBNode.py;jb_callback;20;40;Comando Joystick Bluetooth: 9;JoystickBluetooth
1781781844.4577377;1781781844.4570327;/home/samuchair/ros2_ws/install/samuchair/lib/python3.12/site-packages/samuchair/jBNode.py;jb_callback;20;40;Comando Joystick Bluetooth: 9;JoystickBluetooth
1781781844.5162463;1781781844.5160036;/home/samuchair/ros2_ws/install/samuchair/lib/python3.12/site-packages/samuchair/jBNode.py;jb_callback;20;40;Comando Joystick Bluetooth: 9;JoystickBluetooth
1781781844.518634;1781781844.5182998;/home/samuchair/ros2_ws/install/samuchair/lib/python3.12/site-packages/samuchair/jBNode.py;jb_callback;20;40;Comando Joystick Bluetooth: 9;JoystickBluetooth
1781781844.520469;1781781844.5203454;/home/samuchair/ros2_ws/install/samuchair/lib/python3.12/site-packages/samuchair/jBNode.py;jb_callback;20;40;Comando Joystick Bluetooth: 9;JoystickBluetooth
1781781844.522439;1781781844.5222316;/home/samuchair/ros2_ws/install/samuchair/lib/python3.12/site-packages/samuchair/jBNode.py;jb_callback;20;40;Comando Joystick Bluetooth: 9;JoystickBluetooth
1781781844.5244787;1781781844.5242977;/home/samuchair/ros2_ws/install/samuchair/lib/python3.12/site-packages/samuchair/jBNode.py;jb_callback;20;40;Comando Joystick Bluetooth: 9;JoystickBluetooth
1781781844.5263243;1781781844.5261884;/home/samuchair/ros2_ws/install/samuchair/lib/python3.12/site-packages/samuchair/jBNode.py;jb_callback;20;40;Comando Joystick Bluetooth: 9;JoystickBluetooth
1781781844.528454;1781781844.5274599;/home/samuchair/ros2_ws/install/samuchair/lib/python3.12/site-packages/samuchair/jBNode.py;jb_callback;20;40;Comando Joystick Bluetooth: 9;JoystickBluetooth
1781781844.5769477;1781781844.5760486;/home/samuchair/ros2_ws/install/samuchair/lib/python3.12/site-packages/samuchair/jBNode.py;jb_callback;20;40;Comando Joystick Bluetooth: 9;JoystickBluetooth
1781781844.578201;1781781844.5780785;/home/samuchair/ros2_ws/install/samuchair/lib/python3.12/site-packages/samuchair/jBNode.py;jb_callback;20;40;Comando Joystick Bluetooth: 9;JoystickBluetooth
1781781844.5792868;1781781844.5791643;/home/samuchair/ros2_ws/install/samuchair/lib/python3.12/site-packages/samuchair/jBNode.py;jb_callback;20;40;Comando Joystick Bluetooth: 9;JoystickBluetooth
1781781844.581035;1781781844.5802824;/home/samuchair/ros2_ws/install/samuchair/lib/python3.12/site-packages/samuchair/jBNode.py;jb_callback;20;40;Comando Joystick Bluetooth: 9;JoystickBluetooth
1781781844.5815797;1781781844.5814412;/home/samuchair/ros2_ws/install/samuchair/lib/python3.12/site-packages/samuchair/jBNode.py;jb_callback;20;40;Comando Joystick Bluetooth: 9;JoystickBluetooth
1781781844.5848987;1781781844.5846677;/home/samuchair/ros2_ws/install/samuchair/lib/python3.12/site-packages/samuchair/jBNode.py;jb_callback;20;40;Comando Joystick Bluetooth: 9;JoystickBluetooth
1781781844.6359131;1781781844.6349075;/home/samuchair/ros2_ws/install/samuchair/lib/python3.12/site-packages/samuchair/jBNode.py;jb_callback;20;40;Comando Joystick Bluetooth: 9;JoystickBluetooth
1781781844.638229;1781781844.6371107;/home/samuchair/ros2_ws/install/samuchair/lib/python3.12/site-packages/samuchair/jBNode.py;jb_callback;20;40;Comando Joystick Bluetooth: 9;JoystickBluetooth
1781781844.6383252;1781781844.6381145;/home/samuchair/ros2_ws/install/samuchair/lib/python3.12/site-packages/samuchair/jBNode.py;jb_callback;20;40;Comando Joystick Bluetooth: 9;JoystickBluetooth
1781781844.6394072;1781781844.6392462;/home/samuchair/ros2_ws/install/samuchair/lib/python3.12/site-packages/samuchair/jBNode.py;jb_callback;20;40;Comando Joystick Bluetooth: 9;JoystickBluetooth
1781781844.6959572;1781781844.694762;/home/samuchair/ros2_ws/install/samuchair/lib/python3.12/site-packages/samuchair/jBNode.py;jb_callback;20;40;Comando Joystick Bluetooth: 15;JoystickBluetooth
1781781844.6960707;1781781844.6957576;/home/samuchair/ros2_ws/install/samuchair/lib/python3.12/site-packages/samuchair/jBNode.py;jb_callback;20;40;Comando Joystick Bluetooth: 15;JoystickBluetooth
1781781844.6980643;1781781844.697904;/home/samuchair/ros2_ws/install/samuchair/lib/python3.12/site-packages/samuchair/jBNode.py;jb_callback;20;40;Comando Joystick Bluetooth: 15;JoystickBluetooth
1781781844.6994114;1781781844.6992886;/home/samuchair/ros2_ws/install/samuchair/lib/python3.12/site-packages/samuchair/jBNode.py;jb_callback;20;40;Comando Joystick Bluetooth: 15;JoystickBluetooth
1781781844.7012458;1781781844.7011206;/home/samuchair/ros2_ws/install/samuchair/lib/python3.12/site-packages/samuchair/jBNode.py;jb_callback;20;40;Comando Joystick Bluetooth: 15;JoystickBluetooth
1781781844.7064416;1781781844.7060888;/home/samuchair/ros2_ws/install/samuchair/lib/python3.12/site-packages/samuchair/jBNode.py;jb_callback;20;40;Comando Joystick Bluetooth: 15;JoystickBluetooth
1781781844.755831;1781781844.754898;/home/samuchair/ros2_ws/install/samuchair/lib/python3.12/site-packages/samuchair/jBNode.py;jb_callback;20;40;Comando Joystick Bluetooth: 15;JoystickBluetooth
1781781844.7570214;1781781844.7568977;/home/samuchair/ros2_ws/install/samuchair/lib/python3.12/site-packages/samuchair/jBNode.py;jb_callback;20;40;Comando Joystick Bluetooth: 15;JoystickBluetooth
1781781844.7586904;1781781844.7585096;/home/samuchair/ros2_ws/install/samuchair/lib/python3.12/site-packages/samuchair/jBNode.py;jb_callback;20;40;Comando Joystick Bluetooth: 15;JoystickBluetooth
1781781844.7600248;1781781844.7597437;/home/samuchair/ros2_ws/install/samuchair/lib/python3.12/site-packages/samuchair/jBNode.py;jb_callback;20;40;Comando Joystick Bluetooth: 15;JoystickBluetooth
1781781844.7648191;1781781844.764599;/home/samuchair/ros2_ws/install/samuchair/lib/python3.12/site-packages/samuchair/jBNode.py;jb_callback;20;40;Comando Joystick Bluetooth: 15;JoystickBluetooth
1781781844.8409352;1781781844.840031;/home/samuchair/ros2_ws/install/samuchair/lib/python3.12/site-packages/samuchair/jBNode.py;jb_callback;20;40;Comando Joystick Bluetooth: 15;JoystickBluetooth
1781781844.841227;1781781844.8411167;/home/samuchair/ros2_ws/install/samuchair/lib/python3.12/site-packages/samuchair/jBNode.py;jb_callback;20;40;Comando Joystick Bluetooth: 9;JoystickBluetooth
1781781844.8422756;1781781844.8421676;/home/samuchair/ros2_ws/install/samuchair/lib/python3.12/site-packages/samuchair/jBNode.py;jb_callback;20;40;Comando Joystick Bluetooth: 9;JoystickBluetooth
1781781845.5804818;1781781845.5803497;/home/samuchair/ros2_ws/install/samuchair/lib/python3.12/site-packages/samuchair/secondarytaskNode.py;timer_callback;20;282;Publicado: "0";ST
1781781845.581529;1781781845.581412;/home/samuchair/ros2_ws/install/samuchair/lib/python3.12/site-packages/samuchair/secondarytaskNode.py;start_random_timer;20;235;Dato publicado ST (ms): 7089;ST
1781781846.855656;1781781846.8549166;/home/samuchair/ros2_ws/install/samuchair/lib/python3.12/site-packages/samuchair/jBNode.py;jb_callback;20;40;Comando Joystick Bluetooth: 0;JoystickBluetooth
1781781847.158848;1781781847.1575248;/home/samuchair/ros2_ws/install/samuchair/lib/python3.12/site-packages/samuchair/jBNode.py;jb_callback;20;40;Comando Joystick Bluetooth: 9;JoystickBluetooth
1781781849.7964694;1781781849.7962306;/home/samuchair/ros2_ws/install/samuchair/lib/python3.12/site-packages/samuchair/jBNode.py;jb_callback;20;40;Comando Joystick Bluetooth: 0;JoystickBluetooth
1781781850.335156;1781781850.3349228;/home/samuchair/ros2_ws/install/samuchair/lib/python3.12/site-packages/samuchair/jBNode.py;jb_callback;20;40;Comando Joystick Bluetooth: 9;JoystickBluetooth
1781781850.6400194;1781781850.6391428;/home/samuchair/ros2_ws/install/samuchair/lib/python3.12/site-packages/samuchair/secondarytaskNode.py;timer_lectura;20;250; Timeout (ms): 5000;ST
1781781851.4156244;1781781851.4149122;/home/samuchair/ros2_ws/install/samuchair/lib/python3.12/site-packages/samuchair/jBNode.py;jb_callback;20;40;Comando Joystick Bluetooth: 0;JoystickBluetooth
1781781851.9563327;1781781851.9562123;/home/samuchair/ros2_ws/install/samuchair/lib/python3.12/site-packages/samuchair/jBNode.py;jb_callback;20;40;Comando Joystick Bluetooth: 3;JoystickBluetooth
1781781853.132927;1781781853.1328046;/home/samuchair/ros2_ws/install/samuchair/lib/python3.12/site-packages/samuchair/secondarytaskNode.py;timer_callback;20;282;Publicado: "0";ST
1781781853.1339347;1781781853.1338441;/home/samuchair/ros2_ws/install/samuchair/lib/python3.12/site-packages/samuchair/secondarytaskNode.py;start_random_timer;20;235;Dato publicado ST (ms): 11465;ST
1781781854.2018232;1781781854.2012439;/home/samuchair/ros2_ws/install/samuchair/lib/python3.12/site-packages/samuchair/jBNode.py;jb_callback;20;40;Comando Joystick Bluetooth: 10;JoystickBluetooth
1781781854.3814156;1781781854.3812745;/home/samuchair/ros2_ws/install/samuchair/lib/python3.12/site-packages/samuchair/jBNode.py;jb_callback;20;40;Comando Joystick Bluetooth: 9;JoystickBluetooth
1781781854.6815627;1781781854.6813734;/home/samuchair/ros2_ws/install/samuchair/lib/python3.12/site-packages/samuchair/jBNode.py;jb_callback;20;40;Comando Joystick Bluetooth: 9;JoystickBluetooth
1781781854.6838748;1781781854.683744;/home/samuchair/ros2_ws/install/samuchair/lib/python3.12/site-packages/samuchair/jBNode.py;jb_callback;20;40;Comando Joystick Bluetooth: 9;JoystickBluetooth
1781781854.7156174;1781781854.7154758;/home/samuchair/ros2_ws/install/samuchair/lib/python3.12/site-packages/samuchair/jBNode.py;jb_callback;20;40;Comando Joystick Bluetooth: 9;JoystickBluetooth
1781781854.7755816;1781781854.7749617;/home/samuchair/ros2_ws/install/samuchair/lib/python3.12/site-packages/samuchair/jBNode.py;jb_callback;20;40;Comando Joystick Bluetooth: 9;JoystickBluetooth
1781781854.7781794;1781781854.7773035;/home/samuchair/ros2_ws/install/samuchair/lib/python3.12/site-packages/samuchair/jBNode.py;jb_callback;20;40;Comando Joystick Bluetooth: 9;JoystickBluetooth
1781781854.7797494;1781781854.779527;/home/samuchair/ros2_ws/install/samuchair/lib/python3.12/site-packages/samuchair/jBNode.py;jb_callback;20;40;Comando Joystick Bluetooth: 9;JoystickBluetooth
1781781854.781934;1781781854.7812176;/home/samuchair/ros2_ws/install/samuchair/lib/python3.12/site-packages/samuchair/jBNode.py;jb_callback;20;40;Comando Joystick Bluetooth: 9;JoystickBluetooth
1781781856.8162005;1781781856.8150904;/home/samuchair/ros2_ws/install/samuchair/lib/python3.12/site-packages/samuchair/jBNode.py;jb_callback;20;40;Comando Joystick Bluetooth: 0;JoystickBluetooth
1781781857.1784735;1781781857.1775196;/home/samuchair/ros2_ws/install/samuchair/lib/python3.12/site-packages/samuchair/jBNode.py;jb_callback;20;40;Comando Joystick Bluetooth: 9;JoystickBluetooth
1781781858.0751283;1781781858.07501;/home/samuchair/ros2_ws/install/samuchair/lib/python3.12/site-packages/samuchair/jBNode.py;jb_callback;20;40;Comando Joystick Bluetooth: 0;JoystickBluetooth
1781781858.2815475;1781781858.281437;/home/samuchair/ros2_ws/install/samuchair/lib/python3.12/site-packages/samuchair/jBNode.py;jb_callback;20;40;Comando Joystick Bluetooth: 3;JoystickBluetooth
1781781858.6404932;1781781858.6391373;/home/samuchair/ros2_ws/install/samuchair/lib/python3.12/site-packages/samuchair/secondarytaskNode.py;timer_lectura;20;250; Timeout (ms): 5000;ST
1781781865.0641565;1781781865.0640345;/home/samuchair/ros2_ws/install/samuchair/lib/python3.12/site-packages/samuchair/secondarytaskNode.py;timer_callback;20;282;Publicado: "0";ST
1781781865.065189;1781781865.065078;/home/samuchair/ros2_ws/install/samuchair/lib/python3.12/site-packages/samuchair/secondarytaskNode.py;start_random_timer;20;235;Dato publicado ST (ms): 12065;ST
1781781869.6392455;1781781869.6391327;/home/samuchair/ros2_ws/install/samuchair/lib/python3.12/site-packages/samuchair/secondarytaskNode.py;timer_lectura;20;250; Timeout (ms): 5000;ST
1781781871.997914;1781781871.9977677;/home/samuchair/ros2_ws/install/samuchair/lib/python3.12/site-packages/samuchair/jBNode.py;jb_callback;20;40;Comando Joystick Bluetooth: 0;JoystickBluetooth
1781781872.598428;1781781872.596476;/home/samuchair/ros2_ws/install/samuchair/lib/python3.12/site-packages/samuchair/jBNode.py;jb_callback;20;40;Comando Joystick Bluetooth: 3;JoystickBluetooth
1781781872.8394356;1781781872.83777;/home/samuchair/ros2_ws/install/samuchair/lib/python3.12/site-packages/samuchair/jBNode.py;jb_callback;20;40;Comando Joystick Bluetooth: 0;JoystickBluetooth
1781781874.4564629;1781781874.455227;/home/samuchair/ros2_ws/install/samuchair/lib/python3.12/site-packages/samuchair/jBNode.py;jb_callback;20;40;Comando Joystick Bluetooth: 3;JoystickBluetooth
1781781874.8764408;1781781874.8752804;/home/samuchair/ros2_ws/install/samuchair/lib/python3.12/site-packages/samuchair/jBNode.py;jb_callback;20;40;Comando Joystick Bluetooth: 0;JoystickBluetooth
1781781876.400573;1781781876.4004443;/home/samuchair/ros2_ws/install/samuchair/lib/python3.12/site-packages/samuchair/jBNode.py;jb_callback;20;40;Comando Joystick Bluetooth: 5;JoystickBluetooth
1781781877.2153368;1781781877.2152195;/home/samuchair/ros2_ws/install/samuchair/lib/python3.12/site-packages/samuchair/jBNode.py;jb_callback;20;40;Comando Joystick Bluetooth: 0;JoystickBluetooth
1781781877.6036222;1781781877.603507;/home/samuchair/ros2_ws/install/samuchair/lib/python3.12/site-packages/samuchair/secondarytaskNode.py;timer_callback;20;282;Publicado: "0";ST
1781781877.6051905;1781781877.6045487;/home/samuchair/ros2_ws/install/samuchair/lib/python3.12/site-packages/samuchair/secondarytaskNode.py;start_random_timer;20;235;Dato publicado ST (ms): 11521;ST
1781781881.8805707;1781781881.8804123;/home/samuchair/ros2_ws/install/samuchair/lib/python3.12/site-packages/samuchair/opasistidaNode.py;update_pot;20;147;Dato publicado potenciometro: 1;opasistidaNode
1781781882.6390958;1781781882.6389844;/home/samuchair/ros2_ws/install/samuchair/lib/python3.12/site-packages/samuchair/secondarytaskNode.py;timer_lectura;20;250; Timeout (ms): 5000;ST
1781781882.8805704;1781781882.880424;/home/samuchair/ros2_ws/install/samuchair/lib/python3.12/site-packages/samuchair/opasistidaNode.py;update_pot;20;147;Dato publicado potenciometro: 1;opasistidaNode
1781781889.5882015;1781781889.588081;/home/samuchair/ros2_ws/install/samuchair/lib/python3.12/site-packages/samuchair/secondarytaskNode.py;timer_callback;20;282;Publicado: "1";ST
1781781889.5893216;1781781889.5891306;/home/samuchair/ros2_ws/install/samuchair/lib/python3.12/site-packages/samuchair/secondarytaskNode.py;start_random_timer;20;235;Dato publicado ST (ms): 13089;ST
1781781892.8194585;1781781892.818225;/home/samuchair/ros2_ws/install/samuchair/lib/python3.12/site-packages/samuchair/jBNode.py;jb_callback;20;40;Comando Joystick Bluetooth: 0;JoystickBluetooth
1781781892.821189;1781781892.8193567;/home/samuchair/ros2_ws/install/samuchair/lib/python3.12/site-packages/samuchair/jBNode.py;jb_callback;20;40;Comando Joystick Bluetooth: 0;JoystickBluetooth
1781781892.8226264;1781781892.8224509;/home/samuchair/ros2_ws/install/samuchair/lib/python3.12/site-packages/samuchair/jBNode.py;jb_callback;20;40;Comando Joystick Bluetooth: 0;JoystickBluetooth
1781781892.876526;1781781892.8755267;/home/samuchair/ros2_ws/install/samuchair/lib/python3.12/site-packages/samuchair/jBNode.py;jb_callback;20;40;Comando Joystick Bluetooth: 0;JoystickBluetooth
1781781892.8765516;1781781892.8764718;/home/samuchair/ros2_ws/install/samuchair/lib/python3.12/site-packages/samuchair/jBNode.py;jb_callback;20;40;Comando Joystick Bluetooth: 0;JoystickBluetooth
1781781892.8791666;1781781892.8790655;/home/samuchair/ros2_ws/install/samuchair/lib/python3.12/site-packages/samuchair/jBNode.py;jb_callback;20;40;Comando Joystick Bluetooth: 0;JoystickBluetooth
1781781892.8816411;1781781892.8814895;/home/samuchair/ros2_ws/install/samuchair/lib/python3.12/site-packages/samuchair/jBNode.py;jb_callback;20;40;Comando Joystick Bluetooth: 0;JoystickBluetooth
1781781892.883693;1781781892.8835502;/home/samuchair/ros2_ws/install/samuchair/lib/python3.12/site-packages/samuchair/jBNode.py;jb_callback;20;40;Comando Joystick Bluetooth: 0;JoystickBluetooth
1781781892.885498;1781781892.8853464;/home/samuchair/ros2_ws/install/samuchair/lib/python3.12/site-packages/samuchair/jBNode.py;jb_callback;20;40;Comando Joystick Bluetooth: 0;JoystickBluetooth
1781781892.8873103;1781781892.8870652;/home/samuchair/ros2_ws/install/samuchair/lib/python3.12/site-packages/samuchair/jBNode.py;jb_callback;20;40;Comando Joystick Bluetooth: 0;JoystickBluetooth
1781781892.9359987;1781781892.9354606;/home/samuchair/ros2_ws/install/samuchair/lib/python3.12/site-packages/samuchair/jBNode.py;jb_callback;20;40;Comando Joystick Bluetooth: 0;JoystickBluetooth
1781781892.937891;1781781892.9377837;/home/samuchair/ros2_ws/install/samuchair/lib/python3.12/site-packages/samuchair/jBNode.py;jb_callback;20;40;Comando Joystick Bluetooth: 0;JoystickBluetooth
1781781892.9954617;1781781892.9953468;/home/samuchair/ros2_ws/install/samuchair/lib/python3.12/site-packages/samuchair/jBNode.py;jb_callback;20;40;Comando Joystick Bluetooth: 0;JoystickBluetooth
1781781893.0031104;1781781893.0029995;/home/samuchair/ros2_ws/install/samuchair/lib/python3.12/site-packages/samuchair/jBNode.py;jb_callback;20;40;Comando Joystick Bluetooth: 0;JoystickBluetooth
1781781893.0556755;1781781893.0554996;/home/samuchair/ros2_ws/install/samuchair/lib/python3.12/site-packages/samuchair/jBNode.py;jb_callback;20;40;Comando Joystick Bluetooth: 0;JoystickBluetooth
1781781893.237914;1781781893.2366927;/home/samuchair/ros2_ws/install/samuchair/lib/python3.12/site-packages/samuchair/jBNode.py;jb_callback;20;40;Comando Joystick Bluetooth: 0;JoystickBluetooth
1781781893.355621;1781781893.3555243;/home/samuchair/ros2_ws/install/samuchair/lib/python3.12/site-packages/samuchair/jBNode.py;jb_callback;20;40;Comando Joystick Bluetooth: 0;JoystickBluetooth
1781781893.4155219;1781781893.4154263;/home/samuchair/ros2_ws/install/samuchair/lib/python3.12/site-packages/samuchair/jBNode.py;jb_callback;20;40;Comando Joystick Bluetooth: 0;JoystickBluetooth
1781781893.4769907;1781781893.4767742;/home/samuchair/ros2_ws/install/samuchair/lib/python3.12/site-packages/samuchair/jBNode.py;jb_callback;20;40;Comando Joystick Bluetooth: 0;JoystickBluetooth
1781781893.479143;1781781893.4788766;/home/samuchair/ros2_ws/install/samuchair/lib/python3.12/site-packages/samuchair/jBNode.py;jb_callback;20;40;Comando Joystick Bluetooth: 0;JoystickBluetooth
1781781893.5965097;1781781893.595514;/home/samuchair/ros2_ws/install/samuchair/lib/python3.12/site-packages/samuchair/jBNode.py;jb_callback;20;40;Comando Joystick Bluetooth: 0;JoystickBluetooth
1781781893.6576855;1781781893.6567004;/home/samuchair/ros2_ws/install/samuchair/lib/python3.12/site-packages/samuchair/jBNode.py;jb_callback;20;40;Comando Joystick Bluetooth: 0;JoystickBluetooth
1781781893.657864;1781781893.6577516;/home/samuchair/ros2_ws/install/samuchair/lib/python3.12/site-packages/samuchair/jBNode.py;jb_callback;20;40;Comando Joystick Bluetooth: 0;JoystickBluetooth
1781781893.6620116;1781781893.6604724;/home/samuchair/ros2_ws/install/samuchair/lib/python3.12/site-packages/samuchair/jBNode.py;jb_callback;20;40;Comando Joystick Bluetooth: 0;JoystickBluetooth
1781781893.6620789;1781781893.661689;/home/samuchair/ros2_ws/install/samuchair/lib/python3.12/site-packages/samuchair/jBNode.py;jb_callback;20;40;Comando Joystick Bluetooth: 0;JoystickBluetooth
1781781893.6629424;1781781893.6628194;/home/samuchair/ros2_ws/install/samuchair/lib/python3.12/site-packages/samuchair/jBNode.py;jb_callback;20;40;Comando Joystick Bluetooth: 0;JoystickBluetooth
1781781893.6655667;1781781893.6654537;/home/samuchair/ros2_ws/install/samuchair/lib/python3.12/site-packages/samuchair/jBNode.py;jb_callback;20;40;Comando Joystick Bluetooth: 0;JoystickBluetooth
1781781893.7166138;1781781893.7154694;/home/samuchair/ros2_ws/install/samuchair/lib/python3.12/site-packages/samuchair/jBNode.py;jb_callback;20;40;Comando Joystick Bluetooth: 0;JoystickBluetooth
1781781893.7247016;1781781893.7235012;/home/samuchair/ros2_ws/install/samuchair/lib/python3.12/site-packages/samuchair/jBNode.py;jb_callback;20;40;Comando Joystick Bluetooth: 0;JoystickBluetooth
1781781893.7781227;1781781893.7767978;/home/samuchair/ros2_ws/install/samuchair/lib/python3.12/site-packages/samuchair/jBNode.py;jb_callback;20;40;Comando Joystick Bluetooth: 0;JoystickBluetooth
1781781893.7793758;1781781893.7792532;/home/samuchair/ros2_ws/install/samuchair/lib/python3.12/site-packages/samuchair/jBNode.py;jb_callback;20;40;Comando Joystick Bluetooth: 0;JoystickBluetooth
1781781894.3757167;1781781894.3755882;/home/samuchair/ros2_ws/install/samuchair/lib/python3.12/site-packages/samuchair/jBNode.py;jb_callback;20;40;Comando Joystick Bluetooth: 0;JoystickBluetooth
1781781894.3774037;1781781894.3772;/home/samuchair/ros2_ws/install/samuchair/lib/python3.12/site-packages/samuchair/jBNode.py;jb_callback;20;40;Comando Joystick Bluetooth: 0;JoystickBluetooth
1781781894.383704;1781781894.3830037;/home/samuchair/ros2_ws/install/samuchair/lib/python3.12/site-packages/samuchair/jBNode.py;jb_callback;20;40;Comando Joystick Bluetooth: 0;JoystickBluetooth
1781781894.4356017;1781781894.4354656;/home/samuchair/ros2_ws/install/samuchair/lib/python3.12/site-packages/samuchair/jBNode.py;jb_callback;20;40;Comando Joystick Bluetooth: 0;JoystickBluetooth
1781781894.639152;1781781894.6390536;/home/samuchair/ros2_ws/install/samuchair/lib/python3.12/site-packages/samuchair/secondarytaskNode.py;timer_lectura;20;250; Timeout (ms): 5000;ST
1781781894.7968996;1781781894.796774;/home/samuchair/ros2_ws/install/samuchair/lib/python3.12/site-packages/samuchair/jBNode.py;jb_callback;20;40;Comando Joystick Bluetooth: 0;JoystickBluetooth
1781781895.0607915;1781781895.0605674;/home/samuchair/ros2_ws/install/samuchair/lib/python3.12/site-packages/samuchair/jBNode.py;jb_callback;20;40;Comando Joystick Bluetooth: 0;JoystickBluetooth
1781781895.301433;1781781895.3006206;/home/samuchair/ros2_ws/install/samuchair/lib/python3.12/site-packages/samuchair/jBNode.py;jb_callback;20;40;Comando Joystick Bluetooth: 0;JoystickBluetooth
1781781895.3034525;1781781895.302995;/home/samuchair/ros2_ws/install/samuchair/lib/python3.12/site-packages/samuchair/jBNode.py;jb_callback;20;40;Comando Joystick Bluetooth: 0;JoystickBluetooth
1781781895.337282;1781781895.3367674;/home/samuchair/ros2_ws/install/samuchair/lib/python3.12/site-packages/samuchair/jBNode.py;jb_callback;20;40;Comando Joystick Bluetooth: 0;JoystickBluetooth
1781781895.636528;1781781895.6355348;/home/samuchair/ros2_ws/install/samuchair/lib/python3.12/site-packages/samuchair/jBNode.py;jb_callback;20;40;Comando Joystick Bluetooth: 0;JoystickBluetooth
1781781895.8764324;1781781895.8755343;/home/samuchair/ros2_ws/install/samuchair/lib/python3.12/site-packages/samuchair/jBNode.py;jb_callback;20;40;Comando Joystick Bluetooth: 0;JoystickBluetooth
1781781895.9357042;1781781895.9355578;/home/samuchair/ros2_ws/install/samuchair/lib/python3.12/site-packages/samuchair/jBNode.py;jb_callback;20;40;Comando Joystick Bluetooth: 0;JoystickBluetooth
1781781896.1162832;1781781896.1154916;/home/samuchair/ros2_ws/install/samuchair/lib/python3.12/site-packages/samuchair/jBNode.py;jb_callback;20;40;Comando Joystick Bluetooth: 0;JoystickBluetooth
1781781896.2369564;1781781896.236832;/home/samuchair/ros2_ws/install/samuchair/lib/python3.12/site-packages/samuchair/jBNode.py;jb_callback;20;40;Comando Joystick Bluetooth: 0;JoystickBluetooth
1781781896.2430613;1781781896.242923;/home/samuchair/ros2_ws/install/samuchair/lib/python3.12/site-packages/samuchair/jBNode.py;jb_callback;20;40;Comando Joystick Bluetooth: 0;JoystickBluetooth
1781781896.2976747;1781781896.2968276;/home/samuchair/ros2_ws/install/samuchair/lib/python3.12/site-packages/samuchair/jBNode.py;jb_callback;20;40;Comando Joystick Bluetooth: 0;JoystickBluetooth
1781781896.2991276;1781781896.2990344;/home/samuchair/ros2_ws/install/samuchair/lib/python3.12/site-packages/samuchair/jBNode.py;jb_callback;20;40;Comando Joystick Bluetooth: 0;JoystickBluetooth
1781781896.3002155;1781781896.3001108;/home/samuchair/ros2_ws/install/samuchair/lib/python3.12/site-packages/samuchair/jBNode.py;jb_callback;20;40;Comando Joystick Bluetooth: 0;JoystickBluetooth
1781781896.30145;1781781896.3012903;/home/samuchair/ros2_ws/install/samuchair/lib/python3.12/site-packages/samuchair/jBNode.py;jb_callback;20;40;Comando Joystick Bluetooth: 0;JoystickBluetooth
1781781896.356271;1781781896.3555064;/home/samuchair/ros2_ws/install/samuchair/lib/python3.12/site-packages/samuchair/jBNode.py;jb_callback;20;40;Comando Joystick Bluetooth: 0;JoystickBluetooth
1781781896.5007577;1781781896.5006084;/home/samuchair/ros2_ws/install/samuchair/lib/python3.12/site-packages/samuchair/jBNode.py;jb_callback;20;40;Comando Joystick Bluetooth: 0;JoystickBluetooth
1781781896.5378354;1781781896.536902;/home/samuchair/ros2_ws/install/samuchair/lib/python3.12/site-packages/samuchair/jBNode.py;jb_callback;20;40;Comando Joystick Bluetooth: 0;JoystickBluetooth
1781781896.5385764;1781781896.5379472;/home/samuchair/ros2_ws/install/samuchair/lib/python3.12/site-packages/samuchair/jBNode.py;jb_callback;20;40;Comando Joystick Bluetooth: 0;JoystickBluetooth
1781781896.5391443;1781781896.5390205;/home/samuchair/ros2_ws/install/samuchair/lib/python3.12/site-packages/samuchair/jBNode.py;jb_callback;20;40;Comando Joystick Bluetooth: 0;JoystickBluetooth
1781781896.5444214;1781781896.5442898;/home/samuchair/ros2_ws/install/samuchair/lib/python3.12/site-packages/samuchair/jBNode.py;jb_callback;20;40;Comando Joystick Bluetooth: 0;JoystickBluetooth
1781781896.5456152;1781781896.5452926;/home/samuchair/ros2_ws/install/samuchair/lib/python3.12/site-packages/samuchair/jBNode.py;jb_callback;20;40;Comando Joystick Bluetooth: 0;JoystickBluetooth
1781781896.597704;1781781896.5968635;/home/samuchair/ros2_ws/install/samuchair/lib/python3.12/site-packages/samuchair/jBNode.py;jb_callback;20;40;Comando Joystick Bluetooth: 0;JoystickBluetooth
1781781896.5979364;1781781896.5978444;/home/samuchair/ros2_ws/install/samuchair/lib/python3.12/site-packages/samuchair/jBNode.py;jb_callback;20;40;Comando Joystick Bluetooth: 0;JoystickBluetooth
1781781896.5998826;1781781896.5989082;/home/samuchair/ros2_ws/install/samuchair/lib/python3.12/site-packages/samuchair/jBNode.py;jb_callback;20;40;Comando Joystick Bluetooth: 0;JoystickBluetooth
1781781896.6006858;1781781896.6005359;/home/samuchair/ros2_ws/install/samuchair/lib/python3.12/site-packages/samuchair/jBNode.py;jb_callback;20;40;Comando Joystick Bluetooth: 0;JoystickBluetooth
1781781896.6026385;1781781896.6018074;/home/samuchair/ros2_ws/install/samuchair/lib/python3.12/site-packages/samuchair/jBNode.py;jb_callback;20;40;Comando Joystick Bluetooth: 0;JoystickBluetooth
1781781896.6029391;1781781896.6028292;/home/samuchair/ros2_ws/install/samuchair/lib/python3.12/site-packages/samuchair/jBNode.py;jb_callback;20;40;Comando Joystick Bluetooth: 0;JoystickBluetooth
1781781896.6038878;1781781896.6037526;/home/samuchair/ros2_ws/install/samuchair/lib/python3.12/site-packages/samuchair/jBNode.py;jb_callback;20;40;Comando Joystick Bluetooth: 0;JoystickBluetooth
1781781896.6048753;1781781896.60469;/home/samuchair/ros2_ws/install/samuchair/lib/python3.12/site-packages/samuchair/jBNode.py;jb_callback;20;40;Comando Joystick Bluetooth: 0;JoystickBluetooth
1781781896.6059453;1781781896.6055644;/home/samuchair/ros2_ws/install/samuchair/lib/python3.12/site-packages/samuchair/jBNode.py;jb_callback;20;40;Comando Joystick Bluetooth: 0;JoystickBluetooth
1781781896.6066446;1781781896.6064847;/home/samuchair/ros2_ws/install/samuchair/lib/python3.12/site-packages/samuchair/jBNode.py;jb_callback;20;40;Comando Joystick Bluetooth: 0;JoystickBluetooth
1781781896.6077213;1781781896.6073942;/home/samuchair/ros2_ws/install/samuchair/lib/python3.12/site-packages/samuchair/jBNode.py;jb_callback;20;40;Comando Joystick Bluetooth: 0;JoystickBluetooth
1781781896.6556592;1781781896.6554728;/home/samuchair/ros2_ws/install/samuchair/lib/python3.12/site-packages/samuchair/jBNode.py;jb_callback;20;40;Comando Joystick Bluetooth: 0;JoystickBluetooth
1781781896.6571271;1781781896.6568418;/home/samuchair/ros2_ws/install/samuchair/lib/python3.12/site-packages/samuchair/jBNode.py;jb_callback;20;40;Comando Joystick Bluetooth: 0;JoystickBluetooth
1781781896.6584175;1781781896.6582246;/home/samuchair/ros2_ws/install/samuchair/lib/python3.12/site-packages/samuchair/jBNode.py;jb_callback;20;40;Comando Joystick Bluetooth: 0;JoystickBluetooth
1781781896.6598713;1781781896.659653;/home/samuchair/ros2_ws/install/samuchair/lib/python3.12/site-packages/samuchair/jBNode.py;jb_callback;20;40;Comando Joystick Bluetooth: 0;JoystickBluetooth
1781781896.6609457;1781781896.6608098;/home/samuchair/ros2_ws/install/samuchair/lib/python3.12/site-packages/samuchair/jBNode.py;jb_callback;20;40;Comando Joystick Bluetooth: 0;JoystickBluetooth
1781781896.662154;1781781896.6619494;/home/samuchair/ros2_ws/install/samuchair/lib/python3.12/site-packages/samuchair/jBNode.py;jb_callback;20;40;Comando Joystick Bluetooth: 0;JoystickBluetooth
1781781896.6630945;1781781896.6629941;/home/samuchair/ros2_ws/install/samuchair/lib/python3.12/site-packages/samuchair/jBNode.py;jb_callback;20;40;Comando Joystick Bluetooth: 0;JoystickBluetooth
1781781896.6643877;1781781896.6640487;/home/samuchair/ros2_ws/install/samuchair/lib/python3.12/site-packages/samuchair/jBNode.py;jb_callback;20;40;Comando Joystick Bluetooth: 0;JoystickBluetooth
1781781896.6652734;1781781896.6650746;/home/samuchair/ros2_ws/install/samuchair/lib/python3.12/site-packages/samuchair/jBNode.py;jb_callback;20;40;Comando Joystick Bluetooth: 0;JoystickBluetooth
1781781896.6662388;1781781896.6661055;/home/samuchair/ros2_ws/install/samuchair/lib/python3.12/site-packages/samuchair/jBNode.py;jb_callback;20;40;Comando Joystick Bluetooth: 0;JoystickBluetooth
1781781896.7185493;1781781896.7167687;/home/samuchair/ros2_ws/install/samuchair/lib/python3.12/site-packages/samuchair/jBNode.py;jb_callback;20;40;Comando Joystick Bluetooth: 0;JoystickBluetooth
1781781896.718629;1781781896.7177022;/home/samuchair/ros2_ws/install/samuchair/lib/python3.12/site-packages/samuchair/jBNode.py;jb_callback;20;40;Comando Joystick Bluetooth: 0;JoystickBluetooth
1781781896.7189798;1781781896.7187324;/home/samuchair/ros2_ws/install/samuchair/lib/python3.12/site-packages/samuchair/jBNode.py;jb_callback;20;40;Comando Joystick Bluetooth: 0;JoystickBluetooth
1781781896.7198234;1781781896.7197094;/home/samuchair/ros2_ws/install/samuchair/lib/python3.12/site-packages/samuchair/jBNode.py;jb_callback;20;40;Comando Joystick Bluetooth: 0;JoystickBluetooth
1781781896.7208948;1781781896.7206886;/home/samuchair/ros2_ws/install/samuchair/lib/python3.12/site-packages/samuchair/jBNode.py;jb_callback;20;40;Comando Joystick Bluetooth: 0;JoystickBluetooth
1781781896.7218788;1781781896.7217526;/home/samuchair/ros2_ws/install/samuchair/lib/python3.12/site-packages/samuchair/jBNode.py;jb_callback;20;40;Comando Joystick Bluetooth: 0;JoystickBluetooth
1781781896.9563193;1781781896.9555306;/home/samuchair/ros2_ws/install/samuchair/lib/python3.12/site-packages/samuchair/jBNode.py;jb_callback;20;40;Comando Joystick Bluetooth: 0;JoystickBluetooth
1781781896.9579093;1781781896.9576845;/home/samuchair/ros2_ws/install/samuchair/lib/python3.12/site-packages/samuchair/jBNode.py;jb_callback;20;40;Comando Joystick Bluetooth: 0;JoystickBluetooth
1781781897.0757647;1781781897.0756202;/home/samuchair/ros2_ws/install/samuchair/lib/python3.12/site-packages/samuchair/jBNode.py;jb_callback;20;40;Comando Joystick Bluetooth: 0;JoystickBluetooth
1781781897.1384325;1781781897.138089;/home/samuchair/ros2_ws/install/samuchair/lib/python3.12/site-packages/samuchair/jBNode.py;jb_callback;20;40;Comando Joystick Bluetooth: 0;JoystickBluetooth
1781781897.1439743;1781781897.1430674;/home/samuchair/ros2_ws/install/samuchair/lib/python3.12/site-packages/samuchair/jBNode.py;jb_callback;20;40;Comando Joystick Bluetooth: 0;JoystickBluetooth
1781781898.360817;1781781898.3607006;/home/samuchair/ros2_ws/install/samuchair/lib/python3.12/site-packages/samuchair/jBNode.py;jb_callback;20;40;Comando Joystick Bluetooth: 0;JoystickBluetooth
1781781898.363473;1781781898.363304;/home/samuchair/ros2_ws/install/samuchair/lib/python3.12/site-packages/samuchair/jBNode.py;jb_callback;20;40;Comando Joystick Bluetooth: 0;JoystickBluetooth
1781781898.3962998;1781781898.3955925;/home/samuchair/ros2_ws/install/samuchair/lib/python3.12/site-packages/samuchair/jBNode.py;jb_callback;20;40;Comando Joystick Bluetooth: 0;JoystickBluetooth
1781781898.481451;1781781898.4807432;/home/samuchair/ros2_ws/install/samuchair/lib/python3.12/site-packages/samuchair/jBNode.py;jb_callback;20;40;Comando Joystick Bluetooth: 0;JoystickBluetooth
1781781898.515755;1781781898.5155976;/home/samuchair/ros2_ws/install/samuchair/lib/python3.12/site-packages/samuchair/jBNode.py;jb_callback;20;40;Comando Joystick Bluetooth: 0;JoystickBluetooth
1781781898.5180187;1781781898.5178967;/home/samuchair/ros2_ws/install/samuchair/lib/python3.12/site-packages/samuchair/jBNode.py;jb_callback;20;40;Comando Joystick Bluetooth: 0;JoystickBluetooth
1781781898.5236359;1781781898.522967;/home/samuchair/ros2_ws/install/samuchair/lib/python3.12/site-packages/samuchair/jBNode.py;jb_callback;20;40;Comando Joystick Bluetooth: 0;JoystickBluetooth
1781781898.5770998;1781781898.576965;/home/samuchair/ros2_ws/install/samuchair/lib/python3.12/site-packages/samuchair/jBNode.py;jb_callback;20;40;Comando Joystick Bluetooth: 0;JoystickBluetooth
1781781898.5782623;1781781898.5781345;/home/samuchair/ros2_ws/install/samuchair/lib/python3.12/site-packages/samuchair/jBNode.py;jb_callback;20;40;Comando Joystick Bluetooth: 0;JoystickBluetooth
1781781898.5837123;1781781898.583063;/home/samuchair/ros2_ws/install/samuchair/lib/python3.12/site-packages/samuchair/jBNode.py;jb_callback;20;40;Comando Joystick Bluetooth: 0;JoystickBluetooth
1781781898.6363926;1781781898.6356509;/home/samuchair/ros2_ws/install/samuchair/lib/python3.12/site-packages/samuchair/jBNode.py;jb_callback;20;40;Comando Joystick Bluetooth: 0;JoystickBluetooth
1781781898.879553;1781781898.8782668;/home/samuchair/ros2_ws/install/samuchair/lib/python3.12/site-packages/samuchair/jBNode.py;jb_callback;20;40;Comando Joystick Bluetooth: 0;JoystickBluetooth
1781781898.882762;1781781898.8825896;/home/samuchair/ros2_ws/install/samuchair/lib/python3.12/site-packages/samuchair/jBNode.py;jb_callback;20;40;Comando Joystick Bluetooth: 0;JoystickBluetooth
1781781899.0568354;1781781899.0556755;/home/samuchair/ros2_ws/install/samuchair/lib/python3.12/site-packages/samuchair/jBNode.py;jb_callback;20;40;Comando Joystick Bluetooth: 0;JoystickBluetooth
1781781899.0569534;1781781899.0568545;/home/samuchair/ros2_ws/install/samuchair/lib/python3.12/site-packages/samuchair/jBNode.py;jb_callback;20;40;Comando Joystick Bluetooth: 0;JoystickBluetooth
1781781899.0585194;1781781899.0583885;/home/samuchair/ros2_ws/install/samuchair/lib/python3.12/site-packages/samuchair/jBNode.py;jb_callback;20;40;Comando Joystick Bluetooth: 0;JoystickBluetooth
1781781899.059679;1781781899.0595574;/home/samuchair/ros2_ws/install/samuchair/lib/python3.12/site-packages/samuchair/jBNode.py;jb_callback;20;40;Comando Joystick Bluetooth: 0;JoystickBluetooth
1781781899.1179583;1781781899.1168146;/home/samuchair/ros2_ws/install/samuchair/lib/python3.12/site-packages/samuchair/jBNode.py;jb_callback;20;40;Comando Joystick Bluetooth: 0;JoystickBluetooth
1781781899.176404;1781781899.1756268;/home/samuchair/ros2_ws/install/samuchair/lib/python3.12/site-packages/samuchair/jBNode.py;jb_callback;20;40;Comando Joystick Bluetooth: 0;JoystickBluetooth
1781781899.321471;1781781899.3208067;/home/samuchair/ros2_ws/install/samuchair/lib/python3.12/site-packages/samuchair/jBNode.py;jb_callback;20;40;Comando Joystick Bluetooth: 0;JoystickBluetooth
1781781899.3219383;1781781899.3218417;/home/samuchair/ros2_ws/install/samuchair/lib/python3.12/site-packages/samuchair/jBNode.py;jb_callback;20;40;Comando Joystick Bluetooth: 0;JoystickBluetooth
1781781903.1409087;1781781903.1407883;/home/samuchair/ros2_ws/install/samuchair/lib/python3.12/site-packages/samuchair/secondarytaskNode.py;timer_callback;20;282;Publicado: "0";ST
1781781903.1419423;1781781903.1418436;/home/samuchair/ros2_ws/install/samuchair/lib/python3.12/site-packages/samuchair/secondarytaskNode.py;start_random_timer;20;235;Dato publicado ST (ms): 14501;ST
1781781908.6393023;1781781908.6391802;/home/samuchair/ros2_ws/install/samuchair/lib/python3.12/site-packages/samuchair/secondarytaskNode.py;timer_lectura;20;250; Timeout (ms): 5000;ST
1781781918.107187;1781781918.107008;/home/samuchair/ros2_ws/install/samuchair/lib/python3.12/site-packages/samuchair/secondarytaskNode.py;timer_callback;20;282;Publicado: "1";ST
1781781918.1082797;1781781918.1081777;/home/samuchair/ros2_ws/install/samuchair/lib/python3.12/site-packages/samuchair/secondarytaskNode.py;start_random_timer;20;235;Dato publicado ST (ms): 13901;ST
1781781923.639254;1781781923.6391377;/home/samuchair/ros2_ws/install/samuchair/lib/python3.12/site-packages/samuchair/secondarytaskNode.py;timer_lectura;20;250; Timeout (ms): 5000;ST
1781781932.4811926;1781781932.481072;/home/samuchair/ros2_ws/install/samuchair/lib/python3.12/site-packages/samuchair/secondarytaskNode.py;timer_callback;20;282;Publicado: "0";ST
1781781932.4822683;1781781932.482144;/home/samuchair/ros2_ws/install/samuchair/lib/python3.12/site-packages/samuchair/secondarytaskNode.py;start_random_timer;20;235;Dato publicado ST (ms): 11683;ST
1781781937.6392243;1781781937.6391134;/home/samuchair/ros2_ws/install/samuchair/lib/python3.12/site-packages/samuchair/secondarytaskNode.py;timer_lectura;20;250; Timeout (ms): 5000;ST
1781781944.6312509;1781781944.6311154;/home/samuchair/ros2_ws/install/samuchair/lib/python3.12/site-packages/samuchair/secondarytaskNode.py;timer_callback;20;282;Publicado: "0";ST
1781781944.6323876;1781781944.6322668;/home/samuchair/ros2_ws/install/samuchair/lib/python3.12/site-packages/samuchair/secondarytaskNode.py;start_random_timer;20;235;Dato publicado ST (ms): 5308;ST
1781781949.6404402;1781781949.6392868;/home/samuchair/ros2_ws/install/samuchair/lib/python3.12/site-packages/samuchair/secondarytaskNode.py;timer_lectura;20;250; Timeout (ms): 5000;ST
1781781950.4075217;1781781950.4074113;/home/samuchair/ros2_ws/install/samuchair/lib/python3.12/site-packages/samuchair/secondarytaskNode.py;timer_callback;20;282;Publicado: "1";ST
1781781950.4121103;1781781950.408297;/home/samuchair/ros2_ws/install/samuchair/lib/python3.12/site-packages/samuchair/secondarytaskNode.py;start_random_timer;20;235;Dato publicado ST (ms): 12677;ST
1781781955.6409314;1781781955.6407816;/home/samuchair/ros2_ws/install/samuchair/lib/python3.12/site-packages/samuchair/secondarytaskNode.py;timer_lectura;20;250; Timeout (ms): 5000;ST
1781781958.0147321;1781781958.013967;/home/samuchair/ros2_ws/install/samuchair/lib/python3.12/site-packages/samuchair/movilNode.py;timer_callback;20;300;Dato publicado Fase Ejecucion: 30;Movil
1781781958.0184615;1781781958.0164623;/home/samuchair/ros2_ws/install/samuchair/lib/python3.12/site-packages/samuchair/mainNode.py;callback_subMovilEjecucion;20;324;Comando Movil Ejecucion: 30;mainNode
