"log_time_s","publish_time_s","file","function","level","line","msg","name"
"1773664079.0548885","1773664079.0548694","./src/rosbag2_transport/recorder.cpp","subscribe_topic","20","569","Subscribed to topic '/rosout'","rosbag2_recorder"
"1773664079.057032","1773664079.0570083","./src/rosbag2_transport/recorder.cpp","subscribe_topic","20","569","Subscribed to topic '/events/write_split'","rosbag2_recorder"
"1773664079.057209","1773664079.0571935","./src/rosbag2_transport/recorder.cpp","record","20","365","Recording...","rosbag2_recorder"
"1773664079.124685","1773664079.0141437","./src/rosbag2_transport/recorder.cpp","RecorderImpl","20","190","Press SPACE for pausing/resuming","rosbag2_recorder"
"1773664079.1247091","1773664079.0486248","./src/rosbag2_transport/recorder.cpp","record","20","353","Listening for topics...","rosbag2_recorder"
"1773664079.1247141","1773664079.0486786","./src/rosbag2_transport/recorder.cpp","event_publisher_thread_main","20","371","Event publisher thread: Starting","rosbag2_recorder"
"1773664079.1714485","1773664079.1714163","./src/rosbag2_transport/recorder.cpp","subscribe_topic","20","569","Subscribed to topic '/right_wheel_steps'","rosbag2_recorder"
"1773664079.1743295","1773664079.1743011","./src/rosbag2_transport/recorder.cpp","subscribe_topic","20","569","Subscribed to topic '/tipo_exp'","rosbag2_recorder"
"1773664079.1750338","1773664076.6073987","/home/samuchair/ros2_ws/install/samuchair/lib/python3.12/site-packages/samuchair/esp32Node.py","connect","20","56","ESP32 : CONNECTED","sensorHallyPot"
"1773664079.1758502","1773664079.175826","./src/rosbag2_transport/recorder.cpp","subscribe_topic","20","569","Subscribed to topic '/Ejecucion'","rosbag2_recorder"
"1773664079.1784275","1773664076.892657","/home/samuchair/ros2_ws/install/samuchair/lib/python3.12/site-packages/samuchair/opasistidaNode.py","update_tactil_der","20","90","Dato publicado tactil derecha: 0","opasistidaNode"
"1773664079.1784372","1773664076.893488","/home/samuchair/ros2_ws/install/samuchair/lib/python3.12/site-packages/samuchair/opasistidaNode.py","timer_callback","20","109","Dato publicado Navegación Táctil:0","opasistidaNode"
"1773664079.1784399","1773664077.7227209","/home/samuchair/ros2_ws/install/samuchair/lib/python3.12/site-packages/samuchair/opasistidaNode.py","update_pot","20","147","Dato publicado potenciometro: 0","opasistidaNode"
"1773664079.1784527","1773664078.7222753","/home/samuchair/ros2_ws/install/samuchair/lib/python3.12/site-packages/samuchair/opasistidaNode.py","update_pot","20","147","Dato publicado potenciometro: 1","opasistidaNode"
"1773664079.1794443","1773664079.1794155","./src/rosbag2_transport/recorder.cpp","subscribe_topic","20","569","Subscribed to topic '/parameter_events'","rosbag2_recorder"
"1773664079.181583","1773664078.5527806","/home/samuchair/ros2_ws/install/samuchair/lib/python3.12/site-packages/samuchair/movilNode.py","first_connection","20","220","Conexion Movil : CONNECTED","Movil"
"1773664079.1823685","1773664079.182341","./src/rosbag2_transport/recorder.cpp","subscribe_topic","20","569","Subscribed to topic '/tipo_exp_int'","rosbag2_recorder"
"1773664079.1838887","1773664079.1838655","./src/rosbag2_transport/recorder.cpp","subscribe_topic","20","569","Subscribed to topic '/Movil_status'","rosbag2_recorder"
"1773664079.185625","1773664079.1856022","./src/rosbag2_transport/recorder.cpp","subscribe_topic","20","569","Subscribed to topic '/modo_exp'","rosbag2_recorder"
"1773664079.1871157","1773664079.187088","./src/rosbag2_transport/recorder.cpp","subscribe_topic","20","569","Subscribed to topic '/modo_exp_int'","rosbag2_recorder"
"1773664079.1890316","1773664079.189003","./src/rosbag2_transport/recorder.cpp","subscribe_topic","20","569","Subscribed to topic '/name_movil_hash'","rosbag2_recorder"
"1773664079.1905963","1773664079.1905732","./src/rosbag2_transport/recorder.cpp","subscribe_topic","20","569","Subscribed to topic '/esp32_status'","rosbag2_recorder"
"1773664079.1925197","1773664079.1924512","./src/rosbag2_transport/recorder.cpp","subscribe_topic","20","569","Subscribed to topic '/left_wheel_steps'","rosbag2_recorder"
"1773664079.194114","1773664079.194088","./src/rosbag2_transport/recorder.cpp","subscribe_topic","20","569","Subscribed to topic '/name_movil'","rosbag2_recorder"
"1773664079.1959157","1773664079.1958895","./src/rosbag2_transport/recorder.cpp","subscribe_topic","20","569","Subscribed to topic '/op_manual_asistida'","rosbag2_recorder"
"1773664079.1972487","1773664079.1972256","./src/rosbag2_transport/recorder.cpp","subscribe_topic","20","569","Subscribed to topic '/pot_esp32'","rosbag2_recorder"
"1773664079.7087452","1773664079.7087197","./src/rosbag2_transport/recorder.cpp","subscribe_topic","20","569","Subscribed to topic '/tactil_izq'","rosbag2_recorder"
"1773664079.7136815","1773664079.7136502","./src/rosbag2_transport/recorder.cpp","subscribe_topic","20","569","Subscribed to topic '/arduino_status'","rosbag2_recorder"
"1773664079.7153623","1773664079.715337","./src/rosbag2_transport/recorder.cpp","subscribe_topic","20","569","Subscribed to topic '/tactil_der'","rosbag2_recorder"
"1773664079.8189452","1773664079.8189127","./src/rosbag2_transport/recorder.cpp","subscribe_topic","20","569","Subscribed to topic '/jBnode'","rosbag2_recorder"
"1773664080.635364","1773664080.6353335","./src/rosbag2_transport/recorder.cpp","subscribe_topic","20","569","Subscribed to topic '/diff_time'","rosbag2_recorder"
"1773664080.6376636","1773664080.6376257","./src/rosbag2_transport/recorder.cpp","subscribe_topic","20","569","Subscribed to topic '/Headphones_status'","rosbag2_recorder"
"1773664080.639829","1773664080.6398032","./src/rosbag2_transport/recorder.cpp","subscribe_topic","20","569","Subscribed to topic '/Attended'","rosbag2_recorder"
"1773664080.642168","1773664080.6421373","./src/rosbag2_transport/recorder.cpp","subscribe_topic","20","569","Subscribed to topic '/random_time'","rosbag2_recorder"
"1773664080.6645555","1773664076.9449015","/home/samuchair/ros2_ws/install/samuchair/lib/python3.12/site-packages/samuchair/secondarytaskNode.py","initConnection","20","184","AURICULARES : CONNECTED","ST"
"1773664081.869266","1773664081.869228","./src/rosbag2_transport/recorder.cpp","subscribe_topic","20","569","Subscribed to topic '/frame'","rosbag2_recorder"
"1773664081.871738","1773664081.8716981","./src/rosbag2_transport/recorder.cpp","subscribe_topic","20","569","Subscribed to topic '/webcam_status'","rosbag2_recorder"
"1773664084.1569204","1773664084.1567636","/home/samuchair/ros2_ws/install/samuchair/lib/python3.12/site-packages/samuchair/webcamNode.py","connect","20","54","Webcam : CONNECTED","webcam"
"1773664086.5029185","1773664086.502738","/home/samuchair/ros2_ws/install/samuchair/lib/python3.12/site-packages/samuchair/alarmNode.py","arduinoCallback","40","73","No hay conexión con el Arduino","alarmNode"
"1773664086.504124","1773664086.5039167","/home/samuchair/ros2_ws/install/samuchair/lib/python3.12/site-packages/samuchair/arduinoNode.py","secuencia_conexion","20","56","Arduino : DISCONNECTED","Joystick"
"1773664097.873162","1773664097.8721893","/home/samuchair/ros2_ws/install/samuchair/lib/python3.12/site-packages/samuchair/arduinoNode.py","secuencia_conexion","20","56","Arduino : DISCONNECTED","Joystick"
"1773664097.8731985","1773664097.8724537","/home/samuchair/ros2_ws/install/samuchair/lib/python3.12/site-packages/samuchair/alarmNode.py","arduinoCallback","40","73","No hay conexión con el Arduino","alarmNode"
"1773664100.0800486","1773664100.0798676","/home/samuchair/ros2_ws/install/samuchair/lib/python3.12/site-packages/samuchair/arduinoNode.py","secuencia_conexion","20","56","Arduino : CONNECTED","Joystick"
"1773664116.722392","1773664116.7222118","/home/samuchair/ros2_ws/install/samuchair/lib/python3.12/site-packages/samuchair/opasistidaNode.py","update_pot","20","147","Dato publicado potenciometro: 1","opasistidaNode"
"1773664117.7225256","1773664117.7223792","/home/samuchair/ros2_ws/install/samuchair/lib/python3.12/site-packages/samuchair/opasistidaNode.py","update_pot","20","147","Dato publicado potenciometro: 1","opasistidaNode"
"1773664122.0687897","1773664122.06864","/home/samuchair/ros2_ws/install/samuchair/lib/python3.12/site-packages/samuchair/movilNode.py","timer_callback","20","300","Dato publicado Fase Ejecucion: 20","Movil"
"1773664122.0926898","1773664122.0925045","/home/samuchair/ros2_ws/install/samuchair/lib/python3.12/site-packages/samuchair/mainNode.py","callback_subMovilEjecucion","20","149","Comando Movil Ejecucion: 20","mainNode"
"1773664122.297875","1773664122.297782","/home/samuchair/ros2_ws/install/samuchair/lib/python3.12/site-packages/samuchair/webcamNode.py","timer_callback","20","104","Frame: 1","webcam"
"1773664122.2985873","1773664122.2985077","/home/samuchair/ros2_ws/install/samuchair/lib/python3.12/site-packages/samuchair/webcamNode.py","timer_callback","20","113","Webcam : CONNECTED","webcam"
"1773664124.2940266","1773664124.2939355","/home/samuchair/ros2_ws/install/samuchair/lib/python3.12/site-packages/samuchair/webcamNode.py","timer_callback","20","104","Frame: 2","webcam"
"1773664124.294785","1773664124.2947075","/home/samuchair/ros2_ws/install/samuchair/lib/python3.12/site-packages/samuchair/webcamNode.py","timer_callback","20","113","Webcam : CONNECTED","webcam"
"1773664125.8233109","1773664125.8231857","/home/samuchair/ros2_ws/install/samuchair/lib/python3.12/site-packages/samuchair/opasistidaNode.py","update_tactil_izq","20","85","Dato publicado tactil izquierda: 1","opasistidaNode"
"1773664125.824437","1773664125.8243086","/home/samuchair/ros2_ws/install/samuchair/lib/python3.12/site-packages/samuchair/opasistidaNode.py","timer_callback","20","109","Dato publicado Navegación Táctil:9","opasistidaNode"
"1773664125.9234612","1773664125.9233358","/home/samuchair/ros2_ws/install/samuchair/lib/python3.12/site-packages/samuchair/opasistidaNode.py","update_tactil_der","20","90","Dato publicado tactil derecha: 1","opasistidaNode"
"1773664125.9245322","1773664125.9243827","/home/samuchair/ros2_ws/install/samuchair/lib/python3.12/site-packages/samuchair/opasistidaNode.py","timer_callback","20","109","Dato publicado Navegación Táctil:0","opasistidaNode"
"1773664126.2940006","1773664126.293911","/home/samuchair/ros2_ws/install/samuchair/lib/python3.12/site-packages/samuchair/webcamNode.py","timer_callback","20","104","Frame: 3","webcam"
"1773664126.294652","1773664126.2945728","/home/samuchair/ros2_ws/install/samuchair/lib/python3.12/site-packages/samuchair/webcamNode.py","timer_callback","20","113","Webcam : CONNECTED","webcam"
"1773664127.8234608","1773664127.8233352","/home/samuchair/ros2_ws/install/samuchair/lib/python3.12/site-packages/samuchair/opasistidaNode.py","update_tactil_izq","20","85","Dato publicado tactil izquierda: 0","opasistidaNode"
"1773664127.8245661","1773664127.8244345","/home/samuchair/ros2_ws/install/samuchair/lib/python3.12/site-packages/samuchair/opasistidaNode.py","timer_callback","20","109","Dato publicado Navegación Táctil:6","opasistidaNode"
"1773664127.8736105","1773664127.8734975","/home/samuchair/ros2_ws/install/samuchair/lib/python3.12/site-packages/samuchair/opasistidaNode.py","update_tactil_der","20","90","Dato publicado tactil derecha: 0","opasistidaNode"
"1773664127.8747091","1773664127.8745804","/home/samuchair/ros2_ws/install/samuchair/lib/python3.12/site-packages/samuchair/opasistidaNode.py","timer_callback","20","109","Dato publicado Navegación Táctil:0","opasistidaNode"
"1773664128.2940292","1773664128.2939346","/home/samuchair/ros2_ws/install/samuchair/lib/python3.12/site-packages/samuchair/webcamNode.py","timer_callback","20","104","Frame: 4","webcam"
"1773664128.294791","1773664128.29471","/home/samuchair/ros2_ws/install/samuchair/lib/python3.12/site-packages/samuchair/webcamNode.py","timer_callback","20","113","Webcam : CONNECTED","webcam"
"1773664128.7225993","1773664128.7224283","/home/samuchair/ros2_ws/install/samuchair/lib/python3.12/site-packages/samuchair/opasistidaNode.py","update_pot","20","147","Dato publicado potenciometro: 2","opasistidaNode"
"1773664129.1734576","1773664129.173335","/home/samuchair/ros2_ws/install/samuchair/lib/python3.12/site-packages/samuchair/opasistidaNode.py","update_tactil_izq","20","85","Dato publicado tactil izquierda: 1","opasistidaNode"
"1773664129.1746097","1773664129.1744845","/home/samuchair/ros2_ws/install/samuchair/lib/python3.12/site-packages/samuchair/opasistidaNode.py","timer_callback","20","109","Dato publicado Navegación Táctil:10","opasistidaNode"
"1773664129.2235944","1773664129.2234778","/home/samuchair/ros2_ws/install/samuchair/lib/python3.12/site-packages/samuchair/opasistidaNode.py","update_tactil_der","20","90","Dato publicado tactil derecha: 1","opasistidaNode"
"1773664129.224726","1773664129.2245965","/home/samuchair/ros2_ws/install/samuchair/lib/python3.12/site-packages/samuchair/opasistidaNode.py","timer_callback","20","109","Dato publicado Navegación Táctil:3","opasistidaNode"
"1773664130.2938805","1773664130.2937975","/home/samuchair/ros2_ws/install/samuchair/lib/python3.12/site-packages/samuchair/webcamNode.py","timer_callback","20","104","Frame: 5","webcam"
"1773664130.2945378","1773664130.2944264","/home/samuchair/ros2_ws/install/samuchair/lib/python3.12/site-packages/samuchair/webcamNode.py","timer_callback","20","113","Webcam : CONNECTED","webcam"
"1773664131.023315","1773664131.023207","/home/samuchair/ros2_ws/install/samuchair/lib/python3.12/site-packages/samuchair/opasistidaNode.py","update_tactil_izq","20","85","Dato publicado tactil izquierda: 0","opasistidaNode"
"1773664131.024397","1773664131.0242686","/home/samuchair/ros2_ws/install/samuchair/lib/python3.12/site-packages/samuchair/opasistidaNode.py","timer_callback","20","109","Dato publicado Navegación Táctil:12","opasistidaNode"
"1773664131.1235807","1773664131.1234496","/home/samuchair/ros2_ws/install/samuchair/lib/python3.12/site-packages/samuchair/opasistidaNode.py","update_tactil_der","20","90","Dato publicado tactil derecha: 0","opasistidaNode"
"1773664131.1247864","1773664131.124623","/home/samuchair/ros2_ws/install/samuchair/lib/python3.12/site-packages/samuchair/opasistidaNode.py","timer_callback","20","109","Dato publicado Navegación Táctil:0","opasistidaNode"
"1773664131.4734933","1773664131.4733517","/home/samuchair/ros2_ws/install/samuchair/lib/python3.12/site-packages/samuchair/opasistidaNode.py","update_tactil_izq","20","85","Dato publicado tactil izquierda: 1","opasistidaNode"
"1773664131.4746473","1773664131.4744873","/home/samuchair/ros2_ws/install/samuchair/lib/python3.12/site-packages/samuchair/opasistidaNode.py","timer_callback","20","109","Dato publicado Navegación Táctil:10","opasistidaNode"
"1773664131.5735197","1773664131.5733817","/home/samuchair/ros2_ws/install/samuchair/lib/python3.12/site-packages/samuchair/opasistidaNode.py","update_tactil_der","20","90","Dato publicado tactil derecha: 1","opasistidaNode"
"1773664131.5745964","1773664131.574483","/home/samuchair/ros2_ws/install/samuchair/lib/python3.12/site-packages/samuchair/opasistidaNode.py","timer_callback","20","109","Dato publicado Navegación Táctil:3","opasistidaNode"
"1773664132.2955585","1773664132.295452","/home/samuchair/ros2_ws/install/samuchair/lib/python3.12/site-packages/samuchair/webcamNode.py","timer_callback","20","104","Frame: 6","webcam"
"1773664132.296311","1773664132.2962253","/home/samuchair/ros2_ws/install/samuchair/lib/python3.12/site-packages/samuchair/webcamNode.py","timer_callback","20","113","Webcam : CONNECTED","webcam"
"1773664134.2944236","1773664134.2943397","/home/samuchair/ros2_ws/install/samuchair/lib/python3.12/site-packages/samuchair/webcamNode.py","timer_callback","20","104","Frame: 7","webcam"
"1773664134.2950876","1773664134.2950113","/home/samuchair/ros2_ws/install/samuchair/lib/python3.12/site-packages/samuchair/webcamNode.py","timer_callback","20","113","Webcam : CONNECTED","webcam"
"1773664136.2938578","1773664136.2937672","/home/samuchair/ros2_ws/install/samuchair/lib/python3.12/site-packages/samuchair/webcamNode.py","timer_callback","20","104","Frame: 8","webcam"
"1773664136.2946405","1773664136.2945502","/home/samuchair/ros2_ws/install/samuchair/lib/python3.12/site-packages/samuchair/webcamNode.py","timer_callback","20","113","Webcam : CONNECTED","webcam"
"1773664138.293999","1773664138.2939048","/home/samuchair/ros2_ws/install/samuchair/lib/python3.12/site-packages/samuchair/webcamNode.py","timer_callback","20","104","Frame: 9","webcam"
"1773664138.294666","1773664138.294564","/home/samuchair/ros2_ws/install/samuchair/lib/python3.12/site-packages/samuchair/webcamNode.py","timer_callback","20","113","Webcam : CONNECTED","webcam"
"1773664140.29354","1773664140.2934322","/home/samuchair/ros2_ws/install/samuchair/lib/python3.12/site-packages/samuchair/webcamNode.py","timer_callback","20","104","Frame: 10","webcam"
"1773664140.2942717","1773664140.2941937","/home/samuchair/ros2_ws/install/samuchair/lib/python3.12/site-packages/samuchair/webcamNode.py","timer_callback","20","113","Webcam : CONNECTED","webcam"
"1773664141.8234797","1773664141.823348","/home/samuchair/ros2_ws/install/samuchair/lib/python3.12/site-packages/samuchair/opasistidaNode.py","update_tactil_izq","20","85","Dato publicado tactil izquierda: 0","opasistidaNode"
"1773664141.8245745","1773664141.824439","/home/samuchair/ros2_ws/install/samuchair/lib/python3.12/site-packages/samuchair/opasistidaNode.py","timer_callback","20","109","Dato publicado Navegación Táctil:12","opasistidaNode"
"1773664141.923441","1773664141.9233165","/home/samuchair/ros2_ws/install/samuchair/lib/python3.12/site-packages/samuchair/opasistidaNode.py","update_tactil_der","20","90","Dato publicado tactil derecha: 0","opasistidaNode"
"1773664141.924587","1773664141.9244444","/home/samuchair/ros2_ws/install/samuchair/lib/python3.12/site-packages/samuchair/opasistidaNode.py","timer_callback","20","109","Dato publicado Navegación Táctil:0","opasistidaNode"
"1773664142.2944276","1773664142.294347","/home/samuchair/ros2_ws/install/samuchair/lib/python3.12/site-packages/samuchair/webcamNode.py","timer_callback","20","104","Frame: 11","webcam"
"1773664142.2950854","1773664142.2950075","/home/samuchair/ros2_ws/install/samuchair/lib/python3.12/site-packages/samuchair/webcamNode.py","timer_callback","20","113","Webcam : CONNECTED","webcam"
"1773664142.4733467","1773664142.4732292","/home/samuchair/ros2_ws/install/samuchair/lib/python3.12/site-packages/samuchair/opasistidaNode.py","update_tactil_izq","20","85","Dato publicado tactil izquierda: 1","opasistidaNode"
"1773664142.4743829","1773664142.4742563","/home/samuchair/ros2_ws/install/samuchair/lib/python3.12/site-packages/samuchair/opasistidaNode.py","timer_callback","20","109","Dato publicado Navegación Táctil:10","opasistidaNode"
"1773664142.8234522","1773664142.8233302","/home/samuchair/ros2_ws/install/samuchair/lib/python3.12/site-packages/samuchair/opasistidaNode.py","update_tactil_der","20","90","Dato publicado tactil derecha: 1","opasistidaNode"
"1773664142.8246057","1773664142.8244553","/home/samuchair/ros2_ws/install/samuchair/lib/python3.12/site-packages/samuchair/opasistidaNode.py","timer_callback","20","109","Dato publicado Navegación Táctil:3","opasistidaNode"
"1773664144.173433","1773664144.1733105","/home/samuchair/ros2_ws/install/samuchair/lib/python3.12/site-packages/samuchair/opasistidaNode.py","update_tactil_der","20","90","Dato publicado tactil derecha: 0","opasistidaNode"
"1773664144.1745765","1773664144.1743886","/home/samuchair/ros2_ws/install/samuchair/lib/python3.12/site-packages/samuchair/opasistidaNode.py","timer_callback","20","109","Dato publicado Navegación Táctil:10","opasistidaNode"
"1773664144.2939312","1773664144.2938337","/home/samuchair/ros2_ws/install/samuchair/lib/python3.12/site-packages/samuchair/webcamNode.py","timer_callback","20","104","Frame: 12","webcam"
"1773664144.2947307","1773664144.2946417","/home/samuchair/ros2_ws/install/samuchair/lib/python3.12/site-packages/samuchair/webcamNode.py","timer_callback","20","113","Webcam : CONNECTED","webcam"
"1773664144.6235437","1773664144.6234076","/home/samuchair/ros2_ws/install/samuchair/lib/python3.12/site-packages/samuchair/opasistidaNode.py","update_tactil_izq","20","85","Dato publicado tactil izquierda: 0","opasistidaNode"
"1773664144.6245906","1773664144.6244597","/home/samuchair/ros2_ws/install/samuchair/lib/python3.12/site-packages/samuchair/opasistidaNode.py","timer_callback","20","109","Dato publicado Navegación Táctil:0","opasistidaNode"
"1773664145.573629","1773664145.5734973","/home/samuchair/ros2_ws/install/samuchair/lib/python3.12/site-packages/samuchair/opasistidaNode.py","update_tactil_izq","20","85","Dato publicado tactil izquierda: 1","opasistidaNode"
"1773664145.5747364","1773664145.5746088","/home/samuchair/ros2_ws/install/samuchair/lib/python3.12/site-packages/samuchair/opasistidaNode.py","timer_callback","20","109","Dato publicado Navegación Táctil:10","opasistidaNode"
"1773664145.673574","1773664145.6734488","/home/samuchair/ros2_ws/install/samuchair/lib/python3.12/site-packages/samuchair/opasistidaNode.py","update_tactil_der","20","90","Dato publicado tactil derecha: 1","opasistidaNode"
"1773664145.674654","1773664145.6745322","/home/samuchair/ros2_ws/install/samuchair/lib/python3.12/site-packages/samuchair/opasistidaNode.py","timer_callback","20","109","Dato publicado Navegación Táctil:3","opasistidaNode"
"1773664146.2939353","1773664146.293842","/home/samuchair/ros2_ws/install/samuchair/lib/python3.12/site-packages/samuchair/webcamNode.py","timer_callback","20","104","Frame: 13","webcam"
"1773664146.2946076","1773664146.2945213","/home/samuchair/ros2_ws/install/samuchair/lib/python3.12/site-packages/samuchair/webcamNode.py","timer_callback","20","113","Webcam : CONNECTED","webcam"
"1773664146.5233545","1773664146.5232317","/home/samuchair/ros2_ws/install/samuchair/lib/python3.12/site-packages/samuchair/opasistidaNode.py","update_tactil_izq","20","85","Dato publicado tactil izquierda: 0","opasistidaNode"
"1773664146.5243778","1773664146.5242677","/home/samuchair/ros2_ws/install/samuchair/lib/python3.12/site-packages/samuchair/opasistidaNode.py","timer_callback","20","109","Dato publicado Navegación Táctil:12","opasistidaNode"
"1773664146.6235013","1773664146.6233659","/home/samuchair/ros2_ws/install/samuchair/lib/python3.12/site-packages/samuchair/opasistidaNode.py","update_tactil_der","20","90","Dato publicado tactil derecha: 0","opasistidaNode"
"1773664146.6247888","1773664146.6244373","/home/samuchair/ros2_ws/install/samuchair/lib/python3.12/site-packages/samuchair/opasistidaNode.py","timer_callback","20","109","Dato publicado Navegación Táctil:0","opasistidaNode"
"1773664148.2938037","1773664148.293672","/home/samuchair/ros2_ws/install/samuchair/lib/python3.12/site-packages/samuchair/webcamNode.py","timer_callback","20","104","Frame: 14","webcam"
"1773664148.2947774","1773664148.2945185","/home/samuchair/ros2_ws/install/samuchair/lib/python3.12/site-packages/samuchair/webcamNode.py","timer_callback","20","113","Webcam : CONNECTED","webcam"
"1773664150.0686636","1773664150.0685134","/home/samuchair/ros2_ws/install/samuchair/lib/python3.12/site-packages/samuchair/movilNode.py","timer_callback","20","300","Dato publicado Fase Ejecucion: 30","Movil"
"1773664150.068699","1773664150.0685651","/home/samuchair/ros2_ws/install/samuchair/lib/python3.12/site-packages/samuchair/mainNode.py","callback_subMovilEjecucion","20","149","Comando Movil Ejecucion: 30","mainNode"
"1773664172.1234915","1773664172.1233582","/home/samuchair/ros2_ws/install/samuchair/lib/python3.12/site-packages/samuchair/opasistidaNode.py","update_tactil_izq","20","85","Dato publicado tactil izquierda: 1","opasistidaNode"
"1773664172.1247313","1773664172.124432","/home/samuchair/ros2_ws/install/samuchair/lib/python3.12/site-packages/samuchair/opasistidaNode.py","timer_callback","20","109","Dato publicado Navegación Táctil:10","opasistidaNode"
"1773664172.1736438","1773664172.173529","/home/samuchair/ros2_ws/install/samuchair/lib/python3.12/site-packages/samuchair/opasistidaNode.py","update_tactil_der","20","90","Dato publicado tactil derecha: 1","opasistidaNode"
"1773664172.175175","1773664172.174611","/home/samuchair/ros2_ws/install/samuchair/lib/python3.12/site-packages/samuchair/opasistidaNode.py","timer_callback","20","109","Dato publicado Navegación Táctil:3","opasistidaNode"
"1773664175.4234505","1773664175.4233265","/home/samuchair/ros2_ws/install/samuchair/lib/python3.12/site-packages/samuchair/opasistidaNode.py","update_tactil_izq","20","85","Dato publicado tactil izquierda: 0","opasistidaNode"
"1773664175.424567","1773664175.4244235","/home/samuchair/ros2_ws/install/samuchair/lib/python3.12/site-packages/samuchair/opasistidaNode.py","timer_callback","20","109","Dato publicado Navegación Táctil:12","opasistidaNode"
"1773664176.7235453","1773664176.7234142","/home/samuchair/ros2_ws/install/samuchair/lib/python3.12/site-packages/samuchair/opasistidaNode.py","update_tactil_der","20","90","Dato publicado tactil derecha: 0","opasistidaNode"
"1773664176.7246015","1773664176.7244937","/home/samuchair/ros2_ws/install/samuchair/lib/python3.12/site-packages/samuchair/opasistidaNode.py","timer_callback","20","109","Dato publicado Navegación Táctil:0","opasistidaNode"
"1773664177.7226014","1773664177.7224388","/home/samuchair/ros2_ws/install/samuchair/lib/python3.12/site-packages/samuchair/opasistidaNode.py","update_pot","20","147","Dato publicado potenciometro: 1","opasistidaNode"
"1773664178.473478","1773664178.4733374","/home/samuchair/ros2_ws/install/samuchair/lib/python3.12/site-packages/samuchair/opasistidaNode.py","update_tactil_izq","20","85","Dato publicado tactil izquierda: 1","opasistidaNode"
"1773664178.4745636","1773664178.474432","/home/samuchair/ros2_ws/install/samuchair/lib/python3.12/site-packages/samuchair/opasistidaNode.py","timer_callback","20","109","Dato publicado Navegación Táctil:9","opasistidaNode"
"1773664178.57365","1773664178.5735266","/home/samuchair/ros2_ws/install/samuchair/lib/python3.12/site-packages/samuchair/opasistidaNode.py","update_tactil_der","20","90","Dato publicado tactil derecha: 1","opasistidaNode"
"1773664178.5751007","1773664178.5746307","/home/samuchair/ros2_ws/install/samuchair/lib/python3.12/site-packages/samuchair/opasistidaNode.py","timer_callback","20","109","Dato publicado Navegación Táctil:0","opasistidaNode"
"1773664178.722858","1773664178.7227223","/home/samuchair/ros2_ws/install/samuchair/lib/python3.12/site-packages/samuchair/opasistidaNode.py","timer_callback","20","109","Dato publicado Navegación Táctil:5","opasistidaNode"
"1773664178.7237678","1773664178.7236602","/home/samuchair/ros2_ws/install/samuchair/lib/python3.12/site-packages/samuchair/opasistidaNode.py","update_pot","20","147","Dato publicado potenciometro: 0","opasistidaNode"
"1773664180.47337","1773664180.473249","/home/samuchair/ros2_ws/install/samuchair/lib/python3.12/site-packages/samuchair/opasistidaNode.py","update_tactil_izq","20","85","Dato publicado tactil izquierda: 0","opasistidaNode"
"1773664180.474416","1773664180.4743054","/home/samuchair/ros2_ws/install/samuchair/lib/python3.12/site-packages/samuchair/opasistidaNode.py","timer_callback","20","109","Dato publicado Navegación Táctil:17","opasistidaNode"
"1773664180.573449","1773664180.573327","/home/samuchair/ros2_ws/install/samuchair/lib/python3.12/site-packages/samuchair/opasistidaNode.py","update_tactil_der","20","90","Dato publicado tactil derecha: 0","opasistidaNode"
"1773664180.5744963","1773664180.5743692","/home/samuchair/ros2_ws/install/samuchair/lib/python3.12/site-packages/samuchair/opasistidaNode.py","timer_callback","20","109","Dato publicado Navegación Táctil:0","opasistidaNode"
"1773664183.8234894","1773664183.823357","/home/samuchair/ros2_ws/install/samuchair/lib/python3.12/site-packages/samuchair/opasistidaNode.py","update_tactil_izq","20","85","Dato publicado tactil izquierda: 1","opasistidaNode"
"1773664183.8245955","1773664183.8244753","/home/samuchair/ros2_ws/install/samuchair/lib/python3.12/site-packages/samuchair/opasistidaNode.py","timer_callback","20","109","Dato publicado Navegación Táctil:15","opasistidaNode"
"1773664183.9238539","1773664183.92369","/home/samuchair/ros2_ws/install/samuchair/lib/python3.12/site-packages/samuchair/opasistidaNode.py","update_tactil_der","20","90","Dato publicado tactil derecha: 1","opasistidaNode"
"1773664183.9251132","1773664183.924976","/home/samuchair/ros2_ws/install/samuchair/lib/python3.12/site-packages/samuchair/opasistidaNode.py","timer_callback","20","109","Dato publicado Navegación Táctil:5","opasistidaNode"
"1773664184.9734426","1773664184.9733195","/home/samuchair/ros2_ws/install/samuchair/lib/python3.12/site-packages/samuchair/opasistidaNode.py","update_tactil_izq","20","85","Dato publicado tactil izquierda: 0","opasistidaNode"
"1773664184.9745357","1773664184.9744055","/home/samuchair/ros2_ws/install/samuchair/lib/python3.12/site-packages/samuchair/opasistidaNode.py","timer_callback","20","109","Dato publicado Navegación Táctil:17","opasistidaNode"
"1773664185.0235336","1773664185.0234132","/home/samuchair/ros2_ws/install/samuchair/lib/python3.12/site-packages/samuchair/opasistidaNode.py","update_tactil_der","20","90","Dato publicado tactil derecha: 0","opasistidaNode"
"1773664185.0245872","1773664185.0244558","/home/samuchair/ros2_ws/install/samuchair/lib/python3.12/site-packages/samuchair/opasistidaNode.py","timer_callback","20","109","Dato publicado Navegación Táctil:0","opasistidaNode"
"1773664190.5684","1773664190.5682833","/home/samuchair/ros2_ws/install/samuchair/lib/python3.12/site-packages/samuchair/movilNode.py","timer_callback","20","251","Dato publicado Nombre_Sujeto: MIGUELEAL","Movil"
"1773664190.5697725","1773664190.5696223","/home/samuchair/ros2_ws/install/samuchair/lib/python3.12/site-packages/samuchair/movilNode.py","timer_callback","20","257","Dato publicado Nombre_Sujeto_HASH: 219873942","Movil"
"1773664192.5696352","1773664192.5683317","/home/samuchair/ros2_ws/install/samuchair/lib/python3.12/site-packages/samuchair/movilNode.py","timer_callback","20","264","Dato publicado Tipo Experimento: Experimento 1","Movil"
"1773664192.5696862","1773664192.568619","/home/samuchair/ros2_ws/install/samuchair/lib/python3.12/site-packages/samuchair/secondarytaskNode.py","sus_function","20","192","Mensaje recibido: Experimento 1","ST"
"1773664192.5696962","1773664192.5686717","/home/samuchair/ros2_ws/install/samuchair/lib/python3.12/site-packages/samuchair/mainNode.py","callback_subMovilTipo","20","107","Comando Movil Tipo: Experimento 1","mainNode"
"1773664192.5697165","1773664192.5696077","/home/samuchair/ros2_ws/install/samuchair/lib/python3.12/site-packages/samuchair/movilNode.py","timer_callback","20","269","Dato publicado Tipo Experimento Int: 1","Movil"
"1773664195.0685852","1773664195.068323","/home/samuchair/ros2_ws/install/samuchair/lib/python3.12/site-packages/samuchair/movilNode.py","timer_callback","20","276","Dato publicado Modo: Modo:2","Movil"
"1773664195.0694985","1773664195.0689209","/home/samuchair/ros2_ws/install/samuchair/lib/python3.12/site-packages/samuchair/mainNode.py","callback_subMovilModo","20","134","Comando Movil Modo: Modo:2","mainNode"
"1773664195.0699809","1773664195.0698586","/home/samuchair/ros2_ws/install/samuchair/lib/python3.12/site-packages/samuchair/movilNode.py","timer_callback","20","281","Dato publicado Modo Int: 2","Movil"
"1773664195.5688999","1773664195.568712","/home/samuchair/ros2_ws/install/samuchair/lib/python3.12/site-packages/samuchair/mainNode.py","callback_subMovilEjecucion","20","149","Comando Movil Ejecucion: 20","mainNode"
"1773664195.568929","1773664195.568744","/home/samuchair/ros2_ws/install/samuchair/lib/python3.12/site-packages/samuchair/movilNode.py","timer_callback","20","300","Dato publicado Fase Ejecucion: 20","Movil"
"1773664196.2934582","1773664196.2933812","/home/samuchair/ros2_ws/install/samuchair/lib/python3.12/site-packages/samuchair/webcamNode.py","timer_callback","20","104","Frame: 1","webcam"
"1773664196.2941093","1773664196.2940183","/home/samuchair/ros2_ws/install/samuchair/lib/python3.12/site-packages/samuchair/webcamNode.py","timer_callback","20","113","Webcam : CONNECTED","webcam"
"1773664198.1234982","1773664198.123378","/home/samuchair/ros2_ws/install/samuchair/lib/python3.12/site-packages/samuchair/opasistidaNode.py","update_tactil_izq","20","85","Dato publicado tactil izquierda: 1","opasistidaNode"
"1773664198.1245918","1773664198.124448","/home/samuchair/ros2_ws/install/samuchair/lib/python3.12/site-packages/samuchair/opasistidaNode.py","timer_callback","20","109","Dato publicado Navegación Táctil:15","opasistidaNode"
"1773664198.2233427","1773664198.2232244","/home/samuchair/ros2_ws/install/samuchair/lib/python3.12/site-packages/samuchair/opasistidaNode.py","update_tactil_der","20","90","Dato publicado tactil derecha: 1","opasistidaNode"
"1773664198.2246413","1773664198.2243145","/home/samuchair/ros2_ws/install/samuchair/lib/python3.12/site-packages/samuchair/opasistidaNode.py","timer_callback","20","109","Dato publicado Navegación Táctil:5","opasistidaNode"
"1773664198.2935352","1773664198.2934322","/home/samuchair/ros2_ws/install/samuchair/lib/python3.12/site-packages/samuchair/webcamNode.py","timer_callback","20","104","Frame: 2","webcam"
"1773664198.2942681","1773664198.2941988","/home/samuchair/ros2_ws/install/samuchair/lib/python3.12/site-packages/samuchair/webcamNode.py","timer_callback","20","113","Webcam : CONNECTED","webcam"
"1773664199.7235613","1773664199.7234395","/home/samuchair/ros2_ws/install/samuchair/lib/python3.12/site-packages/samuchair/opasistidaNode.py","update_tactil_izq","20","85","Dato publicado tactil izquierda: 0","opasistidaNode"
"1773664199.7246466","1773664199.7245443","/home/samuchair/ros2_ws/install/samuchair/lib/python3.12/site-packages/samuchair/opasistidaNode.py","timer_callback","20","109","Dato publicado Navegación Táctil:17","opasistidaNode"
"1773664199.773515","1773664199.7733774","/home/samuchair/ros2_ws/install/samuchair/lib/python3.12/site-packages/samuchair/opasistidaNode.py","update_tactil_der","20","90","Dato publicado tactil derecha: 0","opasistidaNode"
"1773664199.7746606","1773664199.7745516","/home/samuchair/ros2_ws/install/samuchair/lib/python3.12/site-packages/samuchair/opasistidaNode.py","timer_callback","20","109","Dato publicado Navegación Táctil:0","opasistidaNode"
"1773664200.137074","1773664200.1369503","/home/samuchair/ros2_ws/install/samuchair/lib/python3.12/site-packages/samuchair/secondarytaskNode.py","timer_callback","20","248","Publicado: ""0""","ST"
"1773664200.138013","1773664200.1379304","/home/samuchair/ros2_ws/install/samuchair/lib/python3.12/site-packages/samuchair/secondarytaskNode.py","start_random_timer","20","207","Dato publicado ST (ms): 10435","ST"
"1773664200.293695","1773664200.293616","/home/samuchair/ros2_ws/install/samuchair/lib/python3.12/site-packages/samuchair/webcamNode.py","timer_callback","20","104","Frame: 3","webcam"
"1773664200.2943552","1773664200.2942781","/home/samuchair/ros2_ws/install/samuchair/lib/python3.12/site-packages/samuchair/webcamNode.py","timer_callback","20","113","Webcam : CONNECTED","webcam"
"1773664200.7348247","1773664200.7347283","/home/samuchair/ros2_ws/install/samuchair/lib/python3.12/site-packages/samuchair/secondarytaskNode.py","timer_lectura","20","231","Dato medido ST (ms): 32","ST"
"1773664201.7224782","1773664201.7223258","/home/samuchair/ros2_ws/install/samuchair/lib/python3.12/site-packages/samuchair/opasistidaNode.py","update_pot","20","147","Dato publicado potenciometro: 2","opasistidaNode"
"1773664202.0233371","1773664202.0232298","/home/samuchair/ros2_ws/install/samuchair/lib/python3.12/site-packages/samuchair/opasistidaNode.py","update_tactil_izq","20","85","Dato publicado tactil izquierda: 1","opasistidaNode"
"1773664202.0251906","1773664202.0242198","/home/samuchair/ros2_ws/install/samuchair/lib/python3.12/site-packages/samuchair/opasistidaNode.py","timer_callback","20","109","Dato publicado Navegación Táctil:10","opasistidaNode"
"1773664202.0734441","1773664202.0733328","/home/samuchair/ros2_ws/install/samuchair/lib/python3.12/site-packages/samuchair/opasistidaNode.py","update_tactil_der","20","90","Dato publicado tactil derecha: 1","opasistidaNode"
"1773664202.074602","1773664202.0743756","/home/samuchair/ros2_ws/install/samuchair/lib/python3.12/site-packages/samuchair/opasistidaNode.py","timer_callback","20","109","Dato publicado Navegación Táctil:3","opasistidaNode"
"1773664202.29358","1773664202.2935019","/home/samuchair/ros2_ws/install/samuchair/lib/python3.12/site-packages/samuchair/webcamNode.py","timer_callback","20","104","Frame: 4","webcam"
"1773664202.2943203","1773664202.2942455","/home/samuchair/ros2_ws/install/samuchair/lib/python3.12/site-packages/samuchair/webcamNode.py","timer_callback","20","113","Webcam : CONNECTED","webcam"
"1773664204.2938724","1773664204.2937827","/home/samuchair/ros2_ws/install/samuchair/lib/python3.12/site-packages/samuchair/webcamNode.py","timer_callback","20","104","Frame: 5","webcam"
"1773664204.294546","1773664204.2944267","/home/samuchair/ros2_ws/install/samuchair/lib/python3.12/site-packages/samuchair/webcamNode.py","timer_callback","20","113","Webcam : CONNECTED","webcam"
"1773664204.323659","1773664204.323542","/home/samuchair/ros2_ws/install/samuchair/lib/python3.12/site-packages/samuchair/opasistidaNode.py","update_tactil_der","20","90","Dato publicado tactil derecha: 0","opasistidaNode"
"1773664204.3247895","1773664204.3246217","/home/samuchair/ros2_ws/install/samuchair/lib/python3.12/site-packages/samuchair/opasistidaNode.py","timer_callback","20","109","Dato publicado Navegación Táctil:10","opasistidaNode"
"1773664205.4234896","1773664205.4233637","/home/samuchair/ros2_ws/install/samuchair/lib/python3.12/site-packages/samuchair/opasistidaNode.py","update_tactil_der","20","90","Dato publicado tactil derecha: 1","opasistidaNode"
"1773664205.4252903","1773664205.4244459","/home/samuchair/ros2_ws/install/samuchair/lib/python3.12/site-packages/samuchair/opasistidaNode.py","timer_callback","20","109","Dato publicado Navegación Táctil:3","opasistidaNode"
"1773664206.2935033","1773664206.293409","/home/samuchair/ros2_ws/install/samuchair/lib/python3.12/site-packages/samuchair/webcamNode.py","timer_callback","20","104","Frame: 6","webcam"
"1773664206.2942736","1773664206.294194","/home/samuchair/ros2_ws/install/samuchair/lib/python3.12/site-packages/samuchair/webcamNode.py","timer_callback","20","113","Webcam : CONNECTED","webcam"
"1773664207.1735463","1773664207.1734293","/home/samuchair/ros2_ws/install/samuchair/lib/python3.12/site-packages/samuchair/opasistidaNode.py","update_tactil_der","20","90","Dato publicado tactil derecha: 0","opasistidaNode"
"1773664207.1753292","1773664207.1747434","/home/samuchair/ros2_ws/install/samuchair/lib/python3.12/site-packages/samuchair/opasistidaNode.py","timer_callback","20","109","Dato publicado Navegación Táctil:10","opasistidaNode"
"1773664207.6235638","1773664207.6234014","/home/samuchair/ros2_ws/install/samuchair/lib/python3.12/site-packages/samuchair/opasistidaNode.py","update_tactil_izq","20","85","Dato publicado tactil izquierda: 0","opasistidaNode"
"1773664207.6256423","1773664207.6246238","/home/samuchair/ros2_ws/install/samuchair/lib/python3.12/site-packages/samuchair/opasistidaNode.py","timer_callback","20","109","Dato publicado Navegación Táctil:0","opasistidaNode"
"1773664207.9234161","1773664207.9232943","/home/samuchair/ros2_ws/install/samuchair/lib/python3.12/site-packages/samuchair/opasistidaNode.py","update_tactil_izq","20","85","Dato publicado tactil izquierda: 1","opasistidaNode"
"1773664207.924766","1773664207.924358","/home/samuchair/ros2_ws/install/samuchair/lib/python3.12/site-packages/samuchair/opasistidaNode.py","timer_callback","20","109","Dato publicado Navegación Táctil:10","opasistidaNode"
"1773664208.0735228","1773664208.073393","/home/samuchair/ros2_ws/install/samuchair/lib/python3.12/site-packages/samuchair/opasistidaNode.py","update_tactil_der","20","90","Dato publicado tactil derecha: 1","opasistidaNode"
"1773664208.0746958","1773664208.0745282","/home/samuchair/ros2_ws/install/samuchair/lib/python3.12/site-packages/samuchair/opasistidaNode.py","timer_callback","20","109","Dato publicado Navegación Táctil:3","opasistidaNode"
"1773664208.2930417","1773664208.29295","/home/samuchair/ros2_ws/install/samuchair/lib/python3.12/site-packages/samuchair/webcamNode.py","timer_callback","20","104","Frame: 7","webcam"
"1773664208.2937253","1773664208.2936401","/home/samuchair/ros2_ws/install/samuchair/lib/python3.12/site-packages/samuchair/webcamNode.py","timer_callback","20","113","Webcam : CONNECTED","webcam"
"1773664208.473306","1773664208.4731882","/home/samuchair/ros2_ws/install/samuchair/lib/python3.12/site-packages/samuchair/opasistidaNode.py","update_tactil_izq","20","85","Dato publicado tactil izquierda: 0","opasistidaNode"
"1773664208.4750514","1773664208.4743083","/home/samuchair/ros2_ws/install/samuchair/lib/python3.12/site-packages/samuchair/opasistidaNode.py","timer_callback","20","109","Dato publicado Navegación Táctil:12","opasistidaNode"
"1773664208.773612","1773664208.7734954","/home/samuchair/ros2_ws/install/samuchair/lib/python3.12/site-packages/samuchair/opasistidaNode.py","update_tactil_izq","20","85","Dato publicado tactil izquierda: 1","opasistidaNode"
"1773664208.7747908","1773664208.774686","/home/samuchair/ros2_ws/install/samuchair/lib/python3.12/site-packages/samuchair/opasistidaNode.py","timer_callback","20","109","Dato publicado Navegación Táctil:3","opasistidaNode"
"1773664209.9734368","1773664209.9733148","/home/samuchair/ros2_ws/install/samuchair/lib/python3.12/site-packages/samuchair/opasistidaNode.py","update_tactil_der","20","90","Dato publicado tactil derecha: 0","opasistidaNode"
"1773664209.9752245","1773664209.9744277","/home/samuchair/ros2_ws/install/samuchair/lib/python3.12/site-packages/samuchair/opasistidaNode.py","timer_callback","20","109","Dato publicado Navegación Táctil:10","opasistidaNode"
"1773664210.273445","1773664210.273341","/home/samuchair/ros2_ws/install/samuchair/lib/python3.12/site-packages/samuchair/opasistidaNode.py","update_tactil_der","20","90","Dato publicado tactil derecha: 1","opasistidaNode"
"1773664210.2753325","1773664210.2744272","/home/samuchair/ros2_ws/install/samuchair/lib/python3.12/site-packages/samuchair/opasistidaNode.py","timer_callback","20","109","Dato publicado Navegación Táctil:3","opasistidaNode"
"1773664210.292759","1773664210.2926667","/home/samuchair/ros2_ws/install/samuchair/lib/python3.12/site-packages/samuchair/webcamNode.py","timer_callback","20","104","Frame: 8","webcam"
"1773664210.2934785","1773664210.2933736","/home/samuchair/ros2_ws/install/samuchair/lib/python3.12/site-packages/samuchair/webcamNode.py","timer_callback","20","113","Webcam : CONNECTED","webcam"
"1773664211.038406","1773664211.0383132","/home/samuchair/ros2_ws/install/samuchair/lib/python3.12/site-packages/samuchair/secondarytaskNode.py","timer_callback","20","248","Publicado: ""0""","ST"
"1773664211.0393806","1773664211.039301","/home/samuchair/ros2_ws/install/samuchair/lib/python3.12/site-packages/samuchair/secondarytaskNode.py","start_random_timer","20","207","Dato publicado ST (ms): 9161","ST"
"1773664211.7347927","1773664211.7346923","/home/samuchair/ros2_ws/install/samuchair/lib/python3.12/site-packages/samuchair/secondarytaskNode.py","timer_lectura","20","231","Dato medido ST (ms): 136","ST"
"1773664212.2924252","1773664212.2923305","/home/samuchair/ros2_ws/install/samuchair/lib/python3.12/site-packages/samuchair/webcamNode.py","timer_callback","20","104","Frame: 9","webcam"
"1773664212.2933","1773664212.2931852","/home/samuchair/ros2_ws/install/samuchair/lib/python3.12/site-packages/samuchair/webcamNode.py","timer_callback","20","113","Webcam : CONNECTED","webcam"
"1773664214.2918098","1773664214.291719","/home/samuchair/ros2_ws/install/samuchair/lib/python3.12/site-packages/samuchair/webcamNode.py","timer_callback","20","104","Frame: 10","webcam"
"1773664214.2925391","1773664214.2924476","/home/samuchair/ros2_ws/install/samuchair/lib/python3.12/site-packages/samuchair/webcamNode.py","timer_callback","20","113","Webcam : CONNECTED","webcam"
"1773664216.2961752","1773664216.296097","/home/samuchair/ros2_ws/install/samuchair/lib/python3.12/site-packages/samuchair/webcamNode.py","timer_callback","20","104","Frame: 11","webcam"
"1773664216.2968473","1773664216.2967677","/home/samuchair/ros2_ws/install/samuchair/lib/python3.12/site-packages/samuchair/webcamNode.py","timer_callback","20","113","Webcam : CONNECTED","webcam"
"1773664216.3734937","1773664216.3733702","/home/samuchair/ros2_ws/install/samuchair/lib/python3.12/site-packages/samuchair/opasistidaNode.py","update_tactil_izq","20","85","Dato publicado tactil izquierda: 0","opasistidaNode"
"1773664216.3745828","1773664216.374448","/home/samuchair/ros2_ws/install/samuchair/lib/python3.12/site-packages/samuchair/opasistidaNode.py","timer_callback","20","109","Dato publicado Navegación Táctil:12","opasistidaNode"
"1773664216.4237063","1773664216.4235847","/home/samuchair/ros2_ws/install/samuchair/lib/python3.12/site-packages/samuchair/opasistidaNode.py","update_tactil_der","20","90","Dato publicado tactil derecha: 0","opasistidaNode"
"1773664216.4258022","1773664216.4253078","/home/samuchair/ros2_ws/install/samuchair/lib/python3.12/site-packages/samuchair/opasistidaNode.py","timer_callback","20","109","Dato publicado Navegación Táctil:0","opasistidaNode"
"1773664218.2926245","1773664218.292526","/home/samuchair/ros2_ws/install/samuchair/lib/python3.12/site-packages/samuchair/webcamNode.py","timer_callback","20","104","Frame: 12","webcam"
"1773664218.2933676","1773664218.2932882","/home/samuchair/ros2_ws/install/samuchair/lib/python3.12/site-packages/samuchair/webcamNode.py","timer_callback","20","113","Webcam : CONNECTED","webcam"
"1773664219.7226505","1773664219.7225173","/home/samuchair/ros2_ws/install/samuchair/lib/python3.12/site-packages/samuchair/opasistidaNode.py","update_pot","20","147","Dato publicado potenciometro: 0","opasistidaNode"
"1773664220.2922392","1773664220.2921402","/home/samuchair/ros2_ws/install/samuchair/lib/python3.12/site-packages/samuchair/webcamNode.py","timer_callback","20","104","Frame: 13","webcam"
"1773664220.2929513","1773664220.2928667","/home/samuchair/ros2_ws/install/samuchair/lib/python3.12/site-packages/samuchair/webcamNode.py","timer_callback","20","113","Webcam : CONNECTED","webcam"
"1773664220.6650624","1773664220.6649704","/home/samuchair/ros2_ws/install/samuchair/lib/python3.12/site-packages/samuchair/secondarytaskNode.py","timer_callback","20","248","Publicado: ""0""","ST"
"1773664220.6660466","1773664220.6659544","/home/samuchair/ros2_ws/install/samuchair/lib/python3.12/site-packages/samuchair/secondarytaskNode.py","start_random_timer","20","207","Dato publicado ST (ms): 11356","ST"
"1773664220.7224057","1773664220.7222834","/home/samuchair/ros2_ws/install/samuchair/lib/python3.12/site-packages/samuchair/opasistidaNode.py","update_pot","20","147","Dato publicado potenciometro: 0","opasistidaNode"
"1773664222.291892","1773664222.2918007","/home/samuchair/ros2_ws/install/samuchair/lib/python3.12/site-packages/samuchair/webcamNode.py","timer_callback","20","104","Frame: 14","webcam"
"1773664222.2926545","1773664222.2925727","/home/samuchair/ros2_ws/install/samuchair/lib/python3.12/site-packages/samuchair/webcamNode.py","timer_callback","20","113","Webcam : CONNECTED","webcam"
"1773664222.7347665","1773664222.7346852","/home/samuchair/ros2_ws/install/samuchair/lib/python3.12/site-packages/samuchair/secondarytaskNode.py","timer_lectura","20","231","Dato medido ST (ms): 1644","ST"
"1773664223.6737893","1773664223.6736763","/home/samuchair/ros2_ws/install/samuchair/lib/python3.12/site-packages/samuchair/opasistidaNode.py","update_tactil_izq","20","85","Dato publicado tactil izquierda: 1","opasistidaNode"
"1773664223.6748426","1773664223.6747286","/home/samuchair/ros2_ws/install/samuchair/lib/python3.12/site-packages/samuchair/opasistidaNode.py","timer_callback","20","109","Dato publicado Navegación Táctil:15","opasistidaNode"
"1773664224.2924623","1773664224.2923632","/home/samuchair/ros2_ws/install/samuchair/lib/python3.12/site-packages/samuchair/webcamNode.py","timer_callback","20","104","Frame: 15","webcam"
"1773664224.2933135","1773664224.2932231","/home/samuchair/ros2_ws/install/samuchair/lib/python3.12/site-packages/samuchair/webcamNode.py","timer_callback","20","113","Webcam : CONNECTED","webcam"
"1773664225.0233638","1773664225.0232525","/home/samuchair/ros2_ws/install/samuchair/lib/python3.12/site-packages/samuchair/opasistidaNode.py","update_tactil_izq","20","85","Dato publicado tactil izquierda: 0","opasistidaNode"
"1773664225.025008","1773664225.024299","/home/samuchair/ros2_ws/install/samuchair/lib/python3.12/site-packages/samuchair/opasistidaNode.py","timer_callback","20","109","Dato publicado Navegación Táctil:0","opasistidaNode"
"1773664226.1235805","1773664226.1234422","/home/samuchair/ros2_ws/install/samuchair/lib/python3.12/site-packages/samuchair/opasistidaNode.py","update_tactil_der","20","90","Dato publicado tactil derecha: 1","opasistidaNode"
"1773664226.1248746","1773664226.1246903","/home/samuchair/ros2_ws/install/samuchair/lib/python3.12/site-packages/samuchair/opasistidaNode.py","timer_callback","20","109","Dato publicado Navegación Táctil:17","opasistidaNode"
"1773664226.2929842","1773664226.2929003","/home/samuchair/ros2_ws/install/samuchair/lib/python3.12/site-packages/samuchair/webcamNode.py","timer_callback","20","104","Frame: 16","webcam"
"1773664226.2937586","1773664226.293687","/home/samuchair/ros2_ws/install/samuchair/lib/python3.12/site-packages/samuchair/webcamNode.py","timer_callback","20","113","Webcam : CONNECTED","webcam"
"1773664228.2933235","1773664228.2932374","/home/samuchair/ros2_ws/install/samuchair/lib/python3.12/site-packages/samuchair/webcamNode.py","timer_callback","20","104","Frame: 17","webcam"
"1773664228.2939904","1773664228.293899","/home/samuchair/ros2_ws/install/samuchair/lib/python3.12/site-packages/samuchair/webcamNode.py","timer_callback","20","113","Webcam : CONNECTED","webcam"
"1773664228.3734336","1773664228.373318","/home/samuchair/ros2_ws/install/samuchair/lib/python3.12/site-packages/samuchair/opasistidaNode.py","update_tactil_der","20","90","Dato publicado tactil derecha: 0","opasistidaNode"
"1773664228.3745892","1773664228.3744173","/home/samuchair/ros2_ws/install/samuchair/lib/python3.12/site-packages/samuchair/opasistidaNode.py","timer_callback","20","109","Dato publicado Navegación Táctil:0","opasistidaNode"
"1773664230.2934904","1773664230.2933943","/home/samuchair/ros2_ws/install/samuchair/lib/python3.12/site-packages/samuchair/webcamNode.py","timer_callback","20","104","Frame: 18","webcam"
"1773664230.2942262","1773664230.2941456","/home/samuchair/ros2_ws/install/samuchair/lib/python3.12/site-packages/samuchair/webcamNode.py","timer_callback","20","113","Webcam : CONNECTED","webcam"
"1773664231.722576","1773664231.7224138","/home/samuchair/ros2_ws/install/samuchair/lib/python3.12/site-packages/samuchair/opasistidaNode.py","update_pot","20","147","Dato publicado potenciometro: 1","opasistidaNode"
"1773664232.2931817","1773664232.2926857","/home/samuchair/ros2_ws/install/samuchair/lib/python3.12/site-packages/samuchair/webcamNode.py","timer_callback","20","104","Frame: 19","webcam"
"1773664232.2939093","1773664232.2937155","/home/samuchair/ros2_ws/install/samuchair/lib/python3.12/site-packages/samuchair/webcamNode.py","timer_callback","20","113","Webcam : CONNECTED","webcam"
"1773664232.4836729","1773664232.4835835","/home/samuchair/ros2_ws/install/samuchair/lib/python3.12/site-packages/samuchair/secondarytaskNode.py","timer_callback","20","248","Publicado: ""0""","ST"
"1773664232.485197","1773664232.4846249","/home/samuchair/ros2_ws/install/samuchair/lib/python3.12/site-packages/samuchair/secondarytaskNode.py","start_random_timer","20","207","Dato publicado ST (ms): 9631","ST"
"1773664232.7226655","1773664232.7224298","/home/samuchair/ros2_ws/install/samuchair/lib/python3.12/site-packages/samuchair/opasistidaNode.py","update_pot","20","147","Dato publicado potenciometro: 2","opasistidaNode"
"1773664232.7347918","1773664232.7347074","/home/samuchair/ros2_ws/install/samuchair/lib/python3.12/site-packages/samuchair/secondarytaskNode.py","timer_lectura","20","231","Dato medido ST (ms): 191","ST"
"1773664233.7225518","1773664233.722405","/home/samuchair/ros2_ws/install/samuchair/lib/python3.12/site-packages/samuchair/opasistidaNode.py","update_pot","20","147","Dato publicado potenciometro: 1","opasistidaNode"
"1773664234.294203","1773664234.2941163","/home/samuchair/ros2_ws/install/samuchair/lib/python3.12/site-packages/samuchair/webcamNode.py","timer_callback","20","104","Frame: 20","webcam"
"1773664234.2950294","1773664234.2949374","/home/samuchair/ros2_ws/install/samuchair/lib/python3.12/site-packages/samuchair/webcamNode.py","timer_callback","20","113","Webcam : CONNECTED","webcam"
"1773664236.2919674","1773664236.2918773","/home/samuchair/ros2_ws/install/samuchair/lib/python3.12/site-packages/samuchair/webcamNode.py","timer_callback","20","104","Frame: 21","webcam"
"1773664236.2928066","1773664236.2927248","/home/samuchair/ros2_ws/install/samuchair/lib/python3.12/site-packages/samuchair/webcamNode.py","timer_callback","20","113","Webcam : CONNECTED","webcam"
"1773664236.722647","1773664236.7224624","/home/samuchair/ros2_ws/install/samuchair/lib/python3.12/site-packages/samuchair/opasistidaNode.py","update_pot","20","147","Dato publicado potenciometro: 1","opasistidaNode"
"1773664238.2236152","1773664238.2234988","/home/samuchair/ros2_ws/install/samuchair/lib/python3.12/site-packages/samuchair/opasistidaNode.py","update_tactil_der","20","90","Dato publicado tactil derecha: 1","opasistidaNode"
"1773664238.2248132","1773664238.2246592","/home/samuchair/ros2_ws/install/samuchair/lib/python3.12/site-packages/samuchair/opasistidaNode.py","timer_callback","20","109","Dato publicado Navegación Táctil:6","opasistidaNode"
"1773664238.2935824","1773664238.293497","/home/samuchair/ros2_ws/install/samuchair/lib/python3.12/site-packages/samuchair/webcamNode.py","timer_callback","20","104","Frame: 22","webcam"
"1773664238.2942894","1773664238.2942257","/home/samuchair/ros2_ws/install/samuchair/lib/python3.12/site-packages/samuchair/webcamNode.py","timer_callback","20","113","Webcam : CONNECTED","webcam"
"1773664239.5234976","1773664239.523318","/home/samuchair/ros2_ws/install/samuchair/lib/python3.12/site-packages/samuchair/opasistidaNode.py","update_tactil_der","20","90","Dato publicado tactil derecha: 0","opasistidaNode"
"1773664239.525434","1773664239.524583","/home/samuchair/ros2_ws/install/samuchair/lib/python3.12/site-packages/samuchair/opasistidaNode.py","timer_callback","20","109","Dato publicado Navegación Táctil:0","opasistidaNode"
"1773664240.2233984","1773664240.223275","/home/samuchair/ros2_ws/install/samuchair/lib/python3.12/site-packages/samuchair/opasistidaNode.py","update_tactil_izq","20","85","Dato publicado tactil izquierda: 1","opasistidaNode"
"1773664240.2245739","1773664240.2244413","/home/samuchair/ros2_ws/install/samuchair/lib/python3.12/site-packages/samuchair/opasistidaNode.py","timer_callback","20","109","Dato publicado Navegación Táctil:9","opasistidaNode"
"1773664240.2939618","1773664240.2938747","/home/samuchair/ros2_ws/install/samuchair/lib/python3.12/site-packages/samuchair/webcamNode.py","timer_callback","20","104","Frame: 23","webcam"
"1773664240.294622","1773664240.2945366","/home/samuchair/ros2_ws/install/samuchair/lib/python3.12/site-packages/samuchair/webcamNode.py","timer_callback","20","113","Webcam : CONNECTED","webcam"
"1773664242.2932684","1773664242.2931764","/home/samuchair/ros2_ws/install/samuchair/lib/python3.12/site-packages/samuchair/webcamNode.py","timer_callback","20","104","Frame: 24","webcam"
"1773664242.2940485","1773664242.2939634","/home/samuchair/ros2_ws/install/samuchair/lib/python3.12/site-packages/samuchair/webcamNode.py","timer_callback","20","113","Webcam : CONNECTED","webcam"
"1773664242.5940766","1773664242.5939815","/home/samuchair/ros2_ws/install/samuchair/lib/python3.12/site-packages/samuchair/secondarytaskNode.py","timer_callback","20","248","Publicado: ""0""","ST"
"1773664242.5951037","1773664242.594997","/home/samuchair/ros2_ws/install/samuchair/lib/python3.12/site-packages/samuchair/secondarytaskNode.py","start_random_timer","20","207","Dato publicado ST (ms): 9267","ST"
"1773664242.7347882","1773664242.7347093","/home/samuchair/ros2_ws/install/samuchair/lib/python3.12/site-packages/samuchair/secondarytaskNode.py","timer_lectura","20","231","Dato medido ST (ms): 67","ST"
"1773664243.0736494","1773664243.0734904","/home/samuchair/ros2_ws/install/samuchair/lib/python3.12/site-packages/samuchair/opasistidaNode.py","update_tactil_izq","20","85","Dato publicado tactil izquierda: 0","opasistidaNode"
"1773664243.0755215","1773664243.0747182","/home/samuchair/ros2_ws/install/samuchair/lib/python3.12/site-packages/samuchair/opasistidaNode.py","timer_callback","20","109","Dato publicado Navegación Táctil:0","opasistidaNode"
"1773664244.2936416","1773664244.2935565","/home/samuchair/ros2_ws/install/samuchair/lib/python3.12/site-packages/samuchair/webcamNode.py","timer_callback","20","104","Frame: 25","webcam"
"1773664244.2943828","1773664244.294249","/home/samuchair/ros2_ws/install/samuchair/lib/python3.12/site-packages/samuchair/webcamNode.py","timer_callback","20","113","Webcam : CONNECTED","webcam"
"1773664245.4234111","1773664245.423291","/home/samuchair/ros2_ws/install/samuchair/lib/python3.12/site-packages/samuchair/opasistidaNode.py","update_tactil_izq","20","85","Dato publicado tactil izquierda: 1","opasistidaNode"
"1773664245.4253309","1773664245.4243836","/home/samuchair/ros2_ws/install/samuchair/lib/python3.12/site-packages/samuchair/opasistidaNode.py","timer_callback","20","109","Dato publicado Navegación Táctil:9","opasistidaNode"
"1773664245.5734758","1773664245.5733433","/home/samuchair/ros2_ws/install/samuchair/lib/python3.12/site-packages/samuchair/opasistidaNode.py","update_tactil_der","20","90","Dato publicado tactil derecha: 1","opasistidaNode"
"1773664245.5750875","1773664245.5749598","/home/samuchair/ros2_ws/install/samuchair/lib/python3.12/site-packages/samuchair/opasistidaNode.py","timer_callback","20","109","Dato publicado Navegación Táctil:0","opasistidaNode"
"1773664245.7228982","1773664245.7227767","/home/samuchair/ros2_ws/install/samuchair/lib/python3.12/site-packages/samuchair/opasistidaNode.py","timer_callback","20","109","Dato publicado Navegación Táctil:3","opasistidaNode"
"1773664245.7238822","1773664245.723759","/home/samuchair/ros2_ws/install/samuchair/lib/python3.12/site-packages/samuchair/opasistidaNode.py","update_pot","20","147","Dato publicado potenciometro: 2","opasistidaNode"
"1773664246.2938786","1773664246.2937908","/home/samuchair/ros2_ws/install/samuchair/lib/python3.12/site-packages/samuchair/webcamNode.py","timer_callback","20","104","Frame: 26","webcam"
"1773664246.2946908","1773664246.294598","/home/samuchair/ros2_ws/install/samuchair/lib/python3.12/site-packages/samuchair/webcamNode.py","timer_callback","20","113","Webcam : CONNECTED","webcam"
"1773664248.293178","1773664248.2930944","/home/samuchair/ros2_ws/install/samuchair/lib/python3.12/site-packages/samuchair/webcamNode.py","timer_callback","20","104","Frame: 27","webcam"
"1773664248.2939777","1773664248.2938585","/home/samuchair/ros2_ws/install/samuchair/lib/python3.12/site-packages/samuchair/webcamNode.py","timer_callback","20","113","Webcam : CONNECTED","webcam"
"1773664248.4734292","1773664248.4733007","/home/samuchair/ros2_ws/install/samuchair/lib/python3.12/site-packages/samuchair/opasistidaNode.py","update_tactil_izq","20","85","Dato publicado tactil izquierda: 0","opasistidaNode"
"1773664248.4747615","1773664248.4745798","/home/samuchair/ros2_ws/install/samuchair/lib/python3.12/site-packages/samuchair/opasistidaNode.py","timer_callback","20","109","Dato publicado Navegación Táctil:12","opasistidaNode"
"1773664248.573945","1773664248.5738292","/home/samuchair/ros2_ws/install/samuchair/lib/python3.12/site-packages/samuchair/opasistidaNode.py","update_tactil_der","20","90","Dato publicado tactil derecha: 0","opasistidaNode"
"1773664248.575099","1773664248.5749536","/home/samuchair/ros2_ws/install/samuchair/lib/python3.12/site-packages/samuchair/opasistidaNode.py","timer_callback","20","109","Dato publicado Navegación Táctil:0","opasistidaNode"
"1773664250.2925737","1773664250.2924562","/home/samuchair/ros2_ws/install/samuchair/lib/python3.12/site-packages/samuchair/webcamNode.py","timer_callback","20","104","Frame: 28","webcam"
"1773664250.293366","1773664250.293285","/home/samuchair/ros2_ws/install/samuchair/lib/python3.12/site-packages/samuchair/webcamNode.py","timer_callback","20","113","Webcam : CONNECTED","webcam"
"1773664251.7226214","1773664251.7224905","/home/samuchair/ros2_ws/install/samuchair/lib/python3.12/site-packages/samuchair/opasistidaNode.py","update_pot","20","147","Dato publicado potenciometro: 1","opasistidaNode"
"1773664252.2934864","1773664252.2934053","/home/samuchair/ros2_ws/install/samuchair/lib/python3.12/site-packages/samuchair/webcamNode.py","timer_callback","20","104","Frame: 29","webcam"
"1773664252.2941632","1773664252.2940729","/home/samuchair/ros2_ws/install/samuchair/lib/python3.12/site-packages/samuchair/webcamNode.py","timer_callback","20","113","Webcam : CONNECTED","webcam"
"1773664252.327543","1773664252.327417","/home/samuchair/ros2_ws/install/samuchair/lib/python3.12/site-packages/samuchair/secondarytaskNode.py","timer_callback","20","248","Publicado: ""1""","ST"
"1773664252.3285465","1773664252.3284128","/home/samuchair/ros2_ws/install/samuchair/lib/python3.12/site-packages/samuchair/secondarytaskNode.py","start_random_timer","20","207","Dato publicado ST (ms): 6076","ST"
"1773664252.673573","1773664252.6734297","/home/samuchair/ros2_ws/install/samuchair/lib/python3.12/site-packages/samuchair/opasistidaNode.py","update_tactil_izq","20","85","Dato publicado tactil izquierda: 1","opasistidaNode"
"1773664252.6746824","1773664252.6745276","/home/samuchair/ros2_ws/install/samuchair/lib/python3.12/site-packages/samuchair/opasistidaNode.py","timer_callback","20","109","Dato publicado Navegación Táctil:9","opasistidaNode"
"1773664252.73489","1773664252.7348158","/home/samuchair/ros2_ws/install/samuchair/lib/python3.12/site-packages/samuchair/secondarytaskNode.py","timer_lectura","20","231","Dato medido ST (ms): 320","ST"
"1773664254.293295","1773664254.2932034","/home/samuchair/ros2_ws/install/samuchair/lib/python3.12/site-packages/samuchair/webcamNode.py","timer_callback","20","104","Frame: 30","webcam"
"1773664254.2940938","1773664254.294019","/home/samuchair/ros2_ws/install/samuchair/lib/python3.12/site-packages/samuchair/webcamNode.py","timer_callback","20","113","Webcam : CONNECTED","webcam"
"1773664255.1734502","1773664255.1733277","/home/samuchair/ros2_ws/install/samuchair/lib/python3.12/site-packages/samuchair/opasistidaNode.py","update_tactil_izq","20","85","Dato publicado tactil izquierda: 0","opasistidaNode"
"1773664255.1747057","1773664255.1744883","/home/samuchair/ros2_ws/install/samuchair/lib/python3.12/site-packages/samuchair/opasistidaNode.py","timer_callback","20","109","Dato publicado Navegación Táctil:0","opasistidaNode"
"1773664256.2924016","1773664256.292302","/home/samuchair/ros2_ws/install/samuchair/lib/python3.12/site-packages/samuchair/webcamNode.py","timer_callback","20","104","Frame: 31","webcam"
"1773664256.2932239","1773664256.2931402","/home/samuchair/ros2_ws/install/samuchair/lib/python3.12/site-packages/samuchair/webcamNode.py","timer_callback","20","113","Webcam : CONNECTED","webcam"
"1773664257.7223756","1773664257.7222395","/home/samuchair/ros2_ws/install/samuchair/lib/python3.12/site-packages/samuchair/opasistidaNode.py","update_pot","20","147","Dato publicado potenciometro: 2","opasistidaNode"
"1773664257.8235357","1773664257.8234148","/home/samuchair/ros2_ws/install/samuchair/lib/python3.12/site-packages/samuchair/opasistidaNode.py","update_tactil_izq","20","85","Dato publicado tactil izquierda: 1","opasistidaNode"
"1773664257.8734555","1773664257.8733454","/home/samuchair/ros2_ws/install/samuchair/lib/python3.12/site-packages/samuchair/opasistidaNode.py","update_tactil_der","20","90","Dato publicado tactil derecha: 1","opasistidaNode"
"1773664258.2940755","1773664258.2939808","/home/samuchair/ros2_ws/install/samuchair/lib/python3.12/site-packages/samuchair/webcamNode.py","timer_callback","20","104","Frame: 32","webcam"
"1773664258.2948856","1773664258.2947998","/home/samuchair/ros2_ws/install/samuchair/lib/python3.12/site-packages/samuchair/webcamNode.py","timer_callback","20","113","Webcam : CONNECTED","webcam"
"1773664258.8661087","1773664258.8660197","/home/samuchair/ros2_ws/install/samuchair/lib/python3.12/site-packages/samuchair/secondarytaskNode.py","timer_callback","20","248","Publicado: ""1""","ST"
"1773664258.8670948","1773664258.8669999","/home/samuchair/ros2_ws/install/samuchair/lib/python3.12/site-packages/samuchair/secondarytaskNode.py","start_random_timer","20","207","Dato publicado ST (ms): 5519","ST"
"1773664259.6735244","1773664259.673397","/home/samuchair/ros2_ws/install/samuchair/lib/python3.12/site-packages/samuchair/opasistidaNode.py","update_tactil_izq","20","85","Dato publicado tactil izquierda: 0","opasistidaNode"
"1773664259.675392","1773664259.6745765","/home/samuchair/ros2_ws/install/samuchair/lib/python3.12/site-packages/samuchair/opasistidaNode.py","timer_callback","20","109","Dato publicado Navegación Táctil:12","opasistidaNode"
"1773664259.723615","1773664259.7235012","/home/samuchair/ros2_ws/install/samuchair/lib/python3.12/site-packages/samuchair/opasistidaNode.py","update_tactil_der","20","90","Dato publicado tactil derecha: 0","opasistidaNode"
"1773664259.7248912","1773664259.724768","/home/samuchair/ros2_ws/install/samuchair/lib/python3.12/site-packages/samuchair/opasistidaNode.py","timer_callback","20","109","Dato publicado Navegación Táctil:0","opasistidaNode"
"1773664259.9733386","1773664259.9732316","/home/samuchair/ros2_ws/install/samuchair/lib/python3.12/site-packages/samuchair/opasistidaNode.py","update_tactil_izq","20","85","Dato publicado tactil izquierda: 1","opasistidaNode"
"1773664259.9751318","1773664259.975013","/home/samuchair/ros2_ws/install/samuchair/lib/python3.12/site-packages/samuchair/opasistidaNode.py","timer_callback","20","109","Dato publicado Navegación Táctil:10","opasistidaNode"
"1773664260.0738988","1773664260.0737643","/home/samuchair/ros2_ws/install/samuchair/lib/python3.12/site-packages/samuchair/opasistidaNode.py","update_tactil_der","20","90","Dato publicado tactil derecha: 1","opasistidaNode"
"1773664260.0751784","1773664260.0750558","/home/samuchair/ros2_ws/install/samuchair/lib/python3.12/site-packages/samuchair/opasistidaNode.py","timer_callback","20","109","Dato publicado Navegación Táctil:3","opasistidaNode"
"1773664260.293108","1773664260.2930222","/home/samuchair/ros2_ws/install/samuchair/lib/python3.12/site-packages/samuchair/webcamNode.py","timer_callback","20","104","Frame: 33","webcam"
"1773664260.293809","1773664260.2937195","/home/samuchair/ros2_ws/install/samuchair/lib/python3.12/site-packages/samuchair/webcamNode.py","timer_callback","20","113","Webcam : CONNECTED","webcam"
"1773664260.7347593","1773664260.7346709","/home/samuchair/ros2_ws/install/samuchair/lib/python3.12/site-packages/samuchair/secondarytaskNode.py","timer_lectura","20","231","Dato medido ST (ms): 951","ST"
"1773664262.2927794","1773664262.2926872","/home/samuchair/ros2_ws/install/samuchair/lib/python3.12/site-packages/samuchair/webcamNode.py","timer_callback","20","104","Frame: 34","webcam"
"1773664262.2935917","1773664262.2935014","/home/samuchair/ros2_ws/install/samuchair/lib/python3.12/site-packages/samuchair/webcamNode.py","timer_callback","20","113","Webcam : CONNECTED","webcam"
"1773664262.8234532","1773664262.8233275","/home/samuchair/ros2_ws/install/samuchair/lib/python3.12/site-packages/samuchair/opasistidaNode.py","update_tactil_izq","20","85","Dato publicado tactil izquierda: 0","opasistidaNode"
"1773664262.8249319","1773664262.8244612","/home/samuchair/ros2_ws/install/samuchair/lib/python3.12/site-packages/samuchair/opasistidaNode.py","timer_callback","20","109","Dato publicado Navegación Táctil:12","opasistidaNode"
"1773664264.07365","1773664264.0735283","/home/samuchair/ros2_ws/install/samuchair/lib/python3.12/site-packages/samuchair/opasistidaNode.py","update_tactil_der","20","90","Dato publicado tactil derecha: 0","opasistidaNode"
"1773664264.074813","1773664264.0746887","/home/samuchair/ros2_ws/install/samuchair/lib/python3.12/site-packages/samuchair/opasistidaNode.py","timer_callback","20","109","Dato publicado Navegación Táctil:0","opasistidaNode"
"1773664264.2935076","1773664264.2934108","/home/samuchair/ros2_ws/install/samuchair/lib/python3.12/site-packages/samuchair/webcamNode.py","timer_callback","20","104","Frame: 35","webcam"
"1773664264.2941961","1773664264.2941136","/home/samuchair/ros2_ws/install/samuchair/lib/python3.12/site-packages/samuchair/webcamNode.py","timer_callback","20","113","Webcam : CONNECTED","webcam"
"1773664264.6737368","1773664264.6736226","/home/samuchair/ros2_ws/install/samuchair/lib/python3.12/site-packages/samuchair/opasistidaNode.py","update_tactil_izq","20","85","Dato publicado tactil izquierda: 1","opasistidaNode"
"1773664264.674803","1773664264.6746857","/home/samuchair/ros2_ws/install/samuchair/lib/python3.12/site-packages/samuchair/opasistidaNode.py","timer_callback","20","109","Dato publicado Navegación Táctil:10","opasistidaNode"
"1773664264.8500915","1773664264.8499997","/home/samuchair/ros2_ws/install/samuchair/lib/python3.12/site-packages/samuchair/secondarytaskNode.py","timer_callback","20","248","Publicado: ""0""","ST"
"1773664264.8510578","1773664264.850965","/home/samuchair/ros2_ws/install/samuchair/lib/python3.12/site-packages/samuchair/secondarytaskNode.py","start_random_timer","20","207","Dato publicado ST (ms): 5378","ST"
"1773664264.923483","1773664264.9233456","/home/samuchair/ros2_ws/install/samuchair/lib/python3.12/site-packages/samuchair/opasistidaNode.py","update_tactil_der","20","90","Dato publicado tactil derecha: 1","opasistidaNode"
"1773664264.9246905","1773664264.924433","/home/samuchair/ros2_ws/install/samuchair/lib/python3.12/site-packages/samuchair/opasistidaNode.py","timer_callback","20","109","Dato publicado Navegación Táctil:3","opasistidaNode"
"1773664265.734789","1773664265.7347066","/home/samuchair/ros2_ws/install/samuchair/lib/python3.12/site-packages/samuchair/secondarytaskNode.py","timer_lectura","20","231","Dato medido ST (ms): 87","ST"
"1773664266.2923894","1773664266.2922895","/home/samuchair/ros2_ws/install/samuchair/lib/python3.12/site-packages/samuchair/webcamNode.py","timer_callback","20","104","Frame: 36","webcam"
"1773664266.293184","1773664266.2931042","/home/samuchair/ros2_ws/install/samuchair/lib/python3.12/site-packages/samuchair/webcamNode.py","timer_callback","20","113","Webcam : CONNECTED","webcam"
"1773664268.2935417","1773664268.2934442","/home/samuchair/ros2_ws/install/samuchair/lib/python3.12/site-packages/samuchair/webcamNode.py","timer_callback","20","104","Frame: 37","webcam"
"1773664268.2942712","1773664268.294174","/home/samuchair/ros2_ws/install/samuchair/lib/python3.12/site-packages/samuchair/webcamNode.py","timer_callback","20","113","Webcam : CONNECTED","webcam"
"1773664269.4735208","1773664269.473381","/home/samuchair/ros2_ws/install/samuchair/lib/python3.12/site-packages/samuchair/opasistidaNode.py","update_tactil_izq","20","85","Dato publicado tactil izquierda: 0","opasistidaNode"
"1773664269.4747324","1773664269.474484","/home/samuchair/ros2_ws/install/samuchair/lib/python3.12/site-packages/samuchair/opasistidaNode.py","timer_callback","20","109","Dato publicado Navegación Táctil:12","opasistidaNode"
"1773664269.5235696","1773664269.5234492","/home/samuchair/ros2_ws/install/samuchair/lib/python3.12/site-packages/samuchair/opasistidaNode.py","update_tactil_der","20","90","Dato publicado tactil derecha: 0","opasistidaNode"
"1773664269.524664","1773664269.524538","/home/samuchair/ros2_ws/install/samuchair/lib/python3.12/site-packages/samuchair/opasistidaNode.py","timer_callback","20","109","Dato publicado Navegación Táctil:0","opasistidaNode"
"1773664270.2921681","1773664270.2920692","/home/samuchair/ros2_ws/install/samuchair/lib/python3.12/site-packages/samuchair/webcamNode.py","timer_callback","20","104","Frame: 38","webcam"
"1773664270.2931252","1773664270.29289","/home/samuchair/ros2_ws/install/samuchair/lib/python3.12/site-packages/samuchair/webcamNode.py","timer_callback","20","113","Webcam : CONNECTED","webcam"
"1773664270.6901126","1773664270.690016","/home/samuchair/ros2_ws/install/samuchair/lib/python3.12/site-packages/samuchair/secondarytaskNode.py","timer_callback","20","248","Publicado: ""1""","ST"
"1773664270.6910613","1773664270.6909664","/home/samuchair/ros2_ws/install/samuchair/lib/python3.12/site-packages/samuchair/secondarytaskNode.py","start_random_timer","20","207","Dato publicado ST (ms): 14557","ST"
"1773664270.7347958","1773664270.7347186","/home/samuchair/ros2_ws/install/samuchair/lib/python3.12/site-packages/samuchair/secondarytaskNode.py","timer_lectura","20","231","Dato medido ST (ms): 8","ST"
"1773664272.29338","1773664272.2933054","/home/samuchair/ros2_ws/install/samuchair/lib/python3.12/site-packages/samuchair/webcamNode.py","timer_callback","20","104","Frame: 39","webcam"
"1773664272.2940965","1773664272.294015","/home/samuchair/ros2_ws/install/samuchair/lib/python3.12/site-packages/samuchair/webcamNode.py","timer_callback","20","113","Webcam : CONNECTED","webcam"
"1773664272.7226274","1773664272.72249","/home/samuchair/ros2_ws/install/samuchair/lib/python3.12/site-packages/samuchair/opasistidaNode.py","update_pot","20","147","Dato publicado potenciometro: 1","opasistidaNode"
"1773664273.7225893","1773664273.7224092","/home/samuchair/ros2_ws/install/samuchair/lib/python3.12/site-packages/samuchair/opasistidaNode.py","update_pot","20","147","Dato publicado potenciometro: 0","opasistidaNode"
"1773664273.8733013","1773664273.873181","/home/samuchair/ros2_ws/install/samuchair/lib/python3.12/site-packages/samuchair/opasistidaNode.py","update_tactil_izq","20","85","Dato publicado tactil izquierda: 1","opasistidaNode"
"1773664274.2925851","1773664274.2916505","/home/samuchair/ros2_ws/install/samuchair/lib/python3.12/site-packages/samuchair/webcamNode.py","timer_callback","20","104","Frame: 40","webcam"
"1773664274.2926276","1773664274.2924857","/home/samuchair/ros2_ws/install/samuchair/lib/python3.12/site-packages/samuchair/webcamNode.py","timer_callback","20","113","Webcam : CONNECTED","webcam"
"1773664276.2923136","1773664276.2922292","/home/samuchair/ros2_ws/install/samuchair/lib/python3.12/site-packages/samuchair/webcamNode.py","timer_callback","20","104","Frame: 41","webcam"
"1773664276.2930403","1773664276.292954","/home/samuchair/ros2_ws/install/samuchair/lib/python3.12/site-packages/samuchair/webcamNode.py","timer_callback","20","113","Webcam : CONNECTED","webcam"
"1773664277.973635","1773664277.9734457","/home/samuchair/ros2_ws/install/samuchair/lib/python3.12/site-packages/samuchair/opasistidaNode.py","update_tactil_izq","20","85","Dato publicado tactil izquierda: 0","opasistidaNode"
"1773664278.2735116","1773664278.2733822","/home/samuchair/ros2_ws/install/samuchair/lib/python3.12/site-packages/samuchair/opasistidaNode.py","update_tactil_izq","20","85","Dato publicado tactil izquierda: 1","opasistidaNode"
"1773664278.2752373","1773664278.274628","/home/samuchair/ros2_ws/install/samuchair/lib/python3.12/site-packages/samuchair/opasistidaNode.py","timer_callback","20","109","Dato publicado Navegación Táctil:15","opasistidaNode"
"1773664278.2923043","1773664278.2922242","/home/samuchair/ros2_ws/install/samuchair/lib/python3.12/site-packages/samuchair/webcamNode.py","timer_callback","20","104","Frame: 42","webcam"
"1773664278.2930741","1773664278.292977","/home/samuchair/ros2_ws/install/samuchair/lib/python3.12/site-packages/samuchair/webcamNode.py","timer_callback","20","113","Webcam : CONNECTED","webcam"
"1773664279.3734548","1773664279.3733227","/home/samuchair/ros2_ws/install/samuchair/lib/python3.12/site-packages/samuchair/opasistidaNode.py","update_tactil_izq","20","85","Dato publicado tactil izquierda: 0","opasistidaNode"
"1773664279.3745875","1773664279.3744602","/home/samuchair/ros2_ws/install/samuchair/lib/python3.12/site-packages/samuchair/opasistidaNode.py","timer_callback","20","109","Dato publicado Navegación Táctil:0","opasistidaNode"
"1773664280.293508","1773664280.2933686","/home/samuchair/ros2_ws/install/samuchair/lib/python3.12/site-packages/samuchair/webcamNode.py","timer_callback","20","104","Frame: 43","webcam"
"1773664280.2943265","1773664280.2940905","/home/samuchair/ros2_ws/install/samuchair/lib/python3.12/site-packages/samuchair/webcamNode.py","timer_callback","20","113","Webcam : CONNECTED","webcam"
"1773664280.4236386","1773664280.4234996","/home/samuchair/ros2_ws/install/samuchair/lib/python3.12/site-packages/samuchair/opasistidaNode.py","update_tactil_der","20","90","Dato publicado tactil derecha: 1","opasistidaNode"
"1773664280.4254203","1773664280.4247272","/home/samuchair/ros2_ws/install/samuchair/lib/python3.12/site-packages/samuchair/opasistidaNode.py","timer_callback","20","109","Dato publicado Navegación Táctil:17","opasistidaNode"
"1773664282.0734549","1773664282.0733402","/home/samuchair/ros2_ws/install/samuchair/lib/python3.12/site-packages/samuchair/opasistidaNode.py","update_tactil_der","20","90","Dato publicado tactil derecha: 0","opasistidaNode"
"1773664282.0752332","1773664282.0743866","/home/samuchair/ros2_ws/install/samuchair/lib/python3.12/site-packages/samuchair/opasistidaNode.py","timer_callback","20","109","Dato publicado Navegación Táctil:0","opasistidaNode"
"1773664282.2939572","1773664282.2938678","/home/samuchair/ros2_ws/install/samuchair/lib/python3.12/site-packages/samuchair/webcamNode.py","timer_callback","20","104","Frame: 44","webcam"
"1773664282.2947655","1773664282.2946715","/home/samuchair/ros2_ws/install/samuchair/lib/python3.12/site-packages/samuchair/webcamNode.py","timer_callback","20","113","Webcam : CONNECTED","webcam"
"1773664284.2931397","1773664284.2930465","/home/samuchair/ros2_ws/install/samuchair/lib/python3.12/site-packages/samuchair/webcamNode.py","timer_callback","20","104","Frame: 45","webcam"
"1773664284.2938094","1773664284.2937202","/home/samuchair/ros2_ws/install/samuchair/lib/python3.12/site-packages/samuchair/webcamNode.py","timer_callback","20","113","Webcam : CONNECTED","webcam"
"1773664284.7226324","1773664284.7225127","/home/samuchair/ros2_ws/install/samuchair/lib/python3.12/site-packages/samuchair/opasistidaNode.py","update_pot","20","147","Dato publicado potenciometro: 1","opasistidaNode"
"1773664284.72409","1773664284.7239785","/home/samuchair/ros2_ws/install/samuchair/lib/python3.12/site-packages/samuchair/opasistidaNode.py","update_tactil_izq","20","85","Dato publicado tactil izquierda: 1","opasistidaNode"
"1773664285.719499","1773664285.7194","/home/samuchair/ros2_ws/install/samuchair/lib/python3.12/site-packages/samuchair/secondarytaskNode.py","timer_callback","20","248","Publicado: ""0""","ST"
"1773664285.7205758","1773664285.7204404","/home/samuchair/ros2_ws/install/samuchair/lib/python3.12/site-packages/samuchair/secondarytaskNode.py","start_random_timer","20","207","Dato publicado ST (ms): 5703","ST"
"1773664286.2943919","1773664286.2942886","/home/samuchair/ros2_ws/install/samuchair/lib/python3.12/site-packages/samuchair/webcamNode.py","timer_callback","20","104","Frame: 46","webcam"
"1773664286.2951925","1773664286.2951093","/home/samuchair/ros2_ws/install/samuchair/lib/python3.12/site-packages/samuchair/webcamNode.py","timer_callback","20","113","Webcam : CONNECTED","webcam"
"1773664286.7348788","1773664286.7347996","/home/samuchair/ros2_ws/install/samuchair/lib/python3.12/site-packages/samuchair/secondarytaskNode.py","timer_lectura","20","231","Dato medido ST (ms): 596","ST"
"1773664287.9734623","1773664287.9733424","/home/samuchair/ros2_ws/install/samuchair/lib/python3.12/site-packages/samuchair/opasistidaNode.py","update_tactil_izq","20","85","Dato publicado tactil izquierda: 0","opasistidaNode"
"1773664288.2939506","1773664288.2938678","/home/samuchair/ros2_ws/install/samuchair/lib/python3.12/site-packages/samuchair/webcamNode.py","timer_callback","20","104","Frame: 47","webcam"
"1773664288.2946494","1773664288.294543","/home/samuchair/ros2_ws/install/samuchair/lib/python3.12/site-packages/samuchair/webcamNode.py","timer_callback","20","113","Webcam : CONNECTED","webcam"
"1773664288.373536","1773664288.3734035","/home/samuchair/ros2_ws/install/samuchair/lib/python3.12/site-packages/samuchair/opasistidaNode.py","update_tactil_izq","20","85","Dato publicado tactil izquierda: 1","opasistidaNode"
"1773664288.3747268","1773664288.3745284","/home/samuchair/ros2_ws/install/samuchair/lib/python3.12/site-packages/samuchair/opasistidaNode.py","timer_callback","20","109","Dato publicado Navegación Táctil:9","opasistidaNode"
"1773664290.292641","1773664290.2925427","/home/samuchair/ros2_ws/install/samuchair/lib/python3.12/site-packages/samuchair/webcamNode.py","timer_callback","20","104","Frame: 48","webcam"
"1773664290.2934573","1773664290.2933748","/home/samuchair/ros2_ws/install/samuchair/lib/python3.12/site-packages/samuchair/webcamNode.py","timer_callback","20","113","Webcam : CONNECTED","webcam"
"1773664290.7235527","1773664290.7234101","/home/samuchair/ros2_ws/install/samuchair/lib/python3.12/site-packages/samuchair/opasistidaNode.py","update_tactil_izq","20","85","Dato publicado tactil izquierda: 0","opasistidaNode"
"1773664290.7246985","1773664290.7243783","/home/samuchair/ros2_ws/install/samuchair/lib/python3.12/site-packages/samuchair/opasistidaNode.py","timer_callback","20","109","Dato publicado Navegación Táctil:0","opasistidaNode"
"1773664291.8955288","1773664291.8954177","/home/samuchair/ros2_ws/install/samuchair/lib/python3.12/site-packages/samuchair/secondarytaskNode.py","timer_callback","20","248","Publicado: ""0""","ST"
"1773664291.8965719","1773664291.8964436","/home/samuchair/ros2_ws/install/samuchair/lib/python3.12/site-packages/samuchair/secondarytaskNode.py","start_random_timer","20","207","Dato publicado ST (ms): 7552","ST"
"1773664292.293481","1773664292.2933824","/home/samuchair/ros2_ws/install/samuchair/lib/python3.12/site-packages/samuchair/webcamNode.py","timer_callback","20","104","Frame: 49","webcam"
"1773664292.2941976","1773664292.2940967","/home/samuchair/ros2_ws/install/samuchair/lib/python3.12/site-packages/samuchair/webcamNode.py","timer_callback","20","113","Webcam : CONNECTED","webcam"
"1773664292.7225509","1773664292.7223918","/home/samuchair/ros2_ws/install/samuchair/lib/python3.12/site-packages/samuchair/opasistidaNode.py","update_pot","20","147","Dato publicado potenciometro: 1","opasistidaNode"
"1773664292.7348156","1773664292.7347476","/home/samuchair/ros2_ws/install/samuchair/lib/python3.12/site-packages/samuchair/secondarytaskNode.py","timer_lectura","20","231","Dato medido ST (ms): 52","ST"
"1773664293.5733848","1773664293.57326","/home/samuchair/ros2_ws/install/samuchair/lib/python3.12/site-packages/samuchair/opasistidaNode.py","update_tactil_izq","20","85","Dato publicado tactil izquierda: 1","opasistidaNode"
"1773664293.5751328","1773664293.5748768","/home/samuchair/ros2_ws/install/samuchair/lib/python3.12/site-packages/samuchair/opasistidaNode.py","timer_callback","20","109","Dato publicado Navegación Táctil:9","opasistidaNode"
"1773664293.6236398","1773664293.6235204","/home/samuchair/ros2_ws/install/samuchair/lib/python3.12/site-packages/samuchair/opasistidaNode.py","update_tactil_der","20","90","Dato publicado tactil derecha: 1","opasistidaNode"
"1773664293.6247714","1773664293.6245239","/home/samuchair/ros2_ws/install/samuchair/lib/python3.12/site-packages/samuchair/opasistidaNode.py","timer_callback","20","109","Dato publicado Navegación Táctil:0","opasistidaNode"
"1773664293.722984","1773664293.72288","/home/samuchair/ros2_ws/install/samuchair/lib/python3.12/site-packages/samuchair/opasistidaNode.py","timer_callback","20","109","Dato publicado Navegación Táctil:3","opasistidaNode"
"1773664293.7239866","1773664293.7238672","/home/samuchair/ros2_ws/install/samuchair/lib/python3.12/site-packages/samuchair/opasistidaNode.py","update_pot","20","147","Dato publicado potenciometro: 2","opasistidaNode"
"1773664294.2938488","1773664294.2937257","/home/samuchair/ros2_ws/install/samuchair/lib/python3.12/site-packages/samuchair/webcamNode.py","timer_callback","20","104","Frame: 50","webcam"
"1773664294.2946866","1773664294.2945914","/home/samuchair/ros2_ws/install/samuchair/lib/python3.12/site-packages/samuchair/webcamNode.py","timer_callback","20","113","Webcam : CONNECTED","webcam"
"1773664296.2931354","1773664296.2930393","/home/samuchair/ros2_ws/install/samuchair/lib/python3.12/site-packages/samuchair/webcamNode.py","timer_callback","20","104","Frame: 51","webcam"
"1773664296.2938151","1773664296.2937388","/home/samuchair/ros2_ws/install/samuchair/lib/python3.12/site-packages/samuchair/webcamNode.py","timer_callback","20","113","Webcam : CONNECTED","webcam"
"1773664296.6236134","1773664296.6234887","/home/samuchair/ros2_ws/install/samuchair/lib/python3.12/site-packages/samuchair/opasistidaNode.py","update_tactil_izq","20","85","Dato publicado tactil izquierda: 0","opasistidaNode"
"1773664296.6247935","1773664296.6246703","/home/samuchair/ros2_ws/install/samuchair/lib/python3.12/site-packages/samuchair/opasistidaNode.py","timer_callback","20","109","Dato publicado Navegación Táctil:12","opasistidaNode"
"1773664296.6736357","1773664296.6735244","/home/samuchair/ros2_ws/install/samuchair/lib/python3.12/site-packages/samuchair/opasistidaNode.py","update_tactil_der","20","90","Dato publicado tactil derecha: 0","opasistidaNode"
"1773664296.6748211","1773664296.6745996","/home/samuchair/ros2_ws/install/samuchair/lib/python3.12/site-packages/samuchair/opasistidaNode.py","timer_callback","20","109","Dato publicado Navegación Táctil:0","opasistidaNode"
"1773664298.2927427","1773664298.29265","/home/samuchair/ros2_ws/install/samuchair/lib/python3.12/site-packages/samuchair/webcamNode.py","timer_callback","20","104","Frame: 52","webcam"
"1773664298.2935207","1773664298.293425","/home/samuchair/ros2_ws/install/samuchair/lib/python3.12/site-packages/samuchair/webcamNode.py","timer_callback","20","113","Webcam : CONNECTED","webcam"
"1773664299.9061332","1773664299.9060354","/home/samuchair/ros2_ws/install/samuchair/lib/python3.12/site-packages/samuchair/secondarytaskNode.py","timer_callback","20","248","Publicado: ""0""","ST"
"1773664299.9071176","1773664299.9070222","/home/samuchair/ros2_ws/install/samuchair/lib/python3.12/site-packages/samuchair/secondarytaskNode.py","start_random_timer","20","207","Dato publicado ST (ms): 5936","ST"
"1773664300.2936058","1773664300.2935264","/home/samuchair/ros2_ws/install/samuchair/lib/python3.12/site-packages/samuchair/webcamNode.py","timer_callback","20","104","Frame: 53","webcam"
"1773664300.2943058","1773664300.2942026","/home/samuchair/ros2_ws/install/samuchair/lib/python3.12/site-packages/samuchair/webcamNode.py","timer_callback","20","113","Webcam : CONNECTED","webcam"
"1773664300.7225728","1773664300.7224214","/home/samuchair/ros2_ws/install/samuchair/lib/python3.12/site-packages/samuchair/opasistidaNode.py","update_pot","20","147","Dato publicado potenciometro: 1","opasistidaNode"
"1773664300.7347524","1773664300.734671","/home/samuchair/ros2_ws/install/samuchair/lib/python3.12/site-packages/samuchair/secondarytaskNode.py","timer_lectura","20","231","Dato medido ST (ms): 234","ST"
"1773664301.7226703","1773664301.7225306","/home/samuchair/ros2_ws/install/samuchair/lib/python3.12/site-packages/samuchair/opasistidaNode.py","update_pot","20","147","Dato publicado potenciometro: 0","opasistidaNode"
"1773664302.2930877","1773664302.2929897","/home/samuchair/ros2_ws/install/samuchair/lib/python3.12/site-packages/samuchair/webcamNode.py","timer_callback","20","104","Frame: 54","webcam"
"1773664302.2938886","1773664302.2938092","/home/samuchair/ros2_ws/install/samuchair/lib/python3.12/site-packages/samuchair/webcamNode.py","timer_callback","20","113","Webcam : CONNECTED","webcam"
"1773664302.722567","1773664302.7224233","/home/samuchair/ros2_ws/install/samuchair/lib/python3.12/site-packages/samuchair/opasistidaNode.py","update_pot","20","147","Dato publicado potenciometro: 0","opasistidaNode"
"1773664304.2925246","1773664304.2924116","/home/samuchair/ros2_ws/install/samuchair/lib/python3.12/site-packages/samuchair/webcamNode.py","timer_callback","20","104","Frame: 55","webcam"
"1773664304.293327","1773664304.2932472","/home/samuchair/ros2_ws/install/samuchair/lib/python3.12/site-packages/samuchair/webcamNode.py","timer_callback","20","113","Webcam : CONNECTED","webcam"
"1773664304.8235486","1773664304.823409","/home/samuchair/ros2_ws/install/samuchair/lib/python3.12/site-packages/samuchair/opasistidaNode.py","update_tactil_der","20","90","Dato publicado tactil derecha: 1","opasistidaNode"
"1773664304.8246267","1773664304.8244987","/home/samuchair/ros2_ws/install/samuchair/lib/python3.12/site-packages/samuchair/opasistidaNode.py","timer_callback","20","109","Dato publicado Navegación Táctil:17","opasistidaNode"
"1773664306.2939088","1773664306.293822","/home/samuchair/ros2_ws/install/samuchair/lib/python3.12/site-packages/samuchair/webcamNode.py","timer_callback","20","104","Frame: 56","webcam"
"1773664306.294728","1773664306.2946332","/home/samuchair/ros2_ws/install/samuchair/lib/python3.12/site-packages/samuchair/webcamNode.py","timer_callback","20","113","Webcam : CONNECTED","webcam"
"1773664306.3005402","1773664306.30045","/home/samuchair/ros2_ws/install/samuchair/lib/python3.12/site-packages/samuchair/secondarytaskNode.py","timer_callback","20","248","Publicado: ""1""","ST"
"1773664306.301278","1773664306.301197","/home/samuchair/ros2_ws/install/samuchair/lib/python3.12/site-packages/samuchair/secondarytaskNode.py","start_random_timer","20","207","Dato publicado ST (ms): 5392","ST"
"1773664306.4235573","1773664306.4234178","/home/samuchair/ros2_ws/install/samuchair/lib/python3.12/site-packages/samuchair/opasistidaNode.py","update_tactil_der","20","90","Dato publicado tactil derecha: 0","opasistidaNode"
"1773664306.4253037","1773664306.424515","/home/samuchair/ros2_ws/install/samuchair/lib/python3.12/site-packages/samuchair/opasistidaNode.py","timer_callback","20","109","Dato publicado Navegación Táctil:0","opasistidaNode"
"1773664306.734778","1773664306.7347083","/home/samuchair/ros2_ws/install/samuchair/lib/python3.12/site-packages/samuchair/secondarytaskNode.py","timer_lectura","20","231","Dato medido ST (ms): 112","ST"
"1773664308.2940824","1773664308.293979","/home/samuchair/ros2_ws/install/samuchair/lib/python3.12/site-packages/samuchair/webcamNode.py","timer_callback","20","104","Frame: 57","webcam"
"1773664308.2948663","1773664308.2947652","/home/samuchair/ros2_ws/install/samuchair/lib/python3.12/site-packages/samuchair/webcamNode.py","timer_callback","20","113","Webcam : CONNECTED","webcam"
"1773664308.722571","1773664308.7224274","/home/samuchair/ros2_ws/install/samuchair/lib/python3.12/site-packages/samuchair/opasistidaNode.py","update_pot","20","147","Dato publicado potenciometro: 0","opasistidaNode"
"1773664310.2935622","1773664310.2934213","/home/samuchair/ros2_ws/install/samuchair/lib/python3.12/site-packages/samuchair/webcamNode.py","timer_callback","20","104","Frame: 58","webcam"
"1773664310.2943244","1773664310.294206","/home/samuchair/ros2_ws/install/samuchair/lib/python3.12/site-packages/samuchair/webcamNode.py","timer_callback","20","113","Webcam : CONNECTED","webcam"
"1773664312.1568072","1773664312.1567137","/home/samuchair/ros2_ws/install/samuchair/lib/python3.12/site-packages/samuchair/secondarytaskNode.py","timer_callback","20","248","Publicado: ""0""","ST"
"1773664312.1577976","1773664312.1576996","/home/samuchair/ros2_ws/install/samuchair/lib/python3.12/site-packages/samuchair/secondarytaskNode.py","start_random_timer","20","207","Dato publicado ST (ms): 14794","ST"
"1773664312.2932186","1773664312.293131","/home/samuchair/ros2_ws/install/samuchair/lib/python3.12/site-packages/samuchair/webcamNode.py","timer_callback","20","104","Frame: 59","webcam"
"1773664312.2939105","1773664312.2938287","/home/samuchair/ros2_ws/install/samuchair/lib/python3.12/site-packages/samuchair/webcamNode.py","timer_callback","20","113","Webcam : CONNECTED","webcam"
"1773664313.7225394","1773664313.7223897","/home/samuchair/ros2_ws/install/samuchair/lib/python3.12/site-packages/samuchair/opasistidaNode.py","update_pot","20","147","Dato publicado potenciometro: 0","opasistidaNode"
"1773664314.2922947","1773664314.2921898","/home/samuchair/ros2_ws/install/samuchair/lib/python3.12/site-packages/samuchair/webcamNode.py","timer_callback","20","104","Frame: 60","webcam"
"1773664314.2930984","1773664314.2930124","/home/samuchair/ros2_ws/install/samuchair/lib/python3.12/site-packages/samuchair/webcamNode.py","timer_callback","20","113","Webcam : CONNECTED","webcam"
"1773664314.6235304","1773664314.6233933","/home/samuchair/ros2_ws/install/samuchair/lib/python3.12/site-packages/samuchair/opasistidaNode.py","update_tactil_der","20","90","Dato publicado tactil derecha: 1","opasistidaNode"
"1773664314.6253698","1773664314.6245008","/home/samuchair/ros2_ws/install/samuchair/lib/python3.12/site-packages/samuchair/opasistidaNode.py","timer_callback","20","109","Dato publicado Navegación Táctil:17","opasistidaNode"
"1773664316.2934296","1773664316.2933385","/home/samuchair/ros2_ws/install/samuchair/lib/python3.12/site-packages/samuchair/webcamNode.py","timer_callback","20","104","Frame: 61","webcam"
"1773664316.294111","1773664316.2940304","/home/samuchair/ros2_ws/install/samuchair/lib/python3.12/site-packages/samuchair/webcamNode.py","timer_callback","20","113","Webcam : CONNECTED","webcam"
"1773664316.7346733","1773664316.7345986","/home/samuchair/ros2_ws/install/samuchair/lib/python3.12/site-packages/samuchair/secondarytaskNode.py","timer_lectura","20","221"," Timeout (ms): 5000","ST"
"1773664317.023479","1773664317.0233417","/home/samuchair/ros2_ws/install/samuchair/lib/python3.12/site-packages/samuchair/opasistidaNode.py","update_tactil_der","20","90","Dato publicado tactil derecha: 0","opasistidaNode"
"1773664317.024571","1773664317.0244398","/home/samuchair/ros2_ws/install/samuchair/lib/python3.12/site-packages/samuchair/opasistidaNode.py","timer_callback","20","109","Dato publicado Navegación Táctil:0","opasistidaNode"
"1773664318.2938392","1773664318.2937505","/home/samuchair/ros2_ws/install/samuchair/lib/python3.12/site-packages/samuchair/webcamNode.py","timer_callback","20","104","Frame: 62","webcam"
"1773664318.2946823","1773664318.2945771","/home/samuchair/ros2_ws/install/samuchair/lib/python3.12/site-packages/samuchair/webcamNode.py","timer_callback","20","113","Webcam : CONNECTED","webcam"
"1773664318.7225401","1773664318.7223926","/home/samuchair/ros2_ws/install/samuchair/lib/python3.12/site-packages/samuchair/opasistidaNode.py","update_pot","20","147","Dato publicado potenciometro: 1","opasistidaNode"
"1773664319.1235464","1773664319.1234019","/home/samuchair/ros2_ws/install/samuchair/lib/python3.12/site-packages/samuchair/opasistidaNode.py","update_tactil_der","20","90","Dato publicado tactil derecha: 1","opasistidaNode"
"1773664319.1254458","1773664319.124539","/home/samuchair/ros2_ws/install/samuchair/lib/python3.12/site-packages/samuchair/opasistidaNode.py","timer_callback","20","109","Dato publicado Navegación Táctil:6","opasistidaNode"
"1773664320.2935908","1773664320.2935047","/home/samuchair/ros2_ws/install/samuchair/lib/python3.12/site-packages/samuchair/webcamNode.py","timer_callback","20","104","Frame: 63","webcam"
"1773664320.2942579","1773664320.2941728","/home/samuchair/ros2_ws/install/samuchair/lib/python3.12/site-packages/samuchair/webcamNode.py","timer_callback","20","113","Webcam : CONNECTED","webcam"
"1773664320.5735219","1773664320.5733864","/home/samuchair/ros2_ws/install/samuchair/lib/python3.12/site-packages/samuchair/opasistidaNode.py","update_tactil_der","20","90","Dato publicado tactil derecha: 0","opasistidaNode"
"1773664320.5752947","1773664320.5744798","/home/samuchair/ros2_ws/install/samuchair/lib/python3.12/site-packages/samuchair/opasistidaNode.py","timer_callback","20","109","Dato publicado Navegación Táctil:0","opasistidaNode"
"1773664321.5734777","1773664321.5733204","/home/samuchair/ros2_ws/install/samuchair/lib/python3.12/site-packages/samuchair/opasistidaNode.py","update_tactil_izq","20","85","Dato publicado tactil izquierda: 1","opasistidaNode"
"1773664321.574701","1773664321.5744438","/home/samuchair/ros2_ws/install/samuchair/lib/python3.12/site-packages/samuchair/opasistidaNode.py","timer_callback","20","109","Dato publicado Navegación Táctil:9","opasistidaNode"
"1773664322.2940257","1773664322.293941","/home/samuchair/ros2_ws/install/samuchair/lib/python3.12/site-packages/samuchair/webcamNode.py","timer_callback","20","104","Frame: 64","webcam"
"1773664322.294848","1773664322.2947514","/home/samuchair/ros2_ws/install/samuchair/lib/python3.12/site-packages/samuchair/webcamNode.py","timer_callback","20","113","Webcam : CONNECTED","webcam"
"1773664323.7235785","1773664323.7234325","/home/samuchair/ros2_ws/install/samuchair/lib/python3.12/site-packages/samuchair/opasistidaNode.py","update_tactil_izq","20","85","Dato publicado tactil izquierda: 0","opasistidaNode"
"1773664323.7247214","1773664323.7246006","/home/samuchair/ros2_ws/install/samuchair/lib/python3.12/site-packages/samuchair/opasistidaNode.py","timer_callback","20","109","Dato publicado Navegación Táctil:0","opasistidaNode"
"1773664324.292251","1773664324.29216","/home/samuchair/ros2_ws/install/samuchair/lib/python3.12/site-packages/samuchair/webcamNode.py","timer_callback","20","104","Frame: 65","webcam"
"1773664324.2929523","1773664324.2928734","/home/samuchair/ros2_ws/install/samuchair/lib/python3.12/site-packages/samuchair/webcamNode.py","timer_callback","20","113","Webcam : CONNECTED","webcam"
"1773664325.722583","1773664325.722433","/home/samuchair/ros2_ws/install/samuchair/lib/python3.12/site-packages/samuchair/opasistidaNode.py","update_pot","20","147","Dato publicado potenciometro: 0","opasistidaNode"
"1773664326.2939248","1773664326.2938397","/home/samuchair/ros2_ws/install/samuchair/lib/python3.12/site-packages/samuchair/webcamNode.py","timer_callback","20","104","Frame: 66","webcam"
"1773664326.2947836","1773664326.2946823","/home/samuchair/ros2_ws/install/samuchair/lib/python3.12/site-packages/samuchair/webcamNode.py","timer_callback","20","113","Webcam : CONNECTED","webcam"
"1773664326.7226052","1773664326.7224295","/home/samuchair/ros2_ws/install/samuchair/lib/python3.12/site-packages/samuchair/opasistidaNode.py","update_pot","20","147","Dato publicado potenciometro: 1","opasistidaNode"
"1773664327.4153914","1773664327.4152935","/home/samuchair/ros2_ws/install/samuchair/lib/python3.12/site-packages/samuchair/secondarytaskNode.py","timer_callback","20","248","Publicado: ""0""","ST"
"1773664327.4163504","1773664327.416265","/home/samuchair/ros2_ws/install/samuchair/lib/python3.12/site-packages/samuchair/secondarytaskNode.py","start_random_timer","20","207","Dato publicado ST (ms): 7077","ST"
"1773664327.7224505","1773664327.7223222","/home/samuchair/ros2_ws/install/samuchair/lib/python3.12/site-packages/samuchair/opasistidaNode.py","update_pot","20","147","Dato publicado potenciometro: 2","opasistidaNode"
"1773664328.2925978","1773664328.2925107","/home/samuchair/ros2_ws/install/samuchair/lib/python3.12/site-packages/samuchair/webcamNode.py","timer_callback","20","104","Frame: 67","webcam"
"1773664328.2932923","1773664328.2931936","/home/samuchair/ros2_ws/install/samuchair/lib/python3.12/site-packages/samuchair/webcamNode.py","timer_callback","20","113","Webcam : CONNECTED","webcam"
"1773664328.7225833","1773664328.7224336","/home/samuchair/ros2_ws/install/samuchair/lib/python3.12/site-packages/samuchair/opasistidaNode.py","update_pot","20","147","Dato publicado potenciometro: 1","opasistidaNode"
"1773664328.734764","1773664328.7346811","/home/samuchair/ros2_ws/install/samuchair/lib/python3.12/site-packages/samuchair/secondarytaskNode.py","timer_lectura","20","231","Dato medido ST (ms): 373","ST"
"1773664329.673487","1773664329.6733778","/home/samuchair/ros2_ws/install/samuchair/lib/python3.12/site-packages/samuchair/opasistidaNode.py","update_tactil_izq","20","85","Dato publicado tactil izquierda: 1","opasistidaNode"
"1773664329.6753237","1773664329.6745741","/home/samuchair/ros2_ws/install/samuchair/lib/python3.12/site-packages/samuchair/opasistidaNode.py","timer_callback","20","109","Dato publicado Navegación Táctil:9","opasistidaNode"
"1773664330.291908","1773664330.2918098","/home/samuchair/ros2_ws/install/samuchair/lib/python3.12/site-packages/samuchair/webcamNode.py","timer_callback","20","104","Frame: 68","webcam"
"1773664330.2927067","1773664330.292622","/home/samuchair/ros2_ws/install/samuchair/lib/python3.12/site-packages/samuchair/webcamNode.py","timer_callback","20","113","Webcam : CONNECTED","webcam"
"1773664330.673576","1773664330.6734426","/home/samuchair/ros2_ws/install/samuchair/lib/python3.12/site-packages/samuchair/opasistidaNode.py","update_tactil_izq","20","85","Dato publicado tactil izquierda: 0","opasistidaNode"
"1773664330.6745982","1773664330.6744597","/home/samuchair/ros2_ws/install/samuchair/lib/python3.12/site-packages/samuchair/opasistidaNode.py","timer_callback","20","109","Dato publicado Navegación Táctil:0","opasistidaNode"
"1773664330.7225418","1773664330.7223787","/home/samuchair/ros2_ws/install/samuchair/lib/python3.12/site-packages/samuchair/opasistidaNode.py","update_pot","20","147","Dato publicado potenciometro: 1","opasistidaNode"
"1773664331.5235987","1773664331.5234826","/home/samuchair/ros2_ws/install/samuchair/lib/python3.12/site-packages/samuchair/opasistidaNode.py","update_tactil_der","20","90","Dato publicado tactil derecha: 1","opasistidaNode"
"1773664331.5247705","1773664331.524428","/home/samuchair/ros2_ws/install/samuchair/lib/python3.12/site-packages/samuchair/opasistidaNode.py","timer_callback","20","109","Dato publicado Navegación Táctil:6","opasistidaNode"
"1773664331.7227025","1773664331.7225316","/home/samuchair/ros2_ws/install/samuchair/lib/python3.12/site-packages/samuchair/opasistidaNode.py","update_pot","20","147","Dato publicado potenciometro: 1","opasistidaNode"
"1773664332.292257","1773664332.2921548","/home/samuchair/ros2_ws/install/samuchair/lib/python3.12/site-packages/samuchair/webcamNode.py","timer_callback","20","104","Frame: 69","webcam"
"1773664332.2930954","1773664332.2930124","/home/samuchair/ros2_ws/install/samuchair/lib/python3.12/site-packages/samuchair/webcamNode.py","timer_callback","20","113","Webcam : CONNECTED","webcam"
"1773664333.6235297","1773664333.6233876","/home/samuchair/ros2_ws/install/samuchair/lib/python3.12/site-packages/samuchair/opasistidaNode.py","update_tactil_der","20","90","Dato publicado tactil derecha: 0","opasistidaNode"
"1773664333.625293","1773664333.6245","/home/samuchair/ros2_ws/install/samuchair/lib/python3.12/site-packages/samuchair/opasistidaNode.py","timer_callback","20","109","Dato publicado Navegación Táctil:0","opasistidaNode"
"1773664334.2940288","1773664334.2939517","/home/samuchair/ros2_ws/install/samuchair/lib/python3.12/site-packages/samuchair/webcamNode.py","timer_callback","20","104","Frame: 70","webcam"
"1773664334.2948623","1773664334.294756","/home/samuchair/ros2_ws/install/samuchair/lib/python3.12/site-packages/samuchair/webcamNode.py","timer_callback","20","113","Webcam : CONNECTED","webcam"
"1773664334.3736224","1773664334.3734992","/home/samuchair/ros2_ws/install/samuchair/lib/python3.12/site-packages/samuchair/opasistidaNode.py","update_tactil_izq","20","85","Dato publicado tactil izquierda: 1","opasistidaNode"
"1773664334.3748157","1773664334.3746767","/home/samuchair/ros2_ws/install/samuchair/lib/python3.12/site-packages/samuchair/opasistidaNode.py","timer_callback","20","109","Dato publicado Navegación Táctil:9","opasistidaNode"
"1773664334.9569232","1773664334.9568226","/home/samuchair/ros2_ws/install/samuchair/lib/python3.12/site-packages/samuchair/secondarytaskNode.py","timer_callback","20","248","Publicado: ""1""","ST"
"1773664334.957889","1773664334.9577959","/home/samuchair/ros2_ws/install/samuchair/lib/python3.12/site-packages/samuchair/secondarytaskNode.py","start_random_timer","20","207","Dato publicado ST (ms): 8206","ST"
"1773664335.7236423","1773664335.723507","/home/samuchair/ros2_ws/install/samuchair/lib/python3.12/site-packages/samuchair/opasistidaNode.py","update_tactil_izq","20","85","Dato publicado tactil izquierda: 0","opasistidaNode"
"1773664335.7249281","1773664335.7248023","/home/samuchair/ros2_ws/install/samuchair/lib/python3.12/site-packages/samuchair/opasistidaNode.py","timer_callback","20","109","Dato publicado Navegación Táctil:0","opasistidaNode"
"1773664335.7348635","1773664335.7347705","/home/samuchair/ros2_ws/install/samuchair/lib/python3.12/site-packages/samuchair/secondarytaskNode.py","timer_lectura","20","231","Dato medido ST (ms): 128","ST"
"1773664336.2935634","1773664336.2934856","/home/samuchair/ros2_ws/install/samuchair/lib/python3.12/site-packages/samuchair/webcamNode.py","timer_callback","20","104","Frame: 71","webcam"
"1773664336.2942562","1773664336.2941651","/home/samuchair/ros2_ws/install/samuchair/lib/python3.12/site-packages/samuchair/webcamNode.py","timer_callback","20","113","Webcam : CONNECTED","webcam"
"1773664337.3234093","1773664337.3232985","/home/samuchair/ros2_ws/install/samuchair/lib/python3.12/site-packages/samuchair/opasistidaNode.py","update_tactil_der","20","90","Dato publicado tactil derecha: 1","opasistidaNode"
"1773664337.3247054","1773664337.3244183","/home/samuchair/ros2_ws/install/samuchair/lib/python3.12/site-packages/samuchair/opasistidaNode.py","timer_callback","20","109","Dato publicado Navegación Táctil:6","opasistidaNode"
"1773664338.2929013","1773664338.292816","/home/samuchair/ros2_ws/install/samuchair/lib/python3.12/site-packages/samuchair/webcamNode.py","timer_callback","20","104","Frame: 72","webcam"
"1773664338.2936964","1773664338.2936156","/home/samuchair/ros2_ws/install/samuchair/lib/python3.12/site-packages/samuchair/webcamNode.py","timer_callback","20","113","Webcam : CONNECTED","webcam"
"1773664339.77336","1773664339.773248","/home/samuchair/ros2_ws/install/samuchair/lib/python3.12/site-packages/samuchair/opasistidaNode.py","update_tactil_der","20","90","Dato publicado tactil derecha: 0","opasistidaNode"
"1773664339.774521","1773664339.7742462","/home/samuchair/ros2_ws/install/samuchair/lib/python3.12/site-packages/samuchair/opasistidaNode.py","timer_callback","20","109","Dato publicado Navegación Táctil:0","opasistidaNode"
"1773664340.2920194","1773664340.2919316","/home/samuchair/ros2_ws/install/samuchair/lib/python3.12/site-packages/samuchair/webcamNode.py","timer_callback","20","104","Frame: 73","webcam"
"1773664340.2927413","1773664340.2926369","/home/samuchair/ros2_ws/install/samuchair/lib/python3.12/site-packages/samuchair/webcamNode.py","timer_callback","20","113","Webcam : CONNECTED","webcam"
"1773664340.9236593","1773664340.9234295","/home/samuchair/ros2_ws/install/samuchair/lib/python3.12/site-packages/samuchair/opasistidaNode.py","update_tactil_der","20","90","Dato publicado tactil derecha: 1","opasistidaNode"
"1773664340.9251604","1773664340.9246566","/home/samuchair/ros2_ws/install/samuchair/lib/python3.12/site-packages/samuchair/opasistidaNode.py","timer_callback","20","109","Dato publicado Navegación Táctil:6","opasistidaNode"
"1773664340.9736543","1773664340.9735398","/home/samuchair/ros2_ws/install/samuchair/lib/python3.12/site-packages/samuchair/opasistidaNode.py","update_tactil_izq","20","85","Dato publicado tactil izquierda: 1","opasistidaNode"
"1773664340.9748075","1773664340.9745703","/home/samuchair/ros2_ws/install/samuchair/lib/python3.12/site-packages/samuchair/opasistidaNode.py","timer_callback","20","109","Dato publicado Navegación Táctil:0","opasistidaNode"
"1773664342.2928631","1773664342.2926917","/home/samuchair/ros2_ws/install/samuchair/lib/python3.12/site-packages/samuchair/webcamNode.py","timer_callback","20","104","Frame: 74","webcam"
"1773664342.2939513","1773664342.29358","/home/samuchair/ros2_ws/install/samuchair/lib/python3.12/site-packages/samuchair/webcamNode.py","timer_callback","20","113","Webcam : CONNECTED","webcam"
"1773664343.6287804","1773664343.628681","/home/samuchair/ros2_ws/install/samuchair/lib/python3.12/site-packages/samuchair/secondarytaskNode.py","timer_callback","20","248","Publicado: ""0""","ST"
"1773664343.6296763","1773664343.6295905","/home/samuchair/ros2_ws/install/samuchair/lib/python3.12/site-packages/samuchair/secondarytaskNode.py","start_random_timer","20","207","Dato publicado ST (ms): 5974","ST"
"1773664343.9235723","1773664343.9234505","/home/samuchair/ros2_ws/install/samuchair/lib/python3.12/site-packages/samuchair/opasistidaNode.py","update_tactil_izq","20","85","Dato publicado tactil izquierda: 0","opasistidaNode"
"1773664343.925399","1773664343.9246438","/home/samuchair/ros2_ws/install/samuchair/lib/python3.12/site-packages/samuchair/opasistidaNode.py","timer_callback","20","109","Dato publicado Navegación Táctil:6","opasistidaNode"
"1773664343.9736242","1773664343.9735115","/home/samuchair/ros2_ws/install/samuchair/lib/python3.12/site-packages/samuchair/opasistidaNode.py","update_tactil_der","20","90","Dato publicado tactil derecha: 0","opasistidaNode"
"1773664343.9749517","1773664343.9746528","/home/samuchair/ros2_ws/install/samuchair/lib/python3.12/site-packages/samuchair/opasistidaNode.py","timer_callback","20","109","Dato publicado Navegación Táctil:0","opasistidaNode"
"1773664344.2932682","1773664344.2931833","/home/samuchair/ros2_ws/install/samuchair/lib/python3.12/site-packages/samuchair/webcamNode.py","timer_callback","20","104","Frame: 75","webcam"
"1773664344.2939875","1773664344.2938998","/home/samuchair/ros2_ws/install/samuchair/lib/python3.12/site-packages/samuchair/webcamNode.py","timer_callback","20","113","Webcam : CONNECTED","webcam"
"1773664344.722622","1773664344.7224872","/home/samuchair/ros2_ws/install/samuchair/lib/python3.12/site-packages/samuchair/opasistidaNode.py","update_pot","20","147","Dato publicado potenciometro: 2","opasistidaNode"
"1773664344.7347658","1773664344.73469","/home/samuchair/ros2_ws/install/samuchair/lib/python3.12/site-packages/samuchair/secondarytaskNode.py","timer_lectura","20","231","Dato medido ST (ms): 159","ST"
"1773664344.8734593","1773664344.8733287","/home/samuchair/ros2_ws/install/samuchair/lib/python3.12/site-packages/samuchair/opasistidaNode.py","update_tactil_izq","20","85","Dato publicado tactil izquierda: 1","opasistidaNode"
"1773664344.973541","1773664344.9734087","/home/samuchair/ros2_ws/install/samuchair/lib/python3.12/site-packages/samuchair/opasistidaNode.py","update_tactil_der","20","90","Dato publicado tactil derecha: 1","opasistidaNode"
"1773664344.9752955","1773664344.9745784","/home/samuchair/ros2_ws/install/samuchair/lib/python3.12/site-packages/samuchair/opasistidaNode.py","timer_callback","20","109","Dato publicado Navegación Táctil:3","opasistidaNode"
"1773664346.2916892","1773664346.2916017","/home/samuchair/ros2_ws/install/samuchair/lib/python3.12/site-packages/samuchair/webcamNode.py","timer_callback","20","104","Frame: 76","webcam"
"1773664346.2925017","1773664346.2923927","/home/samuchair/ros2_ws/install/samuchair/lib/python3.12/site-packages/samuchair/webcamNode.py","timer_callback","20","113","Webcam : CONNECTED","webcam"
"1773664346.8734517","1773664346.873337","/home/samuchair/ros2_ws/install/samuchair/lib/python3.12/site-packages/samuchair/opasistidaNode.py","update_tactil_izq","20","85","Dato publicado tactil izquierda: 0","opasistidaNode"
"1773664346.8753676","1773664346.874448","/home/samuchair/ros2_ws/install/samuchair/lib/python3.12/site-packages/samuchair/opasistidaNode.py","timer_callback","20","109","Dato publicado Navegación Táctil:12","opasistidaNode"
"1773664347.323426","1773664347.3233051","/home/samuchair/ros2_ws/install/samuchair/lib/python3.12/site-packages/samuchair/opasistidaNode.py","update_tactil_izq","20","85","Dato publicado tactil izquierda: 1","opasistidaNode"
"1773664347.3245988","1773664347.3244364","/home/samuchair/ros2_ws/install/samuchair/lib/python3.12/site-packages/samuchair/opasistidaNode.py","timer_callback","20","109","Dato publicado Navegación Táctil:3","opasistidaNode"
"1773664347.7235632","1773664347.7234368","/home/samuchair/ros2_ws/install/samuchair/lib/python3.12/site-packages/samuchair/opasistidaNode.py","update_tactil_der","20","90","Dato publicado tactil derecha: 0","opasistidaNode"
"1773664347.7247646","1773664347.724633","/home/samuchair/ros2_ws/install/samuchair/lib/python3.12/site-packages/samuchair/opasistidaNode.py","timer_callback","20","109","Dato publicado Navegación Táctil:10","opasistidaNode"
"1773664347.8734756","1773664347.8733323","/home/samuchair/ros2_ws/install/samuchair/lib/python3.12/site-packages/samuchair/opasistidaNode.py","update_tactil_izq","20","85","Dato publicado tactil izquierda: 0","opasistidaNode"
"1773664347.8745687","1773664347.8744173","/home/samuchair/ros2_ws/install/samuchair/lib/python3.12/site-packages/samuchair/opasistidaNode.py","timer_callback","20","109","Dato publicado Navegación Táctil:0","opasistidaNode"
"1773664348.292115","1773664348.2920253","/home/samuchair/ros2_ws/install/samuchair/lib/python3.12/site-packages/samuchair/webcamNode.py","timer_callback","20","104","Frame: 77","webcam"
"1773664348.2928605","1773664348.2927694","/home/samuchair/ros2_ws/install/samuchair/lib/python3.12/site-packages/samuchair/webcamNode.py","timer_callback","20","113","Webcam : CONNECTED","webcam"
"1773664349.7225494","1773664349.7224104","/home/samuchair/ros2_ws/install/samuchair/lib/python3.12/site-packages/samuchair/opasistidaNode.py","update_pot","20","147","Dato publicado potenciometro: 1","opasistidaNode"
"1773664350.0714219","1773664350.071309","/home/samuchair/ros2_ws/install/samuchair/lib/python3.12/site-packages/samuchair/secondarytaskNode.py","timer_callback","20","248","Publicado: ""0""","ST"
"1773664350.0725384","1773664350.0723872","/home/samuchair/ros2_ws/install/samuchair/lib/python3.12/site-packages/samuchair/secondarytaskNode.py","start_random_timer","20","207","Dato publicado ST (ms): 11900","ST"
"1773664350.294053","1773664350.2939682","/home/samuchair/ros2_ws/install/samuchair/lib/python3.12/site-packages/samuchair/webcamNode.py","timer_callback","20","104","Frame: 78","webcam"
"1773664350.294895","1773664350.2947948","/home/samuchair/ros2_ws/install/samuchair/lib/python3.12/site-packages/samuchair/webcamNode.py","timer_callback","20","113","Webcam : CONNECTED","webcam"
"1773664350.7348518","1773664350.7347767","/home/samuchair/ros2_ws/install/samuchair/lib/python3.12/site-packages/samuchair/secondarytaskNode.py","timer_lectura","20","231","Dato medido ST (ms): 245","ST"
"1773664351.173394","1773664351.1732635","/home/samuchair/ros2_ws/install/samuchair/lib/python3.12/site-packages/samuchair/opasistidaNode.py","update_tactil_der","20","90","Dato publicado tactil derecha: 1","opasistidaNode"
"1773664351.1752996","1773664351.1744542","/home/samuchair/ros2_ws/install/samuchair/lib/python3.12/site-packages/samuchair/opasistidaNode.py","timer_callback","20","109","Dato publicado Navegación Táctil:6","opasistidaNode"
"1773664352.2734847","1773664352.2733574","/home/samuchair/ros2_ws/install/samuchair/lib/python3.12/site-packages/samuchair/opasistidaNode.py","update_tactil_der","20","90","Dato publicado tactil derecha: 0","opasistidaNode"
"1773664352.2745955","1773664352.274453","/home/samuchair/ros2_ws/install/samuchair/lib/python3.12/site-packages/samuchair/opasistidaNode.py","timer_callback","20","109","Dato publicado Navegación Táctil:0","opasistidaNode"
"1773664352.2931771","1773664352.2930672","/home/samuchair/ros2_ws/install/samuchair/lib/python3.12/site-packages/samuchair/webcamNode.py","timer_callback","20","104","Frame: 79","webcam"
"1773664352.2938766","1773664352.2937999","/home/samuchair/ros2_ws/install/samuchair/lib/python3.12/site-packages/samuchair/webcamNode.py","timer_callback","20","113","Webcam : CONNECTED","webcam"
"1773664352.7736661","1773664352.7735484","/home/samuchair/ros2_ws/install/samuchair/lib/python3.12/site-packages/samuchair/opasistidaNode.py","update_tactil_izq","20","85","Dato publicado tactil izquierda: 1","opasistidaNode"
"1773664352.7753587","1773664352.774739","/home/samuchair/ros2_ws/install/samuchair/lib/python3.12/site-packages/samuchair/opasistidaNode.py","timer_callback","20","109","Dato publicado Navegación Táctil:9","opasistidaNode"
"1773664354.2924883","1773664354.2923958","/home/samuchair/ros2_ws/install/samuchair/lib/python3.12/site-packages/samuchair/webcamNode.py","timer_callback","20","104","Frame: 80","webcam"
"1773664354.2932823","1773664354.2931921","/home/samuchair/ros2_ws/install/samuchair/lib/python3.12/site-packages/samuchair/webcamNode.py","timer_callback","20","113","Webcam : CONNECTED","webcam"
"1773664354.7735367","1773664354.7734041","/home/samuchair/ros2_ws/install/samuchair/lib/python3.12/site-packages/samuchair/opasistidaNode.py","update_tactil_izq","20","85","Dato publicado tactil izquierda: 0","opasistidaNode"
"1773664354.7747684","1773664354.7746518","/home/samuchair/ros2_ws/install/samuchair/lib/python3.12/site-packages/samuchair/opasistidaNode.py","timer_callback","20","109","Dato publicado Navegación Táctil:0","opasistidaNode"
"1773664355.5736272","1773664355.5735064","/home/samuchair/ros2_ws/install/samuchair/lib/python3.12/site-packages/samuchair/opasistidaNode.py","update_tactil_izq","20","85","Dato publicado tactil izquierda: 1","opasistidaNode"
"1773664355.5748608","1773664355.5747097","/home/samuchair/ros2_ws/install/samuchair/lib/python3.12/site-packages/samuchair/opasistidaNode.py","timer_callback","20","109","Dato publicado Navegación Táctil:9","opasistidaNode"
"1773664355.9234626","1773664355.9233446","/home/samuchair/ros2_ws/install/samuchair/lib/python3.12/site-packages/samuchair/opasistidaNode.py","update_tactil_izq","20","85","Dato publicado tactil izquierda: 0","opasistidaNode"
"1773664355.925066","1773664355.924417","/home/samuchair/ros2_ws/install/samuchair/lib/python3.12/site-packages/samuchair/opasistidaNode.py","timer_callback","20","109","Dato publicado Navegación Táctil:0","opasistidaNode"
"1773664356.1735299","1773664356.1733966","/home/samuchair/ros2_ws/install/samuchair/lib/python3.12/site-packages/samuchair/opasistidaNode.py","update_tactil_izq","20","85","Dato publicado tactil izquierda: 1","opasistidaNode"
"1773664356.1747496","1773664356.1745718","/home/samuchair/ros2_ws/install/samuchair/lib/python3.12/site-packages/samuchair/opasistidaNode.py","timer_callback","20","109","Dato publicado Navegación Táctil:9","opasistidaNode"
"1773664356.292438","1773664356.2923622","/home/samuchair/ros2_ws/install/samuchair/lib/python3.12/site-packages/samuchair/webcamNode.py","timer_callback","20","104","Frame: 81","webcam"
"1773664356.2931247","1773664356.29304","/home/samuchair/ros2_ws/install/samuchair/lib/python3.12/site-packages/samuchair/webcamNode.py","timer_callback","20","113","Webcam : CONNECTED","webcam"
"1773664357.7733495","1773664357.7732358","/home/samuchair/ros2_ws/install/samuchair/lib/python3.12/site-packages/samuchair/opasistidaNode.py","update_tactil_izq","20","85","Dato publicado tactil izquierda: 0","opasistidaNode"
"1773664357.7745087","1773664357.7743049","/home/samuchair/ros2_ws/install/samuchair/lib/python3.12/site-packages/samuchair/opasistidaNode.py","timer_callback","20","109","Dato publicado Navegación Táctil:0","opasistidaNode"
"1773664358.2935297","1773664358.2933846","/home/samuchair/ros2_ws/install/samuchair/lib/python3.12/site-packages/samuchair/webcamNode.py","timer_callback","20","104","Frame: 82","webcam"
"1773664358.2943316","1773664358.294225","/home/samuchair/ros2_ws/install/samuchair/lib/python3.12/site-packages/samuchair/webcamNode.py","timer_callback","20","113","Webcam : CONNECTED","webcam"
"1773664360.2929182","1773664360.2928293","/home/samuchair/ros2_ws/install/samuchair/lib/python3.12/site-packages/samuchair/webcamNode.py","timer_callback","20","104","Frame: 83","webcam"
"1773664360.2936573","1773664360.293576","/home/samuchair/ros2_ws/install/samuchair/lib/python3.12/site-packages/samuchair/webcamNode.py","timer_callback","20","113","Webcam : CONNECTED","webcam"
"1773664360.3736002","1773664360.3734233","/home/samuchair/ros2_ws/install/samuchair/lib/python3.12/site-packages/samuchair/opasistidaNode.py","update_tactil_izq","20","85","Dato publicado tactil izquierda: 1","opasistidaNode"
"1773664360.3754628","1773664360.3746316","/home/samuchair/ros2_ws/install/samuchair/lib/python3.12/site-packages/samuchair/opasistidaNode.py","timer_callback","20","109","Dato publicado Navegación Táctil:9","opasistidaNode"
"1773664360.4735568","1773664360.4734182","/home/samuchair/ros2_ws/install/samuchair/lib/python3.12/site-packages/samuchair/opasistidaNode.py","update_tactil_der","20","90","Dato publicado tactil derecha: 1","opasistidaNode"
"1773664360.4746726","1773664360.4745615","/home/samuchair/ros2_ws/install/samuchair/lib/python3.12/site-packages/samuchair/opasistidaNode.py","timer_callback","20","109","Dato publicado Navegación Táctil:0","opasistidaNode"
"1773664360.7227445","1773664360.722633","/home/samuchair/ros2_ws/install/samuchair/lib/python3.12/site-packages/samuchair/opasistidaNode.py","timer_callback","20","109","Dato publicado Navegación Táctil:3","opasistidaNode"
"1773664360.7235534","1773664360.72346","/home/samuchair/ros2_ws/install/samuchair/lib/python3.12/site-packages/samuchair/opasistidaNode.py","update_pot","20","147","Dato publicado potenciometro: 2","opasistidaNode"
"1773664362.2928257","1773664362.2927332","/home/samuchair/ros2_ws/install/samuchair/lib/python3.12/site-packages/samuchair/webcamNode.py","timer_callback","20","104","Frame: 84","webcam"
"1773664362.2936614","1773664362.2935364","/home/samuchair/ros2_ws/install/samuchair/lib/python3.12/site-packages/samuchair/webcamNode.py","timer_callback","20","113","Webcam : CONNECTED","webcam"
"1773664362.4393954","1773664362.4392946","/home/samuchair/ros2_ws/install/samuchair/lib/python3.12/site-packages/samuchair/secondarytaskNode.py","timer_callback","20","248","Publicado: ""0""","ST"
"1773664362.4403286","1773664362.4402409","/home/samuchair/ros2_ws/install/samuchair/lib/python3.12/site-packages/samuchair/secondarytaskNode.py","start_random_timer","20","207","Dato publicado ST (ms): 13537","ST"
"1773664362.734762","1773664362.7346787","/home/samuchair/ros2_ws/install/samuchair/lib/python3.12/site-packages/samuchair/secondarytaskNode.py","timer_lectura","20","231","Dato medido ST (ms): 36","ST"
"1773664364.293331","1773664364.2932549","/home/samuchair/ros2_ws/install/samuchair/lib/python3.12/site-packages/samuchair/webcamNode.py","timer_callback","20","104","Frame: 85","webcam"
"1773664364.2940521","1773664364.2939763","/home/samuchair/ros2_ws/install/samuchair/lib/python3.12/site-packages/samuchair/webcamNode.py","timer_callback","20","113","Webcam : CONNECTED","webcam"
"1773664366.2927442","1773664366.2926574","/home/samuchair/ros2_ws/install/samuchair/lib/python3.12/site-packages/samuchair/webcamNode.py","timer_callback","20","104","Frame: 86","webcam"
"1773664366.29355","1773664366.2934391","/home/samuchair/ros2_ws/install/samuchair/lib/python3.12/site-packages/samuchair/webcamNode.py","timer_callback","20","113","Webcam : CONNECTED","webcam"
"1773664368.2929058","1773664368.292817","/home/samuchair/ros2_ws/install/samuchair/lib/python3.12/site-packages/samuchair/webcamNode.py","timer_callback","20","104","Frame: 87","webcam"
"1773664368.2936132","1773664368.2935324","/home/samuchair/ros2_ws/install/samuchair/lib/python3.12/site-packages/samuchair/webcamNode.py","timer_callback","20","113","Webcam : CONNECTED","webcam"
"1773664370.2929263","1773664370.2928128","/home/samuchair/ros2_ws/install/samuchair/lib/python3.12/site-packages/samuchair/webcamNode.py","timer_callback","20","104","Frame: 88","webcam"
"1773664370.29383","1773664370.293743","/home/samuchair/ros2_ws/install/samuchair/lib/python3.12/site-packages/samuchair/webcamNode.py","timer_callback","20","113","Webcam : CONNECTED","webcam"
"1773664370.9735005","1773664370.9733715","/home/samuchair/ros2_ws/install/samuchair/lib/python3.12/site-packages/samuchair/opasistidaNode.py","update_tactil_izq","20","85","Dato publicado tactil izquierda: 0","opasistidaNode"
"1773664370.9751964","1773664370.9744785","/home/samuchair/ros2_ws/install/samuchair/lib/python3.12/site-packages/samuchair/opasistidaNode.py","timer_callback","20","109","Dato publicado Navegación Táctil:12","opasistidaNode"
"1773664371.0736487","1773664371.0735292","/home/samuchair/ros2_ws/install/samuchair/lib/python3.12/site-packages/samuchair/opasistidaNode.py","update_tactil_der","20","90","Dato publicado tactil derecha: 0","opasistidaNode"
"1773664371.0747597","1773664371.0746193","/home/samuchair/ros2_ws/install/samuchair/lib/python3.12/site-packages/samuchair/opasistidaNode.py","timer_callback","20","109","Dato publicado Navegación Táctil:0","opasistidaNode"
"1773664372.2919312","1773664372.2918386","/home/samuchair/ros2_ws/install/samuchair/lib/python3.12/site-packages/samuchair/webcamNode.py","timer_callback","20","104","Frame: 89","webcam"
"1773664372.292645","1773664372.2925582","/home/samuchair/ros2_ws/install/samuchair/lib/python3.12/site-packages/samuchair/webcamNode.py","timer_callback","20","113","Webcam : CONNECTED","webcam"
"1773664373.7226472","1773664373.722504","/home/samuchair/ros2_ws/install/samuchair/lib/python3.12/site-packages/samuchair/opasistidaNode.py","update_pot","20","147","Dato publicado potenciometro: 1","opasistidaNode"
"1773664374.2922034","1773664374.292116","/home/samuchair/ros2_ws/install/samuchair/lib/python3.12/site-packages/samuchair/webcamNode.py","timer_callback","20","104","Frame: 90","webcam"
"1773664374.2930968","1773664374.2929962","/home/samuchair/ros2_ws/install/samuchair/lib/python3.12/site-packages/samuchair/webcamNode.py","timer_callback","20","113","Webcam : CONNECTED","webcam"
"1773664374.7227015","1773664374.722445","/home/samuchair/ros2_ws/install/samuchair/lib/python3.12/site-packages/samuchair/opasistidaNode.py","update_pot","20","147","Dato publicado potenciometro: 1","opasistidaNode"
"1773664376.2922082","1773664376.292121","/home/samuchair/ros2_ws/install/samuchair/lib/python3.12/site-packages/samuchair/webcamNode.py","timer_callback","20","104","Frame: 91","webcam"
"1773664376.2929509","1773664376.2928343","/home/samuchair/ros2_ws/install/samuchair/lib/python3.12/site-packages/samuchair/webcamNode.py","timer_callback","20","113","Webcam : CONNECTED","webcam"
"1773664376.3236587","1773664376.3235424","/home/samuchair/ros2_ws/install/samuchair/lib/python3.12/site-packages/samuchair/opasistidaNode.py","update_tactil_izq","20","85","Dato publicado tactil izquierda: 1","opasistidaNode"
"1773664376.3255508","1773664376.3246346","/home/samuchair/ros2_ws/install/samuchair/lib/python3.12/site-packages/samuchair/opasistidaNode.py","timer_callback","20","109","Dato publicado Navegación Táctil:9","opasistidaNode"
"1773664376.433864","1773664376.4337819","/home/samuchair/ros2_ws/install/samuchair/lib/python3.12/site-packages/samuchair/secondarytaskNode.py","timer_callback","20","248","Publicado: ""0""","ST"
"1773664376.4346719","1773664376.434591","/home/samuchair/ros2_ws/install/samuchair/lib/python3.12/site-packages/samuchair/secondarytaskNode.py","start_random_timer","20","207","Dato publicado ST (ms): 11356","ST"
"1773664377.734797","1773664377.7347128","/home/samuchair/ros2_ws/install/samuchair/lib/python3.12/site-packages/samuchair/secondarytaskNode.py","timer_lectura","20","231","Dato medido ST (ms): 377","ST"
"1773664378.292216","1773664378.292125","/home/samuchair/ros2_ws/install/samuchair/lib/python3.12/site-packages/samuchair/webcamNode.py","timer_callback","20","104","Frame: 92","webcam"
"1773664378.2930095","1773664378.292929","/home/samuchair/ros2_ws/install/samuchair/lib/python3.12/site-packages/samuchair/webcamNode.py","timer_callback","20","113","Webcam : CONNECTED","webcam"
"1773664378.7736151","1773664378.7734833","/home/samuchair/ros2_ws/install/samuchair/lib/python3.12/site-packages/samuchair/opasistidaNode.py","update_tactil_izq","20","85","Dato publicado tactil izquierda: 0","opasistidaNode"
"1773664378.7746904","1773664378.7745805","/home/samuchair/ros2_ws/install/samuchair/lib/python3.12/site-packages/samuchair/opasistidaNode.py","timer_callback","20","109","Dato publicado Navegación Táctil:0","opasistidaNode"
"1773664380.2935748","1773664380.2934964","/home/samuchair/ros2_ws/install/samuchair/lib/python3.12/site-packages/samuchair/webcamNode.py","timer_callback","20","104","Frame: 93","webcam"
"1773664380.294276","1773664380.2941804","/home/samuchair/ros2_ws/install/samuchair/lib/python3.12/site-packages/samuchair/webcamNode.py","timer_callback","20","113","Webcam : CONNECTED","webcam"
"1773664381.5733957","1773664381.573284","/home/samuchair/ros2_ws/install/samuchair/lib/python3.12/site-packages/samuchair/opasistidaNode.py","update_tactil_izq","20","85","Dato publicado tactil izquierda: 1","opasistidaNode"
"1773664381.575107","1773664381.5743737","/home/samuchair/ros2_ws/install/samuchair/lib/python3.12/site-packages/samuchair/opasistidaNode.py","timer_callback","20","109","Dato publicado Navegación Táctil:9","opasistidaNode"
"1773664381.6736395","1773664381.6735198","/home/samuchair/ros2_ws/install/samuchair/lib/python3.12/site-packages/samuchair/opasistidaNode.py","update_tactil_der","20","90","Dato publicado tactil derecha: 1","opasistidaNode"
"1773664381.674859","1773664381.674683","/home/samuchair/ros2_ws/install/samuchair/lib/python3.12/site-packages/samuchair/opasistidaNode.py","timer_callback","20","109","Dato publicado Navegación Táctil:0","opasistidaNode"
"1773664381.7229698","1773664381.7227252","/home/samuchair/ros2_ws/install/samuchair/lib/python3.12/site-packages/samuchair/opasistidaNode.py","timer_callback","20","109","Dato publicado Navegación Táctil:3","opasistidaNode"
"1773664381.723781","1773664381.7236598","/home/samuchair/ros2_ws/install/samuchair/lib/python3.12/site-packages/samuchair/opasistidaNode.py","update_pot","20","147","Dato publicado potenciometro: 2","opasistidaNode"
"1773664382.2937047","1773664382.2936199","/home/samuchair/ros2_ws/install/samuchair/lib/python3.12/site-packages/samuchair/webcamNode.py","timer_callback","20","104","Frame: 94","webcam"
"1773664382.2945242","1773664382.2944164","/home/samuchair/ros2_ws/install/samuchair/lib/python3.12/site-packages/samuchair/webcamNode.py","timer_callback","20","113","Webcam : CONNECTED","webcam"
"1773664384.2932305","1773664384.293078","/home/samuchair/ros2_ws/install/samuchair/lib/python3.12/site-packages/samuchair/webcamNode.py","timer_callback","20","104","Frame: 95","webcam"
"1773664384.2948396","1773664384.2938573","/home/samuchair/ros2_ws/install/samuchair/lib/python3.12/site-packages/samuchair/webcamNode.py","timer_callback","20","113","Webcam : CONNECTED","webcam"
"1773664384.9734347","1773664384.9733043","/home/samuchair/ros2_ws/install/samuchair/lib/python3.12/site-packages/samuchair/opasistidaNode.py","update_tactil_izq","20","85","Dato publicado tactil izquierda: 0","opasistidaNode"
"1773664384.9744978","1773664384.974365","/home/samuchair/ros2_ws/install/samuchair/lib/python3.12/site-packages/samuchair/opasistidaNode.py","timer_callback","20","109","Dato publicado Navegación Táctil:12","opasistidaNode"
"1773664385.073529","1773664385.0734022","/home/samuchair/ros2_ws/install/samuchair/lib/python3.12/site-packages/samuchair/opasistidaNode.py","update_tactil_der","20","90","Dato publicado tactil derecha: 0","opasistidaNode"
"1773664385.0745819","1773664385.0744345","/home/samuchair/ros2_ws/install/samuchair/lib/python3.12/site-packages/samuchair/opasistidaNode.py","timer_callback","20","109","Dato publicado Navegación Táctil:0","opasistidaNode"
"1773664386.2923377","1773664386.2922463","/home/samuchair/ros2_ws/install/samuchair/lib/python3.12/site-packages/samuchair/webcamNode.py","timer_callback","20","104","Frame: 96","webcam"
"1773664386.2931736","1773664386.2930918","/home/samuchair/ros2_ws/install/samuchair/lib/python3.12/site-packages/samuchair/webcamNode.py","timer_callback","20","113","Webcam : CONNECTED","webcam"
"1773664387.7226515","1773664387.722517","/home/samuchair/ros2_ws/install/samuchair/lib/python3.12/site-packages/samuchair/opasistidaNode.py","update_pot","20","147","Dato publicado potenciometro: 1","opasistidaNode"
"1773664388.2475002","1773664388.2473826","/home/samuchair/ros2_ws/install/samuchair/lib/python3.12/site-packages/samuchair/secondarytaskNode.py","timer_callback","20","248","Publicado: ""0""","ST"
"1773664388.248547","1773664388.248444","/home/samuchair/ros2_ws/install/samuchair/lib/python3.12/site-packages/samuchair/secondarytaskNode.py","start_random_timer","20","207","Dato publicado ST (ms): 7307","ST"
"1773664388.2935245","1773664388.293435","/home/samuchair/ros2_ws/install/samuchair/lib/python3.12/site-packages/samuchair/webcamNode.py","timer_callback","20","104","Frame: 97","webcam"
"1773664388.2942183","1773664388.2941291","/home/samuchair/ros2_ws/install/samuchair/lib/python3.12/site-packages/samuchair/webcamNode.py","timer_callback","20","113","Webcam : CONNECTED","webcam"
"1773664388.4233627","1773664388.423234","/home/samuchair/ros2_ws/install/samuchair/lib/python3.12/site-packages/samuchair/opasistidaNode.py","update_tactil_izq","20","85","Dato publicado tactil izquierda: 1","opasistidaNode"
"1773664388.4245315","1773664388.4242563","/home/samuchair/ros2_ws/install/samuchair/lib/python3.12/site-packages/samuchair/opasistidaNode.py","timer_callback","20","109","Dato publicado Navegación Táctil:9","opasistidaNode"
"1773664388.734745","1773664388.7346742","/home/samuchair/ros2_ws/install/samuchair/lib/python3.12/site-packages/samuchair/secondarytaskNode.py","timer_lectura","20","231","Dato medido ST (ms): 83","ST"
"1773664390.293317","1773664390.2932234","/home/samuchair/ros2_ws/install/samuchair/lib/python3.12/site-packages/samuchair/webcamNode.py","timer_callback","20","104","Frame: 98","webcam"
"1773664390.2941387","1773664390.294041","/home/samuchair/ros2_ws/install/samuchair/lib/python3.12/site-packages/samuchair/webcamNode.py","timer_callback","20","113","Webcam : CONNECTED","webcam"
"1773664390.4235592","1773664390.4234178","/home/samuchair/ros2_ws/install/samuchair/lib/python3.12/site-packages/samuchair/opasistidaNode.py","update_tactil_izq","20","85","Dato publicado tactil izquierda: 0","opasistidaNode"
"1773664390.4248035","1773664390.424572","/home/samuchair/ros2_ws/install/samuchair/lib/python3.12/site-packages/samuchair/opasistidaNode.py","timer_callback","20","109","Dato publicado Navegación Táctil:0","opasistidaNode"
"1773664392.2925289","1773664392.2924283","/home/samuchair/ros2_ws/install/samuchair/lib/python3.12/site-packages/samuchair/webcamNode.py","timer_callback","20","104","Frame: 99","webcam"
"1773664392.2932444","1773664392.2931523","/home/samuchair/ros2_ws/install/samuchair/lib/python3.12/site-packages/samuchair/webcamNode.py","timer_callback","20","113","Webcam : CONNECTED","webcam"
"1773664392.7224405","1773664392.722311","/home/samuchair/ros2_ws/install/samuchair/lib/python3.12/site-packages/samuchair/opasistidaNode.py","update_pot","20","147","Dato publicado potenciometro: 2","opasistidaNode"
"1773664392.9734383","1773664392.9733195","/home/samuchair/ros2_ws/install/samuchair/lib/python3.12/site-packages/samuchair/opasistidaNode.py","update_tactil_der","20","90","Dato publicado tactil derecha: 1","opasistidaNode"
"1773664392.9751527","1773664392.9750109","/home/samuchair/ros2_ws/install/samuchair/lib/python3.12/site-packages/samuchair/opasistidaNode.py","timer_callback","20","109","Dato publicado Navegación Táctil:12","opasistidaNode"
"1773664393.023519","1773664393.0233912","/home/samuchair/ros2_ws/install/samuchair/lib/python3.12/site-packages/samuchair/opasistidaNode.py","update_tactil_izq","20","85","Dato publicado tactil izquierda: 1","opasistidaNode"
"1773664393.0246203","1773664393.0244238","/home/samuchair/ros2_ws/install/samuchair/lib/python3.12/site-packages/samuchair/opasistidaNode.py","timer_callback","20","109","Dato publicado Navegación Táctil:3","opasistidaNode"
"1773664394.2936797","1773664394.2935956","/home/samuchair/ros2_ws/install/samuchair/lib/python3.12/site-packages/samuchair/webcamNode.py","timer_callback","20","104","Frame: 100","webcam"
"1773664394.2944968","1773664394.2944047","/home/samuchair/ros2_ws/install/samuchair/lib/python3.12/site-packages/samuchair/webcamNode.py","timer_callback","20","113","Webcam : CONNECTED","webcam"
"1773664396.0180824","1773664396.0179908","/home/samuchair/ros2_ws/install/samuchair/lib/python3.12/site-packages/samuchair/secondarytaskNode.py","timer_callback","20","248","Publicado: ""0""","ST"
"1773664396.0190494","1773664396.018961","/home/samuchair/ros2_ws/install/samuchair/lib/python3.12/site-packages/samuchair/secondarytaskNode.py","start_random_timer","20","207","Dato publicado ST (ms): 13286","ST"
"1773664396.2930653","1773664396.29298","/home/samuchair/ros2_ws/install/samuchair/lib/python3.12/site-packages/samuchair/webcamNode.py","timer_callback","20","104","Frame: 101","webcam"
"1773664396.2937593","1773664396.2936769","/home/samuchair/ros2_ws/install/samuchair/lib/python3.12/site-packages/samuchair/webcamNode.py","timer_callback","20","113","Webcam : CONNECTED","webcam"
"1773664396.7349308","1773664396.7348316","/home/samuchair/ros2_ws/install/samuchair/lib/python3.12/site-packages/samuchair/secondarytaskNode.py","timer_lectura","20","231","Dato medido ST (ms): 120","ST"
"1773664398.2927747","1773664398.2926853","/home/samuchair/ros2_ws/install/samuchair/lib/python3.12/site-packages/samuchair/webcamNode.py","timer_callback","20","104","Frame: 102","webcam"
"1773664398.293573","1773664398.293481","/home/samuchair/ros2_ws/install/samuchair/lib/python3.12/site-packages/samuchair/webcamNode.py","timer_callback","20","113","Webcam : CONNECTED","webcam"
"1773664400.2935736","1773664400.2934968","/home/samuchair/ros2_ws/install/samuchair/lib/python3.12/site-packages/samuchair/webcamNode.py","timer_callback","20","104","Frame: 103","webcam"
"1773664400.2942307","1773664400.2941494","/home/samuchair/ros2_ws/install/samuchair/lib/python3.12/site-packages/samuchair/webcamNode.py","timer_callback","20","113","Webcam : CONNECTED","webcam"
"1773664402.293495","1773664402.2933955","/home/samuchair/ros2_ws/install/samuchair/lib/python3.12/site-packages/samuchair/webcamNode.py","timer_callback","20","104","Frame: 104","webcam"
"1773664402.2942924","1773664402.2941873","/home/samuchair/ros2_ws/install/samuchair/lib/python3.12/site-packages/samuchair/webcamNode.py","timer_callback","20","113","Webcam : CONNECTED","webcam"
"1773664402.873439","1773664402.873313","/home/samuchair/ros2_ws/install/samuchair/lib/python3.12/site-packages/samuchair/opasistidaNode.py","update_tactil_izq","20","85","Dato publicado tactil izquierda: 0","opasistidaNode"
"1773664402.8752387","1773664402.875106","/home/samuchair/ros2_ws/install/samuchair/lib/python3.12/site-packages/samuchair/opasistidaNode.py","timer_callback","20","109","Dato publicado Navegación Táctil:12","opasistidaNode"
"1773664402.9734964","1773664402.973378","/home/samuchair/ros2_ws/install/samuchair/lib/python3.12/site-packages/samuchair/opasistidaNode.py","update_tactil_der","20","90","Dato publicado tactil derecha: 0","opasistidaNode"
"1773664402.975118","1773664402.9749875","/home/samuchair/ros2_ws/install/samuchair/lib/python3.12/site-packages/samuchair/opasistidaNode.py","timer_callback","20","109","Dato publicado Navegación Táctil:0","opasistidaNode"
"1773664404.292195","1773664404.2920942","/home/samuchair/ros2_ws/install/samuchair/lib/python3.12/site-packages/samuchair/webcamNode.py","timer_callback","20","104","Frame: 105","webcam"
"1773664404.2930455","1773664404.2929552","/home/samuchair/ros2_ws/install/samuchair/lib/python3.12/site-packages/samuchair/webcamNode.py","timer_callback","20","113","Webcam : CONNECTED","webcam"
"1773664404.7225375","1773664404.722395","/home/samuchair/ros2_ws/install/samuchair/lib/python3.12/site-packages/samuchair/opasistidaNode.py","update_pot","20","147","Dato publicado potenciometro: 1","opasistidaNode"
"1773664405.7225776","1773664405.7224343","/home/samuchair/ros2_ws/install/samuchair/lib/python3.12/site-packages/samuchair/opasistidaNode.py","update_pot","20","147","Dato publicado potenciometro: 0","opasistidaNode"
"1773664405.9235563","1773664405.9234238","/home/samuchair/ros2_ws/install/samuchair/lib/python3.12/site-packages/samuchair/opasistidaNode.py","update_tactil_izq","20","85","Dato publicado tactil izquierda: 1","opasistidaNode"
"1773664405.9252846","1773664405.924643","/home/samuchair/ros2_ws/install/samuchair/lib/python3.12/site-packages/samuchair/opasistidaNode.py","timer_callback","20","109","Dato publicado Navegación Táctil:15","opasistidaNode"
"1773664405.9736152","1773664405.9735115","/home/samuchair/ros2_ws/install/samuchair/lib/python3.12/site-packages/samuchair/opasistidaNode.py","update_tactil_der","20","90","Dato publicado tactil derecha: 1","opasistidaNode"
"1773664405.9747975","1773664405.9746861","/home/samuchair/ros2_ws/install/samuchair/lib/python3.12/site-packages/samuchair/opasistidaNode.py","timer_callback","20","109","Dato publicado Navegación Táctil:5","opasistidaNode"
"1773664406.2921722","1773664406.292021","/home/samuchair/ros2_ws/install/samuchair/lib/python3.12/site-packages/samuchair/webcamNode.py","timer_callback","20","104","Frame: 106","webcam"
"1773664406.2930121","1773664406.2929032","/home/samuchair/ros2_ws/install/samuchair/lib/python3.12/site-packages/samuchair/webcamNode.py","timer_callback","20","113","Webcam : CONNECTED","webcam"
"1773664408.292146","1773664408.2920437","/home/samuchair/ros2_ws/install/samuchair/lib/python3.12/site-packages/samuchair/webcamNode.py","timer_callback","20","104","Frame: 107","webcam"
"1773664408.2928696","1773664408.2927885","/home/samuchair/ros2_ws/install/samuchair/lib/python3.12/site-packages/samuchair/webcamNode.py","timer_callback","20","113","Webcam : CONNECTED","webcam"
"1773664409.7675865","1773664409.7674026","/home/samuchair/ros2_ws/install/samuchair/lib/python3.12/site-packages/samuchair/secondarytaskNode.py","timer_callback","20","248","Publicado: ""0""","ST"
"1773664409.7686172","1773664409.768517","/home/samuchair/ros2_ws/install/samuchair/lib/python3.12/site-packages/samuchair/secondarytaskNode.py","start_random_timer","20","207","Dato publicado ST (ms): 12598","ST"
"1773664410.291701","1773664410.2916083","/home/samuchair/ros2_ws/install/samuchair/lib/python3.12/site-packages/samuchair/webcamNode.py","timer_callback","20","104","Frame: 108","webcam"
"1773664410.2924194","1773664410.2923377","/home/samuchair/ros2_ws/install/samuchair/lib/python3.12/site-packages/samuchair/webcamNode.py","timer_callback","20","113","Webcam : CONNECTED","webcam"
"1773664410.734828","1773664410.7347252","/home/samuchair/ros2_ws/install/samuchair/lib/python3.12/site-packages/samuchair/secondarytaskNode.py","timer_lectura","20","231","Dato medido ST (ms): 65","ST"
"1773664412.2935295","1773664412.293435","/home/samuchair/ros2_ws/install/samuchair/lib/python3.12/site-packages/samuchair/webcamNode.py","timer_callback","20","104","Frame: 109","webcam"
"1773664412.29426","1773664412.2941492","/home/samuchair/ros2_ws/install/samuchair/lib/python3.12/site-packages/samuchair/webcamNode.py","timer_callback","20","113","Webcam : CONNECTED","webcam"
"1773664414.2938385","1773664414.2937477","/home/samuchair/ros2_ws/install/samuchair/lib/python3.12/site-packages/samuchair/webcamNode.py","timer_callback","20","104","Frame: 110","webcam"
"1773664414.2946637","1773664414.294577","/home/samuchair/ros2_ws/install/samuchair/lib/python3.12/site-packages/samuchair/webcamNode.py","timer_callback","20","113","Webcam : CONNECTED","webcam"
"1773664416.2923238","1773664416.2922401","/home/samuchair/ros2_ws/install/samuchair/lib/python3.12/site-packages/samuchair/webcamNode.py","timer_callback","20","104","Frame: 111","webcam"
"1773664416.293031","1773664416.2929533","/home/samuchair/ros2_ws/install/samuchair/lib/python3.12/site-packages/samuchair/webcamNode.py","timer_callback","20","113","Webcam : CONNECTED","webcam"
"1773664418.2734928","1773664418.273354","/home/samuchair/ros2_ws/install/samuchair/lib/python3.12/site-packages/samuchair/opasistidaNode.py","update_tactil_izq","20","85","Dato publicado tactil izquierda: 0","opasistidaNode"
"1773664418.2747421","1773664418.2745283","/home/samuchair/ros2_ws/install/samuchair/lib/python3.12/site-packages/samuchair/opasistidaNode.py","timer_callback","20","109","Dato publicado Navegación Táctil:17","opasistidaNode"
"1773664418.2919183","1773664418.2918327","/home/samuchair/ros2_ws/install/samuchair/lib/python3.12/site-packages/samuchair/webcamNode.py","timer_callback","20","104","Frame: 112","webcam"
"1773664418.2927477","1773664418.292663","/home/samuchair/ros2_ws/install/samuchair/lib/python3.12/site-packages/samuchair/webcamNode.py","timer_callback","20","113","Webcam : CONNECTED","webcam"
"1773664418.3236694","1773664418.3235588","/home/samuchair/ros2_ws/install/samuchair/lib/python3.12/site-packages/samuchair/opasistidaNode.py","update_tactil_der","20","90","Dato publicado tactil derecha: 0","opasistidaNode"
"1773664418.3247278","1773664418.3246098","/home/samuchair/ros2_ws/install/samuchair/lib/python3.12/site-packages/samuchair/opasistidaNode.py","timer_callback","20","109","Dato publicado Navegación Táctil:0","opasistidaNode"
"1773664420.2924876","1773664420.292395","/home/samuchair/ros2_ws/install/samuchair/lib/python3.12/site-packages/samuchair/webcamNode.py","timer_callback","20","104","Frame: 113","webcam"
"1773664420.2932758","1773664420.2931976","/home/samuchair/ros2_ws/install/samuchair/lib/python3.12/site-packages/samuchair/webcamNode.py","timer_callback","20","113","Webcam : CONNECTED","webcam"
"1773664422.2921095","1773664422.2920141","/home/samuchair/ros2_ws/install/samuchair/lib/python3.12/site-packages/samuchair/webcamNode.py","timer_callback","20","104","Frame: 114","webcam"
"1773664422.2929077","1773664422.292829","/home/samuchair/ros2_ws/install/samuchair/lib/python3.12/site-packages/samuchair/webcamNode.py","timer_callback","20","113","Webcam : CONNECTED","webcam"
"1773664422.82881","1773664422.828703","/home/samuchair/ros2_ws/install/samuchair/lib/python3.12/site-packages/samuchair/secondarytaskNode.py","timer_callback","20","248","Publicado: ""1""","ST"
"1773664422.829784","1773664422.8296926","/home/samuchair/ros2_ws/install/samuchair/lib/python3.12/site-packages/samuchair/secondarytaskNode.py","start_random_timer","20","207","Dato publicado ST (ms): 14774","ST"
"1773664424.2920487","1773664424.291951","/home/samuchair/ros2_ws/install/samuchair/lib/python3.12/site-packages/samuchair/webcamNode.py","timer_callback","20","104","Frame: 115","webcam"
"1773664424.2928517","1773664424.2927577","/home/samuchair/ros2_ws/install/samuchair/lib/python3.12/site-packages/samuchair/webcamNode.py","timer_callback","20","113","Webcam : CONNECTED","webcam"
"1773664424.5686474","1773664424.5685103","/home/samuchair/ros2_ws/install/samuchair/lib/python3.12/site-packages/samuchair/movilNode.py","timer_callback","20","300","Dato publicado Fase Ejecucion: 30","Movil"
"1773664424.568974","1773664424.5685992","/home/samuchair/ros2_ws/install/samuchair/lib/python3.12/site-packages/samuchair/mainNode.py","callback_subMovilEjecucion","20","149","Comando Movil Ejecucion: 30","mainNode"
"1773664427.7347238","1773664427.7346416","/home/samuchair/ros2_ws/install/samuchair/lib/python3.12/site-packages/samuchair/secondarytaskNode.py","timer_lectura","20","221"," Timeout (ms): 5000","ST"
"1773664438.066122","1773664438.0660057","/home/samuchair/ros2_ws/install/samuchair/lib/python3.12/site-packages/samuchair/secondarytaskNode.py","timer_callback","20","248","Publicado: ""0""","ST"
"1773664438.0677648","1773664438.067624","/home/samuchair/ros2_ws/install/samuchair/lib/python3.12/site-packages/samuchair/secondarytaskNode.py","start_random_timer","20","207","Dato publicado ST (ms): 8858","ST"
"1773664439.7348945","1773664439.734781","/home/samuchair/ros2_ws/install/samuchair/lib/python3.12/site-packages/samuchair/secondarytaskNode.py","timer_lectura","20","231","Dato medido ST (ms): 1204","ST"
"1773664447.3941333","1773664447.394027","/home/samuchair/ros2_ws/install/samuchair/lib/python3.12/site-packages/samuchair/secondarytaskNode.py","timer_callback","20","248","Publicado: ""0""","ST"
"1773664447.3951862","1773664447.3950827","/home/samuchair/ros2_ws/install/samuchair/lib/python3.12/site-packages/samuchair/secondarytaskNode.py","start_random_timer","20","207","Dato publicado ST (ms): 5546","ST"
"1773664452.7347438","1773664452.7346501","/home/samuchair/ros2_ws/install/samuchair/lib/python3.12/site-packages/samuchair/secondarytaskNode.py","timer_lectura","20","221"," Timeout (ms): 5000","ST"
"1773664453.4100342","1773664453.4099593","/home/samuchair/ros2_ws/install/samuchair/lib/python3.12/site-packages/samuchair/secondarytaskNode.py","timer_callback","20","248","Publicado: ""1""","ST"
"1773664453.4110174","1773664453.4109278","/home/samuchair/ros2_ws/install/samuchair/lib/python3.12/site-packages/samuchair/secondarytaskNode.py","start_random_timer","20","207","Dato publicado ST (ms): 5384","ST"
"1773664454.7347922","1773664454.7347164","/home/samuchair/ros2_ws/install/samuchair/lib/python3.12/site-packages/samuchair/secondarytaskNode.py","timer_lectura","20","231","Dato medido ST (ms): 707","ST"
"1773664459.2554333","1773664459.2553365","/home/samuchair/ros2_ws/install/samuchair/lib/python3.12/site-packages/samuchair/secondarytaskNode.py","timer_callback","20","248","Publicado: ""0""","ST"
"1773664459.2564285","1773664459.2563388","/home/samuchair/ros2_ws/install/samuchair/lib/python3.12/site-packages/samuchair/secondarytaskNode.py","start_random_timer","20","207","Dato publicado ST (ms): 9127","ST"
"1773664461.7348762","1773664461.7347572","/home/samuchair/ros2_ws/install/samuchair/lib/python3.12/site-packages/samuchair/secondarytaskNode.py","timer_lectura","20","231","Dato medido ST (ms): 2029","ST"
"1773664468.8395195","1773664468.839407","/home/samuchair/ros2_ws/install/samuchair/lib/python3.12/site-packages/samuchair/secondarytaskNode.py","timer_callback","20","248","Publicado: ""0""","ST"
"1773664468.840553","1773664468.8404284","/home/samuchair/ros2_ws/install/samuchair/lib/python3.12/site-packages/samuchair/secondarytaskNode.py","start_random_timer","20","207","Dato publicado ST (ms): 14251","ST"
"1773664470.7349644","1773664470.7348764","/home/samuchair/ros2_ws/install/samuchair/lib/python3.12/site-packages/samuchair/secondarytaskNode.py","timer_lectura","20","231","Dato medido ST (ms): 1405","ST"
"1773664483.5543165","1773664483.5541925","/home/samuchair/ros2_ws/install/samuchair/lib/python3.12/site-packages/samuchair/secondarytaskNode.py","timer_callback","20","248","Publicado: ""1""","ST"
"1773664483.5556374","1773664483.5555265","/home/samuchair/ros2_ws/install/samuchair/lib/python3.12/site-packages/samuchair/secondarytaskNode.py","start_random_timer","20","207","Dato publicado ST (ms): 13907","ST"
"1773664488.7348251","1773664488.734744","/home/samuchair/ros2_ws/install/samuchair/lib/python3.12/site-packages/samuchair/secondarytaskNode.py","timer_lectura","20","221"," Timeout (ms): 5000","ST"
"1773664497.9275706","1773664497.927475","/home/samuchair/ros2_ws/install/samuchair/lib/python3.12/site-packages/samuchair/secondarytaskNode.py","timer_callback","20","248","Publicado: ""0""","ST"
"1773664497.92862","1773664497.9285223","/home/samuchair/ros2_ws/install/samuchair/lib/python3.12/site-packages/samuchair/secondarytaskNode.py","start_random_timer","20","207","Dato publicado ST (ms): 11614","ST"
"1773664498.734942","1773664498.7348607","/home/samuchair/ros2_ws/install/samuchair/lib/python3.12/site-packages/samuchair/secondarytaskNode.py","timer_lectura","20","231","Dato medido ST (ms): 93","ST"
"1773664510.0074506","1773664510.0073507","/home/samuchair/ros2_ws/install/samuchair/lib/python3.12/site-packages/samuchair/secondarytaskNode.py","timer_callback","20","248","Publicado: ""0""","ST"
"1773664510.0084383","1773664510.008346","/home/samuchair/ros2_ws/install/samuchair/lib/python3.12/site-packages/samuchair/secondarytaskNode.py","start_random_timer","20","207","Dato publicado ST (ms): 9460","ST"
"1773664510.7351787","1773664510.734999","/home/samuchair/ros2_ws/install/samuchair/lib/python3.12/site-packages/samuchair/secondarytaskNode.py","timer_lectura","20","231","Dato medido ST (ms): 432","ST"
"1773664519.9327674","1773664519.932676","/home/samuchair/ros2_ws/install/samuchair/lib/python3.12/site-packages/samuchair/secondarytaskNode.py","timer_callback","20","248","Publicado: ""0""","ST"
"1773664519.9337103","1773664519.9336207","/home/samuchair/ros2_ws/install/samuchair/lib/python3.12/site-packages/samuchair/secondarytaskNode.py","start_random_timer","20","207","Dato publicado ST (ms): 9841","ST"
"1773664520.7348504","1773664520.7347708","/home/samuchair/ros2_ws/install/samuchair/lib/python3.12/site-packages/samuchair/secondarytaskNode.py","timer_lectura","20","231","Dato medido ST (ms): 748","ST"
"1773664530.2421193","1773664530.2420306","/home/samuchair/ros2_ws/install/samuchair/lib/python3.12/site-packages/samuchair/secondarytaskNode.py","timer_callback","20","248","Publicado: ""0""","ST"
"1773664530.2430928","1773664530.2430053","/home/samuchair/ros2_ws/install/samuchair/lib/python3.12/site-packages/samuchair/secondarytaskNode.py","start_random_timer","20","207","Dato publicado ST (ms): 5613","ST"
"1773664530.7348459","1773664530.7347617","/home/samuchair/ros2_ws/install/samuchair/lib/python3.12/site-packages/samuchair/secondarytaskNode.py","timer_lectura","20","231","Dato medido ST (ms): 41","ST"
"1773664536.327493","1773664536.327393","/home/samuchair/ros2_ws/install/samuchair/lib/python3.12/site-packages/samuchair/secondarytaskNode.py","timer_callback","20","248","Publicado: ""0""","ST"
"1773664536.3284254","1773664536.3283298","/home/samuchair/ros2_ws/install/samuchair/lib/python3.12/site-packages/samuchair/secondarytaskNode.py","start_random_timer","20","207","Dato publicado ST (ms): 10462","ST"
"1773664537.7348542","1773664537.7347677","/home/samuchair/ros2_ws/install/samuchair/lib/python3.12/site-packages/samuchair/secondarytaskNode.py","timer_lectura","20","231","Dato medido ST (ms): 612","ST"
