1781507731.9318204;left_wheel_steps;0
1781507732.9311638;left_wheel_steps;0
1781507733.9311368;left_wheel_steps;0
1781507734.9312904;left_wheel_steps;0
1781507735.9311647;left_wheel_steps;0
1781507736.9311335;left_wheel_steps;0
1781507737.9311628;left_wheel_steps;0
1781507738.9311633;left_wheel_steps;0
1781507739.931155;left_wheel_steps;0
1781507740.9311435;left_wheel_steps;0
1781507741.931141;left_wheel_steps;0
1781507742.9311612;left_wheel_steps;0
1781507743.9311306;left_wheel_steps;0
1781507744.9311037;left_wheel_steps;0
1781507745.9311423;left_wheel_steps;0
1781507746.931146;left_wheel_steps;0
1781507747.9311469;left_wheel_steps;0
1781507748.9311533;left_wheel_steps;0
1781507749.931123;left_wheel_steps;0
1781507750.9311724;left_wheel_steps;0
1781507751.9311287;left_wheel_steps;0
1781507752.9311502;left_wheel_steps;0
1781507753.931123;left_wheel_steps;0
1781507754.9311528;left_wheel_steps;0
1781507755.931162;left_wheel_steps;0
1781507756.931121;left_wheel_steps;0
1781507757.9311318;left_wheel_steps;0
1781507758.9311562;left_wheel_steps;0
1781507759.9312253;left_wheel_steps;0
1781507760.931331;left_wheel_steps;0
1781507761.9312215;left_wheel_steps;0
1781507762.9312644;left_wheel_steps;3
1781507763.9312422;left_wheel_steps;108
1781507764.93123;left_wheel_steps;15
1781507765.9313035;left_wheel_steps;0
1781507766.931245;left_wheel_steps;0
1781507767.9312534;left_wheel_steps;0
1781507768.931229;left_wheel_steps;0
1781507769.9312446;left_wheel_steps;0
1781507770.9312522;left_wheel_steps;0
1781507771.9312732;left_wheel_steps;0
1781507772.931389;left_wheel_steps;0
1781507773.9311512;left_wheel_steps;0
1781507774.9311533;left_wheel_steps;0
1781507775.9311695;left_wheel_steps;0
1781507776.9311688;left_wheel_steps;0
1781507777.931167;left_wheel_steps;1
1781507778.9312136;left_wheel_steps;113
1781507779.9310777;left_wheel_steps;191
1781507780.9312823;left_wheel_steps;225
1781507781.9311657;left_wheel_steps;214
1781507782.93116;left_wheel_steps;210
1781507783.9311724;left_wheel_steps;172
1781507784.9311318;left_wheel_steps;6
1781507785.9311354;left_wheel_steps;0
1781507786.9311664;left_wheel_steps;0
1781507787.9311268;left_wheel_steps;0
1781507788.931144;left_wheel_steps;0
1781507789.9311433;left_wheel_steps;0
1781507790.931141;left_wheel_steps;0
1781507791.9311335;left_wheel_steps;0
1781507792.9311357;left_wheel_steps;0
1781507793.9311266;left_wheel_steps;0
1781507794.9311304;left_wheel_steps;0
1781507795.9312613;left_wheel_steps;0
1781507796.9310968;left_wheel_steps;0
1781507797.9315665;left_wheel_steps;0
1781507798.9316146;left_wheel_steps;0
1781507799.9312992;left_wheel_steps;0
1781507800.9312477;left_wheel_steps;-54
1781507801.931317;left_wheel_steps;-166
1781507802.9312267;left_wheel_steps;-169
1781507803.931167;left_wheel_steps;-169
1781507804.9312527;left_wheel_steps;-174
1781507805.9317498;left_wheel_steps;-171
1781507806.9312303;left_wheel_steps;-152
1781507807.9313366;left_wheel_steps;11
1781507808.9312327;left_wheel_steps;0
1781507809.931192;left_wheel_steps;0
1781507810.9317236;left_wheel_steps;0
1781507811.931398;left_wheel_steps;0
1781507812.931378;left_wheel_steps;0
1781507813.9312456;left_wheel_steps;0
1781507814.9312432;left_wheel_steps;0
1781507815.931218;left_wheel_steps;0
1781507816.9313035;left_wheel_steps;0
1781507817.9317484;left_wheel_steps;0
1781507818.9311876;left_wheel_steps;0
1781507819.9314723;left_wheel_steps;0
1781507820.9312823;left_wheel_steps;0
1781507821.9312267;left_wheel_steps;0
1781507822.9311695;left_wheel_steps;0
1781507823.9312406;left_wheel_steps;0
1781507824.9310973;left_wheel_steps;0
1781507825.9312649;left_wheel_steps;0
1781507826.9312556;left_wheel_steps;0
1781507827.93124;left_wheel_steps;0
1781507828.9311583;left_wheel_steps;0
1781507829.9311855;left_wheel_steps;-9
1781507830.9315724;left_wheel_steps;4
1781507831.9311934;left_wheel_steps;0
1781507832.9314675;left_wheel_steps;0
1781507833.9312675;left_wheel_steps;9
1781507834.9311872;left_wheel_steps;40
1781507835.931523;left_wheel_steps;127
1781507836.9312248;left_wheel_steps;205
1781507837.9311895;left_wheel_steps;216
1781507838.931181;left_wheel_steps;205
1781507839.9312744;left_wheel_steps;206
1781507840.93131;left_wheel_steps;213
1781507841.9314196;left_wheel_steps;207
1781507842.9312732;left_wheel_steps;181
1781507843.9317338;left_wheel_steps;11
1781507844.9312634;left_wheel_steps;0
1781507845.9311626;left_wheel_steps;0
1781507846.93124;left_wheel_steps;0
1781507847.931245;left_wheel_steps;0
1781507848.931285;left_wheel_steps;0
1781507849.9312837;left_wheel_steps;0
1781507850.9314792;left_wheel_steps;0
1781507851.9312649;left_wheel_steps;0
1781507852.93117;left_wheel_steps;0
1781507853.931548;left_wheel_steps;0
1781507854.9312923;left_wheel_steps;0
1781507855.9312377;left_wheel_steps;0
1781507856.931286;left_wheel_steps;79
1781507857.9313111;left_wheel_steps;233
1781507858.9313354;left_wheel_steps;244
1781507859.931235;left_wheel_steps;245
1781507860.9312425;left_wheel_steps;239
1781507861.9312549;left_wheel_steps;166
1781507862.9313886;left_wheel_steps;0
1781507863.9315832;left_wheel_steps;0
1781507864.931191;left_wheel_steps;0
1781507865.9315162;left_wheel_steps;0
1781507866.931394;left_wheel_steps;0
1781507867.9310951;left_wheel_steps;0
1781507868.931536;left_wheel_steps;0
1781507869.9315934;left_wheel_steps;0
1781507870.9314914;left_wheel_steps;0
1781507871.931137;left_wheel_steps;0
1781507872.9313073;left_wheel_steps;0
1781507873.9312246;left_wheel_steps;-47
1781507874.931326;left_wheel_steps;-200
1781507875.9311855;left_wheel_steps;-225
1781507876.9312668;left_wheel_steps;-238
1781507877.9315546;left_wheel_steps;-266
1781507878.9312663;left_wheel_steps;-238
1781507879.9315128;left_wheel_steps;-228
1781507880.9313788;left_wheel_steps;-218
1781507881.9313776;left_wheel_steps;-152
1781507882.9313142;left_wheel_steps;0
1781507883.931319;left_wheel_steps;0
1781507884.9313512;left_wheel_steps;0
1781507885.9317706;left_wheel_steps;0
1781507886.9313126;left_wheel_steps;0
1781507887.9312885;left_wheel_steps;0
1781507888.9312458;left_wheel_steps;0
1781507889.9311757;left_wheel_steps;0
1781507890.9315572;left_wheel_steps;0
1781507891.931242;left_wheel_steps;0
1781507892.931074;left_wheel_steps;0
1781507893.9319685;left_wheel_steps;0
1781507894.9312234;left_wheel_steps;0
1781507895.9317503;left_wheel_steps;0
1781507896.931249;left_wheel_steps;0
1781507897.9312685;left_wheel_steps;0
1781507898.9311929;left_wheel_steps;6
1781507899.9312718;left_wheel_steps;96
1781507900.9311912;left_wheel_steps;145
1781507901.9315836;left_wheel_steps;181
1781507902.9315376;left_wheel_steps;178
1781507903.931188;left_wheel_steps;167
1781507904.9315157;left_wheel_steps;163
1781507905.9311037;left_wheel_steps;8
1781507906.9312449;left_wheel_steps;0
1781507907.9317398;left_wheel_steps;0
1781507908.93128;left_wheel_steps;0
1781507909.9311488;left_wheel_steps;0
1781507910.9312556;left_wheel_steps;0
1781507911.9312515;left_wheel_steps;0
1781507912.931184;left_wheel_steps;0
1781507913.9315891;left_wheel_steps;0
1781507914.9315455;left_wheel_steps;-21
1781507915.9311826;left_wheel_steps;-144
1781507916.931237;left_wheel_steps;-97
1781507917.9311912;left_wheel_steps;-84
1781507918.931286;left_wheel_steps;-163
1781507919.9311724;left_wheel_steps;-171
1781507920.931237;left_wheel_steps;-174
1781507921.9312792;left_wheel_steps;44
1781507922.931527;left_wheel_steps;0
1781507923.93125;left_wheel_steps;0
1781507924.9312477;left_wheel_steps;0
1781507925.9313226;left_wheel_steps;0
1781507926.93118;left_wheel_steps;0
1781507927.931344;left_wheel_steps;0
1781507928.9313738;left_wheel_steps;0
1781507929.931551;left_wheel_steps;0
1781507930.9315002;left_wheel_steps;0
1781507931.9313278;left_wheel_steps;0
1781507932.9313197;left_wheel_steps;0
1781507933.9313114;left_wheel_steps;0
1781507934.931328;left_wheel_steps;0
1781507935.9313374;left_wheel_steps;0
1781507936.9312284;left_wheel_steps;0
1781507937.9316542;left_wheel_steps;0
1781507938.9312766;left_wheel_steps;29
1781507939.9311793;left_wheel_steps;174
1781507940.9313476;left_wheel_steps;209
1781507941.9317482;left_wheel_steps;211
1781507942.931219;left_wheel_steps;208
1781507943.9311876;left_wheel_steps;203
1781507944.9312294;left_wheel_steps;57
1781507945.931257;left_wheel_steps;0
1781507946.9311616;left_wheel_steps;0
1781507947.9316318;left_wheel_steps;0
1781507948.931226;left_wheel_steps;0
1781507949.9315417;left_wheel_steps;0
1781507950.9312243;left_wheel_steps;0
1781507951.931227;left_wheel_steps;0
1781507952.9312787;left_wheel_steps;0
1781507953.9311838;left_wheel_steps;0
1781507954.931217;left_wheel_steps;0
1781507955.9317584;left_wheel_steps;0
1781507956.9311943;left_wheel_steps;0
1781507957.9317336;left_wheel_steps;38
1781507958.9311523;left_wheel_steps;171
1781507959.931286;left_wheel_steps;29
1781507960.9311569;left_wheel_steps;0
1781507961.931182;left_wheel_steps;0
1781507962.9312413;left_wheel_steps;0
1781507963.9317305;left_wheel_steps;0
1781507964.931129;left_wheel_steps;0
1781507965.931219;left_wheel_steps;0
1781507966.9312398;left_wheel_steps;0
1781507967.9315133;left_wheel_steps;0
1781507968.93127;left_wheel_steps;0
1781507969.9320748;left_wheel_steps;0
1781507970.9317832;left_wheel_steps;0
1781507971.9315312;left_wheel_steps;0
1781507972.9312346;left_wheel_steps;-23
1781507973.9312513;left_wheel_steps;-124
1781507974.931232;left_wheel_steps;-172
1781507975.9313176;left_wheel_steps;-131
1781507976.9317825;left_wheel_steps;0
1781507977.9314587;left_wheel_steps;0
1781507978.931215;left_wheel_steps;0
1781507979.9312618;left_wheel_steps;0
1781507980.9312296;left_wheel_steps;0
1781507981.931487;left_wheel_steps;0
1781507982.931595;left_wheel_steps;0
1781507983.9312568;left_wheel_steps;0
1781507984.9312344;left_wheel_steps;0
1781507985.9312172;left_wheel_steps;0
1781507986.9313326;left_wheel_steps;-17
1781507987.9317336;left_wheel_steps;-84
1781507988.9312177;left_wheel_steps;-85
1781507989.9312394;left_wheel_steps;-83
1781507990.931236;left_wheel_steps;-81
1781507991.9312408;left_wheel_steps;-81
1781507992.9312212;left_wheel_steps;-48
1781507993.931743;left_wheel_steps;0
1781507994.9311836;left_wheel_steps;0
1781507995.9315274;left_wheel_steps;0
1781507996.9312418;left_wheel_steps;0
1781507997.931193;left_wheel_steps;0
1781507998.9311469;left_wheel_steps;0
1781507999.9312377;left_wheel_steps;0
1781508000.93125;left_wheel_steps;0
1781508001.9312942;left_wheel_steps;0
1781508002.9311576;left_wheel_steps;0
1781508003.9314494;left_wheel_steps;0
1781508004.9311922;left_wheel_steps;14
1781508005.931312;left_wheel_steps;96
1781508006.9315162;left_wheel_steps;215
1781508007.9318032;left_wheel_steps;210
1781508008.931186;left_wheel_steps;214
1781508009.9312348;left_wheel_steps;145
1781508010.931275;left_wheel_steps;1
1781508011.9312184;left_wheel_steps;0
1781508012.9312987;left_wheel_steps;0
1781508013.9313576;left_wheel_steps;0
1781508014.931304;left_wheel_steps;0
1781508015.9314249;left_wheel_steps;3
1781508016.9312255;left_wheel_steps;113
1781508017.9312713;left_wheel_steps;204
1781508018.9312904;left_wheel_steps;42
1781508019.9311523;left_wheel_steps;0
1781508020.9315202;left_wheel_steps;0
1781508021.931627;left_wheel_steps;0
1781508022.9312682;left_wheel_steps;0
1781508023.9315135;left_wheel_steps;0
1781508024.9311936;left_wheel_steps;0
1781508025.9312956;left_wheel_steps;0
1781508026.931187;left_wheel_steps;0
1781508027.9311304;left_wheel_steps;0
1781508028.9311626;left_wheel_steps;1
1781508029.931137;left_wheel_steps;0
1781508030.9311583;left_wheel_steps;0
1781508031.9311583;left_wheel_steps;0
1781508032.9311423;left_wheel_steps;0
1781508033.9311547;left_wheel_steps;0
1781508034.931185;left_wheel_steps;0
1781508035.931172;left_wheel_steps;0
1781508036.9311178;left_wheel_steps;0
1781508037.9311562;left_wheel_steps;0
1781508038.931139;left_wheel_steps;0
1781508039.9311426;left_wheel_steps;0
1781508040.9311633;left_wheel_steps;0
1781508041.9311366;left_wheel_steps;0
1781508042.931142;left_wheel_steps;0
1781508043.931178;left_wheel_steps;0
1781508044.931148;left_wheel_steps;0
1781508045.9311464;left_wheel_steps;0
1781508046.9311554;left_wheel_steps;0
1781508047.9311583;left_wheel_steps;0
1781508048.93114;left_wheel_steps;0
1781508049.9311566;left_wheel_steps;0
1781508050.9310782;left_wheel_steps;0
1781508051.931148;left_wheel_steps;0
1781508052.9311528;left_wheel_steps;0
1781508053.9311268;left_wheel_steps;0
1781508054.931148;left_wheel_steps;0
1781508055.931237;left_wheel_steps;0
1781508056.9312274;left_wheel_steps;0
1781508057.9312985;left_wheel_steps;0
1781508058.9311495;left_wheel_steps;0
1781508059.9311438;left_wheel_steps;0
1781508060.9311287;left_wheel_steps;0
1781508061.9311528;left_wheel_steps;0
1781508062.9311533;left_wheel_steps;0
1781508063.9311495;left_wheel_steps;0
1781508064.9311428;left_wheel_steps;0
1781508065.9311166;left_wheel_steps;0
1781508066.9311209;left_wheel_steps;0
1781508067.931156;left_wheel_steps;0
1781508068.931126;left_wheel_steps;0
1781508069.93112;left_wheel_steps;0
1781508070.9311438;left_wheel_steps;0
1781508071.9311297;left_wheel_steps;0
1781508072.9311316;left_wheel_steps;0
1781508073.93116;left_wheel_steps;0
1781508074.9311285;left_wheel_steps;0
1781508075.9311516;left_wheel_steps;0
1781508076.9311528;left_wheel_steps;0
1781508077.9311366;left_wheel_steps;0
1781508078.9311504;left_wheel_steps;0
1781508079.9311588;left_wheel_steps;0
1781508080.931183;left_wheel_steps;0
1781508081.931146;left_wheel_steps;0
1781508082.9311757;left_wheel_steps;0
1781508083.931174;left_wheel_steps;0
1781508084.9311385;left_wheel_steps;0
1781508085.9312904;left_wheel_steps;0
1781508086.9311335;left_wheel_steps;0
1781508087.9311736;left_wheel_steps;0
1781508088.9311624;left_wheel_steps;0
1781508089.9311335;left_wheel_steps;0
1781508090.931255;left_wheel_steps;0
1781508091.9311056;left_wheel_steps;0
1781508092.931298;left_wheel_steps;0
1781508093.9311357;left_wheel_steps;0
1781508094.9311657;left_wheel_steps;0
1781508095.9311478;left_wheel_steps;0
1781508096.9311378;left_wheel_steps;0
1781508097.931151;left_wheel_steps;0
1781508098.9311173;left_wheel_steps;0
1781508099.931125;left_wheel_steps;0
1781508100.9311795;left_wheel_steps;0
1781508101.931151;left_wheel_steps;0
1781508102.9311545;left_wheel_steps;0
1781508103.9311802;left_wheel_steps;0
1781508104.9311786;left_wheel_steps;0
1781508105.931144;left_wheel_steps;0
1781508106.9311657;left_wheel_steps;0
1781508107.9311402;left_wheel_steps;0
1781508108.9311342;left_wheel_steps;0
1781508109.9311526;left_wheel_steps;0
1781508110.9311457;left_wheel_steps;0
1781508111.9311402;left_wheel_steps;0
1781508112.931163;left_wheel_steps;0
1781508113.931119;left_wheel_steps;0
1781508114.93113;left_wheel_steps;0
1781508115.9311602;left_wheel_steps;0
1781508116.9311569;left_wheel_steps;0
1781508117.9311433;left_wheel_steps;0
1781508118.9311676;left_wheel_steps;0
1781508119.9311311;left_wheel_steps;0
1781508120.9311411;left_wheel_steps;0
1781508121.9311426;left_wheel_steps;0
1781508122.9311445;left_wheel_steps;0
1781508123.931166;left_wheel_steps;0
1781508124.9311635;left_wheel_steps;0
1781508125.9311435;left_wheel_steps;0
1781508126.9311302;left_wheel_steps;0
1781508127.9311438;left_wheel_steps;0
1781508128.9311912;left_wheel_steps;0
1781508129.9311354;left_wheel_steps;0
1781508130.9311645;left_wheel_steps;0
1781508131.9311266;left_wheel_steps;0
1781508132.931127;left_wheel_steps;0
1781508133.9311688;left_wheel_steps;0
1781508134.931124;left_wheel_steps;0
1781508135.931136;left_wheel_steps;0
1781508136.9311724;left_wheel_steps;0
1781508137.9311364;left_wheel_steps;0
1781508138.9311428;left_wheel_steps;0
1781508139.9313073;left_wheel_steps;0
1781508140.9311843;left_wheel_steps;0
1781508141.9311385;left_wheel_steps;0
1781508142.9311748;left_wheel_steps;0
1781508143.931118;left_wheel_steps;0
1781508144.9310808;left_wheel_steps;0
1781508145.9311423;left_wheel_steps;0
1781508146.931128;left_wheel_steps;0
1781508147.9311297;left_wheel_steps;0
1781508148.9311645;left_wheel_steps;0
1781508149.9311252;left_wheel_steps;0
1781508150.9311526;left_wheel_steps;0
1781508151.931144;left_wheel_steps;0
1781508152.931173;left_wheel_steps;0
1781508153.931138;left_wheel_steps;0
1781508154.9311545;left_wheel_steps;0
1781508155.9311392;left_wheel_steps;0
1781508156.931149;left_wheel_steps;0
1781508157.9311547;left_wheel_steps;0
1781508158.9311416;left_wheel_steps;0
1781508159.931152;left_wheel_steps;0
1781508160.9312344;left_wheel_steps;0
1781508161.9311569;left_wheel_steps;0
1781508162.9311683;left_wheel_steps;0
1781508163.931243;left_wheel_steps;0
1781508164.9311728;left_wheel_steps;0
1781508165.931101;left_wheel_steps;0
1781508166.9311583;left_wheel_steps;0
1781508167.9311345;left_wheel_steps;0
1781508168.931243;left_wheel_steps;0
1781508169.9311516;left_wheel_steps;0
1781508170.9311252;left_wheel_steps;0
1781508171.9313126;left_wheel_steps;0
1781508172.9311707;left_wheel_steps;0
1781508173.9311266;left_wheel_steps;0
1781508174.9311392;left_wheel_steps;0
1781508175.9311717;left_wheel_steps;0
1781508176.9311676;left_wheel_steps;0
1781508177.93116;left_wheel_steps;0
1781508178.931176;left_wheel_steps;0
1781508179.9311368;left_wheel_steps;0
1781508180.931142;left_wheel_steps;0
1781508181.931152;left_wheel_steps;0
1781508182.9311545;left_wheel_steps;0
1781508183.9311504;left_wheel_steps;0
1781508184.9311602;left_wheel_steps;0
1781508185.9311428;left_wheel_steps;0
1781508186.9311314;left_wheel_steps;0
1781508187.9311545;left_wheel_steps;0
1781508188.9311855;left_wheel_steps;0
1781508189.9311392;left_wheel_steps;0
1781508190.9311545;left_wheel_steps;0
1781508191.9311197;left_wheel_steps;0
1781508192.931147;left_wheel_steps;0
1781508193.9311635;left_wheel_steps;0
1781508194.9311163;left_wheel_steps;0
1781508195.9311285;left_wheel_steps;0
1781508196.9311404;left_wheel_steps;0
1781508197.931144;left_wheel_steps;0
1781508198.9311116;left_wheel_steps;0
1781508199.9311464;left_wheel_steps;0
1781508200.9311855;left_wheel_steps;0
1781508201.931138;left_wheel_steps;0
1781508202.9311728;left_wheel_steps;0
1781508203.931124;left_wheel_steps;0
1781508204.9311335;left_wheel_steps;0
1781508205.9311557;left_wheel_steps;0
1781508206.931129;left_wheel_steps;0
1781508207.9311552;left_wheel_steps;0
1781508208.9311893;left_wheel_steps;0
1781508209.931162;left_wheel_steps;0
1781508210.9311311;left_wheel_steps;0
1781508211.9311793;left_wheel_steps;0
1781508212.9311664;left_wheel_steps;0
1781508213.931146;left_wheel_steps;0
1781508214.931172;left_wheel_steps;0
1781508215.931136;left_wheel_steps;0
1781508216.9311368;left_wheel_steps;0
1781508217.93117;left_wheel_steps;0
1781508218.93113;left_wheel_steps;0
1781508219.931124;left_wheel_steps;0
1781508220.9311576;left_wheel_steps;0
1781508221.9312935;left_wheel_steps;0
1781508222.931169;left_wheel_steps;0
1781508223.9311545;left_wheel_steps;0
1781508224.931188;left_wheel_steps;0
1781508225.931138;left_wheel_steps;0
1781508226.9311469;left_wheel_steps;0
1781508227.9311278;left_wheel_steps;0
1781508228.9311297;left_wheel_steps;0
1781508229.931162;left_wheel_steps;0
1781508230.9311442;left_wheel_steps;0
1781508231.931136;left_wheel_steps;0
1781508232.9311662;left_wheel_steps;0
1781508233.9311714;left_wheel_steps;0
1781508234.9311447;left_wheel_steps;0
1781508235.931194;left_wheel_steps;0
1781508236.9312208;left_wheel_steps;0
1781508237.9311588;left_wheel_steps;0
1781508238.93117;left_wheel_steps;0
1781508239.93116;left_wheel_steps;0
1781508240.9311748;left_wheel_steps;0
1781508241.93127;left_wheel_steps;0
1781508242.931121;left_wheel_steps;0
1781508243.9311662;left_wheel_steps;0
1781508244.9311872;left_wheel_steps;0
1781508245.9311671;left_wheel_steps;0
1781508246.9312398;left_wheel_steps;0
1781508247.931186;left_wheel_steps;0
1781508248.9311025;left_wheel_steps;0
1781508249.931285;left_wheel_steps;0
1781508250.931161;left_wheel_steps;0
1781508251.9311106;left_wheel_steps;0
1781508252.9311447;left_wheel_steps;0
1781508253.9311578;left_wheel_steps;0
1781508254.931121;left_wheel_steps;0
1781508255.9311323;left_wheel_steps;0
1781508256.9311574;left_wheel_steps;0
1781508257.9311786;left_wheel_steps;0
1781508258.931137;left_wheel_steps;0
1781508259.9311638;left_wheel_steps;0
1781508260.931182;left_wheel_steps;0
1781508261.931127;left_wheel_steps;0
1781508262.9311557;left_wheel_steps;0
1781508263.9311192;left_wheel_steps;0
1781508264.9311414;left_wheel_steps;0
1781508265.931152;left_wheel_steps;0
1781508266.931118;left_wheel_steps;0
1781508267.9311447;left_wheel_steps;0
1781508268.9311547;left_wheel_steps;0
1781508269.9311645;left_wheel_steps;0
1781508270.9311268;left_wheel_steps;0
1781508271.9311476;left_wheel_steps;0
1781508272.9311745;left_wheel_steps;0
1781508273.9311464;left_wheel_steps;0
1781508274.9311774;left_wheel_steps;0
1781508275.9311423;left_wheel_steps;0
1781508276.9311607;left_wheel_steps;0
1781508277.9311516;left_wheel_steps;0
1781508278.9311354;left_wheel_steps;0
1781508279.9311247;left_wheel_steps;0
1781508280.9311662;left_wheel_steps;0
1781508281.9310255;left_wheel_steps;0
1781508282.9311352;left_wheel_steps;0
1781508283.9311564;left_wheel_steps;0
1781508284.931181;left_wheel_steps;0
1781508285.9311326;left_wheel_steps;0
1781508286.9311583;left_wheel_steps;0
1781508287.9311366;left_wheel_steps;0
1781508288.931132;left_wheel_steps;0
1781508289.9311478;left_wheel_steps;0
1781508290.9311392;left_wheel_steps;0
1781508291.9311223;left_wheel_steps;0
1781508292.9311843;left_wheel_steps;0
1781508293.9311788;left_wheel_steps;0
1781508294.931155;left_wheel_steps;0
1781508295.9311693;left_wheel_steps;0
1781508296.931189;left_wheel_steps;0
1781508297.9311364;left_wheel_steps;0
1781508298.931167;left_wheel_steps;0
1781508299.931208;left_wheel_steps;0
1781508300.931226;left_wheel_steps;0
1781508301.9312382;left_wheel_steps;0
1781508302.9311705;left_wheel_steps;0
1781508303.9312851;left_wheel_steps;0
1781508304.9311745;left_wheel_steps;0
1781508305.931187;left_wheel_steps;0
1781508306.9311378;left_wheel_steps;0
1781508307.9311583;left_wheel_steps;0
1781508308.9311757;left_wheel_steps;0
1781508309.9311514;left_wheel_steps;0
1781508310.9311693;left_wheel_steps;0
1781508311.9311504;left_wheel_steps;0
1781508312.93116;left_wheel_steps;0
1781508313.931174;left_wheel_steps;0
1781508314.9311197;left_wheel_steps;0
1781508315.9311397;left_wheel_steps;0
1781508316.931172;left_wheel_steps;0
1781508317.9312477;left_wheel_steps;0
1781508318.9312637;left_wheel_steps;0
1781508319.9311926;left_wheel_steps;0
1781508320.931222;left_wheel_steps;0
1781508321.9311686;left_wheel_steps;0
1781508322.9311814;left_wheel_steps;0
1781508323.9311712;left_wheel_steps;0
1781508324.9311712;left_wheel_steps;0
1781508325.9311938;left_wheel_steps;0
1781508326.931119;left_wheel_steps;0
1781508327.9312415;left_wheel_steps;0
1781508328.931303;left_wheel_steps;0
1781508329.9311826;left_wheel_steps;0
1781508330.931146;left_wheel_steps;0
1781508331.9311657;left_wheel_steps;0
1781508332.9311693;left_wheel_steps;0
1781508333.9311492;left_wheel_steps;0
1781508334.9311538;left_wheel_steps;0
1781508335.9311495;left_wheel_steps;0
1781508336.9311492;left_wheel_steps;0
1781508337.931178;left_wheel_steps;0
1781508338.9311635;left_wheel_steps;0
1781508339.9311333;left_wheel_steps;0
1781508340.931172;left_wheel_steps;0
1781508341.931153;left_wheel_steps;0
1781508342.9311256;left_wheel_steps;0
1781508343.9311764;left_wheel_steps;0
1781508344.9311757;left_wheel_steps;0
1781508345.9311552;left_wheel_steps;0
1781508346.931185;left_wheel_steps;0
1781508347.931123;left_wheel_steps;0
1781508348.9311454;left_wheel_steps;0
1781508349.931175;left_wheel_steps;0
1781508350.9311888;left_wheel_steps;0
1781508351.9311376;left_wheel_steps;0
1781508352.9311776;left_wheel_steps;0
1781508353.9311864;left_wheel_steps;0
1781508354.931151;left_wheel_steps;0
1781508355.9312258;left_wheel_steps;0
1781508356.9311836;left_wheel_steps;0
1781508357.9311433;left_wheel_steps;0
1781508358.9311693;left_wheel_steps;0
1781508359.931131;left_wheel_steps;0
1781508360.9311426;left_wheel_steps;0
1781508361.931159;left_wheel_steps;0
1781508362.931189;left_wheel_steps;0
1781508363.9311335;left_wheel_steps;0
1781508364.931185;left_wheel_steps;0
1781508365.9311886;left_wheel_steps;0
1781508366.9311528;left_wheel_steps;0
1781508367.931168;left_wheel_steps;0
1781508368.9311638;left_wheel_steps;0
1781508369.9311469;left_wheel_steps;0
1781508370.9311564;left_wheel_steps;0
1781508371.931134;left_wheel_steps;0
1781508372.931146;left_wheel_steps;0
1781508373.9311442;left_wheel_steps;0
1781508374.9311802;left_wheel_steps;0
1781508375.931147;left_wheel_steps;0
1781508376.9311635;left_wheel_steps;0
1781508377.9311798;left_wheel_steps;0
1781508378.9311216;left_wheel_steps;0
1781508379.931189;left_wheel_steps;0
1781508380.9311886;left_wheel_steps;0
1781508381.9311457;left_wheel_steps;0
1781508382.9311807;left_wheel_steps;0
1781508383.931137;left_wheel_steps;0
1781508384.9311495;left_wheel_steps;0
1781508385.9313247;left_wheel_steps;0
1781508386.931169;left_wheel_steps;0
1781508387.9311452;left_wheel_steps;0
1781508388.9311664;left_wheel_steps;0
1781508389.9311306;left_wheel_steps;0
1781508390.9311757;left_wheel_steps;0
1781508391.9311666;left_wheel_steps;0
1781508392.9312203;left_wheel_steps;0
1781508393.9311235;left_wheel_steps;0
1781508394.931219;left_wheel_steps;0
1781508395.931273;left_wheel_steps;0
1781508396.9312398;left_wheel_steps;0
1781508397.9312594;left_wheel_steps;0
1781508398.931477;left_wheel_steps;0
1781508399.931256;left_wheel_steps;0
1781508400.931254;left_wheel_steps;0
1781508401.9311626;left_wheel_steps;0
1781508402.9313;left_wheel_steps;0
1781508403.9313073;left_wheel_steps;0
1781508404.9312644;left_wheel_steps;0
1781508405.931211;left_wheel_steps;0
1781508406.9313493;left_wheel_steps;0
1781508407.9312985;left_wheel_steps;0
1781508408.9312756;left_wheel_steps;0
1781508409.93129;left_wheel_steps;0
1781508410.9313087;left_wheel_steps;0
1781508411.9312675;left_wheel_steps;0
1781508412.931231;left_wheel_steps;0
1781508413.9311316;left_wheel_steps;0
1781508414.9311364;left_wheel_steps;0
1781508415.9311888;left_wheel_steps;0
1781508416.9311795;left_wheel_steps;0
1781508417.9311626;left_wheel_steps;0
1781508418.9311304;left_wheel_steps;0
1781508419.9312265;left_wheel_steps;0
1781508420.931163;left_wheel_steps;0
1781508421.931173;left_wheel_steps;0
1781508422.931184;left_wheel_steps;0
1781508423.9311788;left_wheel_steps;0
1781508424.931218;left_wheel_steps;0
1781508425.9311752;left_wheel_steps;0
1781508426.9311495;left_wheel_steps;0
1781508427.9311726;left_wheel_steps;0
1781508428.9311738;left_wheel_steps;0
1781508429.93114;left_wheel_steps;0
1781508430.9310884;left_wheel_steps;0
1781508431.931183;left_wheel_steps;0
1781508432.9311748;left_wheel_steps;0
1781508433.931176;left_wheel_steps;0
1781508434.931188;left_wheel_steps;0
1781508435.9311695;left_wheel_steps;0
1781508436.9311886;left_wheel_steps;0
1781508437.931142;left_wheel_steps;0
1781508438.9311464;left_wheel_steps;0
1781508439.9311638;left_wheel_steps;0
1781508440.9311495;left_wheel_steps;0
1781508441.9311218;left_wheel_steps;0
1781508442.9311152;left_wheel_steps;0
1781508443.9311852;left_wheel_steps;0
1781508444.931142;left_wheel_steps;0
1781508445.9311876;left_wheel_steps;0
1781508446.9311798;left_wheel_steps;0
1781508447.9311364;left_wheel_steps;0
1781508448.9311783;left_wheel_steps;0
1781508449.9311798;left_wheel_steps;0
1781508450.9311528;left_wheel_steps;0
1781508451.931158;left_wheel_steps;0
1781508452.931173;left_wheel_steps;0
1781508453.931152;left_wheel_steps;0
1781508454.9311216;left_wheel_steps;0
1781508455.9311657;left_wheel_steps;0
1781508456.931151;left_wheel_steps;0
1781508457.9311545;left_wheel_steps;0
1781508458.9311907;left_wheel_steps;0
1781508459.9311483;left_wheel_steps;0
1781508460.9311836;left_wheel_steps;0
1781508461.9311817;left_wheel_steps;0
1781508462.931142;left_wheel_steps;0
1781508463.9311783;left_wheel_steps;0
1781508464.9311898;left_wheel_steps;0
1781508465.9311476;left_wheel_steps;0
1781508466.9311304;left_wheel_steps;0
1781508467.9313328;left_wheel_steps;0
1781508468.9311397;left_wheel_steps;0
1781508469.9311564;left_wheel_steps;0
1781508470.9312208;left_wheel_steps;0
1781508471.9312923;left_wheel_steps;0
1781508472.9312603;left_wheel_steps;0
1781508473.9312224;left_wheel_steps;0
1781508474.9312816;left_wheel_steps;0
1781508475.9312267;left_wheel_steps;0
1781508476.9313164;left_wheel_steps;0
1781508477.9311748;left_wheel_steps;0
1781508478.9311273;left_wheel_steps;0
1781508479.931217;left_wheel_steps;0
1781508480.9312327;left_wheel_steps;0
1781508481.9312756;left_wheel_steps;0
1781508482.9311905;left_wheel_steps;0
1781508483.9311247;left_wheel_steps;0
1781508484.931533;left_wheel_steps;0
1781508485.931217;left_wheel_steps;0
1781508486.931116;left_wheel_steps;0
1781508487.93111;left_wheel_steps;0
1781508488.9311628;left_wheel_steps;0
1781508489.9311526;left_wheel_steps;0
1781508490.9311285;left_wheel_steps;0
1781508491.9311852;left_wheel_steps;0
1781508492.9311323;left_wheel_steps;0
1781508493.931173;left_wheel_steps;0
1781508494.9312935;left_wheel_steps;0
1781508495.9311645;left_wheel_steps;0
1781508496.9311745;left_wheel_steps;0
1781508497.9311934;left_wheel_steps;0
1781508498.93113;left_wheel_steps;0
1781508499.9311051;left_wheel_steps;0
1781508500.931179;left_wheel_steps;0
1781508501.9311495;left_wheel_steps;0
1781508502.9311316;left_wheel_steps;0
1781508503.931179;left_wheel_steps;0
1781508504.931142;left_wheel_steps;0
1781508505.9312186;left_wheel_steps;0
1781508506.931312;left_wheel_steps;0
1781508507.931151;left_wheel_steps;0
1781508508.931169;left_wheel_steps;0
1781508509.931173;left_wheel_steps;0
1781508510.9311602;left_wheel_steps;0
1781508511.931152;left_wheel_steps;0
1781508512.9311843;left_wheel_steps;0
1781508513.9311316;left_wheel_steps;0
1781508514.9311278;left_wheel_steps;0
1781508515.9311695;left_wheel_steps;0
1781508516.9311545;left_wheel_steps;0
1781508517.9311616;left_wheel_steps;0
1781508518.9311905;left_wheel_steps;0
1781508519.931241;left_wheel_steps;0
1781508520.931291;left_wheel_steps;0
1781508521.9311695;left_wheel_steps;0
1781508522.9311562;left_wheel_steps;0
1781508523.9311795;left_wheel_steps;0
1781508524.9311616;left_wheel_steps;0
1781508525.9311647;left_wheel_steps;0
1781508526.931116;left_wheel_steps;0
1781508527.9311645;left_wheel_steps;0
1781508528.9311414;left_wheel_steps;0
1781508529.9311607;left_wheel_steps;0
1781508530.931169;left_wheel_steps;0
1781508531.931131;left_wheel_steps;0
1781508532.9311695;left_wheel_steps;0
1781508533.9312856;left_wheel_steps;0
1781508534.9312668;left_wheel_steps;0
1781508535.9311452;left_wheel_steps;0
1781508536.931192;left_wheel_steps;0
1781508537.9311514;left_wheel_steps;0
1781508538.9311378;left_wheel_steps;0
1781508539.931185;left_wheel_steps;0
1781508540.9311464;left_wheel_steps;0
1781508541.931166;left_wheel_steps;0
1781508542.93117;left_wheel_steps;0
1781508543.9311688;left_wheel_steps;0
1781508544.9311807;left_wheel_steps;0
1781508545.9311829;left_wheel_steps;0
1781508546.931146;left_wheel_steps;0
1781508547.9311235;left_wheel_steps;0
1781508548.9312158;left_wheel_steps;0
1781508549.931299;left_wheel_steps;0
1781508550.9311357;left_wheel_steps;0
1781508551.9311714;left_wheel_steps;0
1781508552.9311926;left_wheel_steps;0
1781508553.931182;left_wheel_steps;0
1781508554.931191;left_wheel_steps;0
1781508555.9313345;left_wheel_steps;0
1781508556.931168;left_wheel_steps;0
1781508557.9312165;left_wheel_steps;0
1781508558.931189;left_wheel_steps;0
1781508559.931138;left_wheel_steps;0
1781508560.9312353;left_wheel_steps;0
1781508561.9311757;left_wheel_steps;0
1781508562.9313428;left_wheel_steps;0
1781508563.9311652;left_wheel_steps;0
1781508564.9311574;left_wheel_steps;0
1781508565.931163;left_wheel_steps;0
1781508566.931156;left_wheel_steps;0
1781508567.9311552;left_wheel_steps;0
1781508568.931152;left_wheel_steps;0
1781508569.9311771;left_wheel_steps;0
1781508570.9311705;left_wheel_steps;0
1781508571.9311306;left_wheel_steps;0
1781508572.931172;left_wheel_steps;0
1781508573.931147;left_wheel_steps;0
1781508574.93111;left_wheel_steps;0
1781508575.931159;left_wheel_steps;0
1781508576.931148;left_wheel_steps;0
1781508577.9311616;left_wheel_steps;0
1781508578.9311657;left_wheel_steps;0
1781508579.9311588;left_wheel_steps;0
1781508580.931181;left_wheel_steps;0
1781508581.9311905;left_wheel_steps;0
1781508582.9311414;left_wheel_steps;0
1781508583.931292;left_wheel_steps;0
1781508584.9317737;left_wheel_steps;0
1781508585.931044;left_wheel_steps;0
1781508586.9310343;left_wheel_steps;0
1781508587.9312906;left_wheel_steps;0
1781508588.9311144;left_wheel_steps;0
1781508589.931113;left_wheel_steps;0
1781508590.9314678;left_wheel_steps;0
1781508591.9309475;left_wheel_steps;0
1781508592.9310386;left_wheel_steps;0
1781508593.9320655;left_wheel_steps;0
1781508594.934313;left_wheel_steps;0
1781508595.9310665;left_wheel_steps;0
1781508596.9317985;left_wheel_steps;0
1781508597.933326;left_wheel_steps;0
1781508598.9309795;left_wheel_steps;0
1781508599.9371774;left_wheel_steps;0
1781508600.9314992;left_wheel_steps;0
1781508601.9309227;left_wheel_steps;0
1781508602.9341629;left_wheel_steps;0
1781508603.933276;left_wheel_steps;0
1781508604.9316463;left_wheel_steps;0
1781508605.9312823;left_wheel_steps;0
1781508606.9311912;left_wheel_steps;0
1781508607.9310522;left_wheel_steps;0
1781508608.9311547;left_wheel_steps;0
1781508609.9310515;left_wheel_steps;0
1781508610.9310338;left_wheel_steps;0
1781508611.9313664;left_wheel_steps;0
1781508612.9311032;left_wheel_steps;0
1781508613.931013;left_wheel_steps;0
1781508614.931068;left_wheel_steps;0
1781508615.9312708;left_wheel_steps;0
1781508616.9312224;left_wheel_steps;0
1781508617.9313984;left_wheel_steps;0
1781508618.9311686;left_wheel_steps;0
1781508619.9311683;left_wheel_steps;0
1781508620.9312515;left_wheel_steps;0
1781508621.931177;left_wheel_steps;0
1781508622.9311423;left_wheel_steps;0
1781508623.9312391;left_wheel_steps;0
1781508624.931156;left_wheel_steps;0
1781508625.931137;left_wheel_steps;0
1781508626.9312851;left_wheel_steps;0
1781508627.9311633;left_wheel_steps;0
1781508628.9311397;left_wheel_steps;0
1781508629.931188;left_wheel_steps;0
1781508630.9311707;left_wheel_steps;0
1781508631.9313214;left_wheel_steps;0
1781508632.9312143;left_wheel_steps;0
1781508633.9312377;left_wheel_steps;0
1781508634.9311311;left_wheel_steps;0
1781508635.9313643;left_wheel_steps;0
1781508636.9311662;left_wheel_steps;0
1781508637.9311354;left_wheel_steps;0
1781508638.931162;left_wheel_steps;0
1781508639.9311893;left_wheel_steps;0
1781508640.9311416;left_wheel_steps;0
1781508641.9311943;left_wheel_steps;0
1781508642.931066;left_wheel_steps;0
1781508643.9313333;left_wheel_steps;0
1781508644.9312286;left_wheel_steps;0
1781508645.931218;left_wheel_steps;0
1781508646.9311862;left_wheel_steps;0
1781508647.9312418;left_wheel_steps;0
1781508648.93119;left_wheel_steps;0
1781508649.9311824;left_wheel_steps;0
1781508650.9312804;left_wheel_steps;0
1781508651.931239;left_wheel_steps;0
1781508652.931136;left_wheel_steps;0
1781508653.931165;left_wheel_steps;0
1781508654.9311557;left_wheel_steps;0
1781508655.9311805;left_wheel_steps;0
1781508656.9311738;left_wheel_steps;0
1781508657.9311378;left_wheel_steps;0
1781508658.9311333;left_wheel_steps;0
1781508659.9312918;left_wheel_steps;0
1781508660.9311628;left_wheel_steps;0
1781508661.9311268;left_wheel_steps;0
1781508662.9311526;left_wheel_steps;0
1781508663.9313214;left_wheel_steps;0
1781508664.9311671;left_wheel_steps;0
1781508665.931182;left_wheel_steps;0
1781508666.9311416;left_wheel_steps;0
1781508667.9311855;left_wheel_steps;0
1781508668.9311838;left_wheel_steps;0
1781508669.9311368;left_wheel_steps;0
1781508670.9311335;left_wheel_steps;0
1781508671.9311635;left_wheel_steps;0
1781508672.931132;left_wheel_steps;0
1781508673.9311094;left_wheel_steps;0
1781508674.9311576;left_wheel_steps;0
1781508675.931156;left_wheel_steps;0
1781508676.931118;left_wheel_steps;0
1781508677.9311504;left_wheel_steps;0
1781508678.9311256;left_wheel_steps;0
1781508679.931183;left_wheel_steps;0
1781508680.9311566;left_wheel_steps;0
1781508681.9311385;left_wheel_steps;0
1781508682.931121;left_wheel_steps;0
1781508683.9311397;left_wheel_steps;0
1781508684.9311464;left_wheel_steps;0
1781508685.9311128;left_wheel_steps;0
1781508686.9311652;left_wheel_steps;0
1781508687.9312537;left_wheel_steps;0
1781508688.9312303;left_wheel_steps;0
1781508689.9312696;left_wheel_steps;0
1781508690.931267;left_wheel_steps;0
1781508691.931253;left_wheel_steps;0
1781508692.9312851;left_wheel_steps;0
1781508693.931186;left_wheel_steps;0
1781508694.931182;left_wheel_steps;0
1781508695.9312594;left_wheel_steps;0
1781508696.9312444;left_wheel_steps;0
1781508697.9311864;left_wheel_steps;0
1781508698.931262;left_wheel_steps;0
1781508699.931134;left_wheel_steps;0
1781508700.9311268;left_wheel_steps;0
1781508701.931145;left_wheel_steps;0
1781508702.931159;left_wheel_steps;0
1781508703.9312131;left_wheel_steps;0
1781508704.9311504;left_wheel_steps;0
1781508705.9311612;left_wheel_steps;0
1781508706.9311297;left_wheel_steps;0
1781508707.931182;left_wheel_steps;0
1781508708.9311326;left_wheel_steps;0
1781508709.931274;left_wheel_steps;0
1781508710.931184;left_wheel_steps;0
1781508711.931224;left_wheel_steps;0
1781508712.9311547;left_wheel_steps;0
1781508713.931316;left_wheel_steps;0
1781508714.931294;left_wheel_steps;0
1781508715.931131;left_wheel_steps;0
1781508716.9311423;left_wheel_steps;0
1781508717.9311864;left_wheel_steps;0
1781508718.9311209;left_wheel_steps;0
1781508719.9312775;left_wheel_steps;0
1781508720.9310963;left_wheel_steps;0
1781508721.9314065;left_wheel_steps;0
1781508722.931165;left_wheel_steps;0
1781508723.9311366;left_wheel_steps;0
1781508724.931137;left_wheel_steps;0
1781508725.9311633;left_wheel_steps;0
1781508726.9311433;left_wheel_steps;0
1781508727.931126;left_wheel_steps;0
1781508728.9311657;left_wheel_steps;0
1781508729.9311738;left_wheel_steps;0
1781508730.9311235;left_wheel_steps;0
1781508731.931187;left_wheel_steps;0
1781508732.931152;left_wheel_steps;0
1781508733.931113;left_wheel_steps;0
1781508734.9311545;left_wheel_steps;0
1781508735.9311426;left_wheel_steps;0
1781508736.9311216;left_wheel_steps;0
1781508737.9311454;left_wheel_steps;0
1781508738.931139;left_wheel_steps;0
1781508739.931124;left_wheel_steps;0
1781508740.9311771;left_wheel_steps;0
1781508741.9311235;left_wheel_steps;0
1781508742.9311366;left_wheel_steps;0
1781508743.9311762;left_wheel_steps;0
1781508744.9311614;left_wheel_steps;0
1781508745.9311423;left_wheel_steps;0
1781508746.9311538;left_wheel_steps;0
1781508747.9311469;left_wheel_steps;0
1781508748.931132;left_wheel_steps;0
1781508749.9311645;left_wheel_steps;0
1781508750.931147;left_wheel_steps;0
1781508751.9311278;left_wheel_steps;0
1781508752.9311385;left_wheel_steps;0
1781508753.9311807;left_wheel_steps;0
1781508754.9311714;left_wheel_steps;0
1781508755.931251;left_wheel_steps;0
1781508756.9312105;left_wheel_steps;0
1781508757.9312575;left_wheel_steps;0
1781508758.9312756;left_wheel_steps;0
1781508759.931262;left_wheel_steps;0
1781508760.931248;left_wheel_steps;0
1781508761.9312682;left_wheel_steps;0
1781508762.9312544;left_wheel_steps;0
1781508763.9311829;left_wheel_steps;0
1781508764.9312625;left_wheel_steps;0
1781508765.9311616;left_wheel_steps;0
1781508766.9311628;left_wheel_steps;0
1781508767.9312325;left_wheel_steps;0
1781508768.9312315;left_wheel_steps;0
1781508769.9311786;left_wheel_steps;0
1781508770.9312556;left_wheel_steps;0
1781508771.9312382;left_wheel_steps;0
1781508772.9311774;left_wheel_steps;0
1781508773.9312322;left_wheel_steps;0
1781508774.9311926;left_wheel_steps;0
1781508775.931109;left_wheel_steps;0
1781508776.9311275;left_wheel_steps;0
1781508777.931142;left_wheel_steps;0
1781508778.9311342;left_wheel_steps;0
1781508779.9312537;left_wheel_steps;0
1781508780.931148;left_wheel_steps;0
1781508781.931132;left_wheel_steps;0
1781508782.931241;left_wheel_steps;0
1781508783.9311533;left_wheel_steps;0
1781508784.9311223;left_wheel_steps;0
1781508785.9311712;left_wheel_steps;0
1781508786.9311595;left_wheel_steps;0
1781508787.9311526;left_wheel_steps;0
1781508788.9311657;left_wheel_steps;0
1781508789.9311707;left_wheel_steps;0
1781508790.9311528;left_wheel_steps;0
1781508791.9311783;left_wheel_steps;0
1781508792.9312973;left_wheel_steps;0
1781508793.931128;left_wheel_steps;0
1781508794.9311628;left_wheel_steps;0
1781508795.9314122;left_wheel_steps;0
1781508796.9311268;left_wheel_steps;0
1781508797.931247;left_wheel_steps;0
1781508798.9311829;left_wheel_steps;0
1781508799.931113;left_wheel_steps;0
1781508800.9313648;left_wheel_steps;0
1781508801.9311326;left_wheel_steps;0
1781508802.9311097;left_wheel_steps;0
1781508803.9311492;left_wheel_steps;0
1781508804.9311495;left_wheel_steps;0
1781508805.931125;left_wheel_steps;0
1781508806.9311757;left_wheel_steps;0
1781508807.9311335;left_wheel_steps;0
1781508808.9311197;left_wheel_steps;0
1781508809.9311671;left_wheel_steps;0
1781508810.931141;left_wheel_steps;0
1781508811.9311123;left_wheel_steps;0
1781508812.9311576;left_wheel_steps;0
1781508813.931135;left_wheel_steps;0
1781508814.9311342;left_wheel_steps;0
1781508815.9311476;left_wheel_steps;0
1781508816.9311342;left_wheel_steps;0
1781508817.931114;left_wheel_steps;0
1781508818.9311607;left_wheel_steps;0
1781508819.9311247;left_wheel_steps;0
1781508820.931159;left_wheel_steps;0
1781508821.9311469;left_wheel_steps;0
1781508822.9311426;left_wheel_steps;0
1781508823.9311018;left_wheel_steps;0
1781508824.9311545;left_wheel_steps;0
1781508825.9311442;left_wheel_steps;0
1781508826.9311178;left_wheel_steps;0
1781508827.931168;left_wheel_steps;0
1781508828.93113;left_wheel_steps;0
1781508829.9310894;left_wheel_steps;0
1781508830.9311736;left_wheel_steps;0
1781508831.9311574;left_wheel_steps;0
1781508832.9312365;left_wheel_steps;0
1781508833.9311602;left_wheel_steps;0
1781508834.9311178;left_wheel_steps;0
1781508835.9311357;left_wheel_steps;0
1781508836.931155;left_wheel_steps;0
1781508837.9311323;left_wheel_steps;0
1781508838.931131;left_wheel_steps;0
1781508839.9311683;left_wheel_steps;0
1781508840.9311607;left_wheel_steps;0
1781508841.9311132;left_wheel_steps;0
1781508842.931181;left_wheel_steps;0
1781508843.9311512;left_wheel_steps;0
1781508844.931172;left_wheel_steps;0
1781508845.9311593;left_wheel_steps;0
1781508846.9311428;left_wheel_steps;0
1781508847.9311306;left_wheel_steps;0
1781508848.9311762;left_wheel_steps;0
1781508849.9311209;left_wheel_steps;0
1781508850.931116;left_wheel_steps;0
1781508851.9311469;left_wheel_steps;0
1781508852.93113;left_wheel_steps;0
1781508853.9311175;left_wheel_steps;0
1781508854.931163;left_wheel_steps;0
1781508855.9311233;left_wheel_steps;0
1781508856.9311593;left_wheel_steps;0
1781508857.9311712;left_wheel_steps;0
1781508858.931138;left_wheel_steps;0
1781508859.93113;left_wheel_steps;0
1781508860.931183;left_wheel_steps;0
1781508861.9311275;left_wheel_steps;0
1781508862.9311242;left_wheel_steps;0
1781508863.9311607;left_wheel_steps;0
1781508864.9311554;left_wheel_steps;0
1781508865.9311566;left_wheel_steps;0
1781508866.931193;left_wheel_steps;0
1781508867.931135;left_wheel_steps;0
1781508868.9312642;left_wheel_steps;0
1781508869.9311862;left_wheel_steps;0
1781508870.9313407;left_wheel_steps;0
1781508871.9311206;left_wheel_steps;0
1781508872.9311852;left_wheel_steps;0
1781508873.9311786;left_wheel_steps;0
1781508874.9311223;left_wheel_steps;0
1781508875.9312172;left_wheel_steps;0
1781508876.931139;left_wheel_steps;0
1781508877.9311385;left_wheel_steps;0
1781508878.9318442;left_wheel_steps;0
1781508879.9311233;left_wheel_steps;0
1781508880.931147;left_wheel_steps;0
1781508881.931158;left_wheel_steps;0
1781508882.9311018;left_wheel_steps;0
1781508883.9311287;left_wheel_steps;0
1781508884.9311533;left_wheel_steps;0
1781508885.9311452;left_wheel_steps;0
1781508886.9311197;left_wheel_steps;0
1781508887.9311712;left_wheel_steps;0
1781508888.9311528;left_wheel_steps;0
1781508889.9311204;left_wheel_steps;0
1781508890.9311757;left_wheel_steps;0
1781508891.9311178;left_wheel_steps;0
1781508892.9311576;left_wheel_steps;0
1781508893.9311576;left_wheel_steps;0
1781508894.931148;left_wheel_steps;0
1781508895.9311223;left_wheel_steps;0
1781508896.9311483;left_wheel_steps;0
1781508897.9311297;left_wheel_steps;0
1781508898.9311285;left_wheel_steps;0
1781508899.931162;left_wheel_steps;0
1781508900.9311612;left_wheel_steps;0
1781508901.9311302;left_wheel_steps;0
1781508902.9311574;left_wheel_steps;0
1781508903.9311254;left_wheel_steps;0
1781508904.9311757;left_wheel_steps;0
1781508905.9311628;left_wheel_steps;0
1781508906.9311385;left_wheel_steps;0
1781508907.931103;left_wheel_steps;0
1781508908.9311612;left_wheel_steps;0
1781508909.9311647;left_wheel_steps;0
1781508910.931116;left_wheel_steps;0
1781508911.9311576;left_wheel_steps;0
1781508912.9311445;left_wheel_steps;0
1781508913.9311168;left_wheel_steps;0
1781508914.9311492;left_wheel_steps;0
1781508915.9311671;left_wheel_steps;0
1781508916.9311552;left_wheel_steps;0
1781508917.9311414;left_wheel_steps;0
1781508918.9311244;left_wheel_steps;0
1781508919.9311087;left_wheel_steps;0
1781508920.9311554;left_wheel_steps;0
1781508921.931121;left_wheel_steps;0
1781508922.9311142;left_wheel_steps;0
1781508923.931151;left_wheel_steps;0
1781508924.931158;left_wheel_steps;0
1781508925.931121;left_wheel_steps;0
1781508926.931142;left_wheel_steps;0
1781508927.9311254;left_wheel_steps;0
1781508928.9311838;left_wheel_steps;0
1781508929.931151;left_wheel_steps;0
1781508930.9311633;left_wheel_steps;0
1781508931.9311135;left_wheel_steps;0
1781508932.9311562;left_wheel_steps;0
1781508933.9311285;left_wheel_steps;0
1781508934.9311323;left_wheel_steps;0
1781508935.931166;left_wheel_steps;0
1781508936.9311216;left_wheel_steps;0
1781508937.931181;left_wheel_steps;0
1781508938.9311504;left_wheel_steps;0
1781508939.931141;left_wheel_steps;0
1781508940.9311614;left_wheel_steps;0
1781508941.9311683;left_wheel_steps;0
1781508942.931173;left_wheel_steps;0
1781508943.9311626;left_wheel_steps;0
1781508944.931185;left_wheel_steps;0
1781508945.9312882;left_wheel_steps;0
1781508946.9311388;left_wheel_steps;0
1781508947.9313643;left_wheel_steps;0
1781508948.931193;left_wheel_steps;0
1781508949.9311836;left_wheel_steps;0
1781508950.9311595;left_wheel_steps;0
1781508951.9311786;left_wheel_steps;0
1781508952.93118;left_wheel_steps;0
1781508953.9311569;left_wheel_steps;0
1781508954.9311075;left_wheel_steps;0
1781508955.9313128;left_wheel_steps;0
1781508956.9311686;left_wheel_steps;0
1781508957.9311554;left_wheel_steps;0
1781508958.9311576;left_wheel_steps;0
1781508959.931307;left_wheel_steps;0
1781508960.9311516;left_wheel_steps;0
1781508961.9311218;left_wheel_steps;0
1781508962.9311798;left_wheel_steps;0
1781508963.9311512;left_wheel_steps;0
1781508964.931168;left_wheel_steps;0
1781508965.9311814;left_wheel_steps;0
1781508966.9311388;left_wheel_steps;0
1781508967.931121;left_wheel_steps;0
1781508968.9311829;left_wheel_steps;0
1781508969.9311728;left_wheel_steps;0
1781508970.9311476;left_wheel_steps;0
1781508971.9311793;left_wheel_steps;0
1781508972.9312384;left_wheel_steps;0
1781508973.9312537;left_wheel_steps;0
1781508974.9312794;left_wheel_steps;0
1781508975.93126;left_wheel_steps;0
1781508976.9312558;left_wheel_steps;0
1781508977.9312398;left_wheel_steps;0
1781508978.931248;left_wheel_steps;0
1781508979.9312146;left_wheel_steps;0
1781508980.9311783;left_wheel_steps;0
1781508981.931151;left_wheel_steps;0
1781508982.9311247;left_wheel_steps;0
1781508983.931178;left_wheel_steps;0
1781508984.9311612;left_wheel_steps;0
1781508985.9311728;left_wheel_steps;0
1781508986.9311714;left_wheel_steps;0
1781508987.9311368;left_wheel_steps;0
1781508988.9311635;left_wheel_steps;0
1781508989.9311662;left_wheel_steps;0
1781508990.9311445;left_wheel_steps;0
1781508991.931106;left_wheel_steps;0
1781508992.931158;left_wheel_steps;0
1781508993.931148;left_wheel_steps;0
1781508994.9311094;left_wheel_steps;0
1781508995.9311552;left_wheel_steps;0
1781508996.931131;left_wheel_steps;0
1781508997.9311562;left_wheel_steps;0
1781508998.9311717;left_wheel_steps;0
1781508999.9311838;left_wheel_steps;0
1781509000.9312189;left_wheel_steps;0
1781509001.931148;left_wheel_steps;0
1781509002.9311557;left_wheel_steps;0
1781509003.931166;left_wheel_steps;0
1781509004.931167;left_wheel_steps;0
1781509005.931159;left_wheel_steps;0
1781509006.93111;left_wheel_steps;0
1781509007.9311357;left_wheel_steps;0
1781509008.931142;left_wheel_steps;0
1781509009.9312198;left_wheel_steps;0
1781509010.931224;left_wheel_steps;0
1781509011.931247;left_wheel_steps;0
1781509012.9312558;left_wheel_steps;0
1781509013.9312332;left_wheel_steps;0
1781509014.9312391;left_wheel_steps;0
1781509015.9312153;left_wheel_steps;0
1781509016.9312432;left_wheel_steps;0
1781509017.9312396;left_wheel_steps;0
1781509018.931126;left_wheel_steps;0
1781509019.9311802;left_wheel_steps;0
1781509020.93117;left_wheel_steps;0
1781509021.9311583;left_wheel_steps;0
1781509022.9312177;left_wheel_steps;0
1781509023.9312644;left_wheel_steps;0
1781509024.9311798;left_wheel_steps;0
1781509025.9313464;left_wheel_steps;0
1781509026.9311652;left_wheel_steps;0
1781509027.9311202;left_wheel_steps;0
1781509028.9311836;left_wheel_steps;0
1781509029.9312336;left_wheel_steps;0
1781509030.931124;left_wheel_steps;0
1781509031.9312975;left_wheel_steps;0
1781509032.9311523;left_wheel_steps;0
1781509033.9314148;left_wheel_steps;0
1781509034.9311533;left_wheel_steps;0
1781509035.9311452;left_wheel_steps;0
1781509036.9311593;left_wheel_steps;0
1781509037.9311478;left_wheel_steps;0
1781509038.9311414;left_wheel_steps;0
1781509039.9311354;left_wheel_steps;0
1781509040.9311376;left_wheel_steps;0
1781509041.9312966;left_wheel_steps;0
1781509042.9311166;left_wheel_steps;0
1781509043.9311504;left_wheel_steps;0
1781509044.9311397;left_wheel_steps;0
1781509045.9311452;left_wheel_steps;0
1781509046.9311545;left_wheel_steps;0
1781509047.931144;left_wheel_steps;0
1781509048.931163;left_wheel_steps;0
1781509049.9311562;left_wheel_steps;0
1781509050.931141;left_wheel_steps;0
1781509051.9311624;left_wheel_steps;0
1781509052.9312868;left_wheel_steps;0
1781509053.9312432;left_wheel_steps;0
1781509054.9313035;left_wheel_steps;0
1781509055.9312696;left_wheel_steps;0
1781509056.9311504;left_wheel_steps;0
1781509057.9311664;left_wheel_steps;0
1781509058.931158;left_wheel_steps;0
1781509059.9311645;left_wheel_steps;0
1781509060.9310036;left_wheel_steps;0
1781509061.9311526;left_wheel_steps;0
1781509062.931134;left_wheel_steps;0
1781509063.9311838;left_wheel_steps;0
1781509064.9312563;left_wheel_steps;0
1781509065.9311504;left_wheel_steps;0
1781509066.931175;left_wheel_steps;0
1781509067.9311662;left_wheel_steps;0
1781509068.9311364;left_wheel_steps;0
1781509069.9311638;left_wheel_steps;0
1781509070.931174;left_wheel_steps;0
1781509071.931123;left_wheel_steps;0
1781509072.9311526;left_wheel_steps;0
1781509073.9311595;left_wheel_steps;0
1781509074.9311235;left_wheel_steps;0
1781509075.9311192;left_wheel_steps;0
1781509076.931166;left_wheel_steps;0
1781509077.931139;left_wheel_steps;0
1781509078.9311662;left_wheel_steps;0
1781509079.931169;left_wheel_steps;0
1781509080.931147;left_wheel_steps;0
1781509081.931162;left_wheel_steps;0
1781509082.9311612;left_wheel_steps;0
1781509083.9312134;left_wheel_steps;0
1781509084.931218;left_wheel_steps;0
1781509085.932385;left_wheel_steps;0
1781509086.9331543;left_wheel_steps;0
1781509087.931181;left_wheel_steps;0
1781509088.931166;left_wheel_steps;0
1781509089.9311411;left_wheel_steps;0
1781509090.9311862;left_wheel_steps;0
1781509091.9311595;left_wheel_steps;0
1781509092.9311345;left_wheel_steps;0
1781509093.931175;left_wheel_steps;0
1781509094.9311726;left_wheel_steps;0
1781509095.931148;left_wheel_steps;0
1781509096.931176;left_wheel_steps;0
1781509097.9311795;left_wheel_steps;0
1781509098.9311612;left_wheel_steps;0
1781509099.9311676;left_wheel_steps;0
1781509100.931218;left_wheel_steps;0
1781509101.9312468;left_wheel_steps;0
1781509102.9312327;left_wheel_steps;0
1781509103.931421;left_wheel_steps;0
1781509104.9313557;left_wheel_steps;0
1781509105.9312458;left_wheel_steps;0
1781509106.9319713;left_wheel_steps;0
1781509107.931962;left_wheel_steps;0
1781509108.9312675;left_wheel_steps;0
1781509109.9313614;left_wheel_steps;0
1781509110.9312413;left_wheel_steps;0
1781509111.9312956;left_wheel_steps;0
1781509112.9312558;left_wheel_steps;0
1781509113.93116;left_wheel_steps;0
1781509114.9311707;left_wheel_steps;0
1781509115.9311686;left_wheel_steps;0
1781509116.9311426;left_wheel_steps;0
1781509117.9311647;left_wheel_steps;0
1781509118.9311647;left_wheel_steps;0
1781509119.9311316;left_wheel_steps;0
1781509120.9311728;left_wheel_steps;0
1781509121.9311552;left_wheel_steps;0
1781509122.9311178;left_wheel_steps;0
1781509123.9312465;left_wheel_steps;0
1781509124.9311526;left_wheel_steps;0
1781509125.9311724;left_wheel_steps;0
1781509126.9311574;left_wheel_steps;0
1781509127.9309182;left_wheel_steps;0
1781509128.9311478;left_wheel_steps;0
1781509129.931155;left_wheel_steps;0
1781509130.931162;left_wheel_steps;0
1781509131.931135;left_wheel_steps;0
1781509132.931146;left_wheel_steps;0
1781509133.9311652;left_wheel_steps;0
1781509134.9311645;left_wheel_steps;0
1781509135.9311345;left_wheel_steps;0
1781509136.9311566;left_wheel_steps;0
1781509137.931146;left_wheel_steps;0
1781509138.931161;left_wheel_steps;0
1781509139.9311683;left_wheel_steps;0
1781509140.9311469;left_wheel_steps;0
1781509141.9311483;left_wheel_steps;0
1781509142.9311583;left_wheel_steps;0
1781509143.9311504;left_wheel_steps;0
1781509144.931159;left_wheel_steps;0
1781509145.931175;left_wheel_steps;0
1781509146.931137;left_wheel_steps;0
1781509147.9311144;left_wheel_steps;0
1781509148.9311676;left_wheel_steps;0
1781509149.9311695;left_wheel_steps;0
1781509150.9311774;left_wheel_steps;0
1781509151.9311678;left_wheel_steps;0
1781509152.931457;left_wheel_steps;0
1781509153.9314702;left_wheel_steps;0
1781509154.9311666;left_wheel_steps;0
1781509155.931172;left_wheel_steps;0
1781509156.931165;left_wheel_steps;0
1781509157.9311628;left_wheel_steps;0
1781509158.9311435;left_wheel_steps;0
1781509159.9311893;left_wheel_steps;0
1781509160.9311173;left_wheel_steps;0
1781509161.93125;left_wheel_steps;0
1781509162.9312935;left_wheel_steps;0
1781509163.931288;left_wheel_steps;0
1781509164.9312398;left_wheel_steps;0
1781509165.9312525;left_wheel_steps;0
1781509166.9312775;left_wheel_steps;0
1781509167.9312625;left_wheel_steps;0
1781509168.9312484;left_wheel_steps;0
1781509169.9312477;left_wheel_steps;0
1781509170.9312327;left_wheel_steps;0
1781509171.9312444;left_wheel_steps;0
1781509172.9312358;left_wheel_steps;0
1781509173.9312482;left_wheel_steps;0
1781509174.931256;left_wheel_steps;0
1781509175.9311905;left_wheel_steps;0
1781509176.931146;left_wheel_steps;0
1781509177.9312286;left_wheel_steps;0
1781509178.931169;left_wheel_steps;0
1781509179.931158;left_wheel_steps;0
1781509180.9311705;left_wheel_steps;0
1781509181.93119;left_wheel_steps;0
1781509182.9313138;left_wheel_steps;0
1781509183.9311728;left_wheel_steps;0
1781509184.931153;left_wheel_steps;0
1781509185.9311705;left_wheel_steps;0
1781509186.931148;left_wheel_steps;0
1781509187.9313033;left_wheel_steps;0
1781509188.931234;left_wheel_steps;0
1781509189.9310715;left_wheel_steps;0
1781509190.931424;left_wheel_steps;0
1781509191.9311502;left_wheel_steps;0
1781509192.931178;left_wheel_steps;0
1781509193.9311564;left_wheel_steps;0
1781509194.9311342;left_wheel_steps;0
1781509195.931194;left_wheel_steps;0
1781509196.9311469;left_wheel_steps;0
1781509197.9311488;left_wheel_steps;0
1781509198.9311645;left_wheel_steps;0
1781509199.9311492;left_wheel_steps;0
1781509200.931158;left_wheel_steps;0
1781509201.9311707;left_wheel_steps;0
1781509202.9311593;left_wheel_steps;0
1781509203.9311402;left_wheel_steps;0
1781509204.9311671;left_wheel_steps;0
1781509205.9313035;left_wheel_steps;0
1781509206.9311206;left_wheel_steps;0
1781509207.9311695;left_wheel_steps;0
1781509208.9311483;left_wheel_steps;0
1781509209.9309976;left_wheel_steps;0
1781509210.9311624;left_wheel_steps;0
1781509211.9311469;left_wheel_steps;0
1781509212.9311469;left_wheel_steps;0
1781509213.9311826;left_wheel_steps;0
1781509214.9311528;left_wheel_steps;0
1781509215.9311545;left_wheel_steps;0
1781509216.9311583;left_wheel_steps;0
1781509217.9311385;left_wheel_steps;0
1781509218.931151;left_wheel_steps;0
1781509219.93116;left_wheel_steps;0
1781509220.931177;left_wheel_steps;0
1781509221.9311652;left_wheel_steps;0
1781509222.931167;left_wheel_steps;0
1781509223.9311666;left_wheel_steps;0
1781509224.9311335;left_wheel_steps;0
1781509225.931173;left_wheel_steps;0
1781509226.931165;left_wheel_steps;0
1781509227.9311347;left_wheel_steps;0
1781509228.931172;left_wheel_steps;0
1781509229.9311583;left_wheel_steps;0
1781509230.9311547;left_wheel_steps;0
1781509231.9311717;left_wheel_steps;0
1781509232.931235;left_wheel_steps;0
1781509233.931187;left_wheel_steps;0
1781509234.9313138;left_wheel_steps;0
1781509235.9312866;left_wheel_steps;0
1781509236.931258;left_wheel_steps;0
1781509237.9312766;left_wheel_steps;0
1781509238.9312692;left_wheel_steps;0
1781509239.9312234;left_wheel_steps;0
1781509240.9312558;left_wheel_steps;0
1781509241.931243;left_wheel_steps;0
1781509242.9311502;left_wheel_steps;0
1781509243.9312582;left_wheel_steps;0
1781509244.9312563;left_wheel_steps;0
1781509245.9311934;left_wheel_steps;0
1781509246.9312513;left_wheel_steps;0
1781509247.9312513;left_wheel_steps;0
1781509248.931224;left_wheel_steps;0
1781509249.9312768;left_wheel_steps;0
1781509250.931255;left_wheel_steps;0
1781509251.9311502;left_wheel_steps;0
1781509252.9311635;left_wheel_steps;0
1781509253.9311814;left_wheel_steps;0
1781509254.9311478;left_wheel_steps;0
1781509255.9311745;left_wheel_steps;0
1781509256.9312167;left_wheel_steps;0
1781509257.9312546;left_wheel_steps;0
1781509258.9311693;left_wheel_steps;0
1781509259.931391;left_wheel_steps;0
1781509260.931179;left_wheel_steps;0
1781509261.93118;left_wheel_steps;0
1781509262.931173;left_wheel_steps;0
1781509263.931179;left_wheel_steps;0
1781509264.9311752;left_wheel_steps;0
1781509265.9313257;left_wheel_steps;0
1781509266.9310963;left_wheel_steps;0
1781509267.931223;left_wheel_steps;0
1781509268.931168;left_wheel_steps;0
1781509269.9311714;left_wheel_steps;0
1781509270.9311638;left_wheel_steps;0
1781509271.9311557;left_wheel_steps;0
1781509272.931162;left_wheel_steps;0
1781509273.9311602;left_wheel_steps;0
1781509274.9311538;left_wheel_steps;0
1781509275.9311352;left_wheel_steps;0
1781509276.9309623;left_wheel_steps;0
1781509277.9311404;left_wheel_steps;0
1781509278.9311423;left_wheel_steps;0
1781509279.9311457;left_wheel_steps;0
1781509280.9311664;left_wheel_steps;0
1781509281.9311404;left_wheel_steps;0
1781509282.9311492;left_wheel_steps;0
1781509283.931183;left_wheel_steps;0
1781509284.9311502;left_wheel_steps;0
1781509285.9311464;left_wheel_steps;0
1781509286.9311724;left_wheel_steps;0
1781509287.9313023;left_wheel_steps;0
1781509288.9311583;left_wheel_steps;0
1781509289.931159;left_wheel_steps;0
1781509290.9311528;left_wheel_steps;0
1781509291.9311562;left_wheel_steps;0
1781509292.9311752;left_wheel_steps;0
1781509293.9311728;left_wheel_steps;0
1781509294.931166;left_wheel_steps;0
1781509295.931161;left_wheel_steps;0
1781509296.931148;left_wheel_steps;0
1781509297.931148;left_wheel_steps;0
1781509298.9311562;left_wheel_steps;0
1781509299.931131;left_wheel_steps;0
1781509300.9311852;left_wheel_steps;0
1781509301.931156;left_wheel_steps;0
1781509302.9311268;left_wheel_steps;0
1781509303.9311686;left_wheel_steps;0
1781509304.931165;left_wheel_steps;0
1781509305.931137;left_wheel_steps;0
1781509306.931178;left_wheel_steps;0
1781509307.931161;left_wheel_steps;0
1781509308.9311342;left_wheel_steps;0
1781509309.9311764;left_wheel_steps;0
1781509310.9311678;left_wheel_steps;0
1781509311.931149;left_wheel_steps;0
1781509312.931234;left_wheel_steps;0
1781509313.931155;left_wheel_steps;0
1781509314.9311547;left_wheel_steps;0
1781509315.9311874;left_wheel_steps;0
1781509316.9311616;left_wheel_steps;0
1781509317.9311533;left_wheel_steps;0
1781509318.9312336;left_wheel_steps;0
1781509319.9311683;left_wheel_steps;0
1781509320.9311411;left_wheel_steps;0
1781509321.931832;left_wheel_steps;0
1781509322.931174;left_wheel_steps;0
1781509323.931156;left_wheel_steps;0
1781509324.9312477;left_wheel_steps;0
1781509325.9311686;left_wheel_steps;0
1781509326.931147;left_wheel_steps;0
1781509327.9314258;left_wheel_steps;0
1781509328.9311686;left_wheel_steps;0
1781509329.931124;left_wheel_steps;0
1781509330.931234;left_wheel_steps;0
1781509331.931295;left_wheel_steps;0
1781509332.9312782;left_wheel_steps;0
1781509333.931411;left_wheel_steps;0
1781509334.9311752;left_wheel_steps;0
1781509335.9312434;left_wheel_steps;0
1781509336.9314587;left_wheel_steps;0
1781509337.9311588;left_wheel_steps;0
1781509338.931278;left_wheel_steps;0
1781509339.931955;left_wheel_steps;0
1781509340.9311714;left_wheel_steps;0
1781509341.9311678;left_wheel_steps;0
1781509342.931599;left_wheel_steps;0
1781509343.9312696;left_wheel_steps;0
1781509344.9311104;left_wheel_steps;0
1781509345.9326825;left_wheel_steps;0
1781509346.9311693;left_wheel_steps;0
1781509347.931131;left_wheel_steps;0
1781509348.9313445;left_wheel_steps;0
1781509349.9311438;left_wheel_steps;0
1781509350.9311397;left_wheel_steps;0
1781509351.9312742;left_wheel_steps;0
1781509352.93127;left_wheel_steps;0
1781509353.9312491;left_wheel_steps;0
1781509354.9317613;left_wheel_steps;0
1781509355.9312985;left_wheel_steps;0
1781509356.9312408;left_wheel_steps;0
1781509357.9312518;left_wheel_steps;0
1781509358.93129;left_wheel_steps;0
1781509359.9312315;left_wheel_steps;0
1781509360.9318323;left_wheel_steps;0
1781509361.931279;left_wheel_steps;0
1781509362.931277;left_wheel_steps;0
1781509363.9316497;left_wheel_steps;0
1781509364.9312613;left_wheel_steps;0
1781509365.9312394;left_wheel_steps;0
1781509366.9313223;left_wheel_steps;0
1781509367.931149;left_wheel_steps;0
1781509368.9311335;left_wheel_steps;0
1781509369.931386;left_wheel_steps;0
1781509370.9311569;left_wheel_steps;0
1781509371.9311738;left_wheel_steps;0
1781509372.9311748;left_wheel_steps;0
1781509373.9311678;left_wheel_steps;0
1781509374.931147;left_wheel_steps;0
1781509375.931166;left_wheel_steps;0
1781509376.9311695;left_wheel_steps;0
1781509377.931138;left_wheel_steps;0
1781509378.9311547;left_wheel_steps;0
1781509379.9311683;left_wheel_steps;0
1781509380.9311435;left_wheel_steps;0
1781509381.9311397;left_wheel_steps;0
1781509382.9311645;left_wheel_steps;0
1781509383.9311426;left_wheel_steps;0
1781509384.9311206;left_wheel_steps;0
1781509385.931146;left_wheel_steps;0
1781509386.9311135;left_wheel_steps;0
1781509387.931156;left_wheel_steps;0
1781509388.9311662;left_wheel_steps;0
1781509389.9311583;left_wheel_steps;0
1781509390.931141;left_wheel_steps;0
1781509391.930924;left_wheel_steps;0
1781509392.931141;left_wheel_steps;0
1781509393.9311614;left_wheel_steps;0
1781509394.9311762;left_wheel_steps;0
1781509395.9311652;left_wheel_steps;0
1781509396.931147;left_wheel_steps;0
1781509397.9311762;left_wheel_steps;0
1781509398.931162;left_wheel_steps;0
1781509399.931152;left_wheel_steps;0
1781509400.9311864;left_wheel_steps;0
1781509401.9311595;left_wheel_steps;0
1781509402.9311574;left_wheel_steps;0
1781509403.9312754;left_wheel_steps;0
1781509404.931162;left_wheel_steps;0
1781509405.93117;left_wheel_steps;0
1781509406.9311514;left_wheel_steps;0
1781509407.931172;left_wheel_steps;0
1781509408.9311793;left_wheel_steps;0
1781509409.931183;left_wheel_steps;0
1781509410.931172;left_wheel_steps;0
1781509411.9311757;left_wheel_steps;0
1781509412.9312975;left_wheel_steps;0
1781509413.9311774;left_wheel_steps;0
1781509414.93132;left_wheel_steps;0
1781509415.931178;left_wheel_steps;0
1781509416.9311738;left_wheel_steps;0
1781509417.9311607;left_wheel_steps;0
1781509418.9311786;left_wheel_steps;0
1781509419.9311914;left_wheel_steps;0
1781509420.9312313;left_wheel_steps;0
1781509421.9311056;left_wheel_steps;0
1781509422.9313655;left_wheel_steps;0
1781509423.9311483;left_wheel_steps;0
1781509424.9310555;left_wheel_steps;0
1781509425.931139;left_wheel_steps;0
1781509426.931147;left_wheel_steps;0
1781509427.9311602;left_wheel_steps;0
1781509428.9311254;left_wheel_steps;0
1781509429.9311318;left_wheel_steps;0
1781509430.9311683;left_wheel_steps;0
1781509431.931124;left_wheel_steps;0
1781509432.9311388;left_wheel_steps;0
1781509433.9311666;left_wheel_steps;0
1781509434.931133;left_wheel_steps;0
1781509435.9311523;left_wheel_steps;0
1781509436.9311807;left_wheel_steps;0
1781509437.9311345;left_wheel_steps;0
1781509438.9311385;left_wheel_steps;0
1781509439.931154;left_wheel_steps;0
1781509440.931148;left_wheel_steps;0
1781509441.931135;left_wheel_steps;0
1781509442.9311805;left_wheel_steps;0
1781509443.9311666;left_wheel_steps;0
1781509444.931146;left_wheel_steps;0
1781509445.9311712;left_wheel_steps;0
1781509446.9311306;left_wheel_steps;0
1781509447.9311345;left_wheel_steps;0
1781509448.9311574;left_wheel_steps;0
1781509449.931145;left_wheel_steps;0
1781509450.9311366;left_wheel_steps;0
1781509451.9313085;left_wheel_steps;0
1781509452.9311378;left_wheel_steps;0
1781509453.931159;left_wheel_steps;0
1781509454.9311774;left_wheel_steps;0
1781509455.9311426;left_wheel_steps;0
1781509456.931129;left_wheel_steps;0
1781509457.9311774;left_wheel_steps;0
1781509458.9311285;left_wheel_steps;0
1781509459.9311345;left_wheel_steps;0
1781509460.9311678;left_wheel_steps;0
1781509461.9311316;left_wheel_steps;0
1781509462.9311433;left_wheel_steps;0
1781509463.9311695;left_wheel_steps;0
1781509464.9311342;left_wheel_steps;0
1781509465.931129;left_wheel_steps;0
1781509466.9311595;left_wheel_steps;0
1781509467.9311426;left_wheel_steps;0
1781509468.9311275;left_wheel_steps;0
1781509469.9311635;left_wheel_steps;0
1781509470.9311652;left_wheel_steps;0
1781509471.9311392;left_wheel_steps;0
1781509472.931177;left_wheel_steps;0
1781509473.9311357;left_wheel_steps;0
1781509474.9311435;left_wheel_steps;0
1781509475.93117;left_wheel_steps;0
1781509476.931137;left_wheel_steps;0
1781509477.9311457;left_wheel_steps;0
1781509478.9311924;left_wheel_steps;0
1781509479.9311478;left_wheel_steps;0
1781509480.931148;left_wheel_steps;0
1781509481.9311595;left_wheel_steps;0
1781509482.9311805;left_wheel_steps;0
1781509483.9312198;left_wheel_steps;0
1781509484.9312372;left_wheel_steps;0
1781509485.931244;left_wheel_steps;0
1781509486.9312322;left_wheel_steps;0
1781509487.9312515;left_wheel_steps;0
1781509488.9312477;left_wheel_steps;0
1781509489.9312935;left_wheel_steps;0
1781509490.9313223;left_wheel_steps;0
1781509491.931278;left_wheel_steps;0
1781509492.931252;left_wheel_steps;0
1781509493.9313433;left_wheel_steps;0
1781509494.9312882;left_wheel_steps;0
1781509495.9312744;left_wheel_steps;0
1781509496.931184;left_wheel_steps;0
1781509497.9311712;left_wheel_steps;0
1781509498.9312725;left_wheel_steps;0
1781509499.931167;left_wheel_steps;0
1781509500.9316056;left_wheel_steps;0
1781509501.931247;left_wheel_steps;0
1781509502.9311802;left_wheel_steps;0
1781509503.9311554;left_wheel_steps;0
1781509504.9311647;left_wheel_steps;0
1781509505.9312117;left_wheel_steps;0
1781509506.9311342;left_wheel_steps;0
1781509507.931154;left_wheel_steps;0
1781509508.9311926;left_wheel_steps;0
1781509509.9311483;left_wheel_steps;0
1781509510.931155;left_wheel_steps;0
1781509511.931179;left_wheel_steps;0
1781509512.931155;left_wheel_steps;0
1781509513.931156;left_wheel_steps;0
1781509514.9311824;left_wheel_steps;0
1781509515.931175;left_wheel_steps;0
1781509516.9311402;left_wheel_steps;0
1781509517.931172;left_wheel_steps;0
1781509518.9311404;left_wheel_steps;0
1781509519.931162;left_wheel_steps;0
1781509520.9311717;left_wheel_steps;0
1781509521.9311588;left_wheel_steps;0
1781509522.9311588;left_wheel_steps;0
1781509523.931172;left_wheel_steps;0
1781509524.9311388;left_wheel_steps;0
1781509525.9311488;left_wheel_steps;0
1781509526.9311736;left_wheel_steps;0
1781509527.9311538;left_wheel_steps;0
1781509528.9311514;left_wheel_steps;0
1781509529.931182;left_wheel_steps;0
1781509530.9311287;left_wheel_steps;0
1781509531.9311476;left_wheel_steps;0
1781509532.9311829;left_wheel_steps;0
1781509533.9317708;left_wheel_steps;0
1781509534.9311333;left_wheel_steps;0
1781509535.9311943;left_wheel_steps;0
1781509536.9311326;left_wheel_steps;0
1781509537.9311438;left_wheel_steps;0
1781509538.9311728;left_wheel_steps;0
1781509539.93114;left_wheel_steps;0
1781509540.9309149;left_wheel_steps;0
1781509541.931158;left_wheel_steps;0
1781509542.931116;left_wheel_steps;0
1781509543.9311256;left_wheel_steps;0
1781509544.9311645;left_wheel_steps;0
1781509545.9311388;left_wheel_steps;0
1781509546.9311352;left_wheel_steps;0
1781509547.9311843;left_wheel_steps;0
1781509548.9311357;left_wheel_steps;0
1781509549.9311368;left_wheel_steps;0
1781509550.9312134;left_wheel_steps;0
1781509551.9311452;left_wheel_steps;0
1781509552.9311504;left_wheel_steps;0
1781509553.9312112;left_wheel_steps;0
1781509554.9311457;left_wheel_steps;0
1781509555.931129;left_wheel_steps;0
1781509556.931177;left_wheel_steps;0
1781509557.931142;left_wheel_steps;0
1781509558.93114;left_wheel_steps;0
1781509559.9311855;left_wheel_steps;0
1781509560.931147;left_wheel_steps;0
1781509561.931121;left_wheel_steps;0
1781509562.931182;left_wheel_steps;0
1781509563.9311335;left_wheel_steps;0
1781509564.931138;left_wheel_steps;0
1781509565.9311826;left_wheel_steps;0
1781509566.931144;left_wheel_steps;0
1781509567.931135;left_wheel_steps;0
1781509568.93129;left_wheel_steps;0
1781509569.9311457;left_wheel_steps;0
1781509570.931392;left_wheel_steps;0
1781509571.9311798;left_wheel_steps;0
1781509572.9311843;left_wheel_steps;0
1781509573.931099;left_wheel_steps;0
1781509574.9312162;left_wheel_steps;0
1781509575.9312258;left_wheel_steps;0
1781509576.9312222;left_wheel_steps;0
1781509577.9311652;left_wheel_steps;0
1781509578.9317744;left_wheel_steps;0
1781509579.9311614;left_wheel_steps;0
1781509580.9311814;left_wheel_steps;0
1781509581.9311128;left_wheel_steps;0
1781509582.9311492;left_wheel_steps;0
1781509583.9311874;left_wheel_steps;0
1781509584.9311278;left_wheel_steps;0
1781509585.9311318;left_wheel_steps;0
1781509586.9311876;left_wheel_steps;0
1781509587.9311368;left_wheel_steps;0
1781509588.9311516;left_wheel_steps;0
1781509589.9312277;left_wheel_steps;0
1781509590.9311495;left_wheel_steps;0
1781509591.9311304;left_wheel_steps;0
1781509592.931186;left_wheel_steps;0
1781509593.9311523;left_wheel_steps;0
1781509594.931137;left_wheel_steps;0
1781509595.9311736;left_wheel_steps;0
1781509596.931141;left_wheel_steps;0
1781509597.9311416;left_wheel_steps;0
1781509598.931172;left_wheel_steps;0
1781509599.9311266;left_wheel_steps;0
1781509600.9311287;left_wheel_steps;0
1781509601.931177;left_wheel_steps;0
1781509602.9311376;left_wheel_steps;0
1781509603.931163;left_wheel_steps;0
1781509604.931186;left_wheel_steps;0
1781509605.9311447;left_wheel_steps;0
1781509606.93113;left_wheel_steps;0
1781509607.9311905;left_wheel_steps;0
1781509608.9311666;left_wheel_steps;0
1781509609.9311442;left_wheel_steps;0
1781509610.931218;left_wheel_steps;0
1781509611.9311483;left_wheel_steps;0
1781509612.9311502;left_wheel_steps;0
1781509613.93119;left_wheel_steps;0
1781509614.9311488;left_wheel_steps;0
1781509615.9317584;left_wheel_steps;0
1781509616.9311874;left_wheel_steps;0
1781509617.9311545;left_wheel_steps;0
1781509618.9311433;left_wheel_steps;0
1781509619.931188;left_wheel_steps;0
1781509620.9311495;left_wheel_steps;0
1781509621.9311435;left_wheel_steps;0
1781509622.9312162;left_wheel_steps;0
1781509623.9311404;left_wheel_steps;0
1781509624.9311345;left_wheel_steps;0
1781509625.9311793;left_wheel_steps;0
1781509626.9311335;left_wheel_steps;0
1781509627.9311252;left_wheel_steps;0
1781509628.9311936;left_wheel_steps;0
1781509629.9311514;left_wheel_steps;0
1781509630.931146;left_wheel_steps;0
1781509631.9311817;left_wheel_steps;0
1781509632.9311311;left_wheel_steps;0
1781509633.9311302;left_wheel_steps;0
1781509634.9311824;left_wheel_steps;0
1781509635.9311595;left_wheel_steps;0
1781509636.9311314;left_wheel_steps;0
1781509637.9311666;left_wheel_steps;0
1781509638.9311423;left_wheel_steps;0
1781509639.931145;left_wheel_steps;0
1781509640.931191;left_wheel_steps;0
1781509641.931151;left_wheel_steps;0
1781509642.9311347;left_wheel_steps;0
1781509643.9311855;left_wheel_steps;0
1781509644.9311724;left_wheel_steps;0
1781509645.9312224;left_wheel_steps;0
1781509646.9311886;left_wheel_steps;0
1781509647.931348;left_wheel_steps;0
1781509648.9311686;left_wheel_steps;0
1781509649.9312172;left_wheel_steps;0
1781509650.9312396;left_wheel_steps;0
1781509651.9312167;left_wheel_steps;0
1781509652.9312198;left_wheel_steps;0
1781509653.9311728;left_wheel_steps;0
1781509654.9310946;left_wheel_steps;0
1781509655.9313326;left_wheel_steps;0
1781509656.9311364;left_wheel_steps;0
1781509657.9311156;left_wheel_steps;0
1781509658.9311764;left_wheel_steps;0
1781509659.9311404;left_wheel_steps;0
1781509660.9311302;left_wheel_steps;0
1781509661.9311802;left_wheel_steps;0
1781509662.9311504;left_wheel_steps;0
1781509663.931148;left_wheel_steps;0
1781509664.9312248;left_wheel_steps;0
1781509665.931135;left_wheel_steps;0
1781509666.931136;left_wheel_steps;0
1781509667.9311864;left_wheel_steps;0
1781509668.9311416;left_wheel_steps;0
1781509669.9311385;left_wheel_steps;0
1781509670.931182;left_wheel_steps;0
1781509671.931138;left_wheel_steps;0
1781509672.9311366;left_wheel_steps;0
1781509673.9311702;left_wheel_steps;0
1781509674.931125;left_wheel_steps;0
1781509675.9311438;left_wheel_steps;0
1781509676.9311771;left_wheel_steps;0
1781509677.9311285;left_wheel_steps;0
1781509678.9311414;left_wheel_steps;0
1781509679.931163;left_wheel_steps;0
1781509680.9311376;left_wheel_steps;0
1781509681.9311268;left_wheel_steps;0
1781509682.931191;left_wheel_steps;0
1781509683.9311516;left_wheel_steps;0
1781509684.931135;left_wheel_steps;0
1781509685.9312503;left_wheel_steps;0
1781509686.931234;left_wheel_steps;0
1781509687.931251;left_wheel_steps;0
1781509688.9312985;left_wheel_steps;0
1781509689.930972;left_wheel_steps;0
1781509690.9312158;left_wheel_steps;0
1781509691.9312708;left_wheel_steps;0
1781509692.9312844;left_wheel_steps;0
1781509693.9311242;left_wheel_steps;0
1781509694.931179;left_wheel_steps;0
1781509695.9311717;left_wheel_steps;0
1781509696.9311385;left_wheel_steps;0
1781509697.93131;left_wheel_steps;0
1781509698.931139;left_wheel_steps;0
1781509699.9311218;left_wheel_steps;0
1781509700.9311805;left_wheel_steps;0
1781509701.9311252;left_wheel_steps;0
1781509702.9311428;left_wheel_steps;0
1781509703.9312294;left_wheel_steps;0
1781509704.9311478;left_wheel_steps;0
1781509705.9311562;left_wheel_steps;0
1781509706.931179;left_wheel_steps;0
1781509707.9311583;left_wheel_steps;0
1781509708.931141;left_wheel_steps;0
1781509709.931193;left_wheel_steps;0
1781509710.931146;left_wheel_steps;0
1781509711.9311378;left_wheel_steps;0
1781509712.931185;left_wheel_steps;0
1781509713.931153;left_wheel_steps;0
1781509714.931117;left_wheel_steps;0
1781509715.9311798;left_wheel_steps;0
1781509716.9311502;left_wheel_steps;0
1781509717.9311254;left_wheel_steps;0
1781509718.9312243;left_wheel_steps;0
1781509719.931163;left_wheel_steps;0
1781509720.9311614;left_wheel_steps;0
1781509721.9311802;left_wheel_steps;0
1781509722.9310894;left_wheel_steps;0
1781509723.931246;left_wheel_steps;0
1781509724.9311905;left_wheel_steps;0
1781509725.9313169;left_wheel_steps;0
1781509726.9311724;left_wheel_steps;0
1781509727.9312184;left_wheel_steps;0
1781509728.9311905;left_wheel_steps;0
1781509729.931188;left_wheel_steps;0
1781509730.9312308;left_wheel_steps;0
1781509731.931255;left_wheel_steps;0
1781509732.9311168;left_wheel_steps;0
1781509733.9314134;left_wheel_steps;0
1781509734.9311554;left_wheel_steps;0
1781509735.9311574;left_wheel_steps;0
1781509736.931133;left_wheel_steps;0
1781509737.931149;left_wheel_steps;0
1781509738.9311495;left_wheel_steps;0
1781509739.9310777;left_wheel_steps;0
1781509740.9311602;left_wheel_steps;0
1781509741.93114;left_wheel_steps;0
1781509742.9311657;left_wheel_steps;0
1781509743.9311354;left_wheel_steps;0
1781509744.9311512;left_wheel_steps;0
1781509745.9311736;left_wheel_steps;0
1781509746.931147;left_wheel_steps;0
1781509747.9311678;left_wheel_steps;0
1781509748.9312165;left_wheel_steps;0
1781509749.9311595;left_wheel_steps;0
1781509750.931151;left_wheel_steps;0
1781509751.9311838;left_wheel_steps;0
1781509752.931149;left_wheel_steps;0
1781509753.931152;left_wheel_steps;0
1781509754.9311838;left_wheel_steps;0
1781509755.9311645;left_wheel_steps;0
1781509756.9311588;left_wheel_steps;0
1781509757.9311926;left_wheel_steps;0
1781509758.9311538;left_wheel_steps;0
1781509759.931152;left_wheel_steps;0
1781509760.931219;left_wheel_steps;0
1781509761.9311423;left_wheel_steps;0
1781509762.9311616;left_wheel_steps;0
1781509763.931184;left_wheel_steps;0
1781509764.9311478;left_wheel_steps;0
1781509765.9311688;left_wheel_steps;0
1781509766.93118;left_wheel_steps;0
1781509767.9311695;left_wheel_steps;0
1781509768.9311664;left_wheel_steps;0
1781509769.9311926;left_wheel_steps;0
1781509770.9311714;left_wheel_steps;0
1781509771.9311633;left_wheel_steps;0
1781509772.9311855;left_wheel_steps;0
1781509773.9311557;left_wheel_steps;0
1781509774.9311388;left_wheel_steps;0
1781509775.9311786;left_wheel_steps;0
1781509776.9311452;left_wheel_steps;0
1781509777.931166;left_wheel_steps;0
1781509778.9312136;left_wheel_steps;0
1781509779.9312837;left_wheel_steps;0
1781509780.9311576;left_wheel_steps;0
1781509781.9311843;left_wheel_steps;0
1781509782.9311616;left_wheel_steps;0
1781509783.9311695;left_wheel_steps;0
1781509784.931182;left_wheel_steps;0
1781509785.9311724;left_wheel_steps;0
1781509786.931162;left_wheel_steps;0
1781509787.931189;left_wheel_steps;0
1781509788.931151;left_wheel_steps;0
1781509789.9311678;left_wheel_steps;0
1781509790.9312236;left_wheel_steps;0
1781509791.931153;left_wheel_steps;0
1781509792.9311666;left_wheel_steps;0
1781509793.9312165;left_wheel_steps;0
1781509794.931167;left_wheel_steps;0
1781509795.9311626;left_wheel_steps;0
1781509796.931187;left_wheel_steps;0
1781509797.931151;left_wheel_steps;0
1781509798.931187;left_wheel_steps;0
1781509799.9311788;left_wheel_steps;0
1781509800.9312186;left_wheel_steps;0
1781509801.93125;left_wheel_steps;0
1781509802.9311852;left_wheel_steps;0
1781509803.93134;left_wheel_steps;0
1781509804.931155;left_wheel_steps;0
1781509805.9311936;left_wheel_steps;0
1781509806.931183;left_wheel_steps;0
1781509807.931165;left_wheel_steps;0
1781509808.9311616;left_wheel_steps;0
1781509809.9311564;left_wheel_steps;0
1781509810.9310956;left_wheel_steps;0
1781509811.9313416;left_wheel_steps;0
1781509812.931158;left_wheel_steps;0
1781509813.931146;left_wheel_steps;0
1781509814.9311748;left_wheel_steps;0
1781509815.9311666;left_wheel_steps;0
1781509816.9311614;left_wheel_steps;0
1781509817.9311934;left_wheel_steps;0
1781509818.9311738;left_wheel_steps;0
1781509819.9311445;left_wheel_steps;0
1781509820.931141;left_wheel_steps;0
1781509821.931142;left_wheel_steps;0
1781509822.9311545;left_wheel_steps;0
1781509823.931192;left_wheel_steps;0
1781509824.931177;left_wheel_steps;0
1781509825.9311757;left_wheel_steps;0
1781509826.9311726;left_wheel_steps;0
1781509827.9311464;left_wheel_steps;0
1781509828.9311607;left_wheel_steps;0
1781509829.9312265;left_wheel_steps;0
1781509830.931173;left_wheel_steps;0
1781509831.9311686;left_wheel_steps;0
1781509832.9311378;left_wheel_steps;0
1781509833.931151;left_wheel_steps;0
1781509834.9311712;left_wheel_steps;0
1781509835.93118;left_wheel_steps;0
1781509836.931142;left_wheel_steps;0
1781509837.9311426;left_wheel_steps;0
1781509838.9312332;left_wheel_steps;0
1781509839.9311564;left_wheel_steps;0
1781509840.9311564;left_wheel_steps;0
1781509841.9311666;left_wheel_steps;0
1781509842.9311445;left_wheel_steps;0
1781509843.9311438;left_wheel_steps;0
1781509844.9311862;left_wheel_steps;0
1781509845.9311602;left_wheel_steps;0
1781509846.9311557;left_wheel_steps;0
1781509847.9311678;left_wheel_steps;0
1781509848.931158;left_wheel_steps;0
1781509849.9311488;left_wheel_steps;0
1781509850.9311757;left_wheel_steps;0
1781509851.9311404;left_wheel_steps;0
1781509852.9311495;left_wheel_steps;0
1781509853.9311736;left_wheel_steps;0
1781509854.9311433;left_wheel_steps;0
1781509855.9311385;left_wheel_steps;0
1781509856.9311345;left_wheel_steps;0
1781509857.931166;left_wheel_steps;0
1781509858.9311452;left_wheel_steps;0
1781509859.9311757;left_wheel_steps;0
1781509860.9311576;left_wheel_steps;0
1781509861.9312778;left_wheel_steps;0
1781509862.9311912;left_wheel_steps;0
1781509863.9311552;left_wheel_steps;0
1781509864.931154;left_wheel_steps;0
1781509865.9312356;left_wheel_steps;0
1781509866.931156;left_wheel_steps;0
1781509867.931178;left_wheel_steps;0
1781509868.9311492;left_wheel_steps;0
1781509869.9311495;left_wheel_steps;0
1781509870.931163;left_wheel_steps;0
1781509871.931177;left_wheel_steps;0
1781509872.9311645;left_wheel_steps;0
1781509873.931146;left_wheel_steps;0
1781509874.9312232;left_wheel_steps;0
1781509875.931177;left_wheel_steps;0
1781509876.9311576;left_wheel_steps;0
1781509877.9312167;left_wheel_steps;0
1781509878.931155;left_wheel_steps;0
1781509879.931239;left_wheel_steps;0
1781509880.9311452;left_wheel_steps;0
1781509881.931367;left_wheel_steps;0
1781509882.9312885;left_wheel_steps;0
1781509883.9313126;left_wheel_steps;0
1781509884.9312973;left_wheel_steps;0
1781509885.931218;left_wheel_steps;0
1781509886.9312427;left_wheel_steps;0
1781509887.931317;left_wheel_steps;0
1781509888.9311707;left_wheel_steps;0
1781509889.931451;left_wheel_steps;0
1781509890.93125;left_wheel_steps;0
1781509891.9312177;left_wheel_steps;0
1781509892.9312568;left_wheel_steps;0
1781509893.931232;left_wheel_steps;0
1781509894.931219;left_wheel_steps;0
1781509895.931243;left_wheel_steps;0
1781509896.9312446;left_wheel_steps;0
1781509897.9312496;left_wheel_steps;0
1781509898.9312892;left_wheel_steps;0
1781509899.9312174;left_wheel_steps;0
1781509900.9312618;left_wheel_steps;0
1781509901.9312546;left_wheel_steps;0
1781509902.9312484;left_wheel_steps;0
1781509903.9312155;left_wheel_steps;0
1781509904.931232;left_wheel_steps;0
1781509905.9312356;left_wheel_steps;0
1781509906.9312365;left_wheel_steps;0
1781509907.9312766;left_wheel_steps;0
1781509908.9312222;left_wheel_steps;0
1781509909.9311872;left_wheel_steps;0
1781509910.93127;left_wheel_steps;0
1781509911.9312348;left_wheel_steps;0
1781509912.9311476;left_wheel_steps;0
1781509913.9311423;left_wheel_steps;0
1781509914.9311433;left_wheel_steps;0
1781509915.931135;left_wheel_steps;0
1781509916.9311242;left_wheel_steps;0
1781509917.9311547;left_wheel_steps;0
1781509918.931152;left_wheel_steps;0
1781509919.9311705;left_wheel_steps;0
1781509920.9311502;left_wheel_steps;0
1781509921.931149;left_wheel_steps;0
1781509922.931192;left_wheel_steps;0
1781509923.9311488;left_wheel_steps;0
1781509924.9311364;left_wheel_steps;0
1781509925.9311318;left_wheel_steps;0
1781509926.931134;left_wheel_steps;0
1781509927.9311552;left_wheel_steps;0
1781509928.931149;left_wheel_steps;0
1781509929.931162;left_wheel_steps;0
1781509930.9311564;left_wheel_steps;0
1781509931.9311912;left_wheel_steps;0
1781509932.931154;left_wheel_steps;0
1781509933.931145;left_wheel_steps;0
1781509934.931189;left_wheel_steps;0
1781509935.9311404;left_wheel_steps;0
1781509936.931163;left_wheel_steps;0
1781509937.931127;left_wheel_steps;0
1781509938.931134;left_wheel_steps;0
1781509939.9311552;left_wheel_steps;0
1781509940.931141;left_wheel_steps;0
1781509941.9311402;left_wheel_steps;0
1781509942.9311342;left_wheel_steps;0
1781509943.9313328;left_wheel_steps;0
1781509944.931142;left_wheel_steps;0
1781509945.9311607;left_wheel_steps;0
1781509946.9312277;left_wheel_steps;0
1781509947.9311495;left_wheel_steps;0
1781509948.9311333;left_wheel_steps;0
1781509949.9311745;left_wheel_steps;0
1781509950.9311523;left_wheel_steps;0
1781509951.931147;left_wheel_steps;0
1781509952.9311478;left_wheel_steps;0
1781509953.931163;left_wheel_steps;0
1781509954.93093;left_wheel_steps;0
1781509955.9311905;left_wheel_steps;0
1781509956.9311447;left_wheel_steps;0
1781509957.9312932;left_wheel_steps;0
1781509958.9312198;left_wheel_steps;0
1781509959.9313776;left_wheel_steps;0
1781509960.9311616;left_wheel_steps;0
1781509961.9311278;left_wheel_steps;0
1781509962.931169;left_wheel_steps;0
1781509963.9311843;left_wheel_steps;0
1781509964.9311645;left_wheel_steps;0
1781509965.9311416;left_wheel_steps;0
1781509966.9311192;left_wheel_steps;0
1781509967.9313302;left_wheel_steps;0
1781509968.931126;left_wheel_steps;0
1781509969.9311345;left_wheel_steps;0
1781509970.9311926;left_wheel_steps;0
1781509971.9311316;left_wheel_steps;0
1781509972.931122;left_wheel_steps;0
1781509973.931123;left_wheel_steps;0
1781509974.931146;left_wheel_steps;0
1781509975.9311492;left_wheel_steps;0
1781509976.9312713;left_wheel_steps;0
1781509977.9311414;left_wheel_steps;0
1781509978.9311428;left_wheel_steps;0
1781509979.9312184;left_wheel_steps;0
1781509980.9311423;left_wheel_steps;0
1781509981.9311512;left_wheel_steps;0
1781509982.9311922;left_wheel_steps;0
1781509983.931132;left_wheel_steps;0
1781509984.9311423;left_wheel_steps;0
1781509985.9311447;left_wheel_steps;0
1781509986.9311454;left_wheel_steps;0
1781509987.931147;left_wheel_steps;0
1781509988.9311523;left_wheel_steps;0
1781509989.9311569;left_wheel_steps;0
1781509990.9311397;left_wheel_steps;0
1781509991.9311864;left_wheel_steps;0
1781509992.9311476;left_wheel_steps;0
1781509993.9311366;left_wheel_steps;0
1781509994.9311795;left_wheel_steps;0
1781509995.9311426;left_wheel_steps;0
1781509996.9311826;left_wheel_steps;0
1781509997.931131;left_wheel_steps;0
1781509998.9311533;left_wheel_steps;0
1781509999.931142;left_wheel_steps;0
1781510000.9311302;left_wheel_steps;0
1781510001.931146;left_wheel_steps;0
1781510002.9311583;left_wheel_steps;0
1781510003.9312525;left_wheel_steps;0
1781510004.9311905;left_wheel_steps;0
1781510005.9311433;left_wheel_steps;0
1781510006.931175;left_wheel_steps;0
1781510007.931152;left_wheel_steps;0
1781510008.9311352;left_wheel_steps;0
1781510009.931134;left_wheel_steps;0
1781510010.931158;left_wheel_steps;0
1781510011.9311411;left_wheel_steps;0
1781510012.9311445;left_wheel_steps;0
1781510013.9311478;left_wheel_steps;0
1781510014.9311352;left_wheel_steps;0
1781510015.9311914;left_wheel_steps;0
1781510016.9311483;left_wheel_steps;0
1781510017.9311342;left_wheel_steps;0
1781510018.9312189;left_wheel_steps;0
1781510019.931142;left_wheel_steps;0
1781510020.9312336;left_wheel_steps;0
1781510021.9312608;left_wheel_steps;0
1781510022.9312663;left_wheel_steps;0
1781510023.9312344;left_wheel_steps;0
1781510024.9312663;left_wheel_steps;0
1781510025.931316;left_wheel_steps;0
1781510026.931241;left_wheel_steps;0
1781510027.93126;left_wheel_steps;0
1781510028.931246;left_wheel_steps;0
1781510029.9311385;left_wheel_steps;0
1781510030.9312887;left_wheel_steps;0
1781510031.9312596;left_wheel_steps;0
1781510032.9312744;left_wheel_steps;0
1781510033.9312427;left_wheel_steps;0
1781510034.9313817;left_wheel_steps;0
1781510035.9311583;left_wheel_steps;0
1781510036.931404;left_wheel_steps;0
1781510037.9311557;left_wheel_steps;0
1781510038.9311757;left_wheel_steps;0
1781510039.9311829;left_wheel_steps;0
1781510040.9311938;left_wheel_steps;0
1781510041.9311745;left_wheel_steps;0
1781510042.93124;left_wheel_steps;0
1781510043.93116;left_wheel_steps;0
1781510044.9315045;left_wheel_steps;0
1781510045.9311447;left_wheel_steps;0
1781510046.9311464;left_wheel_steps;0
1781510047.9311318;left_wheel_steps;0
1781510048.9311452;left_wheel_steps;0
1781510049.931146;left_wheel_steps;0
1781510050.931146;left_wheel_steps;0
1781510051.9311578;left_wheel_steps;0
1781510052.93116;left_wheel_steps;0
1781510053.9311745;left_wheel_steps;0
1781510054.9311364;left_wheel_steps;0
1781510055.9311595;left_wheel_steps;0
1781510056.931136;left_wheel_steps;0
1781510057.9311314;left_wheel_steps;0
1781510058.9311378;left_wheel_steps;0
1781510059.931134;left_wheel_steps;0
1781510060.9311728;left_wheel_steps;0
1781510061.9311354;left_wheel_steps;0
1781510062.931249;left_wheel_steps;0
1781510063.9312727;left_wheel_steps;0
1781510064.9312668;left_wheel_steps;0
1781510065.9312627;left_wheel_steps;0
1781510066.931249;left_wheel_steps;0
1781510067.931267;left_wheel_steps;0
1781510068.9311862;left_wheel_steps;0
1781510069.9312286;left_wheel_steps;0
1781510070.931267;left_wheel_steps;0
1781510071.9312465;left_wheel_steps;0
1781510072.9311264;left_wheel_steps;0
1781510073.931129;left_wheel_steps;0
1781510074.931145;left_wheel_steps;0
1781510075.9311926;left_wheel_steps;0
1781510076.9311545;left_wheel_steps;0
1781510077.9311457;left_wheel_steps;0
1781510078.931131;left_wheel_steps;0
1781510079.9311435;left_wheel_steps;0
1781510080.9311502;left_wheel_steps;0
1781510081.9311512;left_wheel_steps;0
1781510082.931154;left_wheel_steps;0
1781510083.931154;left_wheel_steps;0
1781510084.9311368;left_wheel_steps;0
1781510085.931151;left_wheel_steps;0
1781510086.931151;left_wheel_steps;0
1781510087.9311724;left_wheel_steps;0
1781510088.931162;left_wheel_steps;0
1781510089.9311306;left_wheel_steps;0
1781510090.9311562;left_wheel_steps;0
1781510091.9311426;left_wheel_steps;0
1781510092.9311557;left_wheel_steps;0
1781510093.931133;left_wheel_steps;0
1781510094.9311268;left_wheel_steps;0
1781510095.931152;left_wheel_steps;0
1781510096.93113;left_wheel_steps;0
1781510097.931159;left_wheel_steps;0
1781510098.9311423;left_wheel_steps;0
1781510099.931222;left_wheel_steps;0
1781510100.931146;left_wheel_steps;0
1781510101.931173;left_wheel_steps;0
1781510102.9311595;left_wheel_steps;0
1781510103.9311392;left_wheel_steps;0
1781510104.931147;left_wheel_steps;0
1781510105.9311454;left_wheel_steps;0
1781510106.931145;left_wheel_steps;0
1781510107.9317622;left_wheel_steps;0
1781510108.9312832;left_wheel_steps;0
1781510109.931295;left_wheel_steps;0
1781510110.9313052;left_wheel_steps;0
1781510111.9312944;left_wheel_steps;0
1781510112.9313276;left_wheel_steps;0
1781510113.9311843;left_wheel_steps;0
1781510114.931369;left_wheel_steps;0
1781510115.931234;left_wheel_steps;0
1781510116.9312594;left_wheel_steps;0
1781510117.931232;left_wheel_steps;0
1781510118.931183;left_wheel_steps;0
1781510119.9311874;left_wheel_steps;0
1781510120.9312143;left_wheel_steps;0
1781510121.9310892;left_wheel_steps;0
1781510122.931361;left_wheel_steps;0
1781510123.9311872;left_wheel_steps;0
1781510124.9311514;left_wheel_steps;0
1781510125.9311686;left_wheel_steps;0
1781510126.9311411;left_wheel_steps;0
1781510127.931172;left_wheel_steps;0
1781510128.9311838;left_wheel_steps;0
1781510129.9311428;left_wheel_steps;0
1781510130.9311554;left_wheel_steps;0
1781510131.93116;left_wheel_steps;0
1781510132.9311554;left_wheel_steps;0
1781510133.9311635;left_wheel_steps;0
1781510134.9311595;left_wheel_steps;0
1781510135.9311872;left_wheel_steps;0
1781510136.9311476;left_wheel_steps;0
1781510137.931141;left_wheel_steps;0
1781510138.9311354;left_wheel_steps;0
1781510139.9311452;left_wheel_steps;0
1781510140.9311614;left_wheel_steps;0
1781510141.93112;left_wheel_steps;0
1781510142.931113;left_wheel_steps;0
1781510143.9311354;left_wheel_steps;0
1781510144.9311523;left_wheel_steps;0
1781510145.9311574;left_wheel_steps;0
1781510146.931154;left_wheel_steps;0
1781510147.9312117;left_wheel_steps;0
1781510148.9311368;left_wheel_steps;0
1781510149.931151;left_wheel_steps;0
1781510150.9311433;left_wheel_steps;0
1781510151.9311502;left_wheel_steps;0
1781510152.9311492;left_wheel_steps;0
1781510153.931133;left_wheel_steps;0
1781510154.9311595;left_wheel_steps;0
1781510155.9311686;left_wheel_steps;0
1781510156.9312308;left_wheel_steps;0
1781510157.9312346;left_wheel_steps;0
1781510158.931222;left_wheel_steps;0
1781510159.9312303;left_wheel_steps;0
1781510160.9312398;left_wheel_steps;0
1781510161.9311624;left_wheel_steps;0
1781510162.931191;left_wheel_steps;0
1781510163.9312663;left_wheel_steps;0
1781510164.9312267;left_wheel_steps;0
1781510165.9312415;left_wheel_steps;0
1781510166.93123;left_wheel_steps;0
1781510167.9311368;left_wheel_steps;0
1781510168.9311135;left_wheel_steps;0
1781510169.931142;left_wheel_steps;0
1781510170.9311547;left_wheel_steps;0
1781510171.931119;left_wheel_steps;0
1781510172.9311447;left_wheel_steps;0
1781510173.9311323;left_wheel_steps;0
1781510174.9311185;left_wheel_steps;0
1781510175.9311717;left_wheel_steps;0
1781510176.9311402;left_wheel_steps;0
1781510177.9311247;left_wheel_steps;0
1781510178.9311411;left_wheel_steps;0
1781510179.9311526;left_wheel_steps;0
1781510180.9311457;left_wheel_steps;0
1781510181.9311306;left_wheel_steps;0
1781510182.9311345;left_wheel_steps;0
1781510183.9311268;left_wheel_steps;0
1781510184.9311562;left_wheel_steps;0
1781510185.9311728;left_wheel_steps;0
1781510186.931129;left_wheel_steps;0
1781510187.931152;left_wheel_steps;0
1781510188.9311326;left_wheel_steps;0
1781510189.9312866;left_wheel_steps;0
1781510190.9311943;left_wheel_steps;0
1781510191.9311717;left_wheel_steps;0
1781510192.9313042;left_wheel_steps;0
1781510193.9311426;left_wheel_steps;0
1781510194.931185;left_wheel_steps;0
1781510195.9311378;left_wheel_steps;0
1781510196.9311852;left_wheel_steps;0
1781510197.9311616;left_wheel_steps;0
1781510198.9311728;left_wheel_steps;0
1781510199.9311423;left_wheel_steps;0
1781510200.931586;left_wheel_steps;0
1781510201.931145;left_wheel_steps;0
1781510202.93116;left_wheel_steps;0
1781510203.9311717;left_wheel_steps;0
1781510204.931138;left_wheel_steps;0
1781510205.9311562;left_wheel_steps;0
1781510206.9311416;left_wheel_steps;0
1781510207.9312444;left_wheel_steps;0
1781510208.9312706;left_wheel_steps;0
1781510209.9312568;left_wheel_steps;0
1781510210.931259;left_wheel_steps;0
1781510211.9312558;left_wheel_steps;0
1781510212.9312804;left_wheel_steps;0
1781510213.931223;left_wheel_steps;0
1781510214.9311898;left_wheel_steps;0
1781510215.9312568;left_wheel_steps;0
1781510216.9312167;left_wheel_steps;0
1781510217.9312606;left_wheel_steps;0
1781510218.9312396;left_wheel_steps;0
1781510219.93112;left_wheel_steps;0
1781510220.9311545;left_wheel_steps;0
1781510221.9311538;left_wheel_steps;0
1781510222.931115;left_wheel_steps;0
1781510223.9311554;left_wheel_steps;0
1781510224.9311566;left_wheel_steps;0
1781510225.9311569;left_wheel_steps;0
1781510226.931154;left_wheel_steps;0
1781510227.931137;left_wheel_steps;0
1781510228.931145;left_wheel_steps;0
1781510229.9311347;left_wheel_steps;0
1781510230.9311562;left_wheel_steps;0
1781510231.9311483;left_wheel_steps;0
1781510232.9311514;left_wheel_steps;0
1781510233.9311635;left_wheel_steps;0
1781510234.9311392;left_wheel_steps;0
1781510235.9311712;left_wheel_steps;0
1781510236.9311414;left_wheel_steps;0
1781510237.931149;left_wheel_steps;0
1781510238.9311724;left_wheel_steps;0
1781510239.931188;left_wheel_steps;0
1781510240.931221;left_wheel_steps;0
1781510241.931141;left_wheel_steps;0
1781510242.9311352;left_wheel_steps;0
1781510243.9311182;left_wheel_steps;0
1781510244.931148;left_wheel_steps;0
1781510245.9311495;left_wheel_steps;0
1781510246.931146;left_wheel_steps;0
1781510247.9311645;left_wheel_steps;0
1781510248.9311411;left_wheel_steps;0
1781510249.9311402;left_wheel_steps;0
1781510250.9311607;left_wheel_steps;0
1781510251.9311428;left_wheel_steps;0
1781510252.9311554;left_wheel_steps;0
1781510253.9311614;left_wheel_steps;0
1781510254.931161;left_wheel_steps;0
1781510255.931127;left_wheel_steps;0
1781510256.9311469;left_wheel_steps;0
1781510257.9311388;left_wheel_steps;0
1781510258.9311469;left_wheel_steps;0
1781510259.9311528;left_wheel_steps;0
1781510260.931161;left_wheel_steps;0
1781510261.9311442;left_wheel_steps;0
1781510262.931154;left_wheel_steps;0
1781510263.9312284;left_wheel_steps;0
1781510264.9313016;left_wheel_steps;0
1781510265.9312866;left_wheel_steps;0
1781510266.9313016;left_wheel_steps;0
1781510267.9312778;left_wheel_steps;0
1781510268.9313354;left_wheel_steps;0
1781510269.9312985;left_wheel_steps;0
1781510270.9314308;left_wheel_steps;0
1781510271.9313464;left_wheel_steps;0
1781510272.9311693;left_wheel_steps;0
1781510273.9311695;left_wheel_steps;0
1781510274.9312384;left_wheel_steps;0
1781510275.9311914;left_wheel_steps;0
1781510276.9311354;left_wheel_steps;0
1781510277.9311073;left_wheel_steps;0
1781510278.9315672;left_wheel_steps;0
1781510279.9311514;left_wheel_steps;0
1781510280.9311736;left_wheel_steps;0
1781510281.931151;left_wheel_steps;0
1781510282.9311302;left_wheel_steps;0
1781510283.9311454;left_wheel_steps;0
1781510284.931148;left_wheel_steps;0
1781510285.9311285;left_wheel_steps;0
1781510286.9311311;left_wheel_steps;0
1781510287.931152;left_wheel_steps;0
1781510288.9311638;left_wheel_steps;0
1781510289.9311652;left_wheel_steps;0
1781510290.9311528;left_wheel_steps;0
1781510291.9311354;left_wheel_steps;0
1781510292.9311526;left_wheel_steps;0
1781510293.9311512;left_wheel_steps;0
1781510294.931123;left_wheel_steps;0
1781510295.9311583;left_wheel_steps;0
1781510296.931145;left_wheel_steps;0
1781510297.9311314;left_wheel_steps;0
1781510298.9311624;left_wheel_steps;0
1781510299.9311357;left_wheel_steps;0
1781510300.9311595;left_wheel_steps;0
1781510301.931142;left_wheel_steps;0
1781510302.9311492;left_wheel_steps;0
1781510303.9311068;left_wheel_steps;0
1781510304.931147;left_wheel_steps;0
1781510305.9311445;left_wheel_steps;0
1781510306.9311352;left_wheel_steps;0
1781510307.931144;left_wheel_steps;0
1781510308.931154;left_wheel_steps;0
1781510309.9311423;left_wheel_steps;0
1781510310.9311583;left_wheel_steps;0
1781510311.9311452;left_wheel_steps;0
1781510312.9312112;left_wheel_steps;0
1781510313.9311428;left_wheel_steps;0
1781510314.931137;left_wheel_steps;0
1781510315.9311357;left_wheel_steps;0
1781510316.9311664;left_wheel_steps;0
1781510317.9311547;left_wheel_steps;0
1781510318.9311397;left_wheel_steps;0
1781510319.9311423;left_wheel_steps;0
1781510320.931151;left_wheel_steps;0
1781510321.931136;left_wheel_steps;0
1781510322.9311545;left_wheel_steps;0
1781510323.931152;left_wheel_steps;0
1781510324.9311843;left_wheel_steps;0
1781510325.9311512;left_wheel_steps;0
1781510326.9311583;left_wheel_steps;0
1781510327.9311464;left_wheel_steps;0
1781510328.931136;left_wheel_steps;0
1781510329.9311304;left_wheel_steps;0
1781510330.9311285;left_wheel_steps;0
1781510331.9311368;left_wheel_steps;0
1781510332.9311416;left_wheel_steps;0
1781510333.9311335;left_wheel_steps;0
1781510334.9311528;left_wheel_steps;0
1781510335.931146;left_wheel_steps;0
1781510336.9311926;left_wheel_steps;0
1781510337.93123;left_wheel_steps;0
1781510338.9311776;left_wheel_steps;0
1781510339.931152;left_wheel_steps;0
1781510340.9311671;left_wheel_steps;0
1781510341.9311712;left_wheel_steps;0
1781510342.931177;left_wheel_steps;0
1781510343.931183;left_wheel_steps;0
1781510344.931229;left_wheel_steps;0
1781510345.9311633;left_wheel_steps;0
1781510346.931219;left_wheel_steps;0
1781510347.9311578;left_wheel_steps;0
1781510348.9313047;left_wheel_steps;0
1781510349.9311738;left_wheel_steps;0
1781510350.9311728;left_wheel_steps;0
1781510351.9311666;left_wheel_steps;0
1781510352.9312282;left_wheel_steps;0
1781510353.931326;left_wheel_steps;0
1781510354.9311588;left_wheel_steps;0
1781510355.9311426;left_wheel_steps;0
1781510356.9313936;left_wheel_steps;0
1781510357.9311416;left_wheel_steps;0
1781510358.9311583;left_wheel_steps;0
1781510359.931158;left_wheel_steps;0
1781510360.931173;left_wheel_steps;0
1781510361.931133;left_wheel_steps;0
1781510362.931158;left_wheel_steps;0
1781510363.9311678;left_wheel_steps;0
1781510364.9311678;left_wheel_steps;0
1781510365.9311566;left_wheel_steps;0
1781510366.931133;left_wheel_steps;0
1781510367.931151;left_wheel_steps;0
1781510368.9311392;left_wheel_steps;0
1781510369.9311302;left_wheel_steps;0
1781510370.931163;left_wheel_steps;0
1781510371.931153;left_wheel_steps;0
1781510372.9311855;left_wheel_steps;0
1781510373.931151;left_wheel_steps;0
1781510374.9311464;left_wheel_steps;0
1781510375.9311416;left_wheel_steps;0
1781510376.9311671;left_wheel_steps;0
1781510377.9311397;left_wheel_steps;0
1781510378.9311342;left_wheel_steps;0
1781510379.931183;left_wheel_steps;0
1781510380.931169;left_wheel_steps;0
1781510381.9311566;left_wheel_steps;0
1781510382.9311662;left_wheel_steps;0
1781510383.9311457;left_wheel_steps;0
1781510384.9311824;left_wheel_steps;0
1781510385.9311702;left_wheel_steps;0
1781510386.9311545;left_wheel_steps;0
1781510387.9311185;left_wheel_steps;0
1781510388.9311635;left_wheel_steps;0
1781510389.931277;left_wheel_steps;0
1781510390.931187;left_wheel_steps;0
1781510391.9312174;left_wheel_steps;0
1781510392.931255;left_wheel_steps;0
1781510393.9312546;left_wheel_steps;0
1781510394.9311912;left_wheel_steps;0
1781510395.9311934;left_wheel_steps;0
1781510396.9312987;left_wheel_steps;0
1781510397.9312203;left_wheel_steps;0
1781510398.931263;left_wheel_steps;0
1781510399.931176;left_wheel_steps;0
1781510400.9312465;left_wheel_steps;0
1781510401.9312413;left_wheel_steps;0
1781510402.9311926;left_wheel_steps;0
1781510403.9311297;left_wheel_steps;0
1781510404.9311347;left_wheel_steps;0
1781510405.9311745;left_wheel_steps;0
1781510406.9311438;left_wheel_steps;0
1781510407.9311457;left_wheel_steps;0
1781510408.9311793;left_wheel_steps;0
1781510409.9311602;left_wheel_steps;0
1781510410.9311438;left_wheel_steps;0
1781510411.9311404;left_wheel_steps;0
1781510412.9311612;left_wheel_steps;0
1781510413.931173;left_wheel_steps;0
1781510414.931151;left_wheel_steps;0
1781510415.9311569;left_wheel_steps;0
1781510416.9311588;left_wheel_steps;0
1781510417.9311843;left_wheel_steps;0
1781510418.9311402;left_wheel_steps;0
1781510419.9311602;left_wheel_steps;0
1781510420.931243;left_wheel_steps;0
1781510421.9311452;left_wheel_steps;0
1781510422.9311666;left_wheel_steps;0
1781510423.9311495;left_wheel_steps;0
1781510424.9311852;left_wheel_steps;0
1781510425.9312952;left_wheel_steps;0
1781510426.9311252;left_wheel_steps;0
1781510427.9313672;left_wheel_steps;0
1781510428.9311616;left_wheel_steps;0
1781510429.9311912;left_wheel_steps;0
1781510430.931228;left_wheel_steps;0
1781510431.9311635;left_wheel_steps;0
1781510432.9311774;left_wheel_steps;0
1781510433.931267;left_wheel_steps;0
1781510434.931121;left_wheel_steps;0
1781510435.93228;left_wheel_steps;0
1781510436.9311666;left_wheel_steps;0
1781510437.931125;left_wheel_steps;0
1781510438.9311268;left_wheel_steps;0
1781510439.9311628;left_wheel_steps;0
1781510440.9311278;left_wheel_steps;0
1781510441.931184;left_wheel_steps;0
1781510442.9311574;left_wheel_steps;0
1781510443.931152;left_wheel_steps;0
1781510444.931175;left_wheel_steps;0
1781510445.9311757;left_wheel_steps;0
1781510446.9311306;left_wheel_steps;0
1781510447.9311206;left_wheel_steps;0
1781510448.9311757;left_wheel_steps;0
1781510449.931169;left_wheel_steps;0
1781510450.931151;left_wheel_steps;0
1781510451.931137;left_wheel_steps;0
1781510452.9311397;left_wheel_steps;0
1781510453.9311638;left_wheel_steps;0
1781510454.93116;left_wheel_steps;0
1781510455.9311628;left_wheel_steps;0
1781510456.9311771;left_wheel_steps;0
1781510457.9311614;left_wheel_steps;0
1781510458.931152;left_wheel_steps;0
1781510459.931138;left_wheel_steps;0
1781510460.9311771;left_wheel_steps;0
1781510461.9311411;left_wheel_steps;0
1781510462.9311335;left_wheel_steps;0
1781510463.9311545;left_wheel_steps;0
1781510464.9311793;left_wheel_steps;0
1781510465.9310849;left_wheel_steps;0
1781510466.9311495;left_wheel_steps;0
1781510467.9311564;left_wheel_steps;0
1781510468.9311671;left_wheel_steps;0
1781510469.9311595;left_wheel_steps;0
1781510470.9311662;left_wheel_steps;0
1781510471.9311297;left_wheel_steps;0
1781510472.9311607;left_wheel_steps;0
1781510473.931155;left_wheel_steps;0
1781510474.93116;left_wheel_steps;0
1781510475.9311483;left_wheel_steps;0
1781510476.9311612;left_wheel_steps;0
1781510477.9312625;left_wheel_steps;0
1781510478.9312465;left_wheel_steps;0
1781510479.9312422;left_wheel_steps;0
1781510480.9312694;left_wheel_steps;0
1781510481.9312465;left_wheel_steps;0
1781510482.9312596;left_wheel_steps;0
1781510483.931253;left_wheel_steps;0
1781510484.9312675;left_wheel_steps;0
1781510485.9312737;left_wheel_steps;0
1781510486.931243;left_wheel_steps;0
1781510487.9312491;left_wheel_steps;0
1781510488.9311624;left_wheel_steps;0
1781510489.9311893;left_wheel_steps;0
1781510490.9311752;left_wheel_steps;0
1781510491.9311595;left_wheel_steps;0
1781510492.9311895;left_wheel_steps;0
1781510493.931172;left_wheel_steps;0
1781510494.9311652;left_wheel_steps;0
1781510495.9311469;left_wheel_steps;0
1781510496.931156;left_wheel_steps;0
1781510497.931165;left_wheel_steps;0
1781510498.9312222;left_wheel_steps;0
1781510499.9311774;left_wheel_steps;0
1781510500.9311738;left_wheel_steps;0
1781510501.931188;left_wheel_steps;0
1781510502.931224;left_wheel_steps;0
1781510503.9312513;left_wheel_steps;0
1781510504.9311717;left_wheel_steps;0
1781510505.9313135;left_wheel_steps;0
1781510506.9311495;left_wheel_steps;0
1781510507.9311247;left_wheel_steps;0
1781510508.931174;left_wheel_steps;0
1781510509.9311748;left_wheel_steps;0
1781510510.9312222;left_wheel_steps;0
1781510511.9312944;left_wheel_steps;0
1781510512.9311252;left_wheel_steps;0
1781510513.9315455;left_wheel_steps;0
1781510514.931173;left_wheel_steps;0
1781510515.9311628;left_wheel_steps;0
1781510516.931192;left_wheel_steps;0
1781510517.9316845;left_wheel_steps;0
1781510518.9311416;left_wheel_steps;0
1781510519.9311528;left_wheel_steps;0
1781510520.931161;left_wheel_steps;0
1781510521.9311616;left_wheel_steps;0
1781510522.9312372;left_wheel_steps;0
1781510523.931183;left_wheel_steps;0
1781510524.9311552;left_wheel_steps;0
1781510525.931225;left_wheel_steps;0
1781510526.9311838;left_wheel_steps;0
1781510527.931138;left_wheel_steps;0
1781510528.931225;left_wheel_steps;0
1781510529.931128;left_wheel_steps;0
1781510530.93114;left_wheel_steps;0
1781510531.9311423;left_wheel_steps;0
1781510532.9311502;left_wheel_steps;0
1781510533.931152;left_wheel_steps;0
1781510534.9312186;left_wheel_steps;0
1781510535.9311578;left_wheel_steps;0
1781510536.9311311;left_wheel_steps;0
1781510537.9311545;left_wheel_steps;0
1781510538.9311583;left_wheel_steps;0
1781510539.931139;left_wheel_steps;0
1781510540.931165;left_wheel_steps;0
1781510541.9311376;left_wheel_steps;0
1781510542.9311345;left_wheel_steps;0
1781510543.931116;left_wheel_steps;0
1781510544.9311378;left_wheel_steps;0
1781510545.9311311;left_wheel_steps;0
1781510546.931173;left_wheel_steps;0
1781510547.9311278;left_wheel_steps;0
1781510548.931141;left_wheel_steps;0
1781510549.931178;left_wheel_steps;0
1781510550.9311671;left_wheel_steps;0
1781510551.9311285;left_wheel_steps;0
1781510552.9311895;left_wheel_steps;0
1781510553.931149;left_wheel_steps;0
1781510554.9311545;left_wheel_steps;0
1781510555.9311342;left_wheel_steps;0
1781510556.931145;left_wheel_steps;0
1781510557.9311426;left_wheel_steps;0
1781510558.931174;left_wheel_steps;0
1781510559.9311442;left_wheel_steps;0
1781510560.9311588;left_wheel_steps;0
1781510561.9311695;left_wheel_steps;0
1781510562.9311528;left_wheel_steps;0
1781510563.931138;left_wheel_steps;0
1781510564.931158;left_wheel_steps;0
1781510565.931156;left_wheel_steps;0
1781510566.9311426;left_wheel_steps;0
1781510567.931137;left_wheel_steps;0
1781510568.931135;left_wheel_steps;0
1781510569.9311512;left_wheel_steps;0
1781510570.931218;left_wheel_steps;0
1781510571.9311376;left_wheel_steps;0
1781510572.9311483;left_wheel_steps;0
1781510573.931193;left_wheel_steps;0
1781510574.9311738;left_wheel_steps;0
1781510575.9311695;left_wheel_steps;0
1781510576.9312184;left_wheel_steps;0
1781510577.9311392;left_wheel_steps;0
1781510578.9311545;left_wheel_steps;0
1781510579.9311433;left_wheel_steps;0
1781510580.9311657;left_wheel_steps;0
1781510581.9311905;left_wheel_steps;0
1781510582.9311666;left_wheel_steps;0
1781510583.9313018;left_wheel_steps;0
1781510584.9311514;left_wheel_steps;0
1781510585.93118;left_wheel_steps;0
1781510586.9311433;left_wheel_steps;0
1781510587.9311752;left_wheel_steps;0
1781510588.9311895;left_wheel_steps;0
1781510589.9311912;left_wheel_steps;0
1781510590.9311273;left_wheel_steps;0
1781510591.931315;left_wheel_steps;0
1781510592.9311533;left_wheel_steps;0
1781510593.9311297;left_wheel_steps;0
1781510594.9311836;left_wheel_steps;0
1781510595.9311686;left_wheel_steps;0
1781510596.9311357;left_wheel_steps;0
1781510597.93117;left_wheel_steps;0
1781510598.931138;left_wheel_steps;0
1781510599.9312704;left_wheel_steps;0
1781510600.9311662;left_wheel_steps;0
1781510601.9311378;left_wheel_steps;0
1781510602.9311495;left_wheel_steps;0
1781510603.9311714;left_wheel_steps;0
1781510604.9311576;left_wheel_steps;0
1781510605.931138;left_wheel_steps;0
1781510606.9311783;left_wheel_steps;0
1781510607.9311392;left_wheel_steps;0
1781510608.9311428;left_wheel_steps;0
1781510609.9311752;left_wheel_steps;0
1781510610.931139;left_wheel_steps;0
1781510611.9311523;left_wheel_steps;0
1781510612.9311635;left_wheel_steps;0
1781510613.9311414;left_wheel_steps;0
1781510614.9311433;left_wheel_steps;0
1781510615.931173;left_wheel_steps;0
1781510616.9311612;left_wheel_steps;0
1781510617.9311442;left_wheel_steps;0
1781510618.9311805;left_wheel_steps;0
1781510619.9311376;left_wheel_steps;0
1781510620.9311829;left_wheel_steps;0
1781510621.93119;left_wheel_steps;0
1781510622.9312894;left_wheel_steps;0
1781510623.931277;left_wheel_steps;0
1781510624.931306;left_wheel_steps;0
1781510625.9312668;left_wheel_steps;0
1781510626.9312642;left_wheel_steps;0
1781510627.931306;left_wheel_steps;0
1781510628.9312649;left_wheel_steps;0
1781510629.9312346;left_wheel_steps;0
1781510630.9313087;left_wheel_steps;0
1781510631.9312594;left_wheel_steps;0
1781510632.9312663;left_wheel_steps;0
1781510633.9312372;left_wheel_steps;0
1781510634.9312315;left_wheel_steps;0
1781510635.9312315;left_wheel_steps;0
1781510636.931256;left_wheel_steps;0
1781510637.9312458;left_wheel_steps;0
1781510638.931235;left_wheel_steps;0
1781510639.9312732;left_wheel_steps;0
1781510640.9312572;left_wheel_steps;0
1781510641.931124;left_wheel_steps;0
1781510642.9311926;left_wheel_steps;0
1781510643.931136;left_wheel_steps;0
1781510644.9311523;left_wheel_steps;0
1781510645.9312232;left_wheel_steps;0
1781510646.931247;left_wheel_steps;0
1781510647.9311438;left_wheel_steps;0
1781510648.9311795;left_wheel_steps;0
1781510649.931142;left_wheel_steps;0
1781510650.931291;left_wheel_steps;0
1781510651.9312897;left_wheel_steps;0
1781510652.9312515;left_wheel_steps;0
1781510653.9312627;left_wheel_steps;0
1781510654.9312856;left_wheel_steps;0
1781510655.9312682;left_wheel_steps;0
1781510656.9311671;left_wheel_steps;0
1781510657.9313157;left_wheel_steps;0
1781510658.9312675;left_wheel_steps;0
1781510659.9311533;left_wheel_steps;0
1781510660.931259;left_wheel_steps;0
1781510661.9311657;left_wheel_steps;0
1781510662.9311662;left_wheel_steps;0
1781510663.931232;left_wheel_steps;0
1781510664.931176;left_wheel_steps;0
1781510665.931167;left_wheel_steps;0
1781510666.931183;left_wheel_steps;0
1781510667.93113;left_wheel_steps;0
1781510668.931316;left_wheel_steps;0
1781510669.931168;left_wheel_steps;0
1781510670.9311545;left_wheel_steps;0
1781510671.931123;left_wheel_steps;0
1781510672.9311783;left_wheel_steps;0
1781510673.9311388;left_wheel_steps;0
1781510674.9311254;left_wheel_steps;0
1781510675.931175;left_wheel_steps;0
1781510676.9311275;left_wheel_steps;0
1781510677.9311402;left_wheel_steps;0
1781510678.931166;left_wheel_steps;0
1781510679.9311717;left_wheel_steps;0
1781510680.9311638;left_wheel_steps;0
1781510681.931642;left_wheel_steps;0
1781510682.9311645;left_wheel_steps;0
1781510683.9311638;left_wheel_steps;0
1781510684.9311795;left_wheel_steps;0
1781510685.931137;left_wheel_steps;0
1781510686.931139;left_wheel_steps;0
1781510687.9311893;left_wheel_steps;0
1781510688.931137;left_wheel_steps;0
1781510689.9311492;left_wheel_steps;0
1781510690.9311683;left_wheel_steps;0
1781510691.9311538;left_wheel_steps;0
1781510692.9311392;left_wheel_steps;0
1781510693.9311764;left_wheel_steps;0
1781510694.9311357;left_wheel_steps;0
1781510695.9311564;left_wheel_steps;0
1781510696.9311757;left_wheel_steps;0
1781510697.9311662;left_wheel_steps;0
1781510698.9311595;left_wheel_steps;0
1781510699.9311266;left_wheel_steps;0
1781510700.931189;left_wheel_steps;0
1781510701.9311683;left_wheel_steps;0
1781510702.93119;left_wheel_steps;0
1781510703.9311647;left_wheel_steps;0
1781510704.9311595;left_wheel_steps;0
1781510705.9311924;left_wheel_steps;0
1781510706.931166;left_wheel_steps;0
1781510707.9311645;left_wheel_steps;0
1781510708.931182;left_wheel_steps;0
1781510709.9311547;left_wheel_steps;0
1781510710.9311564;left_wheel_steps;0
1781510711.931182;left_wheel_steps;0
1781510712.9311638;left_wheel_steps;0
1781510713.9311442;left_wheel_steps;0
1781510714.9311824;left_wheel_steps;0
1781510715.931162;left_wheel_steps;0
1781510716.9311626;left_wheel_steps;0
1781510717.9311771;left_wheel_steps;0
1781510718.931158;left_wheel_steps;0
1781510719.9311433;left_wheel_steps;0
1781510720.9311824;left_wheel_steps;0
1781510721.9311645;left_wheel_steps;0
1781510722.9311614;left_wheel_steps;0
1781510723.9311647;left_wheel_steps;0
1781510724.931144;left_wheel_steps;0
1781510725.9311426;left_wheel_steps;0
1781510726.93118;left_wheel_steps;0
1781510727.9311526;left_wheel_steps;0
1781510728.9311435;left_wheel_steps;0
1781510729.9311786;left_wheel_steps;0
1781510730.9311488;left_wheel_steps;0
1781510731.9311469;left_wheel_steps;0
1781510732.931176;left_wheel_steps;0
1781510733.9311528;left_wheel_steps;0
1781510734.931163;left_wheel_steps;0
1781510735.9312315;left_wheel_steps;0
1781510736.9312203;left_wheel_steps;0
1781510737.931176;left_wheel_steps;0
1781510738.9314337;left_wheel_steps;0
1781510739.9311647;left_wheel_steps;0
1781510740.931194;left_wheel_steps;0
1781510741.931169;left_wheel_steps;0
1781510742.931187;left_wheel_steps;0
1781510743.9312346;left_wheel_steps;0
1781510744.9311593;left_wheel_steps;0
1781510745.931417;left_wheel_steps;0
1781510746.9311574;left_wheel_steps;0
1781510747.9311757;left_wheel_steps;0
1781510748.9311352;left_wheel_steps;0
1781510749.9311476;left_wheel_steps;0
1781510750.9311838;left_wheel_steps;0
1781510751.9311562;left_wheel_steps;0
1781510752.9311364;left_wheel_steps;0
1781510753.9311805;left_wheel_steps;0
1781510754.9311545;left_wheel_steps;0
1781510755.9311836;left_wheel_steps;0
1781510756.9311686;left_wheel_steps;0
1781510757.931117;left_wheel_steps;0
1781510758.931137;left_wheel_steps;0
1781510759.931151;left_wheel_steps;0
1781510760.931134;left_wheel_steps;0
1781510761.931133;left_wheel_steps;0
1781510762.931183;left_wheel_steps;0
1781510763.931163;left_wheel_steps;0
1781510764.931141;left_wheel_steps;0
1781510765.9311738;left_wheel_steps;0
1781510766.9311476;left_wheel_steps;0
1781510767.9311516;left_wheel_steps;0
1781510768.9311924;left_wheel_steps;0
1781510769.931135;left_wheel_steps;0
1781510770.9311402;left_wheel_steps;0
1781510771.931245;left_wheel_steps;0
1781510772.9311416;left_wheel_steps;0
1781510773.9311438;left_wheel_steps;0
1781510774.9312313;left_wheel_steps;0
1781510775.931158;left_wheel_steps;0
