1781507731.9334624;right_wheel_steps;0
1781507732.9313726;right_wheel_steps;0
1781507733.9313743;right_wheel_steps;0
1781507734.9315093;right_wheel_steps;0
1781507735.931401;right_wheel_steps;0
1781507736.9313707;right_wheel_steps;0
1781507737.9314644;right_wheel_steps;0
1781507738.9313884;right_wheel_steps;0
1781507739.9313822;right_wheel_steps;0
1781507740.9313824;right_wheel_steps;0
1781507741.9313753;right_wheel_steps;0
1781507742.931412;right_wheel_steps;0
1781507743.931381;right_wheel_steps;0
1781507744.931352;right_wheel_steps;0
1781507745.9313989;right_wheel_steps;0
1781507746.9314172;right_wheel_steps;0
1781507747.931426;right_wheel_steps;0
1781507748.9313898;right_wheel_steps;0
1781507749.9313676;right_wheel_steps;0
1781507750.9314318;right_wheel_steps;0
1781507751.9313936;right_wheel_steps;0
1781507752.931427;right_wheel_steps;0
1781507753.931346;right_wheel_steps;0
1781507754.9313877;right_wheel_steps;0
1781507755.931408;right_wheel_steps;0
1781507756.9313726;right_wheel_steps;0
1781507757.9314015;right_wheel_steps;0
1781507758.931416;right_wheel_steps;0
1781507759.931437;right_wheel_steps;0
1781507760.9315453;right_wheel_steps;0
1781507761.9314408;right_wheel_steps;0
1781507762.9314735;right_wheel_steps;13
1781507763.9314532;right_wheel_steps;180
1781507764.9314356;right_wheel_steps;23
1781507765.9380004;right_wheel_steps;0
1781507766.9314914;right_wheel_steps;0
1781507767.9314816;right_wheel_steps;0
1781507768.9314303;right_wheel_steps;0
1781507769.931451;right_wheel_steps;0
1781507770.9314609;right_wheel_steps;0
1781507771.9314878;right_wheel_steps;0
1781507772.931595;right_wheel_steps;0
1781507773.932097;right_wheel_steps;0
1781507774.9320912;right_wheel_steps;0
1781507775.9321053;right_wheel_steps;0
1781507776.9314277;right_wheel_steps;0
1781507777.931415;right_wheel_steps;0
1781507778.9320626;right_wheel_steps;98
1781507779.9312928;right_wheel_steps;191
1781507780.9315753;right_wheel_steps;226
1781507781.9314475;right_wheel_steps;215
1781507782.9314294;right_wheel_steps;207
1781507783.9314375;right_wheel_steps;177
1781507784.9313898;right_wheel_steps;9
1781507785.9313996;right_wheel_steps;0
1781507786.9314303;right_wheel_steps;0
1781507787.9313917;right_wheel_steps;0
1781507788.9314036;right_wheel_steps;0
1781507789.9313917;right_wheel_steps;0
1781507790.932074;right_wheel_steps;0
1781507791.9320543;right_wheel_steps;0
1781507792.932076;right_wheel_steps;0
1781507793.9321208;right_wheel_steps;0
1781507794.9321332;right_wheel_steps;0
1781507795.9314673;right_wheel_steps;0
1781507796.931286;right_wheel_steps;0
1781507797.9317982;right_wheel_steps;0
1781507798.9318252;right_wheel_steps;0
1781507799.9315646;right_wheel_steps;0
1781507800.9314792;right_wheel_steps;-63
1781507801.931527;right_wheel_steps;-172
1781507802.931441;right_wheel_steps;-174
1781507803.9314013;right_wheel_steps;-170
1781507804.9314935;right_wheel_steps;-171
1781507805.9319515;right_wheel_steps;-172
1781507806.9314656;right_wheel_steps;-163
1781507807.9315104;right_wheel_steps;16
1781507808.9314718;right_wheel_steps;0
1781507809.9314475;right_wheel_steps;0
1781507810.931932;right_wheel_steps;0
1781507811.931601;right_wheel_steps;0
1781507812.931599;right_wheel_steps;0
1781507813.931487;right_wheel_steps;0
1781507814.9315228;right_wheel_steps;0
1781507815.931485;right_wheel_steps;0
1781507816.9315302;right_wheel_steps;0
1781507817.9319448;right_wheel_steps;0
1781507818.9314206;right_wheel_steps;0
1781507819.9317098;right_wheel_steps;0
1781507820.9314928;right_wheel_steps;0
1781507821.9314458;right_wheel_steps;0
1781507822.9313948;right_wheel_steps;0
1781507823.9314585;right_wheel_steps;0
1781507824.9313023;right_wheel_steps;0
1781507825.9314847;right_wheel_steps;0
1781507826.9314785;right_wheel_steps;0
1781507827.9314709;right_wheel_steps;0
1781507828.9313955;right_wheel_steps;0
1781507829.9314482;right_wheel_steps;-5
1781507830.9317126;right_wheel_steps;1
1781507831.931423;right_wheel_steps;0
1781507832.9316835;right_wheel_steps;0
1781507833.9315064;right_wheel_steps;30
1781507834.9314368;right_wheel_steps;28
1781507835.931751;right_wheel_steps;128
1781507836.931502;right_wheel_steps;202
1781507837.9314446;right_wheel_steps;216
1781507838.931445;right_wheel_steps;208
1781507839.9315052;right_wheel_steps;211
1781507840.9315512;right_wheel_steps;215
1781507841.9316242;right_wheel_steps;208
1781507842.9314835;right_wheel_steps;191
1781507843.9319258;right_wheel_steps;17
1781507844.9314785;right_wheel_steps;0
1781507845.9313798;right_wheel_steps;0
1781507846.931465;right_wheel_steps;0
1781507847.9314628;right_wheel_steps;0
1781507848.9315002;right_wheel_steps;0
1781507849.9314952;right_wheel_steps;0
1781507850.93175;right_wheel_steps;0
1781507851.931495;right_wheel_steps;0
1781507852.9314525;right_wheel_steps;0
1781507853.9317782;right_wheel_steps;0
1781507854.9315274;right_wheel_steps;0
1781507855.931435;right_wheel_steps;0
1781507856.931508;right_wheel_steps;47
1781507857.9315507;right_wheel_steps;168
1781507858.931632;right_wheel_steps;178
1781507859.9314754;right_wheel_steps;183
1781507860.9314866;right_wheel_steps;179
1781507861.9314651;right_wheel_steps;132
1781507862.9315994;right_wheel_steps;0
1781507863.931799;right_wheel_steps;0
1781507864.9314492;right_wheel_steps;0
1781507865.9317312;right_wheel_steps;0
1781507866.9315822;right_wheel_steps;0
1781507867.9313326;right_wheel_steps;0
1781507868.931754;right_wheel_steps;0
1781507869.9317446;right_wheel_steps;0
1781507870.9316835;right_wheel_steps;0
1781507871.931378;right_wheel_steps;0
1781507872.9315174;right_wheel_steps;0
1781507873.9321573;right_wheel_steps;-32
1781507874.9315407;right_wheel_steps;-169
1781507875.9314084;right_wheel_steps;-190
1781507876.9314706;right_wheel_steps;-188
1781507877.9317536;right_wheel_steps;-187
1781507878.931498;right_wheel_steps;-189
1781507879.9317443;right_wheel_steps;-187
1781507880.9316182;right_wheel_steps;-191
1781507881.9316132;right_wheel_steps;-178
1781507882.9315412;right_wheel_steps;1
1781507883.9315886;right_wheel_steps;0
1781507884.93161;right_wheel_steps;0
1781507885.9319963;right_wheel_steps;0
1781507886.9315836;right_wheel_steps;0
1781507887.9315376;right_wheel_steps;0
1781507888.9314609;right_wheel_steps;0
1781507889.931442;right_wheel_steps;0
1781507890.9317224;right_wheel_steps;0
1781507891.9314437;right_wheel_steps;0
1781507892.93129;right_wheel_steps;0
1781507893.932183;right_wheel_steps;0
1781507894.9314537;right_wheel_steps;0
1781507895.9319637;right_wheel_steps;0
1781507896.93149;right_wheel_steps;0
1781507897.9315124;right_wheel_steps;0
1781507898.93218;right_wheel_steps;3
1781507899.9315093;right_wheel_steps;107
1781507900.9314373;right_wheel_steps;212
1781507901.9318204;right_wheel_steps;235
1781507902.9317448;right_wheel_steps;246
1781507903.9314415;right_wheel_steps;240
1781507904.9317338;right_wheel_steps;227
1781507905.9313204;right_wheel_steps;13
1781507906.931443;right_wheel_steps;0
1781507907.9319513;right_wheel_steps;0
1781507908.9314897;right_wheel_steps;0
1781507909.9313595;right_wheel_steps;0
1781507910.9314656;right_wheel_steps;0
1781507911.931458;right_wheel_steps;0
1781507912.931429;right_wheel_steps;0
1781507913.9317863;right_wheel_steps;0
1781507914.9317636;right_wheel_steps;-10
1781507915.9314804;right_wheel_steps;-139
1781507916.9314888;right_wheel_steps;-146
1781507917.9314742;right_wheel_steps;-158
1781507918.9315722;right_wheel_steps;-238
1781507919.931456;right_wheel_steps;-237
1781507920.9314785;right_wheel_steps;-232
1781507921.9315462;right_wheel_steps;58
1781507922.9317548;right_wheel_steps;0
1781507923.931487;right_wheel_steps;0
1781507924.931481;right_wheel_steps;0
1781507925.93162;right_wheel_steps;0
1781507926.931445;right_wheel_steps;0
1781507927.931603;right_wheel_steps;0
1781507928.931595;right_wheel_steps;0
1781507929.931754;right_wheel_steps;0
1781507930.9317284;right_wheel_steps;0
1781507931.9315622;right_wheel_steps;0
1781507932.9315555;right_wheel_steps;0
1781507933.9315257;right_wheel_steps;0
1781507934.9315512;right_wheel_steps;0
1781507935.931548;right_wheel_steps;0
1781507936.9314098;right_wheel_steps;0
1781507937.9339426;right_wheel_steps;0
1781507938.9315455;right_wheel_steps;36
1781507939.9314358;right_wheel_steps;170
1781507940.9316037;right_wheel_steps;211
1781507941.931948;right_wheel_steps;209
1781507942.931427;right_wheel_steps;206
1781507943.9314797;right_wheel_steps;204
1781507944.9314427;right_wheel_steps;72
1781507945.9314914;right_wheel_steps;0
1781507946.9314134;right_wheel_steps;0
1781507947.9318454;right_wheel_steps;0
1781507948.93145;right_wheel_steps;0
1781507949.9317403;right_wheel_steps;0
1781507950.9314704;right_wheel_steps;0
1781507951.9314237;right_wheel_steps;0
1781507952.931489;right_wheel_steps;0
1781507953.9314744;right_wheel_steps;0
1781507954.9314454;right_wheel_steps;0
1781507955.9319606;right_wheel_steps;0
1781507956.931456;right_wheel_steps;0
1781507957.9319284;right_wheel_steps;39
1781507958.931419;right_wheel_steps;168
1781507959.931507;right_wheel_steps;35
1781507960.9313712;right_wheel_steps;0
1781507961.9314394;right_wheel_steps;0
1781507962.9314582;right_wheel_steps;0
1781507963.9319336;right_wheel_steps;0
1781507964.9313438;right_wheel_steps;0
1781507965.931456;right_wheel_steps;0
1781507966.9314804;right_wheel_steps;0
1781507967.931712;right_wheel_steps;0
1781507968.931491;right_wheel_steps;0
1781507969.9330373;right_wheel_steps;0
1781507970.9320602;right_wheel_steps;0
1781507971.9317827;right_wheel_steps;0
1781507972.9314995;right_wheel_steps;-36
1781507973.9315126;right_wheel_steps;-130
1781507974.9314706;right_wheel_steps;-174
1781507975.9315057;right_wheel_steps;-143
1781507976.9320104;right_wheel_steps;1
1781507977.9316585;right_wheel_steps;0
1781507978.9314835;right_wheel_steps;0
1781507979.9314957;right_wheel_steps;0
1781507980.9314742;right_wheel_steps;0
1781507981.931697;right_wheel_steps;0
1781507982.9317434;right_wheel_steps;0
1781507983.9314947;right_wheel_steps;0
1781507984.9314606;right_wheel_steps;0
1781507985.9321764;right_wheel_steps;0
1781507986.9315343;right_wheel_steps;23
1781507987.931948;right_wheel_steps;101
1781507988.931461;right_wheel_steps;101
1781507989.931559;right_wheel_steps;103
1781507990.9314387;right_wheel_steps;103
1781507991.9314804;right_wheel_steps;102
1781507992.9314876;right_wheel_steps;64
1781507993.9319596;right_wheel_steps;0
1781507994.931448;right_wheel_steps;0
1781507995.9317267;right_wheel_steps;0
1781507996.931471;right_wheel_steps;0
1781507997.931462;right_wheel_steps;0
1781507998.9313917;right_wheel_steps;0
1781507999.9314437;right_wheel_steps;0
1781508000.9314656;right_wheel_steps;0
1781508001.931541;right_wheel_steps;0
1781508002.931444;right_wheel_steps;0
1781508003.931633;right_wheel_steps;0
1781508004.9314291;right_wheel_steps;3
1781508005.9315464;right_wheel_steps;97
1781508006.9317138;right_wheel_steps;210
1781508007.932043;right_wheel_steps;208
1781508008.9314172;right_wheel_steps;209
1781508009.93145;right_wheel_steps;157
1781508010.9314983;right_wheel_steps;1
1781508011.9314227;right_wheel_steps;0
1781508012.9315438;right_wheel_steps;0
1781508013.9315708;right_wheel_steps;0
1781508014.9314866;right_wheel_steps;0
1781508015.9316533;right_wheel_steps;3
1781508016.9314654;right_wheel_steps;109
1781508017.9314964;right_wheel_steps;193
1781508018.931529;right_wheel_steps;53
1781508019.9314215;right_wheel_steps;0
1781508020.9317222;right_wheel_steps;0
1781508021.9318297;right_wheel_steps;0
1781508022.9315407;right_wheel_steps;0
1781508023.931702;right_wheel_steps;0
1781508024.9314618;right_wheel_steps;0
1781508025.9315147;right_wheel_steps;0
1781508026.9314215;right_wheel_steps;0
1781508027.931389;right_wheel_steps;0
1781508028.9313982;right_wheel_steps;7
1781508029.931371;right_wheel_steps;4
1781508030.931399;right_wheel_steps;0
1781508031.931405;right_wheel_steps;0
1781508032.931404;right_wheel_steps;0
1781508033.9313934;right_wheel_steps;0
1781508034.9314144;right_wheel_steps;0
1781508035.9313972;right_wheel_steps;0
1781508036.931361;right_wheel_steps;0
1781508037.9314237;right_wheel_steps;0
1781508038.9313624;right_wheel_steps;0
1781508039.931385;right_wheel_steps;0
1781508040.931394;right_wheel_steps;0
1781508041.931374;right_wheel_steps;0
1781508042.9314072;right_wheel_steps;0
1781508043.931418;right_wheel_steps;0
1781508044.9313776;right_wheel_steps;0
1781508045.9313831;right_wheel_steps;0
1781508046.9313912;right_wheel_steps;0
1781508047.9313698;right_wheel_steps;0
1781508048.931404;right_wheel_steps;0
1781508049.9313903;right_wheel_steps;0
1781508050.9313068;right_wheel_steps;0
1781508051.9313858;right_wheel_steps;0
1781508052.9313917;right_wheel_steps;0
1781508053.931347;right_wheel_steps;0
1781508054.9313817;right_wheel_steps;0
1781508055.931446;right_wheel_steps;0
1781508056.9314332;right_wheel_steps;0
1781508057.9315083;right_wheel_steps;0
1781508058.9313898;right_wheel_steps;0
1781508059.9313962;right_wheel_steps;0
1781508060.9313605;right_wheel_steps;0
1781508061.9313874;right_wheel_steps;0
1781508062.931381;right_wheel_steps;0
1781508063.9313807;right_wheel_steps;0
1781508064.9313886;right_wheel_steps;0
1781508065.9313672;right_wheel_steps;0
1781508066.9313846;right_wheel_steps;0
1781508067.9314115;right_wheel_steps;0
1781508068.9313784;right_wheel_steps;0
1781508069.931384;right_wheel_steps;0
1781508070.9314015;right_wheel_steps;0
1781508071.9313858;right_wheel_steps;0
1781508072.9313788;right_wheel_steps;0
1781508073.931412;right_wheel_steps;0
1781508074.9313676;right_wheel_steps;0
1781508075.9313953;right_wheel_steps;0
1781508076.931394;right_wheel_steps;0
1781508077.9313695;right_wheel_steps;0
1781508078.931384;right_wheel_steps;0
1781508079.9313917;right_wheel_steps;0
1781508080.9314308;right_wheel_steps;0
1781508081.93139;right_wheel_steps;0
1781508082.9314148;right_wheel_steps;0
1781508083.9314067;right_wheel_steps;0
1781508084.9313767;right_wheel_steps;0
1781508085.9315262;right_wheel_steps;0
1781508086.9313605;right_wheel_steps;0
1781508087.9314098;right_wheel_steps;0
1781508088.9313889;right_wheel_steps;0
1781508089.9313574;right_wheel_steps;0
1781508090.9315288;right_wheel_steps;0
1781508091.9313035;right_wheel_steps;0
1781508092.9314952;right_wheel_steps;0
1781508093.9313648;right_wheel_steps;0
1781508094.931429;right_wheel_steps;0
1781508095.9313984;right_wheel_steps;0
1781508096.931398;right_wheel_steps;0
1781508097.9314108;right_wheel_steps;0
1781508098.9313595;right_wheel_steps;0
1781508099.931389;right_wheel_steps;0
1781508100.9314504;right_wheel_steps;0
1781508101.93144;right_wheel_steps;0
1781508102.9314165;right_wheel_steps;0
1781508103.9314444;right_wheel_steps;0
1781508104.9314249;right_wheel_steps;0
1781508105.931401;right_wheel_steps;0
1781508106.93142;right_wheel_steps;0
1781508107.9313793;right_wheel_steps;0
1781508108.9313924;right_wheel_steps;0
1781508109.9314127;right_wheel_steps;0
1781508110.9314036;right_wheel_steps;0
1781508111.931395;right_wheel_steps;0
1781508112.9314249;right_wheel_steps;0
1781508113.9313686;right_wheel_steps;0
1781508114.9313917;right_wheel_steps;0
1781508115.931415;right_wheel_steps;0
1781508116.9314137;right_wheel_steps;0
1781508117.9314115;right_wheel_steps;0
1781508118.9314404;right_wheel_steps;0
1781508119.931347;right_wheel_steps;0
1781508120.9313776;right_wheel_steps;0
1781508121.9313817;right_wheel_steps;0
1781508122.931388;right_wheel_steps;0
1781508123.931399;right_wheel_steps;0
1781508124.931395;right_wheel_steps;0
1781508125.9313655;right_wheel_steps;0
1781508126.9313712;right_wheel_steps;0
1781508127.9313724;right_wheel_steps;0
1781508128.9314165;right_wheel_steps;0
1781508129.9313705;right_wheel_steps;0
1781508130.9314013;right_wheel_steps;0
1781508131.9313543;right_wheel_steps;0
1781508132.9313686;right_wheel_steps;0
1781508133.9314091;right_wheel_steps;0
1781508134.9313543;right_wheel_steps;0
1781508135.9313805;right_wheel_steps;0
1781508136.9313996;right_wheel_steps;0
1781508137.9313686;right_wheel_steps;0
1781508138.931391;right_wheel_steps;0
1781508139.9315166;right_wheel_steps;0
1781508140.9314563;right_wheel_steps;0
1781508141.931411;right_wheel_steps;0
1781508142.9314277;right_wheel_steps;0
1781508143.931385;right_wheel_steps;0
1781508144.9313126;right_wheel_steps;0
1781508145.9314046;right_wheel_steps;0
1781508146.9313853;right_wheel_steps;0
1781508147.9313977;right_wheel_steps;0
1781508148.9314404;right_wheel_steps;0
1781508149.9313476;right_wheel_steps;0
1781508150.9313831;right_wheel_steps;0
1781508151.9313748;right_wheel_steps;0
1781508152.931412;right_wheel_steps;0
1781508153.9313664;right_wheel_steps;0
1781508154.9313972;right_wheel_steps;0
1781508155.9313686;right_wheel_steps;0
1781508156.9313807;right_wheel_steps;0
1781508157.931385;right_wheel_steps;0
1781508158.9313638;right_wheel_steps;0
1781508159.931395;right_wheel_steps;0
1781508160.931447;right_wheel_steps;0
1781508161.931416;right_wheel_steps;0
1781508162.9314303;right_wheel_steps;0
1781508163.9314744;right_wheel_steps;0
1781508164.9314504;right_wheel_steps;0
1781508165.931369;right_wheel_steps;0
1781508166.9314206;right_wheel_steps;0
1781508167.9313853;right_wheel_steps;0
1781508168.931487;right_wheel_steps;0
1781508169.9313903;right_wheel_steps;0
1781508170.931415;right_wheel_steps;0
1781508171.9316134;right_wheel_steps;0
1781508172.931433;right_wheel_steps;0
1781508173.9313707;right_wheel_steps;0
1781508174.931423;right_wheel_steps;0
1781508175.9314404;right_wheel_steps;0
1781508176.931424;right_wheel_steps;0
1781508177.9314134;right_wheel_steps;0
1781508178.931429;right_wheel_steps;0
1781508179.9314058;right_wheel_steps;0
1781508180.9314027;right_wheel_steps;0
1781508181.931397;right_wheel_steps;0
1781508182.931394;right_wheel_steps;0
1781508183.9314053;right_wheel_steps;0
1781508184.9314294;right_wheel_steps;0
1781508185.9313934;right_wheel_steps;0
1781508186.93139;right_wheel_steps;0
1781508187.9314065;right_wheel_steps;0
1781508188.9314358;right_wheel_steps;0
1781508189.931421;right_wheel_steps;0
1781508190.9314055;right_wheel_steps;0
1781508191.9313445;right_wheel_steps;0
1781508192.9313776;right_wheel_steps;0
1781508193.9313989;right_wheel_steps;0
1781508194.9313354;right_wheel_steps;0
1781508195.9313724;right_wheel_steps;0
1781508196.9313726;right_wheel_steps;0
1781508197.9313648;right_wheel_steps;0
1781508198.9313433;right_wheel_steps;0
1781508199.9313717;right_wheel_steps;0
1781508200.9314437;right_wheel_steps;0
1781508201.931378;right_wheel_steps;0
1781508202.9314108;right_wheel_steps;0
1781508203.9313428;right_wheel_steps;0
1781508204.9313717;right_wheel_steps;0
1781508205.931395;right_wheel_steps;0
1781508206.9313717;right_wheel_steps;0
1781508207.9313943;right_wheel_steps;0
1781508208.931418;right_wheel_steps;0
1781508209.9314003;right_wheel_steps;0
1781508210.9313693;right_wheel_steps;0
1781508211.931426;right_wheel_steps;0
1781508212.9314015;right_wheel_steps;0
1781508213.9313858;right_wheel_steps;0
1781508214.9314115;right_wheel_steps;0
1781508215.9313624;right_wheel_steps;0
1781508216.93139;right_wheel_steps;0
1781508217.9314053;right_wheel_steps;0
1781508218.931346;right_wheel_steps;0
1781508219.9313662;right_wheel_steps;0
1781508220.931393;right_wheel_steps;0
1781508221.9314933;right_wheel_steps;0
1781508222.9314363;right_wheel_steps;0
1781508223.931394;right_wheel_steps;0
1781508224.9314213;right_wheel_steps;0
1781508225.9313772;right_wheel_steps;0
1781508226.9313807;right_wheel_steps;0
1781508227.9313755;right_wheel_steps;0
1781508228.9313698;right_wheel_steps;0
1781508229.931395;right_wheel_steps;0
1781508230.9313626;right_wheel_steps;0
1781508231.9313707;right_wheel_steps;0
1781508232.9314268;right_wheel_steps;0
1781508233.9314122;right_wheel_steps;0
1781508234.9313767;right_wheel_steps;0
1781508235.9314375;right_wheel_steps;0
1781508236.9314384;right_wheel_steps;0
1781508237.93143;right_wheel_steps;0
1781508238.931401;right_wheel_steps;0
1781508239.9313817;right_wheel_steps;0
1781508240.9314532;right_wheel_steps;0
1781508241.9314823;right_wheel_steps;0
1781508242.9313707;right_wheel_steps;0
1781508243.931402;right_wheel_steps;0
1781508244.931424;right_wheel_steps;0
1781508245.9314024;right_wheel_steps;0
1781508246.9314508;right_wheel_steps;0
1781508247.9314368;right_wheel_steps;0
1781508248.9313655;right_wheel_steps;0
1781508249.9315293;right_wheel_steps;0
1781508250.9314272;right_wheel_steps;0
1781508251.9313576;right_wheel_steps;0
1781508252.9314055;right_wheel_steps;0
1781508253.931453;right_wheel_steps;0
1781508254.93137;right_wheel_steps;0
1781508255.9313924;right_wheel_steps;0
1781508256.931404;right_wheel_steps;0
1781508257.931429;right_wheel_steps;0
1781508258.9313898;right_wheel_steps;0
1781508259.9314196;right_wheel_steps;0
1781508260.931432;right_wheel_steps;0
1781508261.9313884;right_wheel_steps;0
1781508262.9314191;right_wheel_steps;0
1781508263.9313622;right_wheel_steps;0
1781508264.9313984;right_wheel_steps;0
1781508265.931412;right_wheel_steps;0
1781508266.9313693;right_wheel_steps;0
1781508267.9313998;right_wheel_steps;0
1781508268.9314122;right_wheel_steps;0
1781508269.9314191;right_wheel_steps;0
1781508270.931383;right_wheel_steps;0
1781508271.9314094;right_wheel_steps;0
1781508272.9314427;right_wheel_steps;0
1781508273.931409;right_wheel_steps;0
1781508274.9314651;right_wheel_steps;0
1781508275.931388;right_wheel_steps;0
1781508276.9314127;right_wheel_steps;0
1781508277.9314165;right_wheel_steps;0
1781508278.9313598;right_wheel_steps;0
1781508279.9313736;right_wheel_steps;0
1781508280.931408;right_wheel_steps;0
1781508281.9312198;right_wheel_steps;0
1781508282.931374;right_wheel_steps;0
1781508283.9313936;right_wheel_steps;0
1781508284.9314628;right_wheel_steps;0
1781508285.9313695;right_wheel_steps;0
1781508286.931394;right_wheel_steps;0
1781508287.9313605;right_wheel_steps;0
1781508288.9313622;right_wheel_steps;0
1781508289.9313962;right_wheel_steps;0
1781508290.931361;right_wheel_steps;0
1781508291.931352;right_wheel_steps;0
1781508292.9314167;right_wheel_steps;0
1781508293.931405;right_wheel_steps;0
1781508294.9314044;right_wheel_steps;0
1781508295.9314082;right_wheel_steps;0
1781508296.9314263;right_wheel_steps;0
1781508297.9313724;right_wheel_steps;0
1781508298.9314053;right_wheel_steps;0
1781508299.931414;right_wheel_steps;0
1781508300.931461;right_wheel_steps;0
1781508301.931455;right_wheel_steps;0
1781508302.9313846;right_wheel_steps;0
1781508303.9314864;right_wheel_steps;0
1781508304.931441;right_wheel_steps;0
1781508305.9314198;right_wheel_steps;0
1781508306.9313753;right_wheel_steps;0
1781508307.9313982;right_wheel_steps;0
1781508308.9313982;right_wheel_steps;0
1781508309.9313989;right_wheel_steps;0
1781508310.931409;right_wheel_steps;0
1781508311.9313943;right_wheel_steps;0
1781508312.931396;right_wheel_steps;0
1781508313.9314015;right_wheel_steps;0
1781508314.931348;right_wheel_steps;0
1781508315.9313886;right_wheel_steps;0
1781508316.931523;right_wheel_steps;0
1781508317.9314618;right_wheel_steps;0
1781508318.9314733;right_wheel_steps;0
1781508319.9314508;right_wheel_steps;0
1781508320.931427;right_wheel_steps;0
1781508321.931434;right_wheel_steps;0
1781508322.9314349;right_wheel_steps;0
1781508323.9313974;right_wheel_steps;0
1781508324.9314044;right_wheel_steps;0
1781508325.931437;right_wheel_steps;0
1781508326.931348;right_wheel_steps;0
1781508327.9314268;right_wheel_steps;0
1781508328.9315329;right_wheel_steps;0
1781508329.9314165;right_wheel_steps;0
1781508330.931389;right_wheel_steps;0
1781508331.931419;right_wheel_steps;0
1781508332.9314003;right_wheel_steps;0
1781508333.931386;right_wheel_steps;0
1781508334.9313898;right_wheel_steps;0
1781508335.9313731;right_wheel_steps;0
1781508336.931392;right_wheel_steps;0
1781508337.9314055;right_wheel_steps;0
1781508338.931393;right_wheel_steps;0
1781508339.931369;right_wheel_steps;0
1781508340.9314127;right_wheel_steps;0
1781508341.9313855;right_wheel_steps;0
1781508342.931364;right_wheel_steps;0
1781508343.9314106;right_wheel_steps;0
1781508344.9314337;right_wheel_steps;0
1781508345.9313877;right_wheel_steps;0
1781508346.93144;right_wheel_steps;0
1781508347.9313374;right_wheel_steps;0
1781508348.931376;right_wheel_steps;0
1781508349.9314148;right_wheel_steps;0
1781508350.9314165;right_wheel_steps;0
1781508351.9313686;right_wheel_steps;0
1781508352.9314334;right_wheel_steps;0
1781508353.9314234;right_wheel_steps;0
1781508354.931418;right_wheel_steps;0
1781508355.9314325;right_wheel_steps;0
1781508356.9314053;right_wheel_steps;0
1781508357.9313772;right_wheel_steps;0
1781508358.9314246;right_wheel_steps;0
1781508359.9313598;right_wheel_steps;0
1781508360.9313743;right_wheel_steps;0
1781508361.9313867;right_wheel_steps;0
1781508362.931415;right_wheel_steps;0
1781508363.931367;right_wheel_steps;0
1781508364.9314158;right_wheel_steps;0
1781508365.9314249;right_wheel_steps;0
1781508366.931393;right_wheel_steps;0
1781508367.9314036;right_wheel_steps;0
1781508368.9313955;right_wheel_steps;0
1781508369.9313912;right_wheel_steps;0
1781508370.9313908;right_wheel_steps;0
1781508371.9313571;right_wheel_steps;0
1781508372.9313822;right_wheel_steps;0
1781508373.93138;right_wheel_steps;0
1781508374.931432;right_wheel_steps;0
1781508375.9313846;right_wheel_steps;0
1781508376.931399;right_wheel_steps;0
1781508377.931409;right_wheel_steps;0
1781508378.931363;right_wheel_steps;0
1781508379.9314506;right_wheel_steps;0
1781508380.9314325;right_wheel_steps;0
1781508381.9313817;right_wheel_steps;0
1781508382.9314315;right_wheel_steps;0
1781508383.9313655;right_wheel_steps;0
1781508384.9314404;right_wheel_steps;0
1781508385.9315522;right_wheel_steps;0
1781508386.9314015;right_wheel_steps;0
1781508387.9313843;right_wheel_steps;0
1781508388.9314032;right_wheel_steps;0
1781508389.9313734;right_wheel_steps;0
1781508390.931453;right_wheel_steps;0
1781508391.9314134;right_wheel_steps;0
1781508392.9321306;right_wheel_steps;0
1781508393.932051;right_wheel_steps;0
1781508394.9314392;right_wheel_steps;0
1781508395.9314823;right_wheel_steps;0
1781508396.9314454;right_wheel_steps;0
1781508397.9314728;right_wheel_steps;0
1781508398.9316795;right_wheel_steps;0
1781508399.9314673;right_wheel_steps;0
1781508400.9314857;right_wheel_steps;0
1781508401.931388;right_wheel_steps;0
1781508402.931507;right_wheel_steps;0
1781508403.9315133;right_wheel_steps;0
1781508404.9314551;right_wheel_steps;0
1781508405.9313917;right_wheel_steps;0
1781508406.931625;right_wheel_steps;0
1781508407.9315083;right_wheel_steps;0
1781508408.9314828;right_wheel_steps;0
1781508409.9315035;right_wheel_steps;0
1781508410.9315417;right_wheel_steps;0
1781508411.9314952;right_wheel_steps;0
1781508412.9314651;right_wheel_steps;0
1781508413.9313807;right_wheel_steps;0
1781508414.931396;right_wheel_steps;0
1781508415.9314542;right_wheel_steps;0
1781508416.931465;right_wheel_steps;0
1781508417.9314222;right_wheel_steps;0
1781508418.9313843;right_wheel_steps;0
1781508419.9314551;right_wheel_steps;0
1781508420.931418;right_wheel_steps;0
1781508421.9314065;right_wheel_steps;0
1781508422.9314044;right_wheel_steps;0
1781508423.9314218;right_wheel_steps;0
1781508424.931435;right_wheel_steps;0
1781508425.931415;right_wheel_steps;0
1781508426.9313805;right_wheel_steps;0
1781508427.9314108;right_wheel_steps;0
1781508428.9314106;right_wheel_steps;0
1781508429.9313667;right_wheel_steps;0
1781508430.9313085;right_wheel_steps;0
1781508431.931414;right_wheel_steps;0
1781508432.931414;right_wheel_steps;0
1781508433.9313977;right_wheel_steps;0
1781508434.9314246;right_wheel_steps;0
1781508435.9314027;right_wheel_steps;0
1781508436.931427;right_wheel_steps;0
1781508437.9313693;right_wheel_steps;0
1781508438.9313838;right_wheel_steps;0
1781508439.9313903;right_wheel_steps;0
1781508440.9313867;right_wheel_steps;0
1781508441.9313614;right_wheel_steps;0
1781508442.9313323;right_wheel_steps;0
1781508443.93142;right_wheel_steps;0
1781508444.9313726;right_wheel_steps;0
1781508445.9314148;right_wheel_steps;0
1781508446.9314172;right_wheel_steps;0
1781508447.9313707;right_wheel_steps;0
1781508448.9314191;right_wheel_steps;0
1781508449.931411;right_wheel_steps;0
1781508450.9313874;right_wheel_steps;0
1781508451.9313817;right_wheel_steps;0
1781508452.931405;right_wheel_steps;0
1781508453.931389;right_wheel_steps;0
1781508454.9313393;right_wheel_steps;0
1781508455.9314003;right_wheel_steps;0
1781508456.9313822;right_wheel_steps;0
1781508457.931391;right_wheel_steps;0
1781508458.9314291;right_wheel_steps;0
1781508459.9313948;right_wheel_steps;0
1781508460.9314177;right_wheel_steps;0
1781508461.9314137;right_wheel_steps;0
1781508462.9313724;right_wheel_steps;0
1781508463.931414;right_wheel_steps;0
1781508464.9314263;right_wheel_steps;0
1781508465.931384;right_wheel_steps;0
1781508466.9313538;right_wheel_steps;0
1781508467.9315264;right_wheel_steps;0
1781508468.9313855;right_wheel_steps;0
1781508469.931392;right_wheel_steps;0
1781508470.9314394;right_wheel_steps;0
1781508471.9315274;right_wheel_steps;0
1781508472.9314852;right_wheel_steps;0
1781508473.9314756;right_wheel_steps;0
1781508474.9315434;right_wheel_steps;0
1781508475.9314637;right_wheel_steps;0
1781508476.9315245;right_wheel_steps;0
1781508477.931417;right_wheel_steps;0
1781508478.9313664;right_wheel_steps;0
1781508479.9314291;right_wheel_steps;0
1781508480.9314473;right_wheel_steps;0
1781508481.9314845;right_wheel_steps;0
1781508482.9314032;right_wheel_steps;0
1781508483.9313786;right_wheel_steps;0
1781508484.9317684;right_wheel_steps;0
1781508485.9314384;right_wheel_steps;0
1781508486.9313529;right_wheel_steps;0
1781508487.9313378;right_wheel_steps;0
1781508488.931421;right_wheel_steps;0
1781508489.9313898;right_wheel_steps;0
1781508490.9313614;right_wheel_steps;0
1781508491.9314182;right_wheel_steps;0
1781508492.9313736;right_wheel_steps;0
1781508493.931442;right_wheel_steps;0
1781508494.931507;right_wheel_steps;0
1781508495.9314747;right_wheel_steps;0
1781508496.931411;right_wheel_steps;0
1781508497.9314504;right_wheel_steps;0
1781508498.9313924;right_wheel_steps;0
1781508499.9313252;right_wheel_steps;0
1781508500.9314144;right_wheel_steps;0
1781508501.9313834;right_wheel_steps;0
1781508502.9313557;right_wheel_steps;0
1781508503.9314375;right_wheel_steps;0
1781508504.931399;right_wheel_steps;0
1781508505.9314404;right_wheel_steps;0
1781508506.9315195;right_wheel_steps;0
1781508507.9314623;right_wheel_steps;0
1781508508.931389;right_wheel_steps;0
1781508509.931427;right_wheel_steps;0
1781508510.9314225;right_wheel_steps;0
1781508511.9313838;right_wheel_steps;0
1781508512.9314184;right_wheel_steps;0
1781508513.9313724;right_wheel_steps;0
1781508514.9313507;right_wheel_steps;0
1781508515.9313967;right_wheel_steps;0
1781508516.931389;right_wheel_steps;0
1781508517.9313867;right_wheel_steps;0
1781508518.9314196;right_wheel_steps;0
1781508519.9314497;right_wheel_steps;0
1781508520.931512;right_wheel_steps;0
1781508521.9315324;right_wheel_steps;0
1781508522.931393;right_wheel_steps;0
1781508523.9314082;right_wheel_steps;0
1781508524.9313934;right_wheel_steps;0
1781508525.9314053;right_wheel_steps;0
1781508526.9313395;right_wheel_steps;0
1781508527.931423;right_wheel_steps;0
1781508528.9313765;right_wheel_steps;0
1781508529.931399;right_wheel_steps;0
1781508530.9314215;right_wheel_steps;0
1781508531.9313593;right_wheel_steps;0
1781508532.9314015;right_wheel_steps;0
1781508533.9314923;right_wheel_steps;0
1781508534.9314778;right_wheel_steps;0
1781508535.931387;right_wheel_steps;0
1781508536.9314537;right_wheel_steps;0
1781508537.9314177;right_wheel_steps;0
1781508538.931389;right_wheel_steps;0
1781508539.93145;right_wheel_steps;0
1781508540.9314177;right_wheel_steps;0
1781508541.931425;right_wheel_steps;0
1781508542.9314432;right_wheel_steps;0
1781508543.9314404;right_wheel_steps;0
1781508544.9314392;right_wheel_steps;0
1781508545.9314325;right_wheel_steps;0
1781508546.9314003;right_wheel_steps;0
1781508547.931373;right_wheel_steps;0
1781508548.931453;right_wheel_steps;0
1781508549.9315078;right_wheel_steps;0
1781508550.9313984;right_wheel_steps;0
1781508551.9314296;right_wheel_steps;0
1781508552.931456;right_wheel_steps;0
1781508553.9314446;right_wheel_steps;0
1781508554.9314525;right_wheel_steps;0
1781508555.9315677;right_wheel_steps;0
1781508556.9314272;right_wheel_steps;0
1781508557.931457;right_wheel_steps;0
1781508558.9314504;right_wheel_steps;0
1781508559.931378;right_wheel_steps;0
1781508560.931469;right_wheel_steps;0
1781508561.9314113;right_wheel_steps;0
1781508562.9315696;right_wheel_steps;0
1781508563.9314237;right_wheel_steps;0
1781508564.9313934;right_wheel_steps;0
1781508565.9314172;right_wheel_steps;0
1781508566.9314158;right_wheel_steps;0
1781508567.9314086;right_wheel_steps;0
1781508568.9314022;right_wheel_steps;0
1781508569.93143;right_wheel_steps;0
1781508570.9314306;right_wheel_steps;0
1781508571.931389;right_wheel_steps;0
1781508572.9314246;right_wheel_steps;0
1781508573.9314077;right_wheel_steps;0
1781508574.931359;right_wheel_steps;0
1781508575.9314115;right_wheel_steps;0
1781508576.931404;right_wheel_steps;0
1781508577.9314237;right_wheel_steps;0
1781508578.931424;right_wheel_steps;0
1781508579.931423;right_wheel_steps;0
1781508580.9314196;right_wheel_steps;0
1781508581.9314246;right_wheel_steps;0
1781508582.93138;right_wheel_steps;0
1781508583.931477;right_wheel_steps;0
1781508584.9319844;right_wheel_steps;0
1781508585.9312556;right_wheel_steps;0
1781508586.9312613;right_wheel_steps;0
1781508587.931559;right_wheel_steps;0
1781508588.9313157;right_wheel_steps;0
1781508589.9313126;right_wheel_steps;0
1781508590.931646;right_wheel_steps;0
1781508591.9311094;right_wheel_steps;0
1781508592.931246;right_wheel_steps;0
1781508593.9322977;right_wheel_steps;0
1781508594.9345407;right_wheel_steps;0
1781508595.931283;right_wheel_steps;0
1781508596.931983;right_wheel_steps;0
1781508597.9335024;right_wheel_steps;0
1781508598.9311342;right_wheel_steps;0
1781508599.938059;right_wheel_steps;0
1781508600.9316697;right_wheel_steps;0
1781508601.9310782;right_wheel_steps;0
1781508602.9357004;right_wheel_steps;0
1781508603.9335148;right_wheel_steps;0
1781508604.9318216;right_wheel_steps;0
1781508605.9315343;right_wheel_steps;0
1781508606.9313958;right_wheel_steps;0
1781508607.931259;right_wheel_steps;0
1781508608.9314113;right_wheel_steps;0
1781508609.9312468;right_wheel_steps;0
1781508610.9312365;right_wheel_steps;0
1781508611.931634;right_wheel_steps;0
1781508612.9313304;right_wheel_steps;0
1781508613.9311712;right_wheel_steps;0
1781508614.9313264;right_wheel_steps;0
1781508615.93151;right_wheel_steps;0
1781508616.931425;right_wheel_steps;0
1781508617.9317083;right_wheel_steps;0
1781508618.9314282;right_wheel_steps;0
1781508619.9314387;right_wheel_steps;0
1781508620.9315386;right_wheel_steps;0
1781508621.93145;right_wheel_steps;0
1781508622.9314015;right_wheel_steps;0
1781508623.9315567;right_wheel_steps;0
1781508624.9314084;right_wheel_steps;0
1781508625.9313934;right_wheel_steps;0
1781508626.9316192;right_wheel_steps;0
1781508627.9314282;right_wheel_steps;0
1781508628.9313953;right_wheel_steps;0
1781508629.9315069;right_wheel_steps;0
1781508630.93144;right_wheel_steps;0
1781508631.931568;right_wheel_steps;0
1781508632.931527;right_wheel_steps;0
1781508633.931476;right_wheel_steps;0
1781508634.93139;right_wheel_steps;0
1781508635.931645;right_wheel_steps;0
1781508636.9314203;right_wheel_steps;0
1781508637.9313836;right_wheel_steps;0
1781508638.9314616;right_wheel_steps;0
1781508639.931456;right_wheel_steps;0
1781508640.931381;right_wheel_steps;0
1781508641.9314568;right_wheel_steps;0
1781508642.9312754;right_wheel_steps;0
1781508643.931582;right_wheel_steps;0
1781508644.9315262;right_wheel_steps;0
1781508645.931455;right_wheel_steps;0
1781508646.9314327;right_wheel_steps;0
1781508647.9315057;right_wheel_steps;0
1781508648.931453;right_wheel_steps;0
1781508649.931427;right_wheel_steps;0
1781508650.9315088;right_wheel_steps;0
1781508651.931472;right_wheel_steps;0
1781508652.9313853;right_wheel_steps;0
1781508653.9314222;right_wheel_steps;0
1781508654.9314137;right_wheel_steps;0
1781508655.9314442;right_wheel_steps;0
1781508656.9314344;right_wheel_steps;0
1781508657.931389;right_wheel_steps;0
1781508658.9313848;right_wheel_steps;0
1781508659.931538;right_wheel_steps;0
1781508660.9314256;right_wheel_steps;0
1781508661.9313667;right_wheel_steps;0
1781508662.931416;right_wheel_steps;0
1781508663.931615;right_wheel_steps;0
1781508664.9314394;right_wheel_steps;0
1781508665.9314425;right_wheel_steps;0
1781508666.9313953;right_wheel_steps;0
1781508667.9314537;right_wheel_steps;0
1781508668.931486;right_wheel_steps;0
1781508669.9313974;right_wheel_steps;0
1781508670.9313977;right_wheel_steps;0
1781508671.93143;right_wheel_steps;0
1781508672.931387;right_wheel_steps;0
1781508673.931352;right_wheel_steps;0
1781508674.9314225;right_wheel_steps;0
1781508675.9314127;right_wheel_steps;0
1781508676.9313705;right_wheel_steps;0
1781508677.9314077;right_wheel_steps;0
1781508678.931389;right_wheel_steps;0
1781508679.9314442;right_wheel_steps;0
1781508680.9314218;right_wheel_steps;0
1781508681.9313972;right_wheel_steps;0
1781508682.9313686;right_wheel_steps;0
1781508683.931404;right_wheel_steps;0
1781508684.9314096;right_wheel_steps;0
1781508685.9313598;right_wheel_steps;0
1781508686.9314234;right_wheel_steps;0
1781508687.9314835;right_wheel_steps;0
1781508688.9314616;right_wheel_steps;0
1781508689.9315317;right_wheel_steps;0
1781508690.9315455;right_wheel_steps;0
1781508691.931488;right_wheel_steps;0
1781508692.931513;right_wheel_steps;0
1781508693.9314203;right_wheel_steps;0
1781508694.931454;right_wheel_steps;0
1781508695.9314969;right_wheel_steps;0
1781508696.9314773;right_wheel_steps;0
1781508697.931424;right_wheel_steps;0
1781508698.9314888;right_wheel_steps;0
1781508699.9321208;right_wheel_steps;0
1781508700.931389;right_wheel_steps;0
1781508701.9313989;right_wheel_steps;0
1781508702.9314165;right_wheel_steps;0
1781508703.9314525;right_wheel_steps;0
1781508704.9314027;right_wheel_steps;0
1781508705.9314206;right_wheel_steps;0
1781508706.9313736;right_wheel_steps;0
1781508707.9314437;right_wheel_steps;0
1781508708.9313643;right_wheel_steps;0
1781508709.93147;right_wheel_steps;0
1781508710.9314332;right_wheel_steps;0
1781508711.931433;right_wheel_steps;0
1781508712.9313712;right_wheel_steps;0
1781508713.9315164;right_wheel_steps;0
1781508714.931511;right_wheel_steps;0
1781508715.9313922;right_wheel_steps;0
1781508716.9313788;right_wheel_steps;0
1781508717.9314206;right_wheel_steps;0
1781508718.931335;right_wheel_steps;0
1781508719.9314876;right_wheel_steps;0
1781508720.931302;right_wheel_steps;0
1781508721.9316308;right_wheel_steps;0
1781508722.9313903;right_wheel_steps;0
1781508723.9313662;right_wheel_steps;0
1781508724.9313574;right_wheel_steps;0
1781508725.931404;right_wheel_steps;0
1781508726.9313865;right_wheel_steps;0
1781508727.931349;right_wheel_steps;0
1781508728.9313903;right_wheel_steps;0
1781508729.931408;right_wheel_steps;0
1781508730.9313447;right_wheel_steps;0
1781508731.931433;right_wheel_steps;0
1781508732.9313822;right_wheel_steps;0
1781508733.9313335;right_wheel_steps;0
1781508734.9313843;right_wheel_steps;0
1781508735.931381;right_wheel_steps;0
1781508736.9313557;right_wheel_steps;0
1781508737.9313822;right_wheel_steps;0
1781508738.9313726;right_wheel_steps;0
1781508739.9313664;right_wheel_steps;0
1781508740.9314425;right_wheel_steps;0
1781508741.9314015;right_wheel_steps;0
1781508742.9313622;right_wheel_steps;0
1781508743.9314337;right_wheel_steps;0
1781508744.9314146;right_wheel_steps;0
1781508745.931371;right_wheel_steps;0
1781508746.9313955;right_wheel_steps;0
1781508747.931386;right_wheel_steps;0
1781508748.9313772;right_wheel_steps;0
1781508749.9314127;right_wheel_steps;0
1781508750.931402;right_wheel_steps;0
1781508751.9313731;right_wheel_steps;0
1781508752.9314032;right_wheel_steps;0
1781508753.9314294;right_wheel_steps;0
1781508754.9314115;right_wheel_steps;0
1781508755.931481;right_wheel_steps;0
1781508756.9314167;right_wheel_steps;0
1781508757.9314778;right_wheel_steps;0
1781508758.931485;right_wheel_steps;0
1781508759.9314675;right_wheel_steps;0
1781508760.931446;right_wheel_steps;0
1781508761.9314823;right_wheel_steps;0
1781508762.9314575;right_wheel_steps;0
1781508763.9314082;right_wheel_steps;0
1781508764.931471;right_wheel_steps;0
1781508765.9313943;right_wheel_steps;0
1781508766.9313934;right_wheel_steps;0
1781508767.93144;right_wheel_steps;0
1781508768.931443;right_wheel_steps;0
1781508769.931419;right_wheel_steps;0
1781508770.931486;right_wheel_steps;0
1781508771.9314706;right_wheel_steps;0
1781508772.9314356;right_wheel_steps;0
1781508773.931484;right_wheel_steps;0
1781508774.9314525;right_wheel_steps;0
1781508775.9320648;right_wheel_steps;0
1781508776.9321156;right_wheel_steps;0
1781508777.9314132;right_wheel_steps;0
1781508778.9314106;right_wheel_steps;0
1781508779.9314628;right_wheel_steps;0
1781508780.9313805;right_wheel_steps;0
1781508781.9313605;right_wheel_steps;0
1781508782.9314537;right_wheel_steps;0
1781508783.9314086;right_wheel_steps;0
1781508784.9313564;right_wheel_steps;0
1781508785.9314263;right_wheel_steps;0
1781508786.9313903;right_wheel_steps;0
1781508787.9313846;right_wheel_steps;0
1781508788.9314146;right_wheel_steps;0
1781508789.931412;right_wheel_steps;0
1781508790.9313836;right_wheel_steps;0
1781508791.9314132;right_wheel_steps;0
1781508792.931519;right_wheel_steps;0
1781508793.9313655;right_wheel_steps;0
1781508794.931425;right_wheel_steps;0
1781508795.93162;right_wheel_steps;0
1781508796.9313524;right_wheel_steps;0
1781508797.9314585;right_wheel_steps;0
1781508798.9314327;right_wheel_steps;0
1781508799.9313347;right_wheel_steps;0
1781508800.9316072;right_wheel_steps;0
1781508801.9313886;right_wheel_steps;0
1781508802.9313562;right_wheel_steps;0
1781508803.9314077;right_wheel_steps;0
1781508804.9313943;right_wheel_steps;0
1781508805.931363;right_wheel_steps;0
1781508806.9314027;right_wheel_steps;0
1781508807.9313674;right_wheel_steps;0
1781508808.9313457;right_wheel_steps;0
1781508809.9314008;right_wheel_steps;0
1781508810.9313784;right_wheel_steps;0
1781508811.9313378;right_wheel_steps;0
1781508812.9313972;right_wheel_steps;0
1781508813.931369;right_wheel_steps;0
1781508814.9313605;right_wheel_steps;0
1781508815.931399;right_wheel_steps;0
1781508816.931371;right_wheel_steps;0
1781508817.931337;right_wheel_steps;0
1781508818.9314172;right_wheel_steps;0
1781508819.9313867;right_wheel_steps;0
1781508820.9313917;right_wheel_steps;0
1781508821.9313984;right_wheel_steps;0
1781508822.9313955;right_wheel_steps;0
1781508823.9313552;right_wheel_steps;0
1781508824.931414;right_wheel_steps;0
1781508825.9314086;right_wheel_steps;0
1781508826.9313762;right_wheel_steps;0
1781508827.9314194;right_wheel_steps;0
1781508828.931389;right_wheel_steps;0
1781508829.9313486;right_wheel_steps;0
1781508830.9314384;right_wheel_steps;0
1781508831.9314222;right_wheel_steps;0
1781508832.93145;right_wheel_steps;0
1781508833.9313922;right_wheel_steps;0
1781508834.9313538;right_wheel_steps;0
1781508835.9313664;right_wheel_steps;0
1781508836.9314091;right_wheel_steps;0
1781508837.931371;right_wheel_steps;0
1781508838.9313538;right_wheel_steps;0
1781508839.931398;right_wheel_steps;0
1781508840.9314237;right_wheel_steps;0
1781508841.93134;right_wheel_steps;0
1781508842.9314218;right_wheel_steps;0
1781508843.9313836;right_wheel_steps;0
1781508844.931402;right_wheel_steps;0
1781508845.931388;right_wheel_steps;0
1781508846.9313686;right_wheel_steps;0
1781508847.9313576;right_wheel_steps;0
1781508848.9314082;right_wheel_steps;0
1781508849.931357;right_wheel_steps;0
1781508850.9313428;right_wheel_steps;0
1781508851.9313793;right_wheel_steps;0
1781508852.9313638;right_wheel_steps;0
1781508853.93137;right_wheel_steps;0
1781508854.931412;right_wheel_steps;0
1781508855.9313798;right_wheel_steps;0
1781508856.9314046;right_wheel_steps;0
1781508857.931457;right_wheel_steps;0
1781508858.9313998;right_wheel_steps;0
1781508859.9313772;right_wheel_steps;0
1781508860.9314356;right_wheel_steps;0
1781508861.931383;right_wheel_steps;0
1781508862.9313536;right_wheel_steps;0
1781508863.9314284;right_wheel_steps;0
1781508864.931412;right_wheel_steps;0
1781508865.9314015;right_wheel_steps;0
1781508866.931436;right_wheel_steps;0
1781508867.931394;right_wheel_steps;0
1781508868.9315016;right_wheel_steps;0
1781508869.9314466;right_wheel_steps;0
1781508870.9315684;right_wheel_steps;0
1781508871.9313698;right_wheel_steps;0
1781508872.93144;right_wheel_steps;0
1781508873.9314363;right_wheel_steps;0
1781508874.931373;right_wheel_steps;0
1781508875.931447;right_wheel_steps;0
1781508876.9313817;right_wheel_steps;0
1781508877.931394;right_wheel_steps;0
1781508878.9321525;right_wheel_steps;0
1781508879.931384;right_wheel_steps;0
1781508880.9313962;right_wheel_steps;0
1781508881.931399;right_wheel_steps;0
1781508882.9313395;right_wheel_steps;0
1781508883.9313602;right_wheel_steps;0
1781508884.9313884;right_wheel_steps;0
1781508885.93138;right_wheel_steps;0
1781508886.9313374;right_wheel_steps;0
1781508887.9314013;right_wheel_steps;0
1781508888.9314027;right_wheel_steps;0
1781508889.931378;right_wheel_steps;0
1781508890.9314322;right_wheel_steps;0
1781508891.9313805;right_wheel_steps;0
1781508892.93142;right_wheel_steps;0
1781508893.931414;right_wheel_steps;0
1781508894.931413;right_wheel_steps;0
1781508895.9313626;right_wheel_steps;0
1781508896.9314044;right_wheel_steps;0
1781508897.931388;right_wheel_steps;0
1781508898.9313786;right_wheel_steps;0
1781508899.9314053;right_wheel_steps;0
1781508900.9314048;right_wheel_steps;0
1781508901.9313486;right_wheel_steps;0
1781508902.9313812;right_wheel_steps;0
1781508903.931366;right_wheel_steps;0
1781508904.931411;right_wheel_steps;0
1781508905.931404;right_wheel_steps;0
1781508906.9313772;right_wheel_steps;0
1781508907.9313352;right_wheel_steps;0
1781508908.931401;right_wheel_steps;0
1781508909.9313986;right_wheel_steps;0
1781508910.9313502;right_wheel_steps;0
1781508911.9314027;right_wheel_steps;0
1781508912.9313776;right_wheel_steps;0
1781508913.9313595;right_wheel_steps;0
1781508914.9313817;right_wheel_steps;0
1781508915.9314134;right_wheel_steps;0
1781508916.9313917;right_wheel_steps;0
1781508917.931378;right_wheel_steps;0
1781508918.9313672;right_wheel_steps;0
1781508919.9313457;right_wheel_steps;0
1781508920.9314282;right_wheel_steps;0
1781508921.931366;right_wheel_steps;0
1781508922.931337;right_wheel_steps;0
1781508923.931389;right_wheel_steps;0
1781508924.9313982;right_wheel_steps;0
1781508925.9313786;right_wheel_steps;0
1781508926.931371;right_wheel_steps;0
1781508927.9313576;right_wheel_steps;0
1781508928.9314246;right_wheel_steps;0
1781508929.931388;right_wheel_steps;0
1781508930.9314137;right_wheel_steps;0
1781508931.9313428;right_wheel_steps;0
1781508932.931386;right_wheel_steps;0
1781508933.9313595;right_wheel_steps;0
1781508934.931365;right_wheel_steps;0
1781508935.9314203;right_wheel_steps;0
1781508936.9313624;right_wheel_steps;0
1781508937.931409;right_wheel_steps;0
1781508938.9313912;right_wheel_steps;0
1781508939.9313805;right_wheel_steps;0
1781508940.9314232;right_wheel_steps;0
1781508941.931402;right_wheel_steps;0
1781508942.9314198;right_wheel_steps;0
1781508943.931382;right_wheel_steps;0
1781508944.9314532;right_wheel_steps;0
1781508945.9315352;right_wheel_steps;0
1781508946.9313588;right_wheel_steps;0
1781508947.931581;right_wheel_steps;0
1781508948.931426;right_wheel_steps;0
1781508949.9314363;right_wheel_steps;0
1781508950.9313917;right_wheel_steps;0
1781508951.93144;right_wheel_steps;0
1781508952.931415;right_wheel_steps;0
1781508953.93137;right_wheel_steps;0
1781508954.9313748;right_wheel_steps;0
1781508955.9315815;right_wheel_steps;0
1781508956.9313996;right_wheel_steps;0
1781508957.9313943;right_wheel_steps;0
1781508958.9313874;right_wheel_steps;0
1781508959.9315128;right_wheel_steps;0
1781508960.931388;right_wheel_steps;0
1781508961.931363;right_wheel_steps;0
1781508962.931448;right_wheel_steps;0
1781508963.931397;right_wheel_steps;0
1781508964.931435;right_wheel_steps;0
1781508965.9314368;right_wheel_steps;0
1781508966.931399;right_wheel_steps;0
1781508967.9313834;right_wheel_steps;0
1781508968.931444;right_wheel_steps;0
1781508969.9314318;right_wheel_steps;0
1781508970.9313707;right_wheel_steps;0
1781508971.9314194;right_wheel_steps;0
1781508972.931448;right_wheel_steps;0
1781508973.931491;right_wheel_steps;0
1781508974.9315157;right_wheel_steps;0
1781508975.9315057;right_wheel_steps;0
1781508976.9314678;right_wheel_steps;0
1781508977.9314537;right_wheel_steps;0
1781508978.9314663;right_wheel_steps;0
1781508979.9314203;right_wheel_steps;0
1781508980.931422;right_wheel_steps;0
1781508981.931389;right_wheel_steps;0
1781508982.9313812;right_wheel_steps;0
1781508983.9314563;right_wheel_steps;0
1781508984.9314165;right_wheel_steps;0
1781508985.93145;right_wheel_steps;0
1781508986.9314358;right_wheel_steps;0
1781508987.9313984;right_wheel_steps;0
1781508988.9314485;right_wheel_steps;0
1781508989.9314165;right_wheel_steps;0
1781508990.931445;right_wheel_steps;0
1781508991.9313493;right_wheel_steps;0
1781508992.931418;right_wheel_steps;0
1781508993.93142;right_wheel_steps;0
1781508994.931363;right_wheel_steps;0
1781508995.931421;right_wheel_steps;0
1781508996.93139;right_wheel_steps;0
1781508997.9314165;right_wheel_steps;0
1781508998.9314272;right_wheel_steps;0
1781508999.9314475;right_wheel_steps;0
1781509000.9314516;right_wheel_steps;0
1781509001.9313953;right_wheel_steps;0
1781509002.9314084;right_wheel_steps;0
1781509003.931408;right_wheel_steps;0
1781509004.9314437;right_wheel_steps;0
1781509005.9314263;right_wheel_steps;0
1781509006.9313605;right_wheel_steps;0
1781509007.9313943;right_wheel_steps;0
1781509008.9313884;right_wheel_steps;0
1781509009.9314563;right_wheel_steps;0
1781509010.931462;right_wheel_steps;0
1781509011.9314756;right_wheel_steps;0
1781509012.931488;right_wheel_steps;0
1781509013.9314666;right_wheel_steps;0
1781509014.9314704;right_wheel_steps;0
1781509015.931446;right_wheel_steps;0
1781509016.931476;right_wheel_steps;0
1781509017.9314742;right_wheel_steps;0
1781509018.9313738;right_wheel_steps;0
1781509019.9314392;right_wheel_steps;0
1781509020.9314415;right_wheel_steps;0
1781509021.9314182;right_wheel_steps;0
1781509022.931453;right_wheel_steps;0
1781509023.9314976;right_wheel_steps;0
1781509024.9314525;right_wheel_steps;0
1781509025.9316142;right_wheel_steps;0
1781509026.9314277;right_wheel_steps;0
1781509027.9313676;right_wheel_steps;0
1781509028.9314427;right_wheel_steps;0
1781509029.931468;right_wheel_steps;0
1781509030.931386;right_wheel_steps;0
1781509031.9315383;right_wheel_steps;0
1781509032.931373;right_wheel_steps;0
1781509033.9316554;right_wheel_steps;0
1781509034.9313865;right_wheel_steps;0
1781509035.9313955;right_wheel_steps;0
1781509036.9313805;right_wheel_steps;0
1781509037.9313788;right_wheel_steps;0
1781509038.931382;right_wheel_steps;0
1781509039.9313586;right_wheel_steps;0
1781509040.93142;right_wheel_steps;0
1781509041.9315193;right_wheel_steps;0
1781509042.93137;right_wheel_steps;0
1781509043.931397;right_wheel_steps;0
1781509044.9313972;right_wheel_steps;0
1781509045.9314327;right_wheel_steps;0
1781509046.9314108;right_wheel_steps;0
1781509047.9313986;right_wheel_steps;0
1781509048.931414;right_wheel_steps;0
1781509049.9314072;right_wheel_steps;0
1781509050.9314015;right_wheel_steps;0
1781509051.9314308;right_wheel_steps;0
1781509052.9315226;right_wheel_steps;0
1781509053.9314797;right_wheel_steps;0
1781509054.931536;right_wheel_steps;0
1781509055.9314852;right_wheel_steps;0
1781509056.9313836;right_wheel_steps;0
1781509057.9313967;right_wheel_steps;0
1781509058.931389;right_wheel_steps;0
1781509059.9314015;right_wheel_steps;0
1781509060.9311786;right_wheel_steps;0
1781509061.931387;right_wheel_steps;0
1781509062.9313762;right_wheel_steps;0
1781509063.9313958;right_wheel_steps;0
1781509064.9314604;right_wheel_steps;0
1781509065.931392;right_wheel_steps;0
1781509066.9314003;right_wheel_steps;0
1781509067.931425;right_wheel_steps;0
1781509068.9313796;right_wheel_steps;0
1781509069.9314053;right_wheel_steps;0
1781509070.9314165;right_wheel_steps;0
1781509071.93136;right_wheel_steps;0
1781509072.9313982;right_wheel_steps;0
1781509073.9313922;right_wheel_steps;0
1781509074.931366;right_wheel_steps;0
1781509075.9313452;right_wheel_steps;0
1781509076.9314032;right_wheel_steps;0
1781509077.931393;right_wheel_steps;0
1781509078.931432;right_wheel_steps;0
1781509079.9314325;right_wheel_steps;0
1781509080.9314094;right_wheel_steps;0
1781509081.9313982;right_wheel_steps;0
1781509082.9314053;right_wheel_steps;0
1781509083.9314334;right_wheel_steps;0
1781509084.9314294;right_wheel_steps;0
1781509085.932756;right_wheel_steps;0
1781509086.933753;right_wheel_steps;0
1781509087.931414;right_wheel_steps;0
1781509088.931412;right_wheel_steps;0
1781509089.9313805;right_wheel_steps;0
1781509090.9314284;right_wheel_steps;0
1781509091.9313917;right_wheel_steps;0
1781509092.9313798;right_wheel_steps;0
1781509093.931411;right_wheel_steps;0
1781509094.9314404;right_wheel_steps;0
1781509095.9313903;right_wheel_steps;0
1781509096.9314046;right_wheel_steps;0
1781509097.931422;right_wheel_steps;0
1781509098.931394;right_wheel_steps;0
1781509099.93139;right_wheel_steps;0
1781509100.9314325;right_wheel_steps;0
1781509101.9314537;right_wheel_steps;0
1781509102.9314375;right_wheel_steps;0
1781509103.9316487;right_wheel_steps;0
1781509104.931563;right_wheel_steps;0
1781509105.9314845;right_wheel_steps;0
1781509106.932106;right_wheel_steps;0
1781509107.932087;right_wheel_steps;0
1781509108.9314668;right_wheel_steps;0
1781509109.9316103;right_wheel_steps;0
1781509110.9314566;right_wheel_steps;0
1781509111.931543;right_wheel_steps;0
1781509112.9314926;right_wheel_steps;0
1781509113.9321592;right_wheel_steps;0
1781509114.931412;right_wheel_steps;0
1781509115.9314342;right_wheel_steps;0
1781509116.9313831;right_wheel_steps;0
1781509117.9314055;right_wheel_steps;0
1781509118.9314437;right_wheel_steps;0
1781509119.931372;right_wheel_steps;0
1781509120.931415;right_wheel_steps;0
1781509121.9313917;right_wheel_steps;0
1781509122.9313529;right_wheel_steps;0
1781509123.9314685;right_wheel_steps;0
1781509124.9313865;right_wheel_steps;0
1781509125.93141;right_wheel_steps;0
1781509126.931405;right_wheel_steps;0
1781509127.9310992;right_wheel_steps;0
1781509128.93141;right_wheel_steps;0
1781509129.9313846;right_wheel_steps;0
1781509130.9314172;right_wheel_steps;0
1781509131.9313776;right_wheel_steps;0
1781509132.9313743;right_wheel_steps;0
1781509133.9313946;right_wheel_steps;0
1781509134.9313948;right_wheel_steps;0
1781509135.9314172;right_wheel_steps;0
1781509136.931414;right_wheel_steps;0
1781509137.9314048;right_wheel_steps;0
1781509138.931419;right_wheel_steps;0
1781509139.931421;right_wheel_steps;0
1781509140.9314852;right_wheel_steps;0
1781509141.9313772;right_wheel_steps;0
1781509142.9313817;right_wheel_steps;0
1781509143.9313848;right_wheel_steps;0
1781509144.9313903;right_wheel_steps;0
1781509145.931413;right_wheel_steps;0
1781509146.9313736;right_wheel_steps;0
1781509147.931359;right_wheel_steps;0
1781509148.9314108;right_wheel_steps;0
1781509149.9314294;right_wheel_steps;0
1781509150.9314044;right_wheel_steps;0
1781509151.9314113;right_wheel_steps;0
1781509152.9315908;right_wheel_steps;0
1781509153.9324222;right_wheel_steps;0
1781509154.9313986;right_wheel_steps;0
1781509155.9314315;right_wheel_steps;0
1781509156.931429;right_wheel_steps;0
1781509157.9313955;right_wheel_steps;0
1781509158.931376;right_wheel_steps;0
1781509159.931413;right_wheel_steps;0
1781509160.9313552;right_wheel_steps;0
1781509161.9314542;right_wheel_steps;0
1781509162.931516;right_wheel_steps;0
1781509163.931501;right_wheel_steps;0
1781509164.931455;right_wheel_steps;0
1781509165.9314642;right_wheel_steps;0
1781509166.9314826;right_wheel_steps;0
1781509167.9314735;right_wheel_steps;0
1781509168.9314582;right_wheel_steps;0
1781509169.9314516;right_wheel_steps;0
1781509170.9314392;right_wheel_steps;0
1781509171.9314482;right_wheel_steps;0
1781509172.931457;right_wheel_steps;0
1781509173.9314854;right_wheel_steps;0
1781509174.9314857;right_wheel_steps;0
1781509175.931462;right_wheel_steps;0
1781509176.9314003;right_wheel_steps;0
1781509177.931475;right_wheel_steps;0
1781509178.9314392;right_wheel_steps;0
1781509179.9314158;right_wheel_steps;0
1781509180.9314322;right_wheel_steps;0
1781509181.9314468;right_wheel_steps;0
1781509182.931544;right_wheel_steps;0
1781509183.931433;right_wheel_steps;0
1781509184.931406;right_wheel_steps;0
1781509185.9314044;right_wheel_steps;0
1781509186.9313796;right_wheel_steps;0
1781509187.9315228;right_wheel_steps;0
1781509188.931445;right_wheel_steps;0
1781509189.9312756;right_wheel_steps;0
1781509190.9316733;right_wheel_steps;0
1781509191.9314065;right_wheel_steps;0
1781509192.9314055;right_wheel_steps;0
1781509193.9314027;right_wheel_steps;0
1781509194.931373;right_wheel_steps;0
1781509195.9314637;right_wheel_steps;0
1781509196.931398;right_wheel_steps;0
1781509197.9313996;right_wheel_steps;0
1781509198.931429;right_wheel_steps;0
1781509199.9314015;right_wheel_steps;0
1781509200.931423;right_wheel_steps;0
1781509201.9314322;right_wheel_steps;0
1781509202.9314077;right_wheel_steps;0
1781509203.9314015;right_wheel_steps;0
1781509204.931424;right_wheel_steps;0
1781509205.9315102;right_wheel_steps;0
1781509206.9313607;right_wheel_steps;0
1781509207.9314013;right_wheel_steps;0
1781509208.9313877;right_wheel_steps;0
1781509209.9311633;right_wheel_steps;0
1781509210.931388;right_wheel_steps;0
1781509211.9313726;right_wheel_steps;0
1781509212.9313834;right_wheel_steps;0
1781509213.9314234;right_wheel_steps;0
1781509214.9314048;right_wheel_steps;0
1781509215.931394;right_wheel_steps;0
1781509216.9313796;right_wheel_steps;0
1781509217.9313707;right_wheel_steps;0
1781509218.9313872;right_wheel_steps;0
1781509219.931415;right_wheel_steps;0
1781509220.931415;right_wheel_steps;0
1781509221.9313977;right_wheel_steps;0
1781509222.9313917;right_wheel_steps;0
1781509223.931393;right_wheel_steps;0
1781509224.9313865;right_wheel_steps;0
1781509225.9314094;right_wheel_steps;0
1781509226.931392;right_wheel_steps;0
1781509227.9313617;right_wheel_steps;0
1781509228.9314046;right_wheel_steps;0
1781509229.931404;right_wheel_steps;0
1781509230.9313948;right_wheel_steps;0
1781509231.931419;right_wheel_steps;0
1781509232.931447;right_wheel_steps;0
1781509233.9314232;right_wheel_steps;0
1781509234.9315324;right_wheel_steps;0
1781509235.931499;right_wheel_steps;0
1781509236.9314673;right_wheel_steps;0
1781509237.9314854;right_wheel_steps;0
1781509238.9314733;right_wheel_steps;0
1781509239.9314532;right_wheel_steps;0
1781509240.9314675;right_wheel_steps;0
1781509241.93146;right_wheel_steps;0
1781509242.9313822;right_wheel_steps;0
1781509243.9315012;right_wheel_steps;0
1781509244.9314818;right_wheel_steps;0
1781509245.9314318;right_wheel_steps;0
1781509246.9314735;right_wheel_steps;0
1781509247.9314787;right_wheel_steps;0
1781509248.9314504;right_wheel_steps;0
1781509249.9315124;right_wheel_steps;0
1781509250.9315062;right_wheel_steps;0
1781509251.9320793;right_wheel_steps;0
1781509252.9313934;right_wheel_steps;0
1781509253.9314218;right_wheel_steps;0
1781509254.931375;right_wheel_steps;0
1781509255.9314046;right_wheel_steps;0
1781509256.9314497;right_wheel_steps;0
1781509257.931468;right_wheel_steps;0
1781509258.9313989;right_wheel_steps;0
1781509259.9315984;right_wheel_steps;0
1781509260.9314473;right_wheel_steps;0
1781509261.9314303;right_wheel_steps;0
1781509262.931403;right_wheel_steps;0
1781509263.9314177;right_wheel_steps;0
1781509264.9314284;right_wheel_steps;0
1781509265.9315512;right_wheel_steps;0
1781509266.931296;right_wheel_steps;0
1781509267.9314432;right_wheel_steps;0
1781509268.9314303;right_wheel_steps;0
1781509269.9314363;right_wheel_steps;0
1781509270.931442;right_wheel_steps;0
1781509271.9314055;right_wheel_steps;0
1781509272.9314191;right_wheel_steps;0
1781509273.9314337;right_wheel_steps;0
1781509274.9314165;right_wheel_steps;0
1781509275.931392;right_wheel_steps;0
1781509276.9311583;right_wheel_steps;0
1781509277.9314294;right_wheel_steps;0
1781509278.9314015;right_wheel_steps;0
1781509279.931419;right_wheel_steps;0
1781509280.931423;right_wheel_steps;0
1781509281.9313998;right_wheel_steps;0
1781509282.9313984;right_wheel_steps;0
1781509283.9314475;right_wheel_steps;0
1781509284.931409;right_wheel_steps;0
1781509285.9314065;right_wheel_steps;0
1781509286.9314282;right_wheel_steps;0
1781509287.9315298;right_wheel_steps;0
1781509288.9314249;right_wheel_steps;0
1781509289.9314115;right_wheel_steps;0
1781509290.9314578;right_wheel_steps;0
1781509291.9314115;right_wheel_steps;0
1781509292.931424;right_wheel_steps;0
1781509293.9314227;right_wheel_steps;0
1781509294.9314218;right_wheel_steps;0
1781509295.9314232;right_wheel_steps;0
1781509296.9314027;right_wheel_steps;0
1781509297.9313936;right_wheel_steps;0
1781509298.9314356;right_wheel_steps;0
1781509299.9313972;right_wheel_steps;0
1781509300.9314954;right_wheel_steps;0
1781509301.9314065;right_wheel_steps;0
1781509302.9313595;right_wheel_steps;0
1781509303.9314058;right_wheel_steps;0
1781509304.9313865;right_wheel_steps;0
1781509305.9313743;right_wheel_steps;0
1781509306.9314184;right_wheel_steps;0
1781509307.9314127;right_wheel_steps;0
1781509308.9313717;right_wheel_steps;0
1781509309.9314384;right_wheel_steps;0
1781509310.931429;right_wheel_steps;0
1781509311.931405;right_wheel_steps;0
1781509312.931457;right_wheel_steps;0
1781509313.931394;right_wheel_steps;0
1781509314.931386;right_wheel_steps;0
1781509315.931425;right_wheel_steps;0
1781509316.9313922;right_wheel_steps;0
1781509317.93139;right_wheel_steps;0
1781509318.9314528;right_wheel_steps;0
1781509319.931423;right_wheel_steps;0
1781509320.9313917;right_wheel_steps;0
1781509321.932045;right_wheel_steps;0
1781509322.931418;right_wheel_steps;0
1781509323.9313884;right_wheel_steps;0
1781509324.93149;right_wheel_steps;0
1781509325.9314742;right_wheel_steps;0
1781509326.9314036;right_wheel_steps;0
1781509327.931637;right_wheel_steps;0
1781509328.9314277;right_wheel_steps;0
1781509329.9313784;right_wheel_steps;0
1781509330.9315176;right_wheel_steps;0
1781509331.9315326;right_wheel_steps;0
1781509332.9315088;right_wheel_steps;0
1781509333.931645;right_wheel_steps;0
1781509334.931435;right_wheel_steps;0
1781509335.931491;right_wheel_steps;0
1781509336.9316633;right_wheel_steps;0
1781509337.931392;right_wheel_steps;0
1781509338.9315157;right_wheel_steps;0
1781509339.932186;right_wheel_steps;0
1781509340.931461;right_wheel_steps;0
1781509341.93143;right_wheel_steps;0
1781509342.9318376;right_wheel_steps;0
1781509343.9315052;right_wheel_steps;0
1781509344.9313288;right_wheel_steps;0
1781509345.933021;right_wheel_steps;0
1781509346.9314096;right_wheel_steps;0
1781509347.9313712;right_wheel_steps;0
1781509348.9316134;right_wheel_steps;0
1781509349.9320707;right_wheel_steps;0
1781509350.931393;right_wheel_steps;0
1781509351.9315577;right_wheel_steps;0
1781509352.931476;right_wheel_steps;0
1781509353.9314675;right_wheel_steps;0
1781509354.9319856;right_wheel_steps;0
1781509355.931514;right_wheel_steps;0
1781509356.9314592;right_wheel_steps;0
1781509357.9315414;right_wheel_steps;0
1781509358.9314995;right_wheel_steps;0
1781509359.93144;right_wheel_steps;0
1781509360.9320688;right_wheel_steps;0
1781509361.9315293;right_wheel_steps;0
1781509362.9314785;right_wheel_steps;0
1781509363.931905;right_wheel_steps;0
1781509364.9314716;right_wheel_steps;0
1781509365.9314542;right_wheel_steps;0
1781509366.931641;right_wheel_steps;0
1781509367.9314485;right_wheel_steps;0
1781509368.931456;right_wheel_steps;0
1781509369.931678;right_wheel_steps;0
1781509370.9314024;right_wheel_steps;0
1781509371.9314198;right_wheel_steps;0
1781509372.9314651;right_wheel_steps;0
1781509373.9314108;right_wheel_steps;0
1781509374.931383;right_wheel_steps;0
1781509375.9314497;right_wheel_steps;0
1781509376.931409;right_wheel_steps;0
1781509377.9313765;right_wheel_steps;0
1781509378.931445;right_wheel_steps;0
1781509379.9314077;right_wheel_steps;0
1781509380.9313796;right_wheel_steps;0
1781509381.9314165;right_wheel_steps;0
1781509382.9314213;right_wheel_steps;0
1781509383.9313776;right_wheel_steps;0
1781509384.931386;right_wheel_steps;0
1781509385.931383;right_wheel_steps;0
1781509386.9313536;right_wheel_steps;0
1781509387.931451;right_wheel_steps;0
1781509388.931394;right_wheel_steps;0
1781509389.9313986;right_wheel_steps;0
1781509390.9313908;right_wheel_steps;0
1781509391.9310849;right_wheel_steps;0
1781509392.9313967;right_wheel_steps;0
1781509393.9313984;right_wheel_steps;0
1781509394.9314473;right_wheel_steps;0
1781509395.931402;right_wheel_steps;0
1781509396.9313817;right_wheel_steps;0
1781509397.9314258;right_wheel_steps;0
1781509398.9314003;right_wheel_steps;0
1781509399.9313867;right_wheel_steps;0
1781509400.9314132;right_wheel_steps;0
1781509401.931391;right_wheel_steps;0
1781509402.9313817;right_wheel_steps;0
1781509403.9314916;right_wheel_steps;0
1781509404.9314249;right_wheel_steps;0
1781509405.9314272;right_wheel_steps;0
1781509406.9314115;right_wheel_steps;0
1781509407.9314425;right_wheel_steps;0
1781509408.9314623;right_wheel_steps;0
1781509409.9314468;right_wheel_steps;0
1781509410.931432;right_wheel_steps;0
1781509411.9314256;right_wheel_steps;0
1781509412.931534;right_wheel_steps;0
1781509413.9314394;right_wheel_steps;0
1781509414.931555;right_wheel_steps;0
1781509415.9314427;right_wheel_steps;0
1781509416.9314327;right_wheel_steps;0
1781509417.9314196;right_wheel_steps;0
1781509418.9314291;right_wheel_steps;0
1781509419.931465;right_wheel_steps;0
1781509420.9314537;right_wheel_steps;0
1781509421.9313295;right_wheel_steps;0
1781509422.931626;right_wheel_steps;0
1781509423.9314015;right_wheel_steps;0
1781509424.931313;right_wheel_steps;0
1781509425.9313805;right_wheel_steps;0
1781509426.931383;right_wheel_steps;0
1781509427.931397;right_wheel_steps;0
1781509428.9313614;right_wheel_steps;0
1781509429.931396;right_wheel_steps;0
1781509430.931409;right_wheel_steps;0
1781509431.9313498;right_wheel_steps;0
1781509432.9313788;right_wheel_steps;0
1781509433.9314003;right_wheel_steps;0
1781509434.9313967;right_wheel_steps;0
1781509435.9313903;right_wheel_steps;0
1781509436.9314172;right_wheel_steps;0
1781509437.9313655;right_wheel_steps;0
1781509438.9313734;right_wheel_steps;0
1781509439.931414;right_wheel_steps;0
1781509440.9314306;right_wheel_steps;0
1781509441.9313662;right_wheel_steps;0
1781509442.9314373;right_wheel_steps;0
1781509443.931432;right_wheel_steps;0
1781509444.9314356;right_wheel_steps;0
1781509445.9314392;right_wheel_steps;0
1781509446.931389;right_wheel_steps;0
1781509447.9313903;right_wheel_steps;0
1781509448.931408;right_wheel_steps;0
1781509449.931397;right_wheel_steps;0
1781509450.931428;right_wheel_steps;0
1781509451.931533;right_wheel_steps;0
1781509452.9313684;right_wheel_steps;0
1781509453.9313886;right_wheel_steps;0
1781509454.9314291;right_wheel_steps;0
1781509455.9314046;right_wheel_steps;0
1781509456.931395;right_wheel_steps;0
1781509457.9314344;right_wheel_steps;0
1781509458.9313886;right_wheel_steps;0
1781509459.931394;right_wheel_steps;0
1781509460.9314172;right_wheel_steps;0
1781509461.931396;right_wheel_steps;0
1781509462.9314046;right_wheel_steps;0
1781509463.9314303;right_wheel_steps;0
1781509464.9313877;right_wheel_steps;0
1781509465.9313807;right_wheel_steps;0
1781509466.9314408;right_wheel_steps;0
1781509467.9313955;right_wheel_steps;0
1781509468.931388;right_wheel_steps;0
1781509469.9314258;right_wheel_steps;0
1781509470.9313998;right_wheel_steps;0
1781509471.9313705;right_wheel_steps;0
1781509472.931412;right_wheel_steps;0
1781509473.9313743;right_wheel_steps;0
1781509474.9313855;right_wheel_steps;0
1781509475.9314263;right_wheel_steps;0
1781509476.931371;right_wheel_steps;0
1781509477.9313843;right_wheel_steps;0
1781509478.9314277;right_wheel_steps;0
1781509479.9313908;right_wheel_steps;0
1781509480.9313955;right_wheel_steps;0
1781509481.9313867;right_wheel_steps;0
1781509482.931412;right_wheel_steps;0
1781509483.9314308;right_wheel_steps;0
1781509484.9314454;right_wheel_steps;0
1781509485.9314587;right_wheel_steps;0
1781509486.9314446;right_wheel_steps;0
1781509487.9314969;right_wheel_steps;0
1781509488.93146;right_wheel_steps;0
1781509489.9315062;right_wheel_steps;0
1781509490.9315293;right_wheel_steps;0
1781509491.931488;right_wheel_steps;0
1781509492.9314816;right_wheel_steps;0
1781509493.931548;right_wheel_steps;0
1781509494.931496;right_wheel_steps;0
1781509495.9314823;right_wheel_steps;0
1781509496.931441;right_wheel_steps;0
1781509497.93143;right_wheel_steps;0
1781509498.9315162;right_wheel_steps;0
1781509499.931396;right_wheel_steps;0
1781509500.9318204;right_wheel_steps;0
1781509501.9314528;right_wheel_steps;0
1781509502.9314108;right_wheel_steps;0
1781509503.9314022;right_wheel_steps;0
1781509504.93141;right_wheel_steps;0
1781509505.9314327;right_wheel_steps;0
1781509506.9313707;right_wheel_steps;0
1781509507.9313886;right_wheel_steps;0
1781509508.9314373;right_wheel_steps;0
1781509509.9313784;right_wheel_steps;0
1781509510.9313974;right_wheel_steps;0
1781509511.9314115;right_wheel_steps;0
1781509512.931389;right_wheel_steps;0
1781509513.931502;right_wheel_steps;0
1781509514.9315062;right_wheel_steps;0
1781509515.9314854;right_wheel_steps;0
1781509516.9313788;right_wheel_steps;0
1781509517.9314148;right_wheel_steps;0
1781509518.931408;right_wheel_steps;0
1781509519.931403;right_wheel_steps;0
1781509520.9314127;right_wheel_steps;0
1781509521.9313903;right_wheel_steps;0
1781509522.9314015;right_wheel_steps;0
1781509523.931422;right_wheel_steps;0
1781509524.9314065;right_wheel_steps;0
1781509525.9314065;right_wheel_steps;0
1781509526.9314384;right_wheel_steps;0
1781509527.9314048;right_wheel_steps;0
1781509528.9314268;right_wheel_steps;0
1781509529.9314544;right_wheel_steps;0
1781509530.931367;right_wheel_steps;0
1781509531.9313834;right_wheel_steps;0
1781509532.9314232;right_wheel_steps;0
1781509533.9326105;right_wheel_steps;0
1781509534.9313736;right_wheel_steps;0
1781509535.931441;right_wheel_steps;0
1781509536.9313664;right_wheel_steps;0
1781509537.9313707;right_wheel_steps;0
1781509538.931424;right_wheel_steps;0
1781509539.9313664;right_wheel_steps;0
1781509540.9310713;right_wheel_steps;0
1781509541.931393;right_wheel_steps;0
1781509542.9313557;right_wheel_steps;0
1781509543.9313834;right_wheel_steps;0
1781509544.9314015;right_wheel_steps;0
1781509545.9313743;right_wheel_steps;0
1781509546.9313695;right_wheel_steps;0
1781509547.9314086;right_wheel_steps;0
1781509548.93138;right_wheel_steps;0
1781509549.93138;right_wheel_steps;0
1781509550.9314651;right_wheel_steps;0
1781509551.9313996;right_wheel_steps;0
1781509552.9313984;right_wheel_steps;0
1781509553.931456;right_wheel_steps;0
1781509554.9314306;right_wheel_steps;0
1781509555.931397;right_wheel_steps;0
1781509556.9314358;right_wheel_steps;0
1781509557.93139;right_wheel_steps;0
1781509558.9313982;right_wheel_steps;0
1781509559.931443;right_wheel_steps;0
1781509560.9314384;right_wheel_steps;0
1781509561.931389;right_wheel_steps;0
1781509562.9314466;right_wheel_steps;0
1781509563.9313848;right_wheel_steps;0
1781509564.931389;right_wheel_steps;0
1781509565.931419;right_wheel_steps;0
1781509566.9313834;right_wheel_steps;0
1781509567.9313774;right_wheel_steps;0
1781509568.9315069;right_wheel_steps;0
1781509569.9313822;right_wheel_steps;0
1781509570.9316;right_wheel_steps;0
1781509571.931435;right_wheel_steps;0
1781509572.9314206;right_wheel_steps;0
1781509573.9313607;right_wheel_steps;0
1781509574.9314604;right_wheel_steps;0
1781509575.931463;right_wheel_steps;0
1781509576.931481;right_wheel_steps;0
1781509577.931377;right_wheel_steps;0
1781509578.9320042;right_wheel_steps;0
1781509579.931423;right_wheel_steps;0
1781509580.931424;right_wheel_steps;0
1781509581.931376;right_wheel_steps;0
1781509582.931394;right_wheel_steps;0
1781509583.931424;right_wheel_steps;0
1781509584.931363;right_wheel_steps;0
1781509585.9313734;right_wheel_steps;0
1781509586.9314218;right_wheel_steps;0
1781509587.9313743;right_wheel_steps;0
1781509588.931392;right_wheel_steps;0
1781509589.931445;right_wheel_steps;0
1781509590.93143;right_wheel_steps;0
1781509591.9313693;right_wheel_steps;0
1781509592.9314198;right_wheel_steps;0
1781509593.9313948;right_wheel_steps;0
1781509594.931378;right_wheel_steps;0
1781509595.9314106;right_wheel_steps;0
1781509596.9313774;right_wheel_steps;0
1781509597.9314303;right_wheel_steps;0
1781509598.931418;right_wheel_steps;0
1781509599.9313655;right_wheel_steps;0
1781509600.9313655;right_wheel_steps;0
1781509601.9314072;right_wheel_steps;0
1781509602.9313738;right_wheel_steps;0
1781509603.9314065;right_wheel_steps;0
1781509604.931415;right_wheel_steps;0
1781509605.9313817;right_wheel_steps;0
1781509606.9313576;right_wheel_steps;0
1781509607.9314268;right_wheel_steps;0
1781509608.9314065;right_wheel_steps;0
1781509609.931373;right_wheel_steps;0
1781509610.93143;right_wheel_steps;0
1781509611.9313784;right_wheel_steps;0
1781509612.9313858;right_wheel_steps;0
1781509613.9314728;right_wheel_steps;0
1781509614.9314137;right_wheel_steps;0
1781509615.9319503;right_wheel_steps;0
1781509616.9314463;right_wheel_steps;0
1781509617.931404;right_wheel_steps;0
1781509618.9314065;right_wheel_steps;0
1781509619.9314525;right_wheel_steps;0
1781509620.9314113;right_wheel_steps;0
1781509621.9313943;right_wheel_steps;0
1781509622.9314697;right_wheel_steps;0
1781509623.9314077;right_wheel_steps;0
1781509624.931377;right_wheel_steps;0
1781509625.9314156;right_wheel_steps;0
1781509626.931371;right_wheel_steps;0
1781509627.9313664;right_wheel_steps;0
1781509628.931423;right_wheel_steps;0
1781509629.9313989;right_wheel_steps;0
1781509630.9313796;right_wheel_steps;0
1781509631.9314222;right_wheel_steps;0
1781509632.931391;right_wheel_steps;0
1781509633.9313946;right_wheel_steps;0
1781509634.9314656;right_wheel_steps;0
1781509635.9314036;right_wheel_steps;0
1781509636.931364;right_wheel_steps;0
1781509637.9313953;right_wheel_steps;0
1781509638.9314115;right_wheel_steps;0
1781509639.931388;right_wheel_steps;0
1781509640.931428;right_wheel_steps;0
1781509641.9313762;right_wheel_steps;0
1781509642.931361;right_wheel_steps;0
1781509643.9314072;right_wheel_steps;0
1781509644.9314191;right_wheel_steps;0
1781509645.9314327;right_wheel_steps;0
1781509646.9314263;right_wheel_steps;0
1781509647.931557;right_wheel_steps;0
1781509648.9314048;right_wheel_steps;0
1781509649.931462;right_wheel_steps;0
1781509650.9314594;right_wheel_steps;0
1781509651.9314268;right_wheel_steps;0
1781509652.9314337;right_wheel_steps;0
1781509653.9313874;right_wheel_steps;0
1781509654.9313347;right_wheel_steps;0
1781509655.9316254;right_wheel_steps;0
1781509656.931396;right_wheel_steps;0
1781509657.9313767;right_wheel_steps;0
1781509658.9314225;right_wheel_steps;0
1781509659.9314046;right_wheel_steps;0
1781509660.9314184;right_wheel_steps;0
1781509661.9314396;right_wheel_steps;0
1781509662.9314167;right_wheel_steps;0
1781509663.9314132;right_wheel_steps;0
1781509664.9314706;right_wheel_steps;0
1781509665.9314227;right_wheel_steps;0
1781509666.9314003;right_wheel_steps;0
1781509667.9314427;right_wheel_steps;0
1781509668.9314356;right_wheel_steps;0
1781509669.9313889;right_wheel_steps;0
1781509670.93146;right_wheel_steps;0
1781509671.9313967;right_wheel_steps;0
1781509672.931399;right_wheel_steps;0
1781509673.9314084;right_wheel_steps;0
1781509674.931384;right_wheel_steps;0
1781509675.9314249;right_wheel_steps;0
1781509676.9314327;right_wheel_steps;0
1781509677.931363;right_wheel_steps;0
1781509678.9313712;right_wheel_steps;0
1781509679.9314015;right_wheel_steps;0
1781509680.9313955;right_wheel_steps;0
1781509681.9313588;right_wheel_steps;0
1781509682.9314296;right_wheel_steps;0
1781509683.9313889;right_wheel_steps;0
1781509684.9313788;right_wheel_steps;0
1781509685.9315023;right_wheel_steps;0
1781509686.931445;right_wheel_steps;0
1781509687.931456;right_wheel_steps;0
1781509688.9315138;right_wheel_steps;0
1781509689.9312222;right_wheel_steps;0
1781509690.9314644;right_wheel_steps;0
1781509691.9314742;right_wheel_steps;0
1781509692.9314914;right_wheel_steps;0
1781509693.931381;right_wheel_steps;0
1781509694.93143;right_wheel_steps;0
1781509695.9314516;right_wheel_steps;0
1781509696.9314022;right_wheel_steps;0
1781509697.9315448;right_wheel_steps;0
1781509698.9313798;right_wheel_steps;0
1781509699.9313512;right_wheel_steps;0
1781509700.9314177;right_wheel_steps;0
1781509701.9313767;right_wheel_steps;0
1781509702.9313812;right_wheel_steps;0
1781509703.9314413;right_wheel_steps;0
1781509704.9313834;right_wheel_steps;0
1781509705.9313972;right_wheel_steps;0
1781509706.9314203;right_wheel_steps;0
1781509707.9313989;right_wheel_steps;0
1781509708.9313817;right_wheel_steps;0
1781509709.931427;right_wheel_steps;0
1781509710.931384;right_wheel_steps;0
1781509711.9313712;right_wheel_steps;0
1781509712.9314315;right_wheel_steps;0
1781509713.9313953;right_wheel_steps;0
1781509714.9313574;right_wheel_steps;0
1781509715.9314127;right_wheel_steps;0
1781509716.931391;right_wheel_steps;0
1781509717.931382;right_wheel_steps;0
1781509718.93145;right_wheel_steps;0
1781509719.931429;right_wheel_steps;0
1781509720.9314194;right_wheel_steps;0
1781509721.9314375;right_wheel_steps;0
1781509722.9313457;right_wheel_steps;0
1781509723.9315088;right_wheel_steps;0
1781509724.9314518;right_wheel_steps;0
1781509725.9315507;right_wheel_steps;0
1781509726.931423;right_wheel_steps;0
1781509727.931461;right_wheel_steps;0
1781509728.9314682;right_wheel_steps;0
1781509729.9314518;right_wheel_steps;0
1781509730.9314742;right_wheel_steps;0
1781509731.931503;right_wheel_steps;0
1781509732.931351;right_wheel_steps;0
1781509733.9317012;right_wheel_steps;0
1781509734.931399;right_wheel_steps;0
1781509735.9313889;right_wheel_steps;0
1781509736.93137;right_wheel_steps;0
1781509737.931387;right_wheel_steps;0
1781509738.9313972;right_wheel_steps;0
1781509739.931316;right_wheel_steps;0
1781509740.931437;right_wheel_steps;0
1781509741.9313734;right_wheel_steps;0
1781509742.9313946;right_wheel_steps;0
1781509743.9313765;right_wheel_steps;0
1781509744.9313805;right_wheel_steps;0
1781509745.9314125;right_wheel_steps;0
1781509746.9313846;right_wheel_steps;0
1781509747.9314098;right_wheel_steps;0
1781509748.931458;right_wheel_steps;0
1781509749.9314303;right_wheel_steps;0
1781509750.9314167;right_wheel_steps;0
1781509751.9314442;right_wheel_steps;0
1781509752.9314108;right_wheel_steps;0
1781509753.9314106;right_wheel_steps;0
1781509754.9314463;right_wheel_steps;0
1781509755.9314303;right_wheel_steps;0
1781509756.9314215;right_wheel_steps;0
1781509757.931451;right_wheel_steps;0
1781509758.9314156;right_wheel_steps;0
1781509759.9314022;right_wheel_steps;0
1781509760.9314826;right_wheel_steps;0
1781509761.931404;right_wheel_steps;0
1781509762.931416;right_wheel_steps;0
1781509763.9314494;right_wheel_steps;0
1781509764.9314013;right_wheel_steps;0
1781509765.9314315;right_wheel_steps;0
1781509766.9314442;right_wheel_steps;0
1781509767.9314291;right_wheel_steps;0
1781509768.9314198;right_wheel_steps;0
1781509769.9314566;right_wheel_steps;0
1781509770.93144;right_wheel_steps;0
1781509771.931395;right_wheel_steps;0
1781509772.9314268;right_wheel_steps;0
1781509773.931383;right_wheel_steps;0
1781509774.9313805;right_wheel_steps;0
1781509775.9314144;right_wheel_steps;0
1781509776.9313908;right_wheel_steps;0
1781509777.9313936;right_wheel_steps;0
1781509778.9314294;right_wheel_steps;0
1781509779.931492;right_wheel_steps;0
1781509780.9313917;right_wheel_steps;0
1781509781.9314468;right_wheel_steps;0
1781509782.9313917;right_wheel_steps;0
1781509783.931408;right_wheel_steps;0
1781509784.9314215;right_wheel_steps;0
1781509785.931414;right_wheel_steps;0
1781509786.9314084;right_wheel_steps;0
1781509787.931419;right_wheel_steps;0
1781509788.931381;right_wheel_steps;0
1781509789.9314067;right_wheel_steps;0
1781509790.931471;right_wheel_steps;0
1781509791.93144;right_wheel_steps;0
1781509792.931432;right_wheel_steps;0
1781509793.93143;right_wheel_steps;0
1781509794.931436;right_wheel_steps;0
1781509795.9314256;right_wheel_steps;0
1781509796.9314728;right_wheel_steps;0
1781509797.9314094;right_wheel_steps;0
1781509798.9314437;right_wheel_steps;0
1781509799.9314375;right_wheel_steps;0
1781509800.9314528;right_wheel_steps;0
1781509801.931486;right_wheel_steps;0
1781509802.9314537;right_wheel_steps;0
1781509803.9315724;right_wheel_steps;0
1781509804.9314086;right_wheel_steps;0
1781509805.9314651;right_wheel_steps;0
1781509806.9314454;right_wheel_steps;0
1781509807.931456;right_wheel_steps;0
1781509808.931416;right_wheel_steps;0
1781509809.9313946;right_wheel_steps;0
1781509810.931322;right_wheel_steps;0
1781509811.931646;right_wheel_steps;0
1781509812.9314349;right_wheel_steps;0
1781509813.9314015;right_wheel_steps;0
1781509814.9314432;right_wheel_steps;0
1781509815.9314272;right_wheel_steps;0
1781509816.931418;right_wheel_steps;0
1781509817.931484;right_wheel_steps;0
1781509818.931445;right_wheel_steps;0
1781509819.9313984;right_wheel_steps;0
1781509820.931394;right_wheel_steps;0
1781509821.9313984;right_wheel_steps;0
1781509822.931436;right_wheel_steps;0
1781509823.9314544;right_wheel_steps;0
1781509824.9314356;right_wheel_steps;0
1781509825.93144;right_wheel_steps;0
1781509826.931435;right_wheel_steps;0
1781509827.9314342;right_wheel_steps;0
1781509828.9314194;right_wheel_steps;0
1781509829.931463;right_wheel_steps;0
1781509830.931442;right_wheel_steps;0
1781509831.9314263;right_wheel_steps;0
1781509832.9314125;right_wheel_steps;0
1781509833.9314094;right_wheel_steps;0
1781509834.9314387;right_wheel_steps;0
1781509835.9314446;right_wheel_steps;0
1781509836.931398;right_wheel_steps;0
1781509837.9314682;right_wheel_steps;0
1781509838.9314766;right_wheel_steps;0
1781509839.9313922;right_wheel_steps;0
1781509840.9313998;right_wheel_steps;0
1781509841.9314082;right_wheel_steps;0
1781509842.9313948;right_wheel_steps;0
1781509843.9313636;right_wheel_steps;0
1781509844.9314191;right_wheel_steps;0
1781509845.9313955;right_wheel_steps;0
1781509846.931387;right_wheel_steps;0
1781509847.9314525;right_wheel_steps;0
1781509848.931394;right_wheel_steps;0
1781509849.9313962;right_wheel_steps;0
1781509850.9314344;right_wheel_steps;0
1781509851.9313834;right_wheel_steps;0
1781509852.9314086;right_wheel_steps;0
1781509853.931451;right_wheel_steps;0
1781509854.93138;right_wheel_steps;0
1781509855.9313972;right_wheel_steps;0
1781509856.93138;right_wheel_steps;0
1781509857.931411;right_wheel_steps;0
1781509858.931402;right_wheel_steps;0
1781509859.9314475;right_wheel_steps;0
1781509860.9313953;right_wheel_steps;0
1781509861.931482;right_wheel_steps;0
1781509862.9314575;right_wheel_steps;0
1781509863.9314055;right_wheel_steps;0
1781509864.9314084;right_wheel_steps;0
1781509865.9315054;right_wheel_steps;0
1781509866.931468;right_wheel_steps;0
1781509867.931426;right_wheel_steps;0
1781509868.931395;right_wheel_steps;0
1781509869.9313822;right_wheel_steps;0
1781509870.931412;right_wheel_steps;0
1781509871.931414;right_wheel_steps;0
1781509872.9313974;right_wheel_steps;0
1781509873.9313817;right_wheel_steps;0
1781509874.9314363;right_wheel_steps;0
1781509875.9314122;right_wheel_steps;0
1781509876.9313972;right_wheel_steps;0
1781509877.9314334;right_wheel_steps;0
1781509878.9313953;right_wheel_steps;0
1781509879.9314508;right_wheel_steps;0
1781509880.931365;right_wheel_steps;0
1781509881.9315815;right_wheel_steps;0
1781509882.9314976;right_wheel_steps;0
1781509883.931523;right_wheel_steps;0
1781509884.9315164;right_wheel_steps;0
1781509885.9314427;right_wheel_steps;0
1781509886.9314594;right_wheel_steps;0
1781509887.9315302;right_wheel_steps;0
1781509888.931378;right_wheel_steps;0
1781509889.931681;right_wheel_steps;0
1781509890.9315057;right_wheel_steps;0
1781509891.931425;right_wheel_steps;0
1781509892.931476;right_wheel_steps;0
1781509893.9314415;right_wheel_steps;0
1781509894.9314327;right_wheel_steps;0
1781509895.9314826;right_wheel_steps;0
1781509896.931482;right_wheel_steps;0
1781509897.9314857;right_wheel_steps;0
1781509898.9315195;right_wheel_steps;0
1781509899.9314415;right_wheel_steps;0
1781509900.9314852;right_wheel_steps;0
1781509901.931483;right_wheel_steps;0
1781509902.9314637;right_wheel_steps;0
1781509903.9314258;right_wheel_steps;0
1781509904.9314303;right_wheel_steps;0
1781509905.9314432;right_wheel_steps;0
1781509906.9314497;right_wheel_steps;0
1781509907.9314992;right_wheel_steps;0
1781509908.9314315;right_wheel_steps;0
1781509909.931423;right_wheel_steps;0
1781509910.931479;right_wheel_steps;0
1781509911.9314375;right_wheel_steps;0
1781509912.9320776;right_wheel_steps;0
1781509913.9320254;right_wheel_steps;0
1781509914.9320788;right_wheel_steps;0
1781509915.9313684;right_wheel_steps;0
1781509916.931331;right_wheel_steps;0
1781509917.9313889;right_wheel_steps;0
1781509918.9313889;right_wheel_steps;0
1781509919.9314015;right_wheel_steps;0
1781509920.9313817;right_wheel_steps;0
1781509921.9313834;right_wheel_steps;0
1781509922.931419;right_wheel_steps;0
1781509923.9313874;right_wheel_steps;0
1781509924.9313805;right_wheel_steps;0
1781509925.931352;right_wheel_steps;0
1781509926.9313738;right_wheel_steps;0
1781509927.9313848;right_wheel_steps;0
1781509928.931386;right_wheel_steps;0
1781509929.931409;right_wheel_steps;0
1781509930.9314022;right_wheel_steps;0
1781509931.9314315;right_wheel_steps;0
1781509932.9313924;right_wheel_steps;0
1781509933.9314013;right_wheel_steps;0
1781509934.9314098;right_wheel_steps;0
1781509935.931375;right_wheel_steps;0
1781509936.9313984;right_wheel_steps;0
1781509937.9313488;right_wheel_steps;0
1781509938.9313908;right_wheel_steps;0
1781509939.9313953;right_wheel_steps;0
1781509940.93137;right_wheel_steps;0
1781509941.9313667;right_wheel_steps;0
1781509942.9313731;right_wheel_steps;0
1781509943.93267;right_wheel_steps;0
1781509944.9313843;right_wheel_steps;0
1781509945.931429;right_wheel_steps;0
1781509946.9314656;right_wheel_steps;0
1781509947.9313986;right_wheel_steps;0
1781509948.9314127;right_wheel_steps;0
1781509949.9314408;right_wheel_steps;0
1781509950.931414;right_wheel_steps;0
1781509951.9313984;right_wheel_steps;0
1781509952.9313996;right_wheel_steps;0
1781509953.9314165;right_wheel_steps;0
1781509954.9311008;right_wheel_steps;0
1781509955.9314697;right_wheel_steps;0
1781509956.931415;right_wheel_steps;0
1781509957.9315207;right_wheel_steps;0
1781509958.9314544;right_wheel_steps;0
1781509959.9316037;right_wheel_steps;0
1781509960.9314332;right_wheel_steps;0
1781509961.931377;right_wheel_steps;0
1781509962.9314237;right_wheel_steps;0
1781509963.931447;right_wheel_steps;0
1781509964.93139;right_wheel_steps;0
1781509965.9313605;right_wheel_steps;0
1781509966.9313178;right_wheel_steps;0
1781509967.931562;right_wheel_steps;0
1781509968.93136;right_wheel_steps;0
1781509969.931406;right_wheel_steps;0
1781509970.9314766;right_wheel_steps;0
1781509971.931388;right_wheel_steps;0
1781509972.9313798;right_wheel_steps;0
1781509973.931369;right_wheel_steps;0
1781509974.9313998;right_wheel_steps;0
1781509975.931424;right_wheel_steps;0
1781509976.931497;right_wheel_steps;0
1781509977.9314058;right_wheel_steps;0
1781509978.9314015;right_wheel_steps;0
1781509979.931454;right_wheel_steps;0
1781509980.931427;right_wheel_steps;0
1781509981.9314094;right_wheel_steps;0
1781509982.9314508;right_wheel_steps;0
1781509983.9313953;right_wheel_steps;0
1781509984.931396;right_wheel_steps;0
1781509985.931417;right_wheel_steps;0
1781509986.9314232;right_wheel_steps;0
1781509987.931399;right_wheel_steps;0
1781509988.9314013;right_wheel_steps;0
1781509989.9314115;right_wheel_steps;0
1781509990.9314184;right_wheel_steps;0
1781509991.9314425;right_wheel_steps;0
1781509992.9314065;right_wheel_steps;0
1781509993.9313955;right_wheel_steps;0
1781509994.931465;right_wheel_steps;0
1781509995.9313946;right_wheel_steps;0
1781509996.931415;right_wheel_steps;0
1781509997.9313447;right_wheel_steps;0
1781509998.9314196;right_wheel_steps;0
1781509999.9313962;right_wheel_steps;0
1781510000.931381;right_wheel_steps;0
1781510001.9314227;right_wheel_steps;0
1781510002.9313936;right_wheel_steps;0
1781510003.9314609;right_wheel_steps;0
1781510004.9314237;right_wheel_steps;0
1781510005.931382;right_wheel_steps;0
1781510006.9314106;right_wheel_steps;0
1781510007.9313865;right_wheel_steps;0
1781510008.9313707;right_wheel_steps;0
1781510009.9313486;right_wheel_steps;0
1781510010.931388;right_wheel_steps;0
1781510011.9313743;right_wheel_steps;0
1781510012.9313805;right_wheel_steps;0
1781510013.931377;right_wheel_steps;0
1781510014.931369;right_wheel_steps;0
1781510015.9314172;right_wheel_steps;0
1781510016.9313805;right_wheel_steps;0
1781510017.931378;right_wheel_steps;0
1781510018.9314375;right_wheel_steps;0
1781510019.9313817;right_wheel_steps;0
1781510020.9314542;right_wheel_steps;0
1781510021.9314847;right_wheel_steps;0
1781510022.931492;right_wheel_steps;0
1781510023.9314792;right_wheel_steps;0
1781510024.931493;right_wheel_steps;0
1781510025.9315412;right_wheel_steps;0
1781510026.9314528;right_wheel_steps;0
1781510027.9314618;right_wheel_steps;0
1781510028.9314566;right_wheel_steps;0
1781510029.9320602;right_wheel_steps;0
1781510030.9315095;right_wheel_steps;0
1781510031.931466;right_wheel_steps;0
1781510032.9314816;right_wheel_steps;0
1781510033.931472;right_wheel_steps;0
1781510034.9315934;right_wheel_steps;0
1781510035.9313943;right_wheel_steps;0
1781510036.9316287;right_wheel_steps;0
1781510037.931417;right_wheel_steps;0
1781510038.931458;right_wheel_steps;0
1781510039.9314437;right_wheel_steps;0
1781510040.931496;right_wheel_steps;0
1781510041.9314394;right_wheel_steps;0
1781510042.9314685;right_wheel_steps;0
1781510043.9313917;right_wheel_steps;0
1781510044.9317603;right_wheel_steps;0
1781510045.9313724;right_wheel_steps;0
1781510046.9313784;right_wheel_steps;0
1781510047.9313629;right_wheel_steps;0
1781510048.9313643;right_wheel_steps;0
1781510049.9313793;right_wheel_steps;0
1781510050.9313834;right_wheel_steps;0
1781510051.9313886;right_wheel_steps;0
1781510052.9313943;right_wheel_steps;0
1781510053.9314053;right_wheel_steps;0
1781510054.9313643;right_wheel_steps;0
1781510055.9313977;right_wheel_steps;0
1781510056.9313648;right_wheel_steps;0
1781510057.9313486;right_wheel_steps;0
1781510058.9313724;right_wheel_steps;0
1781510059.9313867;right_wheel_steps;0
1781510060.9314206;right_wheel_steps;0
1781510061.9313698;right_wheel_steps;0
1781510062.9314585;right_wheel_steps;0
1781510063.9314966;right_wheel_steps;0
1781510064.9314826;right_wheel_steps;0
1781510065.9314702;right_wheel_steps;0
1781510066.931474;right_wheel_steps;0
1781510067.93149;right_wheel_steps;0
1781510068.9314437;right_wheel_steps;0
1781510069.931451;right_wheel_steps;0
1781510070.9314926;right_wheel_steps;0
1781510071.9314804;right_wheel_steps;0
1781510072.932031;right_wheel_steps;0
1781510073.9313595;right_wheel_steps;0
1781510074.9313822;right_wheel_steps;0
1781510075.9314356;right_wheel_steps;0
1781510076.9313831;right_wheel_steps;0
1781510077.9313846;right_wheel_steps;0
1781510078.9313576;right_wheel_steps;0
1781510079.9313798;right_wheel_steps;0
1781510080.9314055;right_wheel_steps;0
1781510081.9313772;right_wheel_steps;0
1781510082.931389;right_wheel_steps;0
1781510083.9313855;right_wheel_steps;0
1781510084.931354;right_wheel_steps;0
1781510085.931402;right_wheel_steps;0
1781510086.9313796;right_wheel_steps;0
1781510087.9314044;right_wheel_steps;0
1781510088.9313934;right_wheel_steps;0
1781510089.9313564;right_wheel_steps;0
1781510090.9313877;right_wheel_steps;0
1781510091.9313743;right_wheel_steps;0
1781510092.931388;right_wheel_steps;0
1781510093.9313512;right_wheel_steps;0
1781510094.9313557;right_wheel_steps;0
1781510095.9314053;right_wheel_steps;0
1781510096.931359;right_wheel_steps;0
1781510097.931394;right_wheel_steps;0
1781510098.9313655;right_wheel_steps;0
1781510099.931435;right_wheel_steps;0
1781510100.9313753;right_wheel_steps;0
1781510101.9314158;right_wheel_steps;0
1781510102.9313824;right_wheel_steps;0
1781510103.9313655;right_wheel_steps;0
1781510104.931386;right_wheel_steps;0
1781510105.931374;right_wheel_steps;0
1781510106.9313798;right_wheel_steps;0
1781510107.9319825;right_wheel_steps;0
1781510108.9314828;right_wheel_steps;0
1781510109.9315002;right_wheel_steps;0
1781510110.9315226;right_wheel_steps;0
1781510111.931514;right_wheel_steps;0
1781510112.9315343;right_wheel_steps;0
1781510113.9314225;right_wheel_steps;0
1781510114.931571;right_wheel_steps;0
1781510115.931441;right_wheel_steps;0
1781510116.9314702;right_wheel_steps;0
1781510117.9314485;right_wheel_steps;0
1781510118.9321096;right_wheel_steps;0
1781510119.9314237;right_wheel_steps;0
1781510120.9314206;right_wheel_steps;0
1781510121.931292;right_wheel_steps;0
1781510122.931609;right_wheel_steps;0
1781510123.9314234;right_wheel_steps;0
1781510124.931394;right_wheel_steps;0
1781510125.9314134;right_wheel_steps;0
1781510126.9313982;right_wheel_steps;0
1781510127.9314666;right_wheel_steps;0
1781510128.9314537;right_wheel_steps;0
1781510129.9313924;right_wheel_steps;0
1781510130.931422;right_wheel_steps;0
1781510131.931415;right_wheel_steps;0
1781510132.931439;right_wheel_steps;0
1781510133.9314218;right_wheel_steps;0
1781510134.9314191;right_wheel_steps;0
1781510135.9314215;right_wheel_steps;0
1781510136.931386;right_wheel_steps;0
1781510137.9313953;right_wheel_steps;0
1781510138.9313488;right_wheel_steps;0
1781510139.9313822;right_wheel_steps;0
1781510140.931398;right_wheel_steps;0
1781510141.9313374;right_wheel_steps;0
1781510142.9313464;right_wheel_steps;0
1781510143.9313724;right_wheel_steps;0
1781510144.9314044;right_wheel_steps;0
1781510145.9313865;right_wheel_steps;0
1781510146.9313886;right_wheel_steps;0
1781510147.9314318;right_wheel_steps;0
1781510148.9313948;right_wheel_steps;0
1781510149.9313903;right_wheel_steps;0
1781510150.9313986;right_wheel_steps;0
1781510151.9314048;right_wheel_steps;0
1781510152.931412;right_wheel_steps;0
1781510153.9314065;right_wheel_steps;0
1781510154.9314172;right_wheel_steps;0
1781510155.9314406;right_wheel_steps;0
1781510156.931461;right_wheel_steps;0
1781510157.9314666;right_wheel_steps;0
1781510158.9314845;right_wheel_steps;0
1781510159.9314516;right_wheel_steps;0
1781510160.931471;right_wheel_steps;0
1781510161.9314196;right_wheel_steps;0
1781510162.9314525;right_wheel_steps;0
1781510163.9315217;right_wheel_steps;0
1781510164.9314618;right_wheel_steps;0
1781510165.9314687;right_wheel_steps;0
1781510166.9314609;right_wheel_steps;0
1781510167.9313962;right_wheel_steps;0
1781510168.931353;right_wheel_steps;0
1781510169.9314115;right_wheel_steps;0
1781510170.9313903;right_wheel_steps;0
1781510171.9313457;right_wheel_steps;0
1781510172.9313805;right_wheel_steps;0
1781510173.9313974;right_wheel_steps;0
1781510174.9313924;right_wheel_steps;0
1781510175.9314215;right_wheel_steps;0
1781510176.931413;right_wheel_steps;0
1781510177.9313686;right_wheel_steps;0
1781510178.9313962;right_wheel_steps;0
1781510179.9314444;right_wheel_steps;0
1781510180.9313936;right_wheel_steps;0
1781510181.9313672;right_wheel_steps;0
1781510182.9313686;right_wheel_steps;0
1781510183.9313526;right_wheel_steps;0
1781510184.9314096;right_wheel_steps;0
1781510185.9314065;right_wheel_steps;0
1781510186.9313586;right_wheel_steps;0
1781510187.9313788;right_wheel_steps;0
1781510188.9313684;right_wheel_steps;0
1781510189.9328125;right_wheel_steps;0
1781510190.9314675;right_wheel_steps;0
1781510191.931404;right_wheel_steps;0
1781510192.9315164;right_wheel_steps;0
1781510193.931378;right_wheel_steps;0
1781510194.9314194;right_wheel_steps;0
1781510195.9313598;right_wheel_steps;0
1781510196.9314191;right_wheel_steps;0
1781510197.9313943;right_wheel_steps;0
1781510198.9314322;right_wheel_steps;0
1781510199.9313717;right_wheel_steps;0
1781510200.9318187;right_wheel_steps;0
1781510201.9314227;right_wheel_steps;0
1781510202.93142;right_wheel_steps;0
1781510203.9314363;right_wheel_steps;0
1781510204.9313767;right_wheel_steps;0
1781510205.9314165;right_wheel_steps;0
1781510206.931396;right_wheel_steps;0
1781510207.9314668;right_wheel_steps;0
1781510208.9314978;right_wheel_steps;0
1781510209.9314847;right_wheel_steps;0
1781510210.931487;right_wheel_steps;0
1781510211.9314897;right_wheel_steps;0
1781510212.9315078;right_wheel_steps;0
1781510213.9314475;right_wheel_steps;0
1781510214.9314554;right_wheel_steps;0
1781510215.9314885;right_wheel_steps;0
1781510216.9314396;right_wheel_steps;0
1781510217.931496;right_wheel_steps;0
1781510218.93147;right_wheel_steps;0
1781510219.9320476;right_wheel_steps;0
1781510220.931414;right_wheel_steps;0
1781510221.9313958;right_wheel_steps;0
1781510222.931382;right_wheel_steps;0
1781510223.931424;right_wheel_steps;0
1781510224.9314156;right_wheel_steps;0
1781510225.9314106;right_wheel_steps;0
1781510226.9313946;right_wheel_steps;0
1781510227.9313943;right_wheel_steps;0
1781510228.9313707;right_wheel_steps;0
1781510229.931378;right_wheel_steps;0
1781510230.9313903;right_wheel_steps;0
1781510231.9313822;right_wheel_steps;0
1781510232.9313962;right_wheel_steps;0
1781510233.9313958;right_wheel_steps;0
1781510234.9313705;right_wheel_steps;0
1781510235.9313986;right_wheel_steps;0
1781510236.9313717;right_wheel_steps;0
1781510237.931424;right_wheel_steps;0
1781510238.93144;right_wheel_steps;0
1781510239.931446;right_wheel_steps;0
1781510240.9314668;right_wheel_steps;0
1781510241.9313934;right_wheel_steps;0
1781510242.9314125;right_wheel_steps;0
1781510243.9313762;right_wheel_steps;0
1781510244.9314065;right_wheel_steps;0
1781510245.931415;right_wheel_steps;0
1781510246.931391;right_wheel_steps;0
1781510247.9314091;right_wheel_steps;0
1781510248.9314578;right_wheel_steps;0
1781510249.931404;right_wheel_steps;0
1781510250.931422;right_wheel_steps;0
1781510251.9314036;right_wheel_steps;0
1781510252.931404;right_wheel_steps;0
1781510253.9314165;right_wheel_steps;0
1781510254.931418;right_wheel_steps;0
1781510255.931383;right_wheel_steps;0
1781510256.9314086;right_wheel_steps;0
1781510257.9313967;right_wheel_steps;0
1781510258.93139;right_wheel_steps;0
1781510259.9314098;right_wheel_steps;0
1781510260.9314296;right_wheel_steps;0
1781510261.9314108;right_wheel_steps;0
1781510262.9314167;right_wheel_steps;0
1781510263.931462;right_wheel_steps;0
1781510264.9315605;right_wheel_steps;0
1781510265.9315152;right_wheel_steps;0
1781510266.931539;right_wheel_steps;0
1781510267.9315;right_wheel_steps;0
1781510268.9315715;right_wheel_steps;0
1781510269.9315565;right_wheel_steps;0
1781510270.9316485;right_wheel_steps;0
1781510271.9315715;right_wheel_steps;0
1781510272.9314322;right_wheel_steps;0
1781510273.9314213;right_wheel_steps;0
1781510274.9314923;right_wheel_steps;0
1781510275.9314594;right_wheel_steps;0
1781510276.9313796;right_wheel_steps;0
1781510277.9313283;right_wheel_steps;0
1781510278.931813;right_wheel_steps;0
1781510279.9314256;right_wheel_steps;0
1781510280.9314415;right_wheel_steps;0
1781510281.931405;right_wheel_steps;0
1781510282.9313774;right_wheel_steps;0
1781510283.9314036;right_wheel_steps;0
1781510284.931426;right_wheel_steps;0
1781510285.9313867;right_wheel_steps;0
1781510286.9313955;right_wheel_steps;0
1781510287.931406;right_wheel_steps;0
1781510288.931422;right_wheel_steps;0
1781510289.9314563;right_wheel_steps;0
1781510290.9314115;right_wheel_steps;0
1781510291.931363;right_wheel_steps;0
1781510292.931389;right_wheel_steps;0
1781510293.9313848;right_wheel_steps;0
1781510294.931352;right_wheel_steps;0
1781510295.9313936;right_wheel_steps;0
1781510296.9313848;right_wheel_steps;0
1781510297.931359;right_wheel_steps;0
1781510298.9313903;right_wheel_steps;0
1781510299.931387;right_wheel_steps;0
1781510300.9313834;right_wheel_steps;0
1781510301.9313734;right_wheel_steps;0
1781510302.931388;right_wheel_steps;0
1781510303.9313304;right_wheel_steps;0
1781510304.931378;right_wheel_steps;0
1781510305.9313948;right_wheel_steps;0
1781510306.9313557;right_wheel_steps;0
1781510307.9313934;right_wheel_steps;0
1781510308.9314134;right_wheel_steps;0
1781510309.931391;right_wheel_steps;0
1781510310.9314196;right_wheel_steps;0
1781510311.9313977;right_wheel_steps;0
1781510312.9314504;right_wheel_steps;0
1781510313.9314008;right_wheel_steps;0
1781510314.9313974;right_wheel_steps;0
1781510315.9313898;right_wheel_steps;0
1781510316.9314373;right_wheel_steps;0
1781510317.9314091;right_wheel_steps;0
1781510318.9313903;right_wheel_steps;0
1781510319.9314046;right_wheel_steps;0
1781510320.9314206;right_wheel_steps;0
1781510321.931404;right_wheel_steps;0
1781510322.9314146;right_wheel_steps;0
1781510323.931402;right_wheel_steps;0
1781510324.9314468;right_wheel_steps;0
1781510325.9314144;right_wheel_steps;0
1781510326.9314396;right_wheel_steps;0
1781510327.9314008;right_wheel_steps;0
1781510328.9313967;right_wheel_steps;0
1781510329.9313962;right_wheel_steps;0
1781510330.9313724;right_wheel_steps;0
1781510331.9314263;right_wheel_steps;0
1781510332.9314024;right_wheel_steps;0
1781510333.9313912;right_wheel_steps;0
1781510334.9314222;right_wheel_steps;0
1781510335.931411;right_wheel_steps;0
1781510336.9314845;right_wheel_steps;0
1781510337.9314616;right_wheel_steps;0
1781510338.9314408;right_wheel_steps;0
1781510339.9314058;right_wheel_steps;0
1781510340.931471;right_wheel_steps;0
1781510341.9314597;right_wheel_steps;0
1781510342.9314234;right_wheel_steps;0
1781510343.931446;right_wheel_steps;0
1781510344.9314718;right_wheel_steps;0
1781510345.9314165;right_wheel_steps;0
1781510346.9314506;right_wheel_steps;0
1781510347.931443;right_wheel_steps;0
1781510348.9315426;right_wheel_steps;0
1781510349.9314325;right_wheel_steps;0
1781510350.9314373;right_wheel_steps;0
1781510351.931417;right_wheel_steps;0
1781510352.9314609;right_wheel_steps;0
1781510353.932785;right_wheel_steps;0
1781510354.931408;right_wheel_steps;0
1781510355.93137;right_wheel_steps;0
1781510356.931635;right_wheel_steps;0
1781510357.931373;right_wheel_steps;0
1781510358.9314077;right_wheel_steps;0
1781510359.9314003;right_wheel_steps;0
1781510360.9314013;right_wheel_steps;0
1781510361.931364;right_wheel_steps;0
1781510362.9313874;right_wheel_steps;0
1781510363.931393;right_wheel_steps;0
1781510364.931406;right_wheel_steps;0
1781510365.9314272;right_wheel_steps;0
1781510366.93136;right_wheel_steps;0
1781510367.9313853;right_wheel_steps;0
1781510368.931374;right_wheel_steps;0
1781510369.9313807;right_wheel_steps;0
1781510370.9314015;right_wheel_steps;0
1781510371.9313908;right_wheel_steps;0
1781510372.931421;right_wheel_steps;0
1781510373.9313946;right_wheel_steps;0
1781510374.9313824;right_wheel_steps;0
1781510375.9313695;right_wheel_steps;0
1781510376.931399;right_wheel_steps;0
1781510377.9313812;right_wheel_steps;0
1781510378.931361;right_wheel_steps;0
1781510379.9314368;right_wheel_steps;0
1781510380.931433;right_wheel_steps;0
1781510381.9314165;right_wheel_steps;0
1781510382.9314268;right_wheel_steps;0
1781510383.9314144;right_wheel_steps;0
1781510384.9314363;right_wheel_steps;0
1781510385.9314356;right_wheel_steps;0
1781510386.9314165;right_wheel_steps;0
1781510387.931364;right_wheel_steps;0
1781510388.9314268;right_wheel_steps;0
1781510389.931505;right_wheel_steps;0
1781510390.9314306;right_wheel_steps;0
1781510391.9314344;right_wheel_steps;0
1781510392.9314616;right_wheel_steps;0
1781510393.931463;right_wheel_steps;0
1781510394.9314234;right_wheel_steps;0
1781510395.931447;right_wheel_steps;0
1781510396.9315202;right_wheel_steps;0
1781510397.9314277;right_wheel_steps;0
1781510398.9314692;right_wheel_steps;0
1781510399.9313977;right_wheel_steps;0
1781510400.9314542;right_wheel_steps;0
1781510401.93146;right_wheel_steps;0
1781510402.9314184;right_wheel_steps;0
1781510403.9320674;right_wheel_steps;0
1781510404.931377;right_wheel_steps;0
1781510405.9314184;right_wheel_steps;0
1781510406.9313836;right_wheel_steps;0
1781510407.9313855;right_wheel_steps;0
1781510408.9314182;right_wheel_steps;0
1781510409.931399;right_wheel_steps;0
1781510410.9313788;right_wheel_steps;0
1781510411.9313908;right_wheel_steps;0
1781510412.9314027;right_wheel_steps;0
1781510413.931429;right_wheel_steps;0
1781510414.931384;right_wheel_steps;0
1781510415.9314003;right_wheel_steps;0
1781510416.931415;right_wheel_steps;0
1781510417.9314172;right_wheel_steps;0
1781510418.9313724;right_wheel_steps;0
1781510419.9313946;right_wheel_steps;0
1781510420.9314525;right_wheel_steps;0
1781510421.9313917;right_wheel_steps;0
1781510422.9314024;right_wheel_steps;0
1781510423.9313784;right_wheel_steps;0
1781510424.9314194;right_wheel_steps;0
1781510425.9315023;right_wheel_steps;0
1781510426.9313612;right_wheel_steps;0
1781510427.9315715;right_wheel_steps;0
1781510428.9313967;right_wheel_steps;0
1781510429.931428;right_wheel_steps;0
1781510430.9314408;right_wheel_steps;0
1781510431.9314158;right_wheel_steps;0
1781510432.931415;right_wheel_steps;0
1781510433.9314778;right_wheel_steps;0
1781510434.9313326;right_wheel_steps;0
1781510435.932479;right_wheel_steps;0
1781510436.9314544;right_wheel_steps;0
1781510437.9313903;right_wheel_steps;0
1781510438.931368;right_wheel_steps;0
1781510439.9314291;right_wheel_steps;0
1781510440.9313989;right_wheel_steps;0
1781510441.931476;right_wheel_steps;0
1781510442.9314198;right_wheel_steps;0
1781510443.9314165;right_wheel_steps;0
1781510444.9314744;right_wheel_steps;0
1781510445.9314384;right_wheel_steps;0
1781510446.931411;right_wheel_steps;0
1781510447.93138;right_wheel_steps;0
1781510448.931426;right_wheel_steps;0
1781510449.9314263;right_wheel_steps;0
1781510450.931405;right_wheel_steps;0
1781510451.9313986;right_wheel_steps;0
1781510452.9314232;right_wheel_steps;0
1781510453.931421;right_wheel_steps;0
1781510454.931435;right_wheel_steps;0
1781510455.9314268;right_wheel_steps;0
1781510456.9314342;right_wheel_steps;0
1781510457.9314172;right_wheel_steps;0
1781510458.931429;right_wheel_steps;0
1781510459.931394;right_wheel_steps;0
1781510460.931444;right_wheel_steps;0
1781510461.9313996;right_wheel_steps;0
1781510462.9313846;right_wheel_steps;0
1781510463.931415;right_wheel_steps;0
1781510464.9314528;right_wheel_steps;0
1781510465.931311;right_wheel_steps;0
1781510466.9314172;right_wheel_steps;0
1781510467.9314232;right_wheel_steps;0
1781510468.9314296;right_wheel_steps;0
1781510469.931429;right_wheel_steps;0
1781510470.9314437;right_wheel_steps;0
1781510471.931359;right_wheel_steps;0
1781510472.9313898;right_wheel_steps;0
1781510473.9313846;right_wheel_steps;0
1781510474.9314096;right_wheel_steps;0
1781510475.9313855;right_wheel_steps;0
1781510476.9314094;right_wheel_steps;0
1781510477.9314728;right_wheel_steps;0
1781510478.9314504;right_wheel_steps;0
1781510479.9314792;right_wheel_steps;0
1781510480.931481;right_wheel_steps;0
1781510481.9314506;right_wheel_steps;0
1781510482.931466;right_wheel_steps;0
1781510483.9314482;right_wheel_steps;0
1781510484.9314926;right_wheel_steps;0
1781510485.931481;right_wheel_steps;0
1781510486.9314427;right_wheel_steps;0
1781510487.9314585;right_wheel_steps;0
1781510488.9314704;right_wheel_steps;0
1781510489.9315228;right_wheel_steps;0
1781510490.9315326;right_wheel_steps;0
1781510491.931471;right_wheel_steps;0
1781510492.9314551;right_wheel_steps;0
1781510493.9314308;right_wheel_steps;0
1781510494.9314528;right_wheel_steps;0
1781510495.931393;right_wheel_steps;0
1781510496.9314077;right_wheel_steps;0
1781510497.9314303;right_wheel_steps;0
1781510498.931468;right_wheel_steps;0
1781510499.9314332;right_wheel_steps;0
1781510500.9314363;right_wheel_steps;0
1781510501.9314458;right_wheel_steps;0
1781510502.9314632;right_wheel_steps;0
1781510503.931461;right_wheel_steps;0
1781510504.9314148;right_wheel_steps;0
1781510505.9315274;right_wheel_steps;0
1781510506.9313874;right_wheel_steps;0
1781510507.931346;right_wheel_steps;0
1781510508.9314122;right_wheel_steps;0
1781510509.9314125;right_wheel_steps;0
1781510510.9314394;right_wheel_steps;0
1781510511.93153;right_wheel_steps;0
1781510512.9313524;right_wheel_steps;0
1781510513.931778;right_wheel_steps;0
1781510514.93141;right_wheel_steps;0
1781510515.931401;right_wheel_steps;0
1781510516.9314425;right_wheel_steps;0
1781510517.9319067;right_wheel_steps;0
1781510518.931388;right_wheel_steps;0
1781510519.9313705;right_wheel_steps;0
1781510520.9314494;right_wheel_steps;0
1781510521.9314158;right_wheel_steps;0
1781510522.9314773;right_wheel_steps;0
1781510523.9314337;right_wheel_steps;0
1781510524.9313943;right_wheel_steps;0
1781510525.9314344;right_wheel_steps;0
1781510526.9314308;right_wheel_steps;0
1781510527.9313753;right_wheel_steps;0
1781510528.9314678;right_wheel_steps;0
1781510529.9313557;right_wheel_steps;0
1781510530.9313767;right_wheel_steps;0
1781510531.9313638;right_wheel_steps;0
1781510532.9313936;right_wheel_steps;0
1781510533.931386;right_wheel_steps;0
1781510534.931436;right_wheel_steps;0
1781510535.9314284;right_wheel_steps;0
1781510536.9313734;right_wheel_steps;0
1781510537.9314427;right_wheel_steps;0
1781510538.931419;right_wheel_steps;0
1781510539.931408;right_wheel_steps;0
1781510540.931426;right_wheel_steps;0
1781510541.9314022;right_wheel_steps;0
1781510542.9314084;right_wheel_steps;0
1781510543.9313662;right_wheel_steps;0
1781510544.9313989;right_wheel_steps;0
1781510545.931397;right_wheel_steps;0
1781510546.9314072;right_wheel_steps;0
1781510547.931367;right_wheel_steps;0
1781510548.93138;right_wheel_steps;0
1781510549.9314137;right_wheel_steps;0
1781510550.9313986;right_wheel_steps;0
1781510551.931364;right_wheel_steps;0
1781510552.931418;right_wheel_steps;0
1781510553.931387;right_wheel_steps;0
1781510554.931376;right_wheel_steps;0
1781510555.931353;right_wheel_steps;0
1781510556.931378;right_wheel_steps;0
1781510557.9313743;right_wheel_steps;0
1781510558.9314167;right_wheel_steps;0
1781510559.9313922;right_wheel_steps;0
1781510560.9314058;right_wheel_steps;0
1781510561.9314015;right_wheel_steps;0
1781510562.9313858;right_wheel_steps;0
1781510563.9313726;right_wheel_steps;0
1781510564.9314156;right_wheel_steps;0
1781510565.9314215;right_wheel_steps;0
1781510566.9313984;right_wheel_steps;0
1781510567.9313867;right_wheel_steps;0
1781510568.9313743;right_wheel_steps;0
1781510569.9313962;right_wheel_steps;0
1781510570.9314585;right_wheel_steps;0
1781510571.9313917;right_wheel_steps;0
1781510572.9314058;right_wheel_steps;0
1781510573.9314508;right_wheel_steps;0
1781510574.9314306;right_wheel_steps;0
1781510575.9314415;right_wheel_steps;0
1781510576.931451;right_wheel_steps;0
1781510577.931403;right_wheel_steps;0
1781510578.931408;right_wheel_steps;0
1781510579.931405;right_wheel_steps;0
1781510580.9314227;right_wheel_steps;0
1781510581.9314497;right_wheel_steps;0
1781510582.9314272;right_wheel_steps;0
1781510583.931538;right_wheel_steps;0
1781510584.9314387;right_wheel_steps;0
1781510585.931425;right_wheel_steps;0
1781510586.9313817;right_wheel_steps;0
1781510587.9314096;right_wheel_steps;0
1781510588.9314182;right_wheel_steps;0
1781510589.9314213;right_wheel_steps;0
1781510590.9313552;right_wheel_steps;0
1781510591.93158;right_wheel_steps;0
1781510592.931398;right_wheel_steps;0
1781510593.9313736;right_wheel_steps;0
1781510594.9314988;right_wheel_steps;0
1781510595.9314303;right_wheel_steps;0
1781510596.9313853;right_wheel_steps;0
1781510597.9314113;right_wheel_steps;0
1781510598.9313731;right_wheel_steps;0
1781510599.931465;right_wheel_steps;0
1781510600.9314308;right_wheel_steps;0
1781510601.9313807;right_wheel_steps;0
1781510602.931394;right_wheel_steps;0
1781510603.931406;right_wheel_steps;0
1781510604.9313972;right_wheel_steps;0
1781510605.931375;right_wheel_steps;0
1781510606.9314177;right_wheel_steps;0
1781510607.931373;right_wheel_steps;0
1781510608.9313743;right_wheel_steps;0
1781510609.931404;right_wheel_steps;0
1781510610.9313705;right_wheel_steps;0
1781510611.9313903;right_wheel_steps;0
1781510612.931388;right_wheel_steps;0
1781510613.9313865;right_wheel_steps;0
1781510614.9313886;right_wheel_steps;0
1781510615.9314156;right_wheel_steps;0
1781510616.9313934;right_wheel_steps;0
1781510617.9313788;right_wheel_steps;0
1781510618.9314091;right_wheel_steps;0
1781510619.9313705;right_wheel_steps;0
1781510620.931423;right_wheel_steps;0
1781510621.93146;right_wheel_steps;0
1781510622.9314983;right_wheel_steps;0
1781510623.9314885;right_wheel_steps;0
1781510624.9315095;right_wheel_steps;0
1781510625.9314842;right_wheel_steps;0
1781510626.9315004;right_wheel_steps;0
1781510627.9315238;right_wheel_steps;0
1781510628.9314735;right_wheel_steps;0
1781510629.931447;right_wheel_steps;0
1781510630.9315176;right_wheel_steps;0
1781510631.9314897;right_wheel_steps;0
1781510632.9314828;right_wheel_steps;0
1781510633.931449;right_wheel_steps;0
1781510634.9314427;right_wheel_steps;0
1781510635.931447;right_wheel_steps;0
1781510636.9314904;right_wheel_steps;0
1781510637.9314568;right_wheel_steps;0
1781510638.931444;right_wheel_steps;0
1781510639.9314828;right_wheel_steps;0
1781510640.9315045;right_wheel_steps;0
1781510641.9320817;right_wheel_steps;0
1781510642.932123;right_wheel_steps;0
1781510643.931372;right_wheel_steps;0
1781510644.9313858;right_wheel_steps;0
1781510645.9314675;right_wheel_steps;0
1781510646.9314842;right_wheel_steps;0
1781510647.931384;right_wheel_steps;0
1781510648.931408;right_wheel_steps;0
1781510649.9313743;right_wheel_steps;0
1781510650.9315095;right_wheel_steps;0
1781510651.931503;right_wheel_steps;0
1781510652.931487;right_wheel_steps;0
1781510653.9314752;right_wheel_steps;0
1781510654.9315;right_wheel_steps;0
1781510655.9314864;right_wheel_steps;0
1781510656.9314823;right_wheel_steps;0
1781510657.931532;right_wheel_steps;0
1781510658.9315655;right_wheel_steps;0
1781510659.9314706;right_wheel_steps;0
1781510660.9315546;right_wheel_steps;0
1781510661.9314775;right_wheel_steps;0
1781510662.9314003;right_wheel_steps;0
1781510663.9314723;right_wheel_steps;0
1781510664.9314148;right_wheel_steps;0
1781510665.9313977;right_wheel_steps;0
1781510666.931415;right_wheel_steps;0
1781510667.9313412;right_wheel_steps;0
1781510668.9315588;right_wheel_steps;0
1781510669.9314246;right_wheel_steps;0
1781510670.9314077;right_wheel_steps;0
1781510671.93138;right_wheel_steps;0
1781510672.9314206;right_wheel_steps;0
1781510673.931394;right_wheel_steps;0
1781510674.9313908;right_wheel_steps;0
1781510675.9314325;right_wheel_steps;0
1781510676.9313865;right_wheel_steps;0
1781510677.9313738;right_wheel_steps;0
1781510678.9313903;right_wheel_steps;0
1781510679.9314125;right_wheel_steps;0
1781510680.931406;right_wheel_steps;0
1781510681.9318333;right_wheel_steps;0
1781510682.9314055;right_wheel_steps;0
1781510683.931393;right_wheel_steps;0
1781510684.931424;right_wheel_steps;0
1781510685.9313743;right_wheel_steps;0
1781510686.9313772;right_wheel_steps;0
1781510687.9314206;right_wheel_steps;0
1781510688.9313765;right_wheel_steps;0
1781510689.9314203;right_wheel_steps;0
1781510690.9314191;right_wheel_steps;0
1781510691.9313917;right_wheel_steps;0
1781510692.9314015;right_wheel_steps;0
1781510693.9314232;right_wheel_steps;0
1781510694.9314177;right_wheel_steps;0
1781510695.931432;right_wheel_steps;0
1781510696.9314294;right_wheel_steps;0
1781510697.9314194;right_wheel_steps;0
1781510698.9313948;right_wheel_steps;0
1781510699.9313295;right_wheel_steps;0
1781510700.9314673;right_wheel_steps;0
1781510701.9314225;right_wheel_steps;0
1781510702.9314456;right_wheel_steps;0
1781510703.9314303;right_wheel_steps;0
1781510704.9314349;right_wheel_steps;0
1781510705.9314752;right_wheel_steps;0
1781510706.9314227;right_wheel_steps;0
1781510707.9314184;right_wheel_steps;0
1781510708.9314425;right_wheel_steps;0
1781510709.9314108;right_wheel_steps;0
1781510710.931394;right_wheel_steps;0
1781510711.9314446;right_wheel_steps;0
1781510712.931425;right_wheel_steps;0
1781510713.931433;right_wheel_steps;0
1781510714.931451;right_wheel_steps;0
1781510715.9313989;right_wheel_steps;0
1781510716.9314134;right_wheel_steps;0
1781510717.9314404;right_wheel_steps;0
1781510718.9314291;right_wheel_steps;0
1781510719.9314013;right_wheel_steps;0
1781510720.931447;right_wheel_steps;0
1781510721.931424;right_wheel_steps;0
1781510722.9314218;right_wheel_steps;0
1781510723.931402;right_wheel_steps;0
1781510724.9313772;right_wheel_steps;0
1781510725.9313705;right_wheel_steps;0
1781510726.9314291;right_wheel_steps;0
1781510727.9313889;right_wheel_steps;0
1781510728.9313867;right_wheel_steps;0
1781510729.9314156;right_wheel_steps;0
1781510730.931388;right_wheel_steps;0
1781510731.9313955;right_wheel_steps;0
1781510732.9314144;right_wheel_steps;0
1781510733.931389;right_wheel_steps;0
1781510734.9314048;right_wheel_steps;0
1781510735.9314396;right_wheel_steps;0
1781510736.931453;right_wheel_steps;0
1781510737.9314094;right_wheel_steps;0
1781510738.9316444;right_wheel_steps;0
1781510739.931397;right_wheel_steps;0
1781510740.9314246;right_wheel_steps;0
1781510741.9314277;right_wheel_steps;0
1781510742.9314249;right_wheel_steps;0
1781510743.9314454;right_wheel_steps;0
1781510744.9314094;right_wheel_steps;0
1781510745.9316494;right_wheel_steps;0
1781510746.9314392;right_wheel_steps;0
1781510747.9314427;right_wheel_steps;0
1781510748.931402;right_wheel_steps;0
1781510749.9313984;right_wheel_steps;0
1781510750.9314408;right_wheel_steps;0
1781510751.9314055;right_wheel_steps;0
1781510752.93142;right_wheel_steps;0
1781510753.931441;right_wheel_steps;0
1781510754.9313922;right_wheel_steps;0
1781510755.9314277;right_wheel_steps;0
1781510756.9313967;right_wheel_steps;0
1781510757.9313476;right_wheel_steps;0
1781510758.9313755;right_wheel_steps;0
1781510759.9313776;right_wheel_steps;0
1781510760.931399;right_wheel_steps;0
1781510761.9313877;right_wheel_steps;0
1781510762.93144;right_wheel_steps;0
1781510763.9313622;right_wheel_steps;0
1781510764.9314046;right_wheel_steps;0
1781510765.9314082;right_wheel_steps;0
1781510766.9313865;right_wheel_steps;0
1781510767.9313867;right_wheel_steps;0
1781510768.9314785;right_wheel_steps;0
1781510769.931394;right_wheel_steps;0
1781510770.931402;right_wheel_steps;0
1781510771.9314723;right_wheel_steps;0
1781510772.9314067;right_wheel_steps;0
1781510773.9314082;right_wheel_steps;0
1781510774.9314456;right_wheel_steps;0
1781510775.9314048;right_wheel_steps;0
